[༄༅། །​དཔེ་མེད་པར་བསྟོད་པ།༄༅༅། །​རྒྱ་གར་སྐད་དུ། ནི་རུ་པ་མ་སྟ་བཾ། བོད་སྐད་དུ། དཔེ་མེད་པར་བསྟོད་པ། _30_],༄༅། །​དཔེ་མེད་པར་བསྟོད་པ།༄༅༅། །​རྒྱ་གར་སྐད་དུ། ནི་རུ་པ་མ་སྟ་བཾ། བོད་སྐད་དུ། དཔེ་མེད་པར་བསྟོད་པ། _30_,༄༅། །​དཔེ་མེད་པར་བསྟོད་པ།༄༅༅། །​རྒྱ་གར་སྐད་དུ། ནི་རཱུ་པ་མ་སྟ་བ། བོད་སྐད་དུ། དཔེ་མེད་པར་བསྟོད་པ། _10_,༄༅། །​དཔེ་མེད་པར་བསྟོད་པ།༄༅༅། །​རྒྱ་གར་སྐད་དུ། ནི་རཱུ་པ་མ་སྟ་པ། བོད་སྐད་དུ། དཔེ་མེད་པར་བསྟོད་པ། _10_,རྒྱལ་བས་བསྒྱུར་ཅིང་ཞུས་ཏེ་གཏན་ལ་ཕབ་པའོ།། །​། །​ དཔེ་མེད་པར་བསྟོད་པ། ༄༅། །​ འཕགས་པ་_10_,༄༅༅། །​རྒྱ་གར་སྐད་དུ། ནི་རུ་པ་མ་སྟ་བཾ། བོད་སྐད་དུ། དཔེ་མེད་པར་བསྟོད་པ། _20_,༄། །​རྒྱ་གར་སྐད་དུ། ནི་རུ་པ་མ་སྟ་བཾ། བོད་སྐད་དུ།  དཔེ་མེད་པར་བསྟོད་པ །​ _10_,༄༅། །​དཔེ་མེད་པར་བསྟོད་པ།༄༅༅། །​རྒྱ་གར་སྐད་དུ། ནི་རུ་པ་མ་སྟ་བཾ། བོད་སྐད་དུ། དཔེ་མེད་པར་བསྟོད་པ། _30_,༄༅། །​དཔེ་མེད་པར་བསྟོད་པ།༄༅། །​རྒྱ་གར་སྐད་དུ། ནི་རུ་)པ་མ་སྟ་བཾ། བོད་སྐད་དུ། དཔེ་མེད་པར་བསྟོད་པ། _10_,༄༅༅། །​རྒྱ་གར་སྐད་དུ། ནི་རུ་པ་མ་སྟ་བཾ། བོད་སྐད་དུ། དཔེ་མེད་པར་བསྟོད་པ། _20_
[འཇམ་_100_],འཇམ་_100_,འཇམ་_100_,འཇམ་_100_,འཇམ་_100_,འཇམ་_100_,འཇམ་_100_,འཇམ་_100_,འཇམ་_100_,འཇམ་_100_
[དཔལ་_100_],དཔལ་_100_,དཔལ་_100_,དཔལ་_100_,དཔལ་_100_,དཔལ་_100_,དཔལ་_100_,དཔལ་_100_,དཔལ་_100_,དཔལ་_100_
[གཞོན་_100_],གཞོན་_100_,གཞོན་_100_,གཞོན་_100_,གཞོན་_100_,གཞོན་_100_,གཞོན་_100_,གཞོན་_100_,གཞོན་_100_,གཞོན་_100_
[ནུར་_100_],ནུར་_100_,ནུར་_100_,ནུར་_100_,ནུར་_100_,ནུར་_100_,ནུར་_100_,ནུར་_100_,ནུར་_100_,ནུར་_100_
[གྱུར་_100_],གྱུར་_100_,གྱུར་_100_,གྱུར་_100_,གྱུར་_100_,གྱུར་_100_,གྱུར་_100_,གྱུར་_100_,གྱུར་_100_,གྱུར་_100_
[པ་_100_],པ་_100_,པ་_100_,པ་_100_,པ་_100_,པ་_100_,པ་_100_,པ་_100_,པ་_100_,པ་_100_
[ལ་_100_],ལ་_100_,ལ་_100_,ལ་_100_,ལ་_100_,ལ་_100_,ལ་_100_,ལ་_100_,ལ་_100_,ལ་_100_
[ཕྱག་_100_],ཕྱག་_100_,ཕྱག་_100_,ཕྱག་_100_,ཕྱག་_100_,ཕྱག་_100_,ཕྱག་_100_,ཕྱག་_100_,ཕྱག་_100_,ཕྱག་_100_
[འཚལ་_100_],འཚལ་_100_,འཚལ་_100_,འཚལ་_100_,འཚལ་_100_,འཚལ་_100_,འཚལ་_100_,འཚལ་_100_,འཚལ་_100_,འཚལ་_100_
[ལོ_100_],ལོ_100_,ལོ_100_,ལོ_100_,ལོ_100_,ལོ_100_,ལོ_100_,ལོ_100_,ལོ_100_,ལོ_100_
[། །​_100_],། །​_100_,། །​_100_,། །​_100_,། །​_100_,། །​_100_,། །​_100_,། །​_100_,། །​_100_,། །​_100_
[གང་_100_],གང་_100_,གང་_100_,གང་_100_,གང་_100_,གང་_100_,གང་_100_,གང་_100_,གང་_100_,གང་_100_
[ཞིག་_100_],ཞིག་_100_,ཞིག་_100_,ཞིག་_100_,ཞིག་_100_,ཞིག་_100_,ཞིག་_100_,ཞིག་_100_,ཞིག་_100_,ཞིག་_100_
[ལྟ་_100_],ལྟ་_100_,ལྟ་_100_,ལྟ་_100_,ལྟ་_100_,ལྟ་_100_,ལྟ་_100_,ལྟ་_100_,ལྟ་_100_,ལྟ་_100_
[བས་_100_],བས་_100_,བས་_100_,བས་_100_,བས་_100_,བས་_100_,བས་_100_,བས་_100_,བས་_100_,བས་_100_
[ཕོངས་_100_],ཕོངས་_100_,ཕོངས་_100_,ཕོངས་_100_,ཕོངས་_100_,ཕོངས་_100_,ཕོངས་_100_,ཕོངས་_100_,ཕོངས་_100_,ཕོངས་_100_
[པ་_100_],པ་_100_,པ་_100_,པ་_100_,པ་_100_,པ་_100_,པ་_100_,པ་_100_,པ་_100_,པ་_100_
[ཡི_100_],ཡི_100_,ཡི_100_,ཡི_100_,ཡི_100_,ཡི_100_,ཡི_100_,ཡི_100_,ཡི_100_,ཡི_100_
[། །​_100_],། །​_100_,། །​_100_,། །​_100_,། །​_100_,། །​_100_,། །​_100_,། །​_100_,། །​_100_,། །​_100_
[འཇིག་_100_],འཇིག་_100_,འཇིག་_100_,འཇིག་_100_,འཇིག་_100_,འཇིག་_100_,འཇིག་_100_,འཇིག་_100_,འཇིག་_100_,འཇིག་_100_
[རྟེན་_100_],རྟེན་_100_,རྟེན་_100_,རྟེན་_100_,རྟེན་_100_,རྟེན་_100_,རྟེན་_100_,རྟེན་_100_,རྟེན་_100_,རྟེན་_100_
[འདི་_100_],འདི་_100_,འདི་_100_,འདི་_100_,འདི་_100_,འདི་_100_,འདི་_100_,འདི་_100_,འདི་_100_,འདི་_100_
[ལ་_100_],ལ་_100_,ལ་_100_,ལ་_100_,ལ་_100_,ལ་_100_,ལ་_100_,ལ་_100_,ལ་_100_,ལ་_100_
[ཕན་_100_],ཕན་_100_,ཕན་_100_,ཕན་_100_,ཕན་_100_,ཕན་_100_,ཕན་_100_,ཕན་_100_,ཕན་_100_,ཕན་_100_
[བརྩོན་_100_],བརྩོན་_100_,བརྩོན་_100_,བརྩོན་_100_,བརྩོན་_100_,བརྩོན་_100_,བརྩོན་_100_,བརྩོན་_100_,བརྩོན་_100_,བརྩོན་_100_
[ཁྱོད_100_],ཁྱོད_100_,ཁྱོད_100_,ཁྱོད_100_,ཁྱོད_100_,ཁྱོད_100_,ཁྱོད_100_,ཁྱོད_100_,ཁྱོད_100_,ཁྱོད_100_
[། །​_100_],། །​_100_,། །​_100_,། །​_100_,། །​_100_,། །​_100_,། །​_100_,། །​_100_,། །​_100_,། །​_100_
[དངོས་_100_],དངོས་_100_,དངོས་_100_,དངོས་_100_,དངོས་_100_,དངོས་_100_,དངོས་_100_,དངོས་_100_,དངོས་_100_,དངོས་_100_
[པོ་_100_],པོ་_100_,པོ་_100_,པོ་_100_,པོ་_100_,པོ་_100_,པོ་_100_,པོ་_100_,པོ་_100_,པོ་_100_
[མེད་_100_],མེད་_100_,མེད་_100_,མེད་_100_,མེད་_100_,མེད་_100_,མེད་_100_,མེད་_100_,མེད་_100_,མེད་_100_
[པའི་_100_],པའི་_100_,པའི་_100_,པའི་_100_,པའི་_100_,པའི་_100_,པའི་_100_,པའི་_100_,པའི་_100_,པའི་_100_
[དོན་_100_],དོན་_100_,དོན་_100_,དོན་_100_,དོན་_100_,དོན་_100_,དོན་_100_,དོན་_100_,དོན་_100_,དོན་_100_
[རིག་_100_],རིག་_100_,རིག་_100_,རིག་_100_,རིག་_100_,རིག་_100_,རིག་_100_,རིག་_100_,རིག་_100_,རིག་_100_
[པས_100_],པས_100_,པས_100_,པས_100_,པས_100_,པས_100_,པས_100_,པས_100_,པས_100_,པས_100_
[། །​_100_],། །​_100_,། །​_100_,། །​_100_,། །​_100_,། །​_100_,། །​_100_,། །​_100_,། །​_100_,། །​_100_
[དཔེ་_100_],དཔེ་_100_,དཔེ་_100_,དཔེ་_100_,དཔེ་_100_,དཔེ་_100_,དཔེ་_100_,དཔེ་_100_,དཔེ་_100_,དཔེ་_100_
[མེད་_100_],མེད་_100_,མེད་_100_,མེད་_100_,མེད་_100_,མེད་_100_,མེད་_100_,མེད་_100_,མེད་_100_,མེད་_100_
[ཁྱོད་_100_],ཁྱོད་_100_,ཁྱོད་_100_,ཁྱོད་_100_,ཁྱོད་_100_,ཁྱོད་_100_,ཁྱོད་_100_,ཁྱོད་_100_,ཁྱོད་_100_,ཁྱོད་_100_
[ལ་_100_],ལ་_100_,ལ་_100_,ལ་_100_,ལ་_100_,ལ་_100_,ལ་_100_,ལ་_100_,ལ་_100_,ལ་_100_
[ཕྱག་_100_],ཕྱག་_100_,ཕྱག་_100_,ཕྱག་_100_,ཕྱག་_100_,ཕྱག་_100_,ཕྱག་_100_,ཕྱག་_100_,ཕྱག་_100_,ཕྱག་_100_
[འཚལ་_100_],འཚལ་_100_,འཚལ་_100_,འཚལ་_100_,འཚལ་_100_,འཚལ་_100_,འཚལ་_100_,འཚལ་_100_,འཚལ་_100_,འཚལ་_100_
[བསྟོད_100_],བསྟོད_100_,བསྟོད_100_,བསྟོད_100_,བསྟོད_100_,བསྟོད_100_,བསྟོད_100_,བསྟོད_100_,བསྟོད_100_,བསྟོད_100_
[། །​_100_],། །​_100_,། །​_100_,། །​_100_,། །​_100_,། །​_100_,། །​_100_,། །​_100_,། །​_100_,། །​_100_
[གང་_100_],གང་_100_,གང་_100_,གང་_100_,གང་_100_,གང་_100_,གང་_100_,གང་_100_,གང་_100_,གང་_100_
[ཞིག་_100_],ཞིག་_100_,ཞིག་_100_,ཞིག་_100_,ཞིག་_100_,ཞིག་_100_,ཞིག་_100_,ཞིག་_100_,ཞིག་_100_,ཞིག་_100_
[ཁྱོད་_100_],ཁྱོད་_100_,ཁྱོད་_100_,ཁྱོད་_100_,ཁྱོད་_100_,ཁྱོད་_100_,ཁྱོད་_100_,ཁྱོད་_100_,ཁྱོད་_100_,ཁྱོད་_100_
[ཀྱིས་_80_],ཀྱིས་_80_,ཀྱི་_20_,ཀྱི་_20_,ཀྱིས་_80_,ཀྱིས་_80_,ཀྱིས་_80_,ཀྱིས་_80_,ཀྱིས་_80_,ཀྱིས་_80_
[ཅུང་_100_],ཅུང་_100_,ཅུང་_100_,ཅུང་_100_,ཅུང་_100_,ཅུང་_100_,ཅུང་_100_,ཅུང་_100_,ཅུང་_100_,ཅུང་_100_
[ཞིག་_100_],ཞིག་_100_,ཞིག་_100_,ཞིག་_100_,ཞིག་_100_,ཞིག་_100_,ཞིག་_100_,ཞིག་_100_,ཞིག་_100_,ཞིག་_100_
[ཀྱང་_100_],ཀྱང་_100_,ཀྱང་_100_,ཀྱང་_100_,ཀྱང་_100_,ཀྱང་_100_,ཀྱང་_100_,ཀྱང་_100_,ཀྱང་_100_,ཀྱང་_100_
[། །​_100_],། །​_100_,། །​_100_,། །​_100_,། །​_100_,། །​_100_,། །​_100_,། །​_100_,། །​_100_,། །​_100_
[སངས་_100_],སངས་_100_,སངས་_100_,སངས་_100_,སངས་_100_,སངས་_100_,སངས་_100_,སངས་_100_,སངས་_100_,སངས་_100_
[རྒྱས་_100_],རྒྱས་_100_,རྒྱས་_100_,རྒྱས་_100_,རྒྱས་_100_,རྒྱས་_100_,རྒྱས་_100_,རྒྱས་_100_,རྒྱས་_100_,རྒྱས་_100_
[སྤྱན་_100_],སྤྱན་_100_,སྤྱན་_100_,སྤྱན་_100_,སྤྱན་_100_,སྤྱན་_100_,སྤྱན་_100_,སྤྱན་_100_,སྤྱན་_100_,སྤྱན་_100_
[གྱིས་_100_],གྱིས་_100_,གྱིས་_100_,གྱིས་_100_,གྱིས་_100_,གྱིས་_100_,གྱིས་_100_,གྱིས་_100_,གྱིས་_100_,གྱིས་_100_
[མ་_100_],མ་_100_,མ་_100_,མ་_100_,མ་_100_,མ་_100_,མ་_100_,མ་_100_,མ་_100_,མ་_100_
[གཟིགས་_100_],གཟིགས་_100_,གཟིགས་_100_,གཟིགས་_100_,གཟིགས་_100_,གཟིགས་_100_,གཟིགས་_100_,གཟིགས་_100_,གཟིགས་_100_,གཟིགས་_100_
[པ_100_],པ_100_,པ_100_,པ_100_,པ_100_,པ_100_,པ_100_,པ_100_,པ_100_,པ_100_
[། །​_100_],། །​_100_,། །​_100_,། །​_100_,། །​_100_,། །​_100_,། །​_100_,། །​_100_,། །​_100_,། །​_100_
[ཁྱོད་_100_],ཁྱོད་_100_,ཁྱོད་_100_,ཁྱོད་_100_,ཁྱོད་_100_,ཁྱོད་_100_,ཁྱོད་_100_,ཁྱོད་_100_,ཁྱོད་_100_,ཁྱོད་_100_
[ཀྱིས་_70_],ཀྱིས་_70_,ཀྱི་_30_,ཀྱི་_30_,ཀྱི་_30_,ཀྱིས་_70_,ཀྱིས་_70_,ཀྱིས་_70_,ཀྱིས་_70_,ཀྱིས་_70_
[གཟིགས་_100_],གཟིགས་_100_,གཟིགས་_100_,གཟིགས་_100_,གཟིགས་_100_,གཟིགས་_100_,གཟིགས་_100_,གཟིགས་_100_,གཟིགས་_100_,གཟིགས་_100_
[པ་_100_],པ་_100_,པ་_100_,པ་_100_,པ་_100_,པ་_100_,པ་_100_,པ་_100_,པ་_100_,པ་_100_
[བླ་_100_],བླ་_100_,བླ་_100_,བླ་_100_,བླ་_100_,བླ་_100_,བླ་_100_,བླ་_100_,བླ་_100_,བླ་_100_
[མེད་_100_],མེད་_100_,མེད་_100_,མེད་_100_,མེད་_100_,མེད་_100_,མེད་_100_,མེད་_100_,མེད་_100_,མེད་_100_
[དེ_100_],དེ_100_,དེ_100_,དེ_100_,དེ_100_,དེ_100_,དེ_100_,དེ_100_,དེ_100_,དེ_100_
[། །​_100_],། །​_100_,། །​_100_,། །​_100_,། །​_100_,། །​_100_,། །​_100_,། །​_100_,། །​_100_,། །​_100_
[དེ་_100_],དེ་_100_,དེ་_100_,དེ་_100_,དེ་_100_,དེ་_100_,དེ་_100_,དེ་_100_,དེ་_100_,དེ་_100_
[ཉིད་_100_],ཉིད་_100_,ཉིད་_100_,ཉིད་_100_,ཉིད་_100_,ཉིད་_100_,ཉིད་_100_,ཉིད་_100_,ཉིད་_100_,ཉིད་_100_
[དོན་_100_],དོན་_100_,དོན་_100_,དོན་_100_,དོན་_100_,དོན་_100_,དོན་_100_,དོན་_100_,དོན་_100_,དོན་_100_
[ནི་_100_],ནི་_100_,ནི་_100_,ནི་_100_,ནི་_100_,ནི་_100_,ནི་_100_,ནི་_100_,ནི་_100_,ནི་_100_
[རིག་_100_],རིག་_100_,རིག་_100_,རིག་_100_,རིག་_100_,རིག་_100_,རིག་_100_,རིག་_100_,རིག་_100_,རིག་_100_
[པ་_100_],པ་_100_,པ་_100_,པ་_100_,པ་_100_,པ་_100_,པ་_100_,པ་_100_,པ་_100_,པ་_100_
[ལགས_100_],ལགས_100_,ལགས_100_,ལགས_100_,ལགས_100_,ལགས_100_,ལགས_100_,ལགས_100_,ལགས_100_,ལགས_100_
[། །​_100_],། །​_100_,། །​_100_,། །​_100_,། །​_100_,། །​_100_,། །​_100_,། །​_100_,། །​_100_,། །​_100_
[དོན་_100_],དོན་_100_,དོན་_100_,དོན་_100_,དོན་_100_,དོན་_100_,དོན་_100_,དོན་_100_,དོན་_100_,དོན་_100_
[དམ་_100_],དམ་_100_,དམ་_100_,དམ་_100_,དམ་_100_,དམ་_100_,དམ་_100_,དམ་_100_,དམ་_100_,དམ་_100_
[པ་_100_],པ་_100_,པ་_100_,པ་_100_,པ་_100_,པ་_100_,པ་_100_,པ་_100_,པ་_100_,པ་_100_
[ཡི་_100_],ཡི་_100_,ཡི་_100_,ཡི་_100_,ཡི་_100_,ཡི་_100_,ཡི་_100_,ཡི་_100_,ཡི་_100_,ཡི་_100_
[ཡོད་_100_],ཡོད་_100_,ཡོད་_100_,ཡོད་_100_,ཡོད་_100_,ཡོད་_100_,ཡོད་_100_,ཡོད་_100_,ཡོད་_100_,ཡོད་_100_
[པ་_100_],པ་_100_,པ་_100_,པ་_100_,པ་_100_,པ་_100_,པ་_100_,པ་_100_,པ་_100_,པ་_100_
[ཉིད_100_],ཉིད_100_,ཉིད_100_,ཉིད_100_,ཉིད_100_,ཉིད_100_,ཉིད_100_,ཉིད_100_,ཉིད_100_,ཉིད_100_
[། །​_100_],། །​_100_,། །​_100_,། །​_100_,། །​_100_,། །​_100_,། །​_100_,། །​_100_,། །​_100_,། །​_100_
[རྟོགས་_100_],རྟོགས་_100_,རྟོགས་_100_,རྟོགས་_100_,རྟོགས་_100_,རྟོགས་_100_,རྟོགས་_100_,རྟོགས་_100_,རྟོགས་_100_,རྟོགས་_100_
[དང་_100_],དང་_100_,དང་_100_,དང་_100_,དང་_100_,དང་_100_,དང་_100_,དང་_100_,དང་_100_,དང་_100_
[རྟོགས་_100_],རྟོགས་_100_,རྟོགས་_100_,རྟོགས་_100_,རྟོགས་_100_,རྟོགས་_100_,རྟོགས་_100_,རྟོགས་_100_,རྟོགས་_100_,རྟོགས་_100_
[བྱ་_100_],བྱ་_100_,བྱ་_100_,བྱ་_100_,བྱ་_100_,བྱ་_100_,བྱ་_100_,བྱ་_100_,བྱ་_100_,བྱ་_100_
[མི་_100_],མི་_100_,མི་_100_,མི་_100_,མི་_100_,མི་_100_,མི་_100_,མི་_100_,མི་_100_,མི་_100_
[མངའ་_100_],མངའ་_100_,མངའ་_100_,མངའ་_100_,མངའ་_100_,མངའ་_100_,མངའ་_100_,མངའ་_100_,མངའ་_100_,མངའ་_100_
[ཞིང་_100_],ཞིང་_100_,ཞིང་_100_,ཞིང་_100_,ཞིང་_100_,ཞིང་_100_,ཞིང་_100_,ཞིང་_100_,ཞིང་_100_,ཞིང་_100_
[། །​_90_],། །​_90_,། །​_90_,། །​_90_,། །​ _10_,། །​_90_,། །​_90_,། །​_90_,། །​_90_,། །​_90_
[ཨེ་_100_],ཨེ་_100_,ཨེ་_100_,ཨེ་_100_,ཨེ་_100_,ཨེ་_100_,ཨེ་_100_,ཨེ་_100_,ཨེ་_100_,ཨེ་_100_
[མའོ་_80_],མའོ་_80_,མ་ཧོ་_20_,མ་ཧོ་_20_,མའོ་_80_,མའོ་_80_,མའོ་_80_,མའོ་_80_,མའོ་_80_,མའོ་_80_
[མཆོག་_100_],མཆོག་_100_,མཆོག་_100_,མཆོག་_100_,མཆོག་_100_,མཆོག་_100_,མཆོག་_100_,མཆོག་_100_,མཆོག་_100_,མཆོག་_100_
[ཏུ་_100_],ཏུ་_100_,ཏུ་_100_,ཏུ་_100_,ཏུ་_100_,ཏུ་_100_,ཏུ་_100_,ཏུ་_100_,ཏུ་_100_,ཏུ་_100_
[རྟོགས་_100_],རྟོགས་_100_,རྟོགས་_100_,རྟོགས་_100_,རྟོགས་_100_,རྟོགས་_100_,རྟོགས་_100_,རྟོགས་_100_,རྟོགས་_100_,རྟོགས་_100_
[དཀའ་_100_],དཀའ་_100_,དཀའ་_100_,དཀའ་_100_,དཀའ་_100_,དཀའ་_100_,དཀའ་_100_,དཀའ་_100_,དཀའ་_100_,དཀའ་_100_
[བའི_100_],བའི_100_,བའི_100_,བའི_100_,བའི_100_,བའི_100_,བའི_100_,བའི_100_,བའི_100_,བའི_100_
[། །​_100_],། །​_100_,། །​_100_,། །​_100_,། །​_100_,། །​_100_,། །​_100_,། །​_100_,། །​_100_,། །​_100_
[ཆོས་_100_],ཆོས་_100_,ཆོས་_100_,ཆོས་_100_,ཆོས་_100_,ཆོས་_100_,ཆོས་_100_,ཆོས་_100_,ཆོས་_100_,ཆོས་_100_
[ཉིད་_100_],ཉིད་_100_,ཉིད་_100_,ཉིད་_100_,ཉིད་_100_,ཉིད་_100_,ཉིད་_100_,ཉིད་_100_,ཉིད་_100_,ཉིད་_100_
[སངས་_100_],སངས་_100_,སངས་_100_,སངས་_100_,སངས་_100_,སངས་_100_,སངས་_100_,སངས་_100_,སངས་_100_,སངས་_100_
[རྒྱས་_100_],རྒྱས་_100_,རྒྱས་_100_,རྒྱས་_100_,རྒྱས་_100_,རྒྱས་_100_,རྒྱས་_100_,རྒྱས་_100_,རྒྱས་_100_,རྒྱས་_100_
[རྣམས་_100_],རྣམས་_100_,རྣམས་_100_,རྣམས་_100_,རྣམས་_100_,རྣམས་_100_,རྣམས་_100_,རྣམས་_100_,རྣམས་_100_,རྣམས་_100_
[ཀྱིས་_100_],ཀྱིས་_100_,ཀྱིས་_100_,ཀྱིས་_100_,ཀྱིས་_100_,ཀྱིས་_100_,ཀྱིས་_100_,ཀྱིས་_100_,ཀྱིས་_100_,ཀྱིས་_100_
[རྟོགས_100_],རྟོགས_100_,རྟོགས_100_,རྟོགས_100_,རྟོགས_100_,རྟོགས_100_,རྟོགས_100_,རྟོགས_100_,རྟོགས_100_,རྟོགས_100_
[། །​_90_],། །​_90_,། །​_90_,། །​_90_,། །​_90_,། །​_90_,། །​_90_,། །​_90_,། །​ _10_,། །​_90_
[ཁྱོད་_100_],ཁྱོད་_100_,ཁྱོད་_100_,ཁྱོད་_100_,ཁྱོད་_100_,ཁྱོད་_100_,ཁྱོད་_100_,ཁྱོད་_100_,ཁྱོད་_100_,ཁྱོད་_100_
[ཀྱིས་_100_],ཀྱིས་_100_,ཀྱིས་_100_,ཀྱིས་_100_,ཀྱིས་_100_,ཀྱིས་_100_,ཀྱིས་_100_,ཀྱིས་_100_,ཀྱིས་_100_,ཀྱིས་_100_
[ཅུང་_100_],ཅུང་_100_,ཅུང་_100_,ཅུང་_100_,ཅུང་_100_,ཅུང་_100_,ཅུང་_100_,ཅུང་_100_,ཅུང་_100_,ཅུང་_100_
[ཞིག་_100_],ཞིག་_100_,ཞིག་_100_,ཞིག་_100_,ཞིག་_100_,ཞིག་_100_,ཞིག་_100_,ཞིག་_100_,ཞིག་_100_,ཞིག་_100_
[མ་_100_],མ་_100_,མ་_100_,མ་_100_,མ་_100_,མ་_100_,མ་_100_,མ་_100_,མ་_100_,མ་_100_
[བསྐྱེད་_100_],བསྐྱེད་_100_,བསྐྱེད་_100_,བསྐྱེད་_100_,བསྐྱེད་_100_,བསྐྱེད་_100_,བསྐྱེད་_100_,བསྐྱེད་_100_,བསྐྱེད་_100_,བསྐྱེད་_100_
[ཅིང་_100_],ཅིང་_100_,ཅིང་_100_,ཅིང་_100_,ཅིང་_100_,ཅིང་_100_,ཅིང་_100_,ཅིང་_100_,ཅིང་_100_,ཅིང་_100_
[། །​_100_],། །​_100_,། །​_100_,། །​_100_,། །​_100_,། །​_100_,། །​_100_,། །​_100_,། །​_100_,། །​_100_
[ཆོས་_100_],ཆོས་_100_,ཆོས་_100_,ཆོས་_100_,ཆོས་_100_,ཆོས་_100_,ཆོས་_100_,ཆོས་_100_,ཆོས་_100_,ཆོས་_100_
[རྣམས་_100_],རྣམས་_100_,རྣམས་_100_,རྣམས་_100_,རྣམས་_100_,རྣམས་_100_,རྣམས་_100_,རྣམས་_100_,རྣམས་_100_,རྣམས་_100_
[བཀག་_100_],བཀག་_100_,བཀག་_100_,བཀག་_100_,བཀག་_100_,བཀག་_100_,བཀག་_100_,བཀག་_100_,བཀག་_100_,བཀག་_100_
[པའང་_100_],པའང་_100_,པའང་_100_,པའང་_100_,པའང་_100_,པའང་_100_,པའང་_100_,པའང་_100_,པའང་_100_,པའང་_100_
[མ་_100_],མ་_100_,མ་_100_,མ་_100_,མ་_100_,མ་_100_,མ་_100_,མ་_100_,མ་_100_,མ་_100_
[ལགས་_100_],ལགས་_100_,ལགས་_100_,ལགས་_100_,ལགས་_100_,ལགས་_100_,ལགས་_100_,ལགས་_100_,ལགས་_100_,ལགས་_100_
[ལ_100_],ལ_100_,ལ_100_,ལ_100_,ལ_100_,ལ_100_,ལ_100_,ལ_100_,ལ_100_,ལ_100_
[། །​_100_],། །​_100_,། །​_100_,། །​_100_,། །​_100_,། །​_100_,། །​_100_,། །​_100_,། །​_100_,། །​_100_
[མཉམ་_100_],མཉམ་_100_,མཉམ་_100_,མཉམ་_100_,མཉམ་_100_,མཉམ་_100_,མཉམ་_100_,མཉམ་_100_,མཉམ་_100_,མཉམ་_100_
[པ་_100_],པ་_100_,པ་_100_,པ་_100_,པ་_100_,པ་_100_,པ་_100_,པ་_100_,པ་_100_,པ་_100_
[ཉིད་_100_],ཉིད་_100_,ཉིད་_100_,ཉིད་_100_,ཉིད་_100_,ཉིད་_100_,ཉིད་_100_,ཉིད་_100_,ཉིད་_100_,ཉིད་_100_
[ཀྱི་_100_],ཀྱི་_100_,ཀྱི་_100_,ཀྱི་_100_,ཀྱི་_100_,ཀྱི་_100_,ཀྱི་_100_,ཀྱི་_100_,ཀྱི་_100_,ཀྱི་_100_
[ལྟ་_100_],ལྟ་_100_,ལྟ་_100_,ལྟ་_100_,ལྟ་_100_,ལྟ་_100_,ལྟ་_100_,ལྟ་_100_,ལྟ་_100_,ལྟ་_100_
[བ་_100_],བ་_100_,བ་_100_,བ་_100_,བ་_100_,བ་_100_,བ་_100_,བ་_100_,བ་_100_,བ་_100_
[ཡིས_100_],ཡིས_100_,ཡིས_100_,ཡིས_100_,ཡིས_100_,ཡིས_100_,ཡིས_100_,ཡིས_100_,ཡིས_100_,ཡིས_100_
[། །​_80_],། །​_80_,། །​_80_,། །​_80_,། །​ _20_,། །​_80_,། །​_80_,། །​_80_,། །​ _20_,། །​_80_
[བླ་_100_],བླ་_100_,བླ་_100_,བླ་_100_,བླ་_100_,བླ་_100_,བླ་_100_,བླ་_100_,བླ་_100_,བླ་_100_
[ན་_100_],ན་_100_,ན་_100_,ན་_100_,ན་_100_,ན་_100_,ན་_100_,ན་_100_,ན་_100_,ན་_100_
[མེད་_100_],མེད་_100_,མེད་_100_,མེད་_100_,མེད་_100_,མེད་_100_,མེད་_100_,མེད་_100_,མེད་_100_,མེད་_100_
[པའི་_100_],པའི་_100_,པའི་_100_,པའི་_100_,པའི་_100_,པའི་_100_,པའི་_100_,པའི་_100_,པའི་_100_,པའི་_100_
[གོ་_100_],གོ་_100_,གོ་_100_,གོ་_100_,གོ་_100_,གོ་_100_,གོ་_100_,གོ་_100_,གོ་_100_,གོ་_100_
[འཕང་_100_],འཕང་_100_,འཕང་_100_,འཕང་_100_,འཕང་_100_,འཕང་_100_,འཕང་_100_,འཕང་_100_,འཕང་_100_,འཕང་_100_
[བརྙེས_100_],བརྙེས_100_,བརྙེས_100_,བརྙེས_100_,བརྙེས_100_,བརྙེས_100_,བརྙེས_100_,བརྙེས_100_,བརྙེས_100_,བརྙེས_100_
[། །​_100_],། །​_100_,། །​_100_,། །​_100_,། །​_100_,། །​_100_,། །​_100_,། །​_100_,། །​_100_,། །​_100_
[འཁོར་_100_],འཁོར་_100_,འཁོར་_100_,འཁོར་_100_,འཁོར་_100_,འཁོར་_100_,འཁོར་_100_,འཁོར་_100_,འཁོར་_100_,འཁོར་_100_
[བ་_100_],བ་_100_,བ་_100_,བ་_100_,བ་_100_,བ་_100_,བ་_100_,བ་_100_,བ་_100_,བ་_100_
[སྤངས་_100_],སྤངས་_100_,སྤངས་_100_,སྤངས་_100_,སྤངས་_100_,སྤངས་_100_,སྤངས་_100_,སྤངས་_100_,སྤངས་_100_,སྤངས་_100_
[པར་_100_],པར་_100_,པར་_100_,པར་_100_,པར་_100_,པར་_100_,པར་_100_,པར་_100_,པར་_100_,པར་_100_
[གྱུར་_100_],གྱུར་_100_,གྱུར་_100_,གྱུར་_100_,གྱུར་_100_,གྱུར་_100_,གྱུར་_100_,གྱུར་_100_,གྱུར་_100_,གྱུར་_100_
[པ་_100_],པ་_100_,པ་_100_,པ་_100_,པ་_100_,པ་_100_,པ་_100_,པ་_100_,པ་_100_,པ་_100_
[ཡིས། །​_90_],ཡིས། །​_90_,ཡིས། །​_90_,ཡིས། །​_90_,ཡིས། །​_90_,ཡིས །​ །​_10_,ཡིས། །​_90_,ཡིས། །​_90_,ཡིས། །​_90_,ཡིས། །​_90_
[མྱ་_100_],མྱ་_100_,མྱ་_100_,མྱ་_100_,མྱ་_100_,མྱ་_100_,མྱ་_100_,མྱ་_100_,མྱ་_100_,མྱ་_100_
[ངན་_100_],ངན་_100_,ངན་_100_,ངན་_100_,ངན་_100_,ངན་_100_,ངན་_100_,ངན་_100_,ངན་_100_,ངན་_100_
[འདས་_100_],འདས་_100_,འདས་_100_,འདས་_100_,འདས་_100_,འདས་_100_,འདས་_100_,འདས་_100_,འདས་_100_,འདས་_100_
[ཁྱོད་_100_],ཁྱོད་_100_,ཁྱོད་_100_,ཁྱོད་_100_,ཁྱོད་_100_,ཁྱོད་_100_,ཁྱོད་_100_,ཁྱོད་_100_,ཁྱོད་_100_,ཁྱོད་_100_
[མི་_100_],མི་_100_,མི་_100_,མི་_100_,མི་_100_,མི་_100_,མི་_100_,མི་_100_,མི་_100_,མི་_100_
[བཞེད་_100_],བཞེད་_100_,བཞེད་_100_,བཞེད་_100_,བཞེད་_100_,བཞེད་_100_,བཞེད་_100_,བཞེད་_100_,བཞེད་_100_,བཞེད་_100_
[ཀྱི། །​_60_],ཀྱི། །​_60_,ཀྱིས། །​_30_,ཀྱིས། །​_30_,ཀྱིས། །​_30_,ཀྱི། །​_60_,ཀྱི། །​_60_,ཀྱི། །​_60_,ཀྱི༄༅། །​_10_,ཀྱི། །​_60_
[འཁོར་_100_],འཁོར་_100_,འཁོར་_100_,འཁོར་_100_,འཁོར་_100_,འཁོར་_100_,འཁོར་_100_,འཁོར་_100_,འཁོར་_100_,འཁོར་_100_
[བ་_100_],བ་_100_,བ་_100_,བ་_100_,བ་_100_,བ་_100_,བ་_100_,བ་_100_,བ་_100_,བ་_100_
[མ་_100_],མ་_100_,མ་_100_,མ་_100_,མ་_100_,མ་_100_,མ་_100_,མ་_100_,མ་_100_,མ་_100_
[དམིགས་_100_],དམིགས་_100_,དམིགས་_100_,དམིགས་_100_,དམིགས་_100_,དམིགས་_100_,དམིགས་_100_,དམིགས་_100_,དམིགས་_100_,དམིགས་_100_
[པ་_100_],པ་_100_,པ་_100_,པ་_100_,པ་_100_,པ་_100_,པ་_100_,པ་_100_,པ་_100_,པ་_100_
[ཉིད་_100_],ཉིད་_100_,ཉིད་_100_,ཉིད་_100_,ཉིད་_100_,ཉིད་_100_,ཉིད་_100_,ཉིད་_100_,ཉིད་_100_,ཉིད་_100_
[ཀྱི_100_],ཀྱི_100_,ཀྱི_100_,ཀྱི_100_,ཀྱི_100_,ཀྱི_100_,ཀྱི_100_,ཀྱི_100_,ཀྱི_100_,ཀྱི_100_
[། །​_100_],། །​_100_,། །​_100_,། །​_100_,། །​_100_,། །​_100_,། །​_100_,། །​_100_,། །​_100_,། །​_100_
[ཞི་_100_],ཞི་_100_,ཞི་_100_,ཞི་_100_,ཞི་_100_,ཞི་_100_,ཞི་_100_,ཞི་_100_,ཞི་_100_,ཞི་_100_
[དེ་_100_],དེ་_100_,དེ་_100_,དེ་_100_,དེ་_100_,དེ་_100_,དེ་_100_,དེ་_100_,དེ་_100_,དེ་_100_
[མགོན་_100_],མགོན་_100_,མགོན་_100_,མགོན་_100_,མགོན་_100_,མགོན་_100_,མགོན་_100_,མགོན་_100_,མགོན་_100_,མགོན་_100_
[པོ་_100_],པོ་_100_,པོ་_100_,པོ་_100_,པོ་_100_,པོ་_100_,པོ་_100_,པོ་_100_,པོ་_100_,པོ་_100_
[ཁྱོད་_100_],ཁྱོད་_100_,ཁྱོད་_100_,ཁྱོད་_100_,ཁྱོད་_100_,ཁྱོད་_100_,ཁྱོད་_100_,ཁྱོད་_100_,ཁྱོད་_100_,ཁྱོད་_100_
[ཀྱིས་_100_],ཀྱིས་_100_,ཀྱིས་_100_,ཀྱིས་_100_,ཀྱིས་_100_,ཀྱིས་_100_,ཀྱིས་_100_,ཀྱིས་_100_,ཀྱིས་_100_,ཀྱིས་_100_
[རྟོགས_100_],རྟོགས_100_,རྟོགས_100_,རྟོགས_100_,རྟོགས_100_,རྟོགས_100_,རྟོགས_100_,རྟོགས_100_,རྟོགས_100_,རྟོགས_100_
[། །​_100_],། །​_100_,། །​_100_,། །​_100_,། །​_100_,། །​_100_,། །​_100_,། །​_100_,། །​_100_,། །​_100_
[ཁྱོད་_100_],ཁྱོད་_100_,ཁྱོད་_100_,ཁྱོད་_100_,ཁྱོད་_100_,ཁྱོད་_100_,ཁྱོད་_100_,ཁྱོད་_100_,ཁྱོད་_100_,ཁྱོད་_100_
[ཀྱིས་_90_],ཀྱིས་_90_,ཀྱིས་_90_,ཀྱིས་_90_,ཀྱི་_10_,ཀྱིས་_90_,ཀྱིས་_90_,ཀྱིས་_90_,ཀྱིས་_90_,ཀྱིས་_90_
[ཀུན་_100_],ཀུན་_100_,ཀུན་_100_,ཀུན་_100_,ཀུན་_100_,ཀུན་_100_,ཀུན་_100_,ཀུན་_100_,ཀུན་_100_,ཀུན་_100_
[ནས་_100_],ནས་_100_,ནས་_100_,ནས་_100_,ནས་_100_,ནས་_100_,ནས་_100_,ནས་_100_,ནས་_100_,ནས་_100_
[ཉོན་_100_],ཉོན་_100_,ཉོན་_100_,ཉོན་_100_,ཉོན་_100_,ཉོན་_100_,ཉོན་_100_,ཉོན་_100_,ཉོན་_100_,ཉོན་_100_
[མོངས་_100_],མོངས་_100_,མོངས་_100_,མོངས་_100_,མོངས་_100_,མོངས་_100_,མོངས་_100_,མོངས་_100_,མོངས་_100_,མོངས་_100_
[དང་_100_],དང་_100_,དང་_100_,དང་_100_,དང་_100_,དང་_100_,དང་_100_,དང་_100_,དང་_100_,དང་_100_
[། །​_100_],། །​_100_,། །​_100_,། །​_100_,། །​_100_,། །​_100_,། །​_100_,། །​_100_,། །​_100_,། །​_100_
[རྣམ་_100_],རྣམ་_100_,རྣམ་_100_,རྣམ་_100_,རྣམ་_100_,རྣམ་_100_,རྣམ་_100_,རྣམ་_100_,རྣམ་_100_,རྣམ་_100_
[བྱང་_100_],བྱང་_100_,བྱང་_100_,བྱང་_100_,བྱང་_100_,བྱང་_100_,བྱང་_100_,བྱང་_100_,བྱང་_100_,བྱང་_100_
[རོ་_100_],རོ་_100_,རོ་_100_,རོ་_100_,རོ་_100_,རོ་_100_,རོ་_100_,རོ་_100_,རོ་_100_,རོ་_100_
[གཅིག་_100_],གཅིག་_100_,གཅིག་_100_,གཅིག་_100_,གཅིག་_100_,གཅིག་_100_,གཅིག་_100_,གཅིག་_100_,གཅིག་_100_,གཅིག་_100_
[གྱུར་_100_],གྱུར་_100_,གྱུར་_100_,གྱུར་_100_,གྱུར་_100_,གྱུར་_100_,གྱུར་_100_,གྱུར་_100_,གྱུར་_100_,གྱུར་_100_
[རིག་_100_],རིག་_100_,རིག་_100_,རིག་_100_,རིག་_100_,རིག་_100_,རིག་_100_,རིག་_100_,རིག་_100_,རིག་_100_
[པས_100_],པས_100_,པས_100_,པས_100_,པས_100_,པས_100_,པས_100_,པས_100_,པས_100_,པས_100_
[། །​_100_],། །​_100_,། །​_100_,། །​_100_,། །​_100_,། །​_100_,། །​_100_,། །​_100_,། །​_100_,། །​_100_
[ཆོས་_100_],ཆོས་_100_,ཆོས་_100_,ཆོས་_100_,ཆོས་_100_,ཆོས་_100_,ཆོས་_100_,ཆོས་_100_,ཆོས་_100_,ཆོས་_100_
[དབྱིངས་_100_],དབྱིངས་_100_,དབྱིངས་_100_,དབྱིངས་_100_,དབྱིངས་_100_,དབྱིངས་_100_,དབྱིངས་_100_,དབྱིངས་_100_,དབྱིངས་_100_,དབྱིངས་_100_
[མངོན་_100_],མངོན་_100_,མངོན་_100_,མངོན་_100_,མངོན་_100_,མངོན་_100_,མངོན་_100_,མངོན་_100_,མངོན་_100_,མངོན་_100_
[པར་_100_],པར་_100_,པར་_100_,པར་_100_,པར་_100_,པར་_100_,པར་_100_,པར་_100_,པར་_100_,པར་_100_
[དབྱེར་_100_],དབྱེར་_100_,དབྱེར་_100_,དབྱེར་_100_,དབྱེར་_100_,དབྱེར་_100_,དབྱེར་_100_,དབྱེར་_100_,དབྱེར་_100_,དབྱེར་_100_
[མེད་_100_],མེད་_100_,མེད་_100_,མེད་_100_,མེད་_100_,མེད་_100_,མེད་_100_,མེད་_100_,མེད་_100_,མེད་_100_
[པ_100_],པ_100_,པ_100_,པ_100_,པ_100_,པ_100_,པ_100_,པ_100_,པ_100_,པ_100_
[། །​_100_],། །​_100_,། །​_100_,། །​_100_,། །​_100_,། །​_100_,། །​_100_,། །​_100_,། །​_100_,། །​_100_
[ཀུན་_100_],ཀུན་_100_,ཀུན་_100_,ཀུན་_100_,ཀུན་_100_,ཀུན་_100_,ཀུན་_100_,ཀུན་_100_,ཀུན་_100_,ཀུན་_100_
[དུ་_90_],དུ་_90_,དུ་_90_,དུ་_90_,ཏུ་_10_,དུ་_90_,དུ་_90_,དུ་_90_,དུ་_90_,དུ་_90_
[རྣམ་_100_],རྣམ་_100_,རྣམ་_100_,རྣམ་_100_,རྣམ་_100_,རྣམ་_100_,རྣམ་_100_,རྣམ་_100_,རྣམ་_100_,རྣམ་_100_
[པར་_100_],པར་_100_,པར་_100_,པར་_100_,པར་_100_,པར་_100_,པར་_100_,པར་_100_,པར་_100_,པར་_100_
[དག་_100_],དག་_100_,དག་_100_,དག་_100_,དག་_100_,དག་_100_,དག་_100_,དག་_100_,དག་_100_,དག་_100_
[པར་_100_],པར་_100_,པར་_100_,པར་_100_,པར་_100_,པར་_100_,པར་_100_,པར་_100_,པར་_100_,པར་_100_
[གྱུར_100_],གྱུར_100_,གྱུར_100_,གྱུར_100_,གྱུར_100_,གྱུར_100_,གྱུར_100_,གྱུར_100_,གྱུར_100_,གྱུར_100_
[། །​_100_],། །​_100_,། །​_100_,། །​_100_,། །​_100_,། །​_100_,། །​_100_,། །​_100_,། །​_100_,། །​_100_
[གཙོ་_100_],གཙོ་_100_,གཙོ་_100_,གཙོ་_100_,གཙོ་_100_,གཙོ་_100_,གཙོ་_100_,གཙོ་_100_,གཙོ་_100_,གཙོ་_100_
[བོ་_100_],བོ་_100_,བོ་_100_,བོ་_100_,བོ་_100_,བོ་_100_,བོ་_100_,བོ་_100_,བོ་_100_,བོ་_100_
[ཁྱོད་_100_],ཁྱོད་_100_,ཁྱོད་_100_,ཁྱོད་_100_,ཁྱོད་_100_,ཁྱོད་_100_,ཁྱོད་_100_,ཁྱོད་_100_,ཁྱོད་_100_,ཁྱོད་_100_
[ཀྱིས་འགའ་_80_],ཀྱིས་འགའ་_80_,ཀྱི་གང་_20_,ཀྱི་གང་_20_,ཀྱིས་འགའ་_80_,ཀྱིས་འགའ་_80_,ཀྱིས་འགའ་_80_,ཀྱིས་འགའ་_80_,ཀྱིས་འགའ་_80_,ཀྱིས་འགའ་_80_
[ཞིག་_100_],ཞིག་_100_,ཞིག་_100_,ཞིག་_100_,ཞིག་_100_,ཞིག་_100_,ཞིག་_100_,ཞིག་_100_,ཞིག་_100_,ཞིག་_100_
[ཏུ_100_],ཏུ_100_,ཏུ_100_,ཏུ_100_,ཏུ_100_,ཏུ_100_,ཏུ_100_,ཏུ_100_,ཏུ_100_,ཏུ_100_
[། །​_100_],། །​_100_,། །​_100_,། །​_100_,། །​_100_,། །​_100_,། །​_100_,། །​_100_,། །​_100_,། །​_100_
[ཡི་_100_],ཡི་_100_,ཡི་_100_,ཡི་_100_,ཡི་_100_,ཡི་_100_,ཡི་_100_,ཡི་_100_,ཡི་_100_,ཡི་_100_
[གེ་_100_],གེ་_100_,གེ་_100_,གེ་_100_,གེ་_100_,གེ་_100_,གེ་_100_,གེ་_100_,གེ་_100_,གེ་_100_
[གཅིག་_100_],གཅིག་_100_,གཅིག་_100_,གཅིག་_100_,གཅིག་_100_,གཅིག་_100_,གཅིག་_100_,གཅིག་_100_,གཅིག་_100_,གཅིག་_100_
[ཀྱང་_100_],ཀྱང་_100_,ཀྱང་_100_,ཀྱང་_100_,ཀྱང་_100_,ཀྱང་_100_,ཀྱང་_100_,ཀྱང་_100_,ཀྱང་_100_,ཀྱང་_100_
[མ་_100_],མ་_100_,མ་_100_,མ་_100_,མ་_100_,མ་_100_,མ་_100_,མ་_100_,མ་_100_,མ་_100_
[གསུངས་_100_],གསུངས་_100_,གསུངས་_100_,གསུངས་_100_,གསུངས་_100_,གསུངས་_100_,གསུངས་_100_,གསུངས་_100_,གསུངས་_100_,གསུངས་_100_
[ལ_100_],ལ_100_,ལ_100_,ལ_100_,ལ_100_,ལ_100_,ལ_100_,ལ_100_,ལ_100_,ལ_100_
[། །​_100_],། །​_100_,། །​_100_,། །​_100_,། །​_100_,། །​_100_,། །​_100_,། །​_100_,། །​_100_,། །​_100_
[གདུལ་_100_],གདུལ་_100_,གདུལ་_100_,གདུལ་_100_,གདུལ་_100_,གདུལ་_100_,གདུལ་_100_,གདུལ་_100_,གདུལ་_100_,གདུལ་_100_
[བྱའི་_100_],བྱའི་_100_,བྱའི་_100_,བྱའི་_100_,བྱའི་_100_,བྱའི་_100_,བྱའི་_100_,བྱའི་_100_,བྱའི་_100_,བྱའི་_100_
[འགྲོ་_100_],འགྲོ་_100_,འགྲོ་_100_,འགྲོ་_100_,འགྲོ་_100_,འགྲོ་_100_,འགྲོ་_100_,འགྲོ་_100_,འགྲོ་_100_,འགྲོ་_100_
[བ་_100_],བ་_100_,བ་_100_,བ་_100_,བ་_100_,བ་_100_,བ་_100_,བ་_100_,བ་_100_,བ་_100_
[མ་_100_],མ་_100_,མ་_100_,མ་_100_,མ་_100_,མ་_100_,མ་_100_,མ་_100_,མ་_100_,མ་_100_
[ལུས་_100_],ལུས་_100_,ལུས་_100_,ལུས་_100_,ལུས་_100_,ལུས་_100_,ལུས་_100_,ལུས་_100_,ལུས་_100_,ལུས་_100_
[པ_100_],པ_100_,པ_100_,པ_100_,པ_100_,པ_100_,པ_100_,པ_100_,པ_100_,པ_100_
[། །​_100_],། །​_100_,། །​_100_,། །​_100_,། །​_100_,། །​_100_,། །​_100_,། །​_100_,། །​_100_,། །​_100_
[ཆོས་_100_],ཆོས་_100_,ཆོས་_100_,ཆོས་_100_,ཆོས་_100_,ཆོས་_100_,ཆོས་_100_,ཆོས་_100_,ཆོས་_100_,ཆོས་_100_
[ཀྱི་_100_],ཀྱི་_100_,ཀྱི་_100_,ཀྱི་_100_,ཀྱི་_100_,ཀྱི་_100_,ཀྱི་_100_,ཀྱི་_100_,ཀྱི་_100_,ཀྱི་_100_
[ཆར་_100_],ཆར་_100_,ཆར་_100_,ཆར་_100_,ཆར་_100_,ཆར་_100_,ཆར་_100_,ཆར་_100_,ཆར་_100_,ཆར་_100_
[གྱིས་_100_],གྱིས་_100_,གྱིས་_100_,གྱིས་_100_,གྱིས་_100_,གྱིས་_100_,གྱིས་_100_,གྱིས་_100_,གྱིས་_100_,གྱིས་_100_
[ཚིམ་_100_],ཚིམ་_100_,ཚིམ་_100_,ཚིམ་_100_,ཚིམ་_100_,ཚིམ་_100_,ཚིམ་_100_,ཚིམ་_100_,ཚིམ་_100_,ཚིམ་_100_
[པར་_80_],པར་_80_,པའང་_20_,པའང་_20_,པར་_80_,པར་_80_,པར་_80_,པར་_80_,པར་_80_,པར་_80_
[མཛད_100_],མཛད_100_,མཛད_100_,མཛད_100_,མཛད_100_,མཛད_100_,མཛད_100_,མཛད_100_,མཛད_100_,མཛད_100_
[། །​_100_],། །​_100_,། །​_100_,། །​_100_,། །​_100_,། །​_100_,། །​_100_,། །​_100_,། །​_100_,། །​_100_
[མཁའ་_100_],མཁའ་_100_,མཁའ་_100_,མཁའ་_100_,མཁའ་_100_,མཁའ་_100_,མཁའ་_100_,མཁའ་_100_,མཁའ་_100_,མཁའ་_100_
[དང་_100_],དང་_100_,དང་_100_,དང་_100_,དང་_100_,དང་_100_,དང་_100_,དང་_100_,དང་_100_,དང་_100_
[མཉམ་_100_],མཉམ་_100_,མཉམ་_100_,མཉམ་_100_,མཉམ་_100_,མཉམ་_100_,མཉམ་_100_,མཉམ་_100_,མཉམ་_100_,མཉམ་_100_
[པའི་_100_],པའི་_100_,པའི་_100_,པའི་_100_,པའི་_100_,པའི་_100_,པའི་_100_,པའི་_100_,པའི་_100_,པའི་_100_
[ཐུགས་_100_],ཐུགས་_100_,ཐུགས་_100_,ཐུགས་_100_,ཐུགས་_100_,ཐུགས་_100_,ཐུགས་_100_,ཐུགས་_100_,ཐུགས་_100_,ཐུགས་_100_
[མངའ་_100_],མངའ་_100_,མངའ་_100_,མངའ་_100_,མངའ་_100_,མངའ་_100_,མངའ་_100_,མངའ་_100_,མངའ་_100_,མངའ་_100_
[ཁྱོད_100_],ཁྱོད_100_,ཁྱོད_100_,ཁྱོད_100_,ཁྱོད_100_,ཁྱོད_100_,ཁྱོད_100_,ཁྱོད_100_,ཁྱོད_100_,ཁྱོད_100_
[། །​_90_],། །​_90_,། །​_90_,། །​_90_,། །​ _10_,། །​_90_,། །​_90_,། །​_90_,། །​_90_,། །​_90_
[ཕུང་_100_],ཕུང་_100_,ཕུང་_100_,ཕུང་_100_,ཕུང་_100_,ཕུང་_100_,ཕུང་_100_,ཕུང་_100_,ཕུང་_100_,ཕུང་_100_
[པོ་_100_],པོ་_100_,པོ་_100_,པོ་_100_,པོ་_100_,པོ་_100_,པོ་_100_,པོ་_100_,པོ་_100_,པོ་_100_
[ཁམས་_100_],ཁམས་_100_,ཁམས་_100_,ཁམས་_100_,ཁམས་_100_,ཁམས་_100_,ཁམས་_100_,ཁམས་_100_,ཁམས་_100_,ཁམས་_100_
[དང་_100_],དང་_100_,དང་_100_,དང་_100_,དང་_100_,དང་_100_,དང་_100_,དང་_100_,དང་_100_,དང་_100_
[སྐྱེ་_100_],སྐྱེ་_100_,སྐྱེ་_100_,སྐྱེ་_100_,སྐྱེ་_100_,སྐྱེ་_100_,སྐྱེ་_100_,སྐྱེ་_100_,སྐྱེ་_100_,སྐྱེ་_100_
[མཆེད་_100_],མཆེད་_100_,མཆེད་_100_,མཆེད་_100_,མཆེད་_100_,མཆེད་_100_,མཆེད་_100_,མཆེད་_100_,མཆེད་_100_,མཆེད་_100_
[ལ_100_],ལ_100_,ལ_100_,ལ_100_,ལ_100_,ལ_100_,ལ_100_,ལ_100_,ལ_100_,ལ_100_
[། །​_100_],། །​_100_,། །​_100_,། །​_100_,། །​_100_,། །​_100_,། །​_100_,། །​_100_,། །​_100_,། །​_100_
[ཆགས་_100_],ཆགས་_100_,ཆགས་_100_,ཆགས་_100_,ཆགས་_100_,ཆགས་_100_,ཆགས་_100_,ཆགས་_100_,ཆགས་_100_,ཆགས་_100_
[པར་_100_],པར་_100_,པར་_100_,པར་_100_,པར་_100_,པར་_100_,པར་_100_,པར་_100_,པར་_100_,པར་_100_
[གྱུར་_80_],གྱུར་_80_,གྱུར་_80_,གྱུར་_80_,གྱུར་_80_,གྱུར་_80_,གྱུར་ _20_,གྱུར་_80_,གྱུར་_80_,གྱུར་ _20_
[པ་_100_],པ་_100_,པ་_100_,པ་_100_,པ་_100_,པ་_100_,པ་_100_,པ་_100_,པ་_100_,པ་_100_
[མི་_100_],མི་_100_,མི་_100_,མི་_100_,མི་_100_,མི་_100_,མི་_100_,མི་_100_,མི་_100_,མི་_100_
[མངའ་_100_],མངའ་_100_,མངའ་_100_,མངའ་_100_,མངའ་_100_,མངའ་_100_,མངའ་_100_,མངའ་_100_,མངའ་_100_,མངའ་_100_
[བས_100_],བས_100_,བས_100_,བས_100_,བས_100_,བས_100_,བས_100_,བས_100_,བས_100_,བས_100_
[། །​_100_],། །​_100_,། །​_100_,། །​_100_,། །​_100_,། །​_100_,། །​_100_,། །​_100_,། །​_100_,། །​_100_
[ཆོས་_100_],ཆོས་_100_,ཆོས་_100_,ཆོས་_100_,ཆོས་_100_,ཆོས་_100_,ཆོས་_100_,ཆོས་_100_,ཆོས་_100_,ཆོས་_100_
[རྣམས་_100_],རྣམས་_100_,རྣམས་_100_,རྣམས་_100_,རྣམས་_100_,རྣམས་_100_,རྣམས་_100_,རྣམས་_100_,རྣམས་_100_,རྣམས་_100_
[ཀུན་_100_],ཀུན་_100_,ཀུན་_100_,ཀུན་_100_,ཀུན་_100_,ཀུན་_100_,ཀུན་_100_,ཀུན་_100_,ཀུན་_100_,ཀུན་_100_
[ལ་_100_],ལ་_100_,ལ་_100_,ལ་_100_,ལ་_100_,ལ་_100_,ལ་_100_,ལ་_100_,ལ་_100_,ལ་_100_
[བརྟེན་_100_],བརྟེན་_100_,བརྟེན་_100_,བརྟེན་_100_,བརྟེན་_100_,བརྟེན་_100_,བརྟེན་_100_,བརྟེན་_100_,བརྟེན་_100_,བརྟེན་_100_
[མ་_100_],མ་_100_,མ་_100_,མ་_100_,མ་_100_,མ་_100_,མ་_100_,མ་_100_,མ་_100_,མ་_100_
[ལགས_100_],ལགས_100_,ལགས_100_,ལགས_100_,ལགས_100_,ལགས_100_,ལགས_100_,ལགས_100_,ལགས_100_,ལགས_100_
[། །​_100_],། །​_100_,། །​_100_,། །​_100_,། །​_100_,། །​_100_,། །​_100_,། །​_100_,། །​_100_,། །​_100_
[མགོན་_100_],མགོན་_100_,མགོན་_100_,མགོན་_100_,མགོན་_100_,མགོན་_100_,མགོན་_100_,མགོན་_100_,མགོན་_100_,མགོན་_100_
[ཁྱོད་_100_],ཁྱོད་_100_,ཁྱོད་_100_,ཁྱོད་_100_,ཁྱོད་_100_,ཁྱོད་_100_,ཁྱོད་_100_,ཁྱོད་_100_,ཁྱོད་_100_,ཁྱོད་_100_
[སེམས་_100_],སེམས་_100_,སེམས་_100_,སེམས་_100_,སེམས་_100_,སེམས་_100_,སེམས་_100_,སེམས་_100_,སེམས་_100_,སེམས་_100_
[ཅན་_100_],ཅན་_100_,ཅན་_100_,ཅན་_100_,ཅན་_100_,ཅན་_100_,ཅན་_100_,ཅན་_100_,ཅན་_100_,ཅན་_100_
[འདུ་_100_],འདུ་_100_,འདུ་_100_,འདུ་_100_,འདུ་_100_,འདུ་_100_,འདུ་_100_,འདུ་_100_,འདུ་_100_,འདུ་_100_
[ཤེས་_100_],ཤེས་_100_,ཤེས་_100_,ཤེས་_100_,ཤེས་_100_,ཤེས་_100_,ཤེས་_100_,ཤེས་_100_,ཤེས་_100_,ཤེས་_100_
[ཀྱིས_100_],ཀྱིས_100_,ཀྱིས_100_,ཀྱིས_100_,ཀྱིས_100_,ཀྱིས_100_,ཀྱིས_100_,ཀྱིས_100_,ཀྱིས_100_,ཀྱིས_100_
[། །​_100_],། །​_100_,། །​_100_,། །​_100_,། །​_100_,། །​_100_,། །​_100_,། །​_100_,། །​_100_,། །​_100_
[འཇུག་_100_],འཇུག་_100_,འཇུག་_100_,འཇུག་_100_,འཇུག་_100_,འཇུག་_100_,འཇུག་_100_,འཇུག་_100_,འཇུག་_100_,འཇུག་_100_
[པ་_100_],པ་_100_,པ་_100_,པ་_100_,པ་_100_,པ་_100_,པ་_100_,པ་_100_,པ་_100_,པ་_100_
[ཀུན་_100_],ཀུན་_100_,ཀུན་_100_,ཀུན་_100_,ཀུན་_100_,ཀུན་_100_,ཀུན་_100_,ཀུན་_100_,ཀུན་_100_,ཀུན་_100_
[དུ་_90_],དུ་_90_,དུ་_90_,དུ་_90_,ཏུ་_10_,དུ་_90_,དུ་_90_,དུ་_90_,དུ་_90_,དུ་_90_
[མི་_100_],མི་_100_,མི་_100_,མི་_100_,མི་_100_,མི་_100_,མི་_100_,མི་_100_,མི་_100_,མི་_100_
[མངའ་_100_],མངའ་_100_,མངའ་_100_,མངའ་_100_,མངའ་_100_,མངའ་_100_,མངའ་_100_,མངའ་_100_,མངའ་_100_,མངའ་_100_
[ཡང་_100_],ཡང་_100_,ཡང་_100_,ཡང་_100_,ཡང་_100_,ཡང་_100_,ཡང་_100_,ཡང་_100_,ཡང་_100_,ཡང་_100_
[། །​_100_],། །​_100_,། །​_100_,། །​_100_,། །​_100_,། །​_100_,། །​_100_,། །​_100_,། །​_100_,། །​_100_
[སྡུག་_100_],སྡུག་_100_,སྡུག་_100_,སྡུག་_100_,སྡུག་_100_,སྡུག་_100_,སྡུག་_100_,སྡུག་_100_,སྡུག་_100_,སྡུག་_100_
[བསྔལ་_100_],བསྔལ་_100_,བསྔལ་_100_,བསྔལ་_100_,བསྔལ་_100_,བསྔལ་_100_,བསྔལ་_100_,བསྔལ་_100_,བསྔལ་_100_,བསྔལ་_100_
[གྱུར་_100_],གྱུར་_100_,གྱུར་_100_,གྱུར་_100_,གྱུར་_100_,གྱུར་_100_,གྱུར་_100_,གྱུར་_100_,གྱུར་_100_,གྱུར་_100_
[པའི་_100_],པའི་_100_,པའི་_100_,པའི་_100_,པའི་_100_,པའི་_100_,པའི་_100_,པའི་_100_,པའི་_100_,པའི་_100_
[སེམས་_100_],སེམས་_100_,སེམས་_100_,སེམས་_100_,སེམས་_100_,སེམས་_100_,སེམས་_100_,སེམས་_100_,སེམས་_100_,སེམས་_100_
[ཅན་_100_],ཅན་_100_,ཅན་_100_,ཅན་_100_,ཅན་_100_,ཅན་_100_,ཅན་_100_,ཅན་_100_,ཅན་_100_,ཅན་_100_
[ལ_100_],ལ_100_,ལ_100_,ལ_100_,ལ_100_,ལ_100_,ལ_100_,ལ_100_,ལ_100_,ལ_100_
[། །​_100_],། །​_100_,། །​_100_,། །​_100_,། །​_100_,། །​_100_,། །​_100_,། །​_100_,། །​_100_,། །​_100_
[སྙིང་_100_],སྙིང་_100_,སྙིང་_100_,སྙིང་_100_,སྙིང་_100_,སྙིང་_100_,སྙིང་_100_,སྙིང་_100_,སྙིང་_100_,སྙིང་_100_
[རྗེའི་_100_],རྗེའི་_100_,རྗེའི་_100_,རྗེའི་_100_,རྗེའི་_100_,རྗེའི་_100_,རྗེའི་_100_,རྗེའི་_100_,རྗེའི་_100_,རྗེའི་_100_
[བདག་_100_],བདག་_100_,བདག་_100_,བདག་_100_,བདག་_100_,བདག་_100_,བདག་_100_,བདག་_100_,བདག་_100_,བདག་_100_
[ཉིད་_100_],ཉིད་_100_,ཉིད་_100_,ཉིད་_100_,ཉིད་_100_,ཉིད་_100_,ཉིད་_100_,ཉིད་_100_,ཉིད་_100_,ཉིད་_100_
[གྱུར་_100_],གྱུར་_100_,གྱུར་_100_,གྱུར་_100_,གྱུར་_100_,གྱུར་_100_,གྱུར་_100_,གྱུར་_100_,གྱུར་_100_,གྱུར་_100_
[པའང་_100_],པའང་_100_,པའང་_100_,པའང་_100_,པའང་_100_,པའང་_100_,པའང་_100_,པའང་_100_,པའང་_100_,པའང་_100_
[ཁྱོད_100_],ཁྱོད_100_,ཁྱོད_100_,ཁྱོད_100_,ཁྱོད_100_,ཁྱོད_100_,ཁྱོད_100_,ཁྱོད_100_,ཁྱོད_100_,ཁྱོད_100_
[། །​_100_],། །​_100_,། །​_100_,། །​_100_,། །​_100_,། །​_100_,། །​_100_,། །​_100_,། །​_100_,། །​_100_
[བདེ་_100_],བདེ་_100_,བདེ་_100_,བདེ་_100_,བདེ་_100_,བདེ་_100_,བདེ་_100_,བདེ་_100_,བདེ་_100_,བདེ་_100_
[དང་_100_],དང་_100_,དང་_100_,དང་_100_,དང་_100_,དང་_100_,དང་_100_,དང་_100_,དང་_100_,དང་_100_
[སྡུག་_100_],སྡུག་_100_,སྡུག་_100_,སྡུག་_100_,སྡུག་_100_,སྡུག་_100_,སྡུག་_100_,སྡུག་_100_,སྡུག་_100_,སྡུག་_100_
[བསྔལ་དེ་བཞིན་དུ_60_],བསྔལ་དེ་བཞིན་དུ_60_,བསྔལ་དེགྱུར་པ_20_,བསྔལ་དེགྱུར་པ_20_,བསྔལ་བདག་བདག་མེད_10_,བསྔལ་དེ་བཞིན་དུ_60_,བསྔལ་དེ་བཞིན་དུ_60_,བསྔལ་དེ་བཞིན་དུ_60_,བསྔལ་དེ་བཞིན་དུ་ཅི_10_,བསྔལ་དེ་བཞིན་དུ_60_
[། །​_100_],། །​_100_,། །​_100_,། །​_100_,། །​_100_,། །​_100_,། །​_100_,། །​_100_,། །​_100_,། །​_100_
[རྟག་_100_],རྟག་_100_,རྟག་_100_,རྟག་_100_,རྟག་_100_,རྟག་_100_,རྟག་_100_,རྟག་_100_,རྟག་_100_,རྟག་_100_
[མི་_100_],མི་_100_,མི་_100_,མི་_100_,མི་_100_,མི་_100_,མི་_100_,མི་_100_,མི་_100_,མི་_100_
[རྟག་_100_],རྟག་_100_,རྟག་_100_,རྟག་_100_,རྟག་_100_,རྟག་_100_,རྟག་_100_,རྟག་_100_,རྟག་_100_,རྟག་_100_
[སོགས་_100_],སོགས་_100_,སོགས་_100_,སོགས་_100_,སོགས་_100_,སོགས་_100_,སོགས་_100_,སོགས་_100_,སོགས་_100_,སོགས་_100_
[ལ་_80_],ལ་_80_,ལས་_20_,ལས་_20_,ལ་_80_,ལ་_80_,ལ་_80_,ལ་_80_,ལ་_80_,ལ་_80_
[གཙོ་_100_],གཙོ་_100_,གཙོ་_100_,གཙོ་_100_,གཙོ་_100_,གཙོ་_100_,གཙོ་_100_,གཙོ་_100_,གཙོ་_100_,གཙོ་_100_
[ཁྱོད_100_],ཁྱོད_100_,ཁྱོད_100_,ཁྱོད_100_,ཁྱོད_100_,ཁྱོད_100_,ཁྱོད_100_,ཁྱོད_100_,ཁྱོད_100_,ཁྱོད_100_
[། །​_100_],། །​_100_,། །​_100_,། །​_100_,། །​_100_,། །​_100_,། །​_100_,། །​_100_,། །​_100_,། །​_100_
[དེ་_100_],དེ་_100_,དེ་_100_,དེ་_100_,དེ་_100_,དེ་_100_,དེ་_100_,དེ་_100_,དེ་_100_,དེ་_100_
[ལྟའི་_100_],ལྟའི་_100_,ལྟའི་_100_,ལྟའི་_100_,ལྟའི་_100_,ལྟའི་_100_,ལྟའི་_100_,ལྟའི་_100_,ལྟའི་_100_,ལྟའི་_100_
[རྣམ་_100_],རྣམ་_100_,རྣམ་_100_,རྣམ་_100_,རྣམ་_100_,རྣམ་_100_,རྣམ་_100_,རྣམ་_100_,རྣམ་_100_,རྣམ་_100_
[རྟོག་_100_],རྟོག་_100_,རྟོག་_100_,རྟོག་_100_,རྟོག་_100_,རྟོག་_100_,རྟོག་_100_,རྟོག་_100_,རྟོག་_100_,རྟོག་_100_
[སྣ་_100_],སྣ་_100_,སྣ་_100_,སྣ་_100_,སྣ་_100_,སྣ་_100_,སྣ་_100_,སྣ་_100_,སྣ་_100_,སྣ་_100_
[ཚོགས་_100_],ཚོགས་_100_,ཚོགས་_100_,ཚོགས་_100_,ཚོགས་_100_,ཚོགས་_100_,ཚོགས་_100_,ཚོགས་_100_,ཚོགས་_100_,ཚོགས་_100_
[ཀྱིས_100_],ཀྱིས_100_,ཀྱིས_100_,ཀྱིས_100_,ཀྱིས_100_,ཀྱིས_100_,ཀྱིས_100_,ཀྱིས_100_,ཀྱིས_100_,ཀྱིས_100_
[། །​_90_],། །​_90_,། །​_90_,། །​_90_,། །​_90_,། །​_90_,། །​_90_,། །​_90_,། །​ །​_10_,། །​_90_
[ཐུགས་_100_],ཐུགས་_100_,ཐུགས་_100_,ཐུགས་_100_,ཐུགས་_100_,ཐུགས་_100_,ཐུགས་_100_,ཐུགས་_100_,ཐུགས་_100_,ཐུགས་_100_
[ནི་_100_],ནི་_100_,ནི་_100_,ནི་_100_,ནི་_100_,ནི་_100_,ནི་_100_,ནི་_100_,ནི་_100_,ནི་_100_
[ཆགས་_100_],ཆགས་_100_,ཆགས་_100_,ཆགས་_100_,ཆགས་_100_,ཆགས་_100_,ཆགས་_100_,ཆགས་_100_,ཆགས་_100_,ཆགས་_100_
[པར་_100_],པར་_100_,པར་_100_,པར་_100_,པར་_100_,པར་_100_,པར་_100_,པར་_100_,པར་_100_,པར་_100_
[གྱུར་_90_],གྱུར་_90_,གྱུར་_90_,གྱུར་_90_,འགྱུར་_10_,གྱུར་_90_,གྱུར་_90_,གྱུར་_90_,གྱུར་_90_,གྱུར་_90_
[མ་_100_],མ་_100_,མ་_100_,མ་_100_,མ་_100_,མ་_100_,མ་_100_,མ་_100_,མ་_100_,མ་_100_
[ལགས_100_],ལགས_100_,ལགས_100_,ལགས_100_,ལགས_100_,ལགས_100_,ལགས_100_,ལགས_100_,ལགས_100_,ལགས_100_
[། །​_100_],། །​_100_,། །​_100_,། །​_100_,། །​_100_,། །​_100_,། །​_100_,། །​_100_,། །​_100_,། །​_100_
[ཆོས་_100_],ཆོས་_100_,ཆོས་_100_,ཆོས་_100_,ཆོས་_100_,ཆོས་_100_,ཆོས་_100_,ཆོས་_100_,ཆོས་_100_,ཆོས་_100_
[རྣམས་_100_],རྣམས་_100_,རྣམས་_100_,རྣམས་_100_,རྣམས་_100_,རྣམས་_100_,རྣམས་_100_,རྣམས་_100_,རྣམས་_100_,རྣམས་_100_
[གང་_100_],གང་_100_,གང་_100_,གང་_100_,གང་_100_,གང་_100_,གང་_100_,གང་_100_,གང་_100_,གང་_100_
[དུའང་_90_],དུའང་_90_,དུའང་_90_,དུའང་_90_,དུའང་_90_,དུའང་_90_,དུ་འང་_10_,དུའང་_90_,དུའང་_90_,དུའང་_90_
[འགྲོ་_100_],འགྲོ་_100_,འགྲོ་_100_,འགྲོ་_100_,འགྲོ་_100_,འགྲོ་_100_,འགྲོ་_100_,འགྲོ་_100_,འགྲོ་_100_,འགྲོ་_100_
[འོང་_100_],འོང་_100_,འོང་_100_,འོང་_100_,འོང་_100_,འོང་_100_,འོང་_100_,འོང་_100_,འོང་_100_,འོང་_100_
[མེད_100_],མེད_100_,མེད_100_,མེད_100_,མེད_100_,མེད_100_,མེད_100_,མེད_100_,མེད_100_,མེད_100_
[། །​_100_],། །​_100_,། །​_100_,། །​_100_,། །​_100_,། །​_100_,། །​_100_,། །​_100_,། །​_100_,། །​_100_
[དེ་_100_],དེ་_100_,དེ་_100_,དེ་_100_,དེ་_100_,དེ་_100_,དེ་_100_,དེ་_100_,དེ་_100_,དེ་_100_
[བཞིན་_100_],བཞིན་_100_,བཞིན་_100_,བཞིན་_100_,བཞིན་_100_,བཞིན་_100_,བཞིན་_100_,བཞིན་_100_,བཞིན་_100_,བཞིན་_100_
[ཁྱོད་_100_],ཁྱོད་_100_,ཁྱོད་_100_,ཁྱོད་_100_,ཁྱོད་_100_,ཁྱོད་_100_,ཁྱོད་_100_,ཁྱོད་_100_,ཁྱོད་_100_,ཁྱོད་_100_
[ཀྱིས་གཤེགས་_70_],ཀྱིས་གཤེགས་_70_,ཀྱི་གཤེགས་_20_,ཀྱི་གཤེགས་_20_,ཀྱིས་བཞེད་_10_,ཀྱིས་གཤེགས་_70_,ཀྱིས་གཤེགས་_70_,ཀྱིས་གཤེགས་_70_,ཀྱིས་གཤེགས་_70_,ཀྱིས་གཤེགས་_70_
[པའང་_100_],པའང་_100_,པའང་_100_,པའང་_100_,པའང་_100_,པའང་_100_,པའང་_100_,པའང་_100_,པའང་_100_,པའང་_100_
[ལགས_100_],ལགས_100_,ལགས_100_,ལགས_100_,ལགས_100_,ལགས_100_,ལགས_100_,ལགས_100_,ལགས_100_,ལགས_100_
[། །​_100_],། །​_100_,། །​_100_,། །​_100_,། །​_100_,། །​_100_,། །​_100_,། །​_100_,། །​_100_,། །​_100_
[འགའ་_100_],འགའ་_100_,འགའ་_100_,འགའ་_100_,འགའ་_100_,འགའ་_100_,འགའ་_100_,འགའ་_100_,འགའ་_100_,འགའ་_100_
[རུ་_100_],རུ་_100_,རུ་_100_,རུ་_100_,རུ་_100_,རུ་_100_,རུ་_100_,རུ་_100_,རུ་_100_,རུ་_100_
[སྤུངས་_100_],སྤུངས་_100_,སྤུངས་_100_,སྤུངས་_100_,སྤུངས་_100_,སྤུངས་_100_,སྤུངས་_100_,སྤུངས་_100_,སྤུངས་_100_,སྤུངས་_100_
[པ་_80_],པ་_80_,པའང་_20_,པའང་_20_,པ་_80_,པ་_80_,པ་_80_,པ་_80_,པ་_80_,པ་_80_
[མ་_100_],མ་_100_,མ་_100_,མ་_100_,མ་_100_,མ་_100_,མ་_100_,མ་_100_,མ་_100_,མ་_100_
[མཆིས་པ_80_],མཆིས་པ_80_,ལགས་ལ_20_,ལགས་ལ_20_,མཆིས་པ_80_,མཆིས་པ_80_,མཆིས་པ_80_,མཆིས་པ_80_,མཆིས་པ_80_,མཆིས་པ_80_
[། །​_100_],། །​_100_,། །​_100_,། །​_100_,། །​_100_,། །​_100_,། །​_100_,། །​_100_,། །​_100_,། །​_100_
[དེ་ཕྱིར་_70_],དེ་ཕྱིར་_70_,དེ་བཞིན་_20_,དེ་བཞིན་_20_,ཆོས་དོན་_10_,དེ་ཕྱིར་_70_,དེ་ཕྱིར་_70_,དེ་ཕྱིར་_70_,དེ་ཕྱིར་_70_,དེ་ཕྱིར་_70_
[དོན་_100_],དོན་_100_,དོན་_100_,དོན་_100_,དོན་_100_,དོན་_100_,དོན་_100_,དོན་_100_,དོན་_100_,དོན་_100_
[དམ་_100_],དམ་_100_,དམ་_100_,དམ་_100_,དམ་_100_,དམ་_100_,དམ་_100_,དམ་_100_,དམ་_100_,དམ་_100_
[རིག་_100_],རིག་_100_,རིག་_100_,རིག་_100_,རིག་_100_,རིག་_100_,རིག་_100_,རིག་_100_,རིག་_100_,རིག་_100_
[པའང་ལགས_90_],པའང་ལགས_90_,པའང་ལགས_90_,པའང་ལགས_90_,པས་གསུངས_10_,པའང་ལགས_90_,པའང་ལགས_90_,པའང་ལགས_90_,པའང་ལགས_90_,པའང་ལགས_90_
[། །​_100_],། །​_100_,། །​_100_,། །​_100_,། །​_100_,། །​_100_,། །​_100_,། །​_100_,། །​_100_,། །​_100_
[ཀུན་_100_],ཀུན་_100_,ཀུན་_100_,ཀུན་_100_,ཀུན་_100_,ཀུན་_100_,ཀུན་_100_,ཀུན་_100_,ཀུན་_100_,ཀུན་_100_
[གྱི་_100_],གྱི་_100_,གྱི་_100_,གྱི་_100_,གྱི་_100_,གྱི་_100_,གྱི་_100_,གྱི་_100_,གྱི་_100_,གྱི་_100_
[རྗེས་_100_],རྗེས་_100_,རྗེས་_100_,རྗེས་_100_,རྗེས་_100_,རྗེས་_100_,རྗེས་_100_,རྗེས་_100_,རྗེས་_100_,རྗེས་_100_
[སུ་_100_],སུ་_100_,སུ་_100_,སུ་_100_,སུ་_100_,སུ་_100_,སུ་_100_,སུ་_100_,སུ་_100_,སུ་_100_
[ཞུགས་_100_],ཞུགས་_100_,ཞུགས་_100_,ཞུགས་_100_,ཞུགས་_100_,ཞུགས་_100_,ཞུགས་_100_,ཞུགས་_100_,ཞུགས་_100_,ཞུགས་_100_
[གྱུར་_100_],གྱུར་_100_,གྱུར་_100_,གྱུར་_100_,གྱུར་_100_,གྱུར་_100_,གྱུར་_100_,གྱུར་_100_,གྱུར་_100_,གྱུར་_100_
[ཀྱང་_100_],ཀྱང་_100_,ཀྱང་_100_,ཀྱང་_100_,ཀྱང་_100_,ཀྱང་_100_,ཀྱང་_100_,ཀྱང་_100_,ཀྱང་_100_,ཀྱང་_100_
[། །​_90_],། །​_90_,། །​_90_,། །​_90_,། །​_90_,། །​_90_,། །​_90_,། །​_90_,། །​ །​_10_,། །​_90_
[འགའ་_100_],འགའ་_100_,འགའ་_100_,འགའ་_100_,འགའ་_100_,འགའ་_100_,འགའ་_100_,འགའ་_100_,འགའ་_100_,འགའ་_100_
[རུ་_100_],རུ་_100_,རུ་_100_,རུ་_100_,རུ་_100_,རུ་_100_,རུ་_100_,རུ་_100_,རུ་_100_,རུ་_100_
[འབྱུང་_100_],འབྱུང་_100_,འབྱུང་_100_,འབྱུང་_100_,འབྱུང་_100_,འབྱུང་_100_,འབྱུང་_100_,འབྱུང་_100_,འབྱུང་_100_,འབྱུང་_100_
[བའང་_100_],བའང་_100_,བའང་_100_,བའང་_100_,བའང་_100_,བའང་_100_,བའང་_100_,བའང་_100_,བའང་_100_,བའང་_100_
[མ་_100_],མ་_100_,མ་_100_,མ་_100_,མ་_100_,མ་_100_,མ་_100_,མ་_100_,མ་_100_,མ་_100_
[ལགས་_100_],ལགས་_100_,ལགས་_100_,ལགས་_100_,ལགས་_100_,ལགས་_100_,ལགས་_100_,ལགས་_100_,ལགས་_100_,ལགས་_100_
[ལ_100_],ལ_100_,ལ_100_,ལ_100_,ལ_100_,ལ_100_,ལ_100_,ལ_100_,ལ_100_,ལ_100_
[། །​_100_],། །​_100_,། །​_100_,། །​_100_,། །​_100_,། །​_100_,། །​_100_,། །​_100_,། །​_100_,། །​_100_
[སྐྱེ་དང་ཆོས་དང་སྐུ་རྣམས་ཀྱང་_90_],སྐྱེ་དང་ཆོས་དང་སྐུ་རྣམས་ཀྱང་_90_,སྐྱེ་དང་ཆོས་དང་སྐུ་རྣམས་ཀྱང་_90_,སྐྱེ་དང་ཆོས་དང་སྐུ་རྣམས་ཀྱང་_90_,ཐུབ་ཆེན་ཁྱོད་ཀྱི་སྐྱེ་བ་དང་_10_,སྐྱེ་དང་ཆོས་དང་སྐུ་རྣམས་ཀྱང་_90_,སྐྱེ་དང་ཆོས་དང་སྐུ་རྣམས་ཀྱང་_90_,སྐྱེ་དང་ཆོས་དང་སྐུ་རྣམས་ཀྱང་_90_,སྐྱེ་དང་ཆོས་དང་སྐུ་རྣམས་ཀྱང་_90_,སྐྱེ་དང་ཆོས་དང་སྐུ་རྣམས་ཀྱང་_90_
[། །​_100_],། །​_100_,། །​_100_,། །​_100_,། །​_100_,། །​_100_,། །​_100_,། །​_100_,། །​_100_,། །​_100_
[ཐུབ་ཆེན་ཁྱོད་ཀྱི་_90_],ཐུབ་ཆེན་ཁྱོད་ཀྱི་_90_,ཐུབ་ཆེན་ཁྱོད་ཀྱི་_90_,ཐུབ་ཆེན་ཁྱོད་ཀྱི་_90_,ཆོས་ཀྱི་སྐུ་དག་_10_,ཐུབ་ཆེན་ཁྱོད་ཀྱི་_90_,ཐུབ་ཆེན་ཁྱོད་ཀྱི་_90_,ཐུབ་ཆེན་ཁྱོད་ཀྱི་_90_,ཐུབ་ཆེན་ཁྱོད་ཀྱི་_90_,ཐུབ་ཆེན་ཁྱོད་ཀྱི་_90_
[བསམ་_100_],བསམ་_100_,བསམ་_100_,བསམ་_100_,བསམ་_100_,བསམ་_100_,བསམ་_100_,བསམ་_100_,བསམ་_100_,བསམ་_100_
[མི་_100_],མི་_100_,མི་_100_,མི་_100_,མི་_100_,མི་_100_,མི་_100_,མི་_100_,མི་_100_,མི་_100_
[ཁྱབ_100_],ཁྱབ_100_,ཁྱབ_100_,ཁྱབ_100_,ཁྱབ_100_,ཁྱབ_100_,ཁྱབ_100_,ཁྱབ_100_,ཁྱབ_100_,ཁྱབ_100_
[། །​_100_],། །​_100_,། །​_100_,། །​_100_,། །​_100_,། །​_100_,། །​_100_,། །​_100_,། །​_100_,། །​_100_
[གཅིག་_100_],གཅིག་_100_,གཅིག་_100_,གཅིག་_100_,གཅིག་_100_,གཅིག་_100_,གཅིག་_100_,གཅིག་_100_,གཅིག་_100_,གཅིག་_100_
[དང་_100_],དང་_100_,དང་_100_,དང་_100_,དང་_100_,དང་_100_,དང་_100_,དང་_100_,དང་_100_,དང་_100_
[གཞན་_100_],གཞན་_100_,གཞན་_100_,གཞན་_100_,གཞན་_100_,གཞན་_100_,གཞན་_100_,གཞན་_100_,གཞན་_100_,གཞན་_100_
[པ་_100_],པ་_100_,པ་_100_,པ་_100_,པ་_100_,པ་_100_,པ་_100_,པ་_100_,པ་_100_,པ་_100_
[རྣམས་_90_],རྣམས་_90_,རྣམས་_90_,རྣམས་_90_,རྣམ་_10_,རྣམས་_90_,རྣམས་_90_,རྣམས་_90_,རྣམས་_90_,རྣམས་_90_
[སྤངས་_100_],སྤངས་_100_,སྤངས་_100_,སྤངས་_100_,སྤངས་_100_,སྤངས་_100_,སྤངས་_100_,སྤངས་_100_,སྤངས་_100_,སྤངས་_100_
[པ_100_],པ_100_,པ_100_,པ_100_,པ_100_,པ_100_,པ_100_,པ_100_,པ_100_,པ_100_
[། །​_100_],། །​_100_,། །​_100_,། །​_100_,། །​_100_,། །​_100_,། །​_100_,། །​_100_,། །​_100_,། །​_100_
[བྲག་_100_],བྲག་_100_,བྲག་_100_,བྲག་_100_,བྲག་_100_,བྲག་_100_,བྲག་_100_,བྲག་_100_,བྲག་_100_,བྲག་_100_
[ཅ་_90_],ཅ་_90_,ཅ་_90_,ཅ་_90_,ཅན་_10_,ཅ་_90_,ཅ་_90_,ཅ་_90_,ཅ་_90_,ཅ་_90_
[ལྟ་_100_],ལྟ་_100_,ལྟ་_100_,ལྟ་_100_,ལྟ་_100_,ལྟ་_100_,ལྟ་_100_,ལྟ་_100_,ལྟ་_100_,ལྟ་_100_
[བུའི་_100_],བུའི་_100_,བུའི་_100_,བུའི་_100_,བུའི་_100_,བུའི་_100_,བུའི་_100_,བུའི་_100_,བུའི་_100_,བུའི་_100_
[འགྲོ་_100_],འགྲོ་_100_,འགྲོ་_100_,འགྲོ་_100_,འགྲོ་_100_,འགྲོ་_100_,འགྲོ་_100_,འགྲོ་_100_,འགྲོ་_100_,འགྲོ་_100_
[བ་_100_],བ་_100_,བ་_100_,བ་_100_,བ་_100_,བ་_100_,བ་_100_,བ་_100_,བ་_100_,བ་_100_
[རྣམས_100_],རྣམས_100_,རྣམས_100_,རྣམས_100_,རྣམས_100_,རྣམས_100_,རྣམས_100_,རྣམས_100_,རྣམས_100_,རྣམས_100_
[། །​_100_],། །​_100_,། །​_100_,། །​_100_,། །​_100_,། །​_100_,། །​_100_,། །​_100_,། །​_100_,། །​_100_
[འཕོ་_100_],འཕོ་_100_,འཕོ་_100_,འཕོ་_100_,འཕོ་_100_,འཕོ་_100_,འཕོ་_100_,འཕོ་_100_,འཕོ་_100_,འཕོ་_100_
[དང་_100_],དང་_100_,དང་_100_,དང་_100_,དང་_100_,དང་_100_,དང་_100_,དང་_100_,དང་_100_,དང་_100_
[འཇིག་_100_],འཇིག་_100_,འཇིག་_100_,འཇིག་_100_,འཇིག་_100_,འཇིག་_100_,འཇིག་_100_,འཇིག་_100_,འཇིག་_100_,འཇིག་_100_
[པ་_100_],པ་_100_,པ་_100_,པ་_100_,པ་_100_,པ་_100_,པ་_100_,པ་_100_,པ་_100_,པ་_100_
[རྣམ་_80_],རྣམ་_80_,རྣམས་_20_,རྣམས་_20_,རྣམ་_80_,རྣམ་_80_,རྣམ་_80_,རྣམ་_80_,རྣམ་_80_,རྣམ་_80_
[སྤངས་_100_],སྤངས་_100_,སྤངས་_100_,སྤངས་_100_,སྤངས་_100_,སྤངས་_100_,སྤངས་_100_,སྤངས་_100_,སྤངས་_100_,སྤངས་_100_
[པ། །​_70_],པ། །​_70_,པར། །​_20_,པར། །​_20_,པ། །​_70_,པ། །​_70_,པ། །​_70_,པ། །​_70_,པོ༑ །​_10_,པ། །​_70_
[སྨད་_100_],སྨད་_100_,སྨད་_100_,སྨད་_100_,སྨད་_100_,སྨད་_100_,སྨད་_100_,སྨད་_100_,སྨད་_100_,སྨད་_100_
[པ་_100_],པ་_100_,པ་_100_,པ་_100_,པ་_100_,པ་_100_,པ་_100_,པ་_100_,པ་_100_,པ་_100_
[མེད་_100_],མེད་_100_,མེད་_100_,མེད་_100_,མེད་_100_,མེད་_100_,མེད་_100_,མེད་_100_,མེད་_100_,མེད་_100_
[པ་_80_],པ་_80_,པར་_20_,པར་_20_,པ་_80_,པ་_80_,པ་_80_,པ་_80_,པ་_80_,པ་_80_
[ཁྱོད་_100_],ཁྱོད་_100_,ཁྱོད་_100_,ཁྱོད་_100_,ཁྱོད་_100_,ཁྱོད་_100_,ཁྱོད་_100_,ཁྱོད་_100_,ཁྱོད་_100_,ཁྱོད་_100_
[ཀྱིས་_100_],ཀྱིས་_100_,ཀྱིས་_100_,ཀྱིས་_100_,ཀྱིས་_100_,ཀྱིས་_100_,ཀྱིས་_100_,ཀྱིས་_100_,ཀྱིས་_100_,ཀྱིས་_100_
[རྟོགས_100_],རྟོགས_100_,རྟོགས_100_,རྟོགས_100_,རྟོགས_100_,རྟོགས_100_,རྟོགས_100_,རྟོགས_100_,རྟོགས_100_,རྟོགས_100_
[། །​_90_],། །​_90_,། །​_90_,། །​_90_,། །​_90_,། །​_90_,། །​_90_,། །​_90_,། །​ །​_10_,། །​_90_
[རྟག་_100_],རྟག་_100_,རྟག་_100_,རྟག་_100_,རྟག་_100_,རྟག་_100_,རྟག་_100_,རྟག་_100_,རྟག་_100_,རྟག་_100_
[དང་_100_],དང་_100_,དང་_100_,དང་_100_,དང་_100_,དང་_100_,དང་_100_,དང་_100_,དང་_100_,དང་_100_
[ཆད་_100_],ཆད་_100_,ཆད་_100_,ཆད་_100_,ཆད་_100_,ཆད་_100_,ཆད་_100_,ཆད་_100_,ཆད་_100_,ཆད་_100_
[པ་_100_],པ་_100_,པ་_100_,པ་_100_,པ་_100_,པ་_100_,པ་_100_,པ་_100_,པ་_100_,པ་_100_
[དང་_100_],དང་_100_,དང་_100_,དང་_100_,དང་_100_,དང་_100_,དང་_100_,དང་_100_,དང་_100_,དང་_100_
[བྲལ་_100_],བྲལ་_100_,བྲལ་_100_,བྲལ་_100_,བྲལ་_100_,བྲལ་_100_,བྲལ་_100_,བྲལ་_100_,བྲལ་_100_,བྲལ་_100_
[ཞིང་_100_],ཞིང་_100_,ཞིང་_100_,ཞིང་_100_,ཞིང་_100_,ཞིང་_100_,ཞིང་_100_,ཞིང་_100_,ཞིང་_100_,ཞིང་_100_
[། །​_100_],། །​_100_,། །​_100_,། །​_100_,། །​_100_,། །​_100_,། །​_100_,། །​_100_,། །​_100_,། །​_100_
[མཚན་_100_],མཚན་_100_,མཚན་_100_,མཚན་_100_,མཚན་_100_,མཚན་_100_,མཚན་_100_,མཚན་_100_,མཚན་_100_,མཚན་_100_
[ཉིད་_100_],ཉིད་_100_,ཉིད་_100_,ཉིད་_100_,ཉིད་_100_,ཉིད་_100_,ཉིད་_100_,ཉིད་_100_,ཉིད་_100_,ཉིད་_100_
[མཚོན་_100_],མཚོན་_100_,མཚོན་_100_,མཚོན་_100_,མཚོན་_100_,མཚོན་_100_,མཚོན་_100_,མཚོན་_100_,མཚོན་_100_,མཚོན་_100_
[བྱ་_100_],བྱ་_100_,བྱ་_100_,བྱ་_100_,བྱ་_100_,བྱ་_100_,བྱ་_100_,བྱ་_100_,བྱ་_100_,བྱ་_100_
[རྣམ་_100_],རྣམ་_100_,རྣམ་_100_,རྣམ་_100_,རྣམ་_100_,རྣམ་_100_,རྣམ་_100_,རྣམ་_100_,རྣམ་_100_,རྣམ་_100_
[སྤངས་_100_],སྤངས་_100_,སྤངས་_100_,སྤངས་_100_,སྤངས་_100_,སྤངས་_100_,སྤངས་_100_,སྤངས་_100_,སྤངས་_100_,སྤངས་_100_
[པར_100_],པར_100_,པར_100_,པར_100_,པར_100_,པར_100_,པར_100_,པར_100_,པར_100_,པར_100_
[། །​_90_],། །​_90_,། །​_90_,། །​_90_,། །​_90_,། །​_90_,། །​_90_,། །​_90_,། །​ །​_10_,། །​_90_
[གཙོ་_100_],གཙོ་_100_,གཙོ་_100_,གཙོ་_100_,གཙོ་_100_,གཙོ་_100_,གཙོ་_100_,གཙོ་_100_,གཙོ་_100_,གཙོ་_100_
[བོས་_100_],བོས་_100_,བོས་_100_,བོས་_100_,བོས་_100_,བོས་_100_,བོས་_100_,བོས་_100_,བོས་_100_,བོས་_100_
[རྨི་_100_],རྨི་_100_,རྨི་_100_,རྨི་_100_,རྨི་_100_,རྨི་_100_,རྨི་_100_,རྨི་_100_,རྨི་_100_,རྨི་_100_
[ལམ་_100_],ལམ་_100_,ལམ་_100_,ལམ་_100_,ལམ་_100_,ལམ་_100_,ལམ་_100_,ལམ་_100_,ལམ་_100_,ལམ་_100_
[སྒྱུ་_100_],སྒྱུ་_100_,སྒྱུ་_100_,སྒྱུ་_100_,སྒྱུ་_100_,སྒྱུ་_100_,སྒྱུ་_100_,སྒྱུ་_100_,སྒྱུ་_100_,སྒྱུ་_100_
[ཚོགས་_60_],ཚོགས་_60_,སོགས་_30_,སོགས་_30_,སོགས་_30_,ཚོགས་_60_,ཚོགས་_60_,ཚོགས་_60_,ཚོགས་ཀྱི་_10_,ཚོགས་_60_
[བཞིན_100_],བཞིན_100_,བཞིན_100_,བཞིན_100_,བཞིན_100_,བཞིན_100_,བཞིན_100_,བཞིན_100_,བཞིན_100_,བཞིན_100_
[། །​_100_],། །​_100_,། །​_100_,། །​_100_,། །​_100_,། །​_100_,། །​_100_,། །​_100_,། །​_100_,། །​_100_
[འཁོར་_100_],འཁོར་_100_,འཁོར་_100_,འཁོར་_100_,འཁོར་_100_,འཁོར་_100_,འཁོར་_100_,འཁོར་_100_,འཁོར་_100_,འཁོར་_100_
[བ་_100_],བ་_100_,བ་_100_,བ་_100_,བ་_100_,བ་_100_,བ་_100_,བ་_100_,བ་_100_,བ་_100_
[ངེས་_100_],ངེས་_100_,ངེས་_100_,ངེས་_100_,ངེས་_100_,ངེས་_100_,ངེས་_100_,ངེས་_100_,ངེས་_100_,ངེས་_100_
[པར་_100_],པར་_100_,པར་_100_,པར་_100_,པར་_100_,པར་_100_,པར་_100_,པར་_100_,པར་_100_,པར་_100_
[རྟོགས་_100_],རྟོགས་_100_,རྟོགས་_100_,རྟོགས་_100_,རྟོགས་_100_,རྟོགས་_100_,རྟོགས་_100_,རྟོགས་_100_,རྟོགས་_100_,རྟོགས་_100_
[པ་_100_],པ་_100_,པ་_100_,པ་_100_,པ་_100_,པ་_100_,པ་_100_,པ་_100_,པ་_100_,པ་_100_
[ལགས_100_],ལགས_100_,ལགས_100_,ལགས_100_,ལགས_100_,ལགས_100_,ལགས_100_,ལགས_100_,ལགས_100_,ལགས_100_
[། །​_100_],། །​_100_,། །​_100_,། །​_100_,། །​_100_,། །​_100_,། །​_100_,། །​_100_,། །​_100_,། །​_100_
[བག་ཆགས་གཞིར་གྱུར་མཐར་ཐུག་_80_],བག་ཆགས་གཞིར་གྱུར་མཐར་ཐུག་_80_,བག་ཆགས་བཞིར་གྱུར་མཐར་ཐུག་_10_,བག་ཆགས་གཞིར་གྱུར་མཐར་ཐུག་_80_,ཉོན་མོངས་སྡིག་པའི་གཞིར་གྱུར་_10_,བག་ཆགས་གཞིར་གྱུར་མཐར་ཐུག་_80_,བག་ཆགས་གཞིར་གྱུར་མཐར་ཐུག་_80_,བག་ཆགས་གཞིར་གྱུར་མཐར་ཐུག་_80_,བག་ཆགས་གཞིར་གྱུར་མཐར་ཐུག་_80_,བག་ཆགས་གཞིར་གྱུར་མཐར་ཐུག་_80_
[པའི_100_],པའི_100_,པའི_100_,པའི_100_,པའི_100_,པའི_100_,པའི_100_,པའི_100_,པའི_100_,པའི_100_
[། །​ཁྱོད་ཀྱིས་ཉོན་མོངས་སྡིག་པ་སྤངས། །​_80_],། །​ཁྱོད་ཀྱིས་ཉོན་མོངས་སྡིག་པ་སྤངས། །​_80_,། །​ཁྱོད་ཀྱིས་ཉོན་མོངས་སྡིག་པ་སྤངས། །​_80_,། །​ཁྱོད་ཀྱིས་ཉོན་མོངས་སྡིག་པ་སྤངས། །​_80_,། །​ མཐར་ཐུག་བག་ཆགས་ཀུན་ལས་རྒྱལ། །​_10_,། །​ཁྱོད་ཀྱིས་ཉོན་མོངས་སྡིག་པ་སྤངས། །​_80_,། །​ཁྱོད་ཀྱིས་ཉོན་མོངས་སྡིག་པ་སྤངས། །​_80_,། །​ཁྱོད་ཀྱིས་ཉོན་མོངས་སྡིག་པ་སྤངས། །​_80_,། །​ཁྱོད་ཀྱིས་ཉོན་མོངས་སྡིག་པ་སྤངས། །​ །​_10_,། །​ཁྱོད་ཀྱིས་ཉོན་མོངས་སྡིག་པ་སྤངས། །​_80_
[ཉོན་_100_],ཉོན་_100_,ཉོན་_100_,ཉོན་_100_,ཉོན་_100_,ཉོན་_100_,ཉོན་_100_,ཉོན་_100_,ཉོན་_100_,ཉོན་_100_
[མོངས་_100_],མོངས་_100_,མོངས་_100_,མོངས་_100_,མོངས་_100_,མོངས་_100_,མོངས་_100_,མོངས་_100_,མོངས་_100_,མོངས་_100_
[ཉིད་_100_],ཉིད་_100_,ཉིད་_100_,ཉིད་_100_,ཉིད་_100_,ཉིད་_100_,ཉིད་_100_,ཉིད་_100_,ཉིད་_100_,ཉིད་_100_
[ཀྱི་_100_],ཀྱི་_100_,ཀྱི་_100_,ཀྱི་_100_,ཀྱི་_100_,ཀྱི་_100_,ཀྱི་_100_,ཀྱི་_100_,ཀྱི་_100_,ཀྱི་_100_
[རང་_100_],རང་_100_,རང་_100_,རང་_100_,རང་_100_,རང་_100_,རང་_100_,རང་_100_,རང་_100_,རང་_100_
[བཞིན་_100_],བཞིན་_100_,བཞིན་_100_,བཞིན་_100_,བཞིན་_100_,བཞིན་_100_,བཞིན་_100_,བཞིན་_100_,བཞིན་_100_,བཞིན་_100_
[ཡང་_100_],ཡང་_100_,ཡང་_100_,ཡང་_100_,ཡང་_100_,ཡང་_100_,ཡང་_100_,ཡང་_100_,ཡང་_100_,ཡང་_100_
[། །​_80_],། །​_80_,། །​_80_,། །​_80_,། །​ _20_,། །​ _20_,། །​_80_,། །​_80_,། །​_80_,། །​_80_
[ཁྱོད་_100_],ཁྱོད་_100_,ཁྱོད་_100_,ཁྱོད་_100_,ཁྱོད་_100_,ཁྱོད་_100_,ཁྱོད་_100_,ཁྱོད་_100_,ཁྱོད་_100_,ཁྱོད་_100_
[ཀྱིས་_80_],ཀྱིས་_80_,ཀྱི་_20_,ཀྱི་_20_,ཀྱིས་_80_,ཀྱིས་_80_,ཀྱིས་_80_,ཀྱིས་_80_,ཀྱིས་_80_,ཀྱིས་_80_
[བདུད་_100_],བདུད་_100_,བདུད་_100_,བདུད་_100_,བདུད་_100_,བདུད་_100_,བདུད་_100_,བདུད་_100_,བདུད་_100_,བདུད་_100_
[རྩི་_100_],རྩི་_100_,རྩི་_100_,རྩི་_100_,རྩི་_100_,རྩི་_100_,རྩི་_100_,རྩི་_100_,རྩི་_100_,རྩི་_100_
[ཉིད་_100_],ཉིད་_100_,ཉིད་_100_,ཉིད་_100_,ཉིད་_100_,ཉིད་_100_,ཉིད་_100_,ཉིད་_100_,ཉིད་_100_,ཉིད་_100_
[དུ་_100_],དུ་_100_,དུ་_100_,དུ་_100_,དུ་_100_,དུ་_100_,དུ་_100_,དུ་_100_,དུ་_100_,དུ་_100_
[བསྒྲུབས_100_],བསྒྲུབས_100_,བསྒྲུབས_100_,བསྒྲུབས_100_,བསྒྲུབས_100_,བསྒྲུབས_100_,བསྒྲུབས_100_,བསྒྲུབས_100_,བསྒྲུབས_100_,བསྒྲུབས_100_
[། །​_100_],། །​_100_,། །​_100_,། །​_100_,། །​_100_,། །​_100_,། །​_100_,། །​_100_,། །​_100_,། །​_100_
[དཔའ་_100_],དཔའ་_100_,དཔའ་_100_,དཔའ་_100_,དཔའ་_100_,དཔའ་_100_,དཔའ་_100_,དཔའ་_100_,དཔའ་_100_,དཔའ་_100_
[བོ་_100_],བོ་_100_,བོ་_100_,བོ་_100_,བོ་_100_,བོ་_100_,བོ་_100_,བོ་_100_,བོ་_100_,བོ་_100_
[ཁྱོད་_100_],ཁྱོད་_100_,ཁྱོད་_100_,ཁྱོད་_100_,ཁྱོད་_100_,ཁྱོད་_100_,ཁྱོད་_100_,ཁྱོད་_100_,ཁྱོད་_100_,ཁྱོད་_100_
[ཀྱིས་_80_],ཀྱིས་_80_,ཀྱི་_20_,ཀྱི་_20_,ཀྱིས་_80_,ཀྱིས་_80_,ཀྱིས་_80_,ཀྱིས་_80_,ཀྱིས་_80_,ཀྱིས་_80_
[གཟུགས་_100_],གཟུགས་_100_,གཟུགས་_100_,གཟུགས་_100_,གཟུགས་_100_,གཟུགས་_100_,གཟུགས་_100_,གཟུགས་_100_,གཟུགས་_100_,གཟུགས་_100_
[རྣམས་_100_],རྣམས་_100_,རྣམས་_100_,རྣམས་_100_,རྣམས་_100_,རྣམས་_100_,རྣམས་_100_,རྣམས་_100_,རྣམས་_100_,རྣམས་_100_
[ཀྱི_90_],ཀྱི_90_,ཀྱི_90_,ཀྱི_90_,ཀྱི_90_,ཀྱི_90_,ཀྱིས_10_,ཀྱི_90_,ཀྱི_90_,ཀྱི_90_
[། །​_100_],། །​_100_,། །​_100_,། །​_100_,། །​_100_,། །​_100_,། །​_100_,། །​_100_,། །​_100_,། །​_100_
[མཚན་_100_],མཚན་_100_,མཚན་_100_,མཚན་_100_,མཚན་_100_,མཚན་_100_,མཚན་_100_,མཚན་_100_,མཚན་_100_,མཚན་_100_
[མ་_100_],མ་_100_,མ་_100_,མ་_100_,མ་_100_,མ་_100_,མ་_100_,མ་_100_,མ་_100_,མ་_100_
[མེད་_100_],མེད་_100_,མེད་_100_,མེད་_100_,མེད་_100_,མེད་_100_,མེད་_100_,མེད་_100_,མེད་_100_,མེད་_100_
[མཐོང་_100_],མཐོང་_100_,མཐོང་_100_,མཐོང་_100_,མཐོང་_100_,མཐོང་_100_,མཐོང་_100_,མཐོང་_100_,མཐོང་_100_,མཐོང་_100_
[གཟུགས་_100_],གཟུགས་_100_,གཟུགས་_100_,གཟུགས་_100_,གཟུགས་_100_,གཟུགས་_100_,གཟུགས་_100_,གཟུགས་_100_,གཟུགས་_100_,གཟུགས་_100_
[མེད་_100_],མེད་_100_,མེད་_100_,མེད་_100_,མེད་_100_,མེད་_100_,མེད་_100_,མེད་_100_,མེད་_100_,མེད་_100_
[བཞིན_100_],བཞིན_100_,བཞིན_100_,བཞིན_100_,བཞིན_100_,བཞིན_100_,བཞིན_100_,བཞིན_100_,བཞིན_100_,བཞིན_100_
[། །​_100_],། །​_100_,། །​_100_,། །​_100_,། །​_100_,། །​_100_,། །​_100_,། །​_100_,། །​_100_,། །​_100_
[མཚན་_100_],མཚན་_100_,མཚན་_100_,མཚན་_100_,མཚན་_100_,མཚན་_100_,མཚན་_100_,མཚན་_100_,མཚན་_100_,མཚན་_100_
[གྱིས་_90_],གྱིས་_90_,གྱིས་_90_,གྱིས་_90_,གྱི་_10_,གྱིས་_90_,གྱིས་_90_,གྱིས་_90_,གྱིས་_90_,གྱིས་_90_
[འབར་_100_],འབར་_100_,འབར་_100_,འབར་_100_,འབར་_100_,འབར་_100_,འབར་_100_,འབར་_100_,འབར་_100_,འབར་_100_
[བའི་_100_],བའི་_100_,བའི་_100_,བའི་_100_,བའི་_100_,བའི་_100_,བའི་_100_,བའི་_100_,བའི་_100_,བའི་_100_
[སྐུ་_100_],སྐུ་_100_,སྐུ་_100_,སྐུ་_100_,སྐུ་_100_,སྐུ་_100_,སྐུ་_100_,སྐུ་_100_,སྐུ་_100_,སྐུ་_100_
[ཉིད་_100_],ཉིད་_100_,ཉིད་_100_,ཉིད་_100_,ཉིད་_100_,ཉིད་_100_,ཉིད་_100_,ཉིད་_100_,ཉིད་_100_,ཉིད་_100_
[ཀྱང་_100_],ཀྱང་_100_,ཀྱང་_100_,ཀྱང་_100_,ཀྱང་_100_,ཀྱང་_100_,ཀྱང་_100_,ཀྱང་_100_,ཀྱང་_100_,ཀྱང་_100_
[། །​_90_],། །​_90_,། །​_90_,། །​_90_,། །​_90_,། །​_90_,། །​_90_,། །​_90_,། །​ _10_,། །​_90_
[གཟུགས་_100_],གཟུགས་_100_,གཟུགས་_100_,གཟུགས་_100_,གཟུགས་_100_,གཟུགས་_100_,གཟུགས་_100_,གཟུགས་_100_,གཟུགས་_100_,གཟུགས་_100_
[སུ་_100_],སུ་_100_,སུ་_100_,སུ་_100_,སུ་_100_,སུ་_100_,སུ་_100_,སུ་_100_,སུ་_100_,སུ་_100_
[སྤྱོད་_100_],སྤྱོད་_100_,སྤྱོད་_100_,སྤྱོད་_100_,སྤྱོད་_100_,སྤྱོད་_100_,སྤྱོད་_100_,སྤྱོད་_100_,སྤྱོད་_100_,སྤྱོད་_100_
[ཡུལ་_100_],ཡུལ་_100_,ཡུལ་_100_,ཡུལ་_100_,ཡུལ་_100_,ཡུལ་_100_,ཡུལ་_100_,ཡུལ་_100_,ཡུལ་_100_,ཡུལ་_100_
[ཉིད་_100_],ཉིད་_100_,ཉིད་_100_,ཉིད་_100_,ཉིད་_100_,ཉིད་_100_,ཉིད་_100_,ཉིད་_100_,ཉིད་_100_,ཉིད་_100_
[དུ་_100_],དུ་_100_,དུ་_100_,དུ་_100_,དུ་_100_,དུ་_100_,དུ་_100_,དུ་_100_,དུ་_100_,དུ་_100_
[མཐོང་_100_],མཐོང་_100_,མཐོང་_100_,མཐོང་_100_,མཐོང་_100_,མཐོང་_100_,མཐོང་_100_,མཐོང་_100_,མཐོང་_100_,མཐོང་_100_
[། །​_100_],། །​_100_,། །​_100_,། །​_100_,། །​_100_,། །​_100_,། །​_100_,། །​_100_,། །​_100_,། །​_100_
[གཟུགས་_100_],གཟུགས་_100_,གཟུགས་_100_,གཟུགས་_100_,གཟུགས་_100_,གཟུགས་_100_,གཟུགས་_100_,གཟུགས་_100_,གཟུགས་_100_,གཟུགས་_100_
[སུ་_100_],སུ་_100_,སུ་_100_,སུ་_100_,སུ་_100_,སུ་_100_,སུ་_100_,སུ་_100_,སུ་_100_,སུ་_100_
[མཐོང་_100_],མཐོང་_100_,མཐོང་_100_,མཐོང་_100_,མཐོང་_100_,མཐོང་_100_,མཐོང་_100_,མཐོང་_100_,མཐོང་_100_,མཐོང་_100_
[བས་_100_],བས་_100_,བས་_100_,བས་_100_,བས་_100_,བས་_100_,བས་_100_,བས་_100_,བས་_100_,བས་_100_
[མཐོང་_100_],མཐོང་_100_,མཐོང་_100_,མཐོང་_100_,མཐོང་_100_,མཐོང་_100_,མཐོང་_100_,མཐོང་_100_,མཐོང་_100_,མཐོང་_100_
[མིན་ཡང་_90_],མིན་ཡང་_90_,མིན་ཡང་_90_,མིན་ཡང་_90_,ངོ་ཞེས_10_,མིན་ཡང་_90_,མིན་ཡང་_90_,མིན་ཡང་_90_,མིན་ཡང་_90_,མིན་ཡང་_90_
[། །​_100_],། །​_100_,། །​_100_,། །​_100_,། །​_100_,། །​_100_,། །​_100_,། །​_100_,། །​_100_,། །​_100_
[མཐོང་ངོ་ཞེས་ནི་རྗོད་པར་བྱེད_90_],མཐོང་ངོ་ཞེས་ནི་རྗོད་པར་བྱེད_90_,མཐོང་ངོ་ཞེས་ནི་རྗོད་པར་བྱེད_90_,མཐོང་ངོ་ཞེས་ནི་རྗོད་པར་བྱེད_90_,མངོན་པར་བརྗོད་པར་ནུས་མ་ཡིན_10_,མཐོང་ངོ་ཞེས་ནི་རྗོད་པར་བྱེད_90_,མཐོང་ངོ་ཞེས་ནི་རྗོད་པར་བྱེད_90_,མཐོང་ངོ་ཞེས་ནི་རྗོད་པར་བྱེད_90_,མཐོང་ངོ་ཞེས་ནི་རྗོད་པར་བྱེད_90_,མཐོང་ངོ་ཞེས་ནི་རྗོད་པར་བྱེད_90_
[། །​_100_],། །​_100_,། །​_100_,། །​_100_,། །​_100_,། །​_100_,། །​_100_,། །​_100_,། །​_100_,། །​_100_
[ཆོས་_100_],ཆོས་_100_,ཆོས་_100_,ཆོས་_100_,ཆོས་_100_,ཆོས་_100_,ཆོས་_100_,ཆོས་_100_,ཆོས་_100_,ཆོས་_100_
[མཐོང་_100_],མཐོང་_100_,མཐོང་_100_,མཐོང་_100_,མཐོང་_100_,མཐོང་_100_,མཐོང་_100_,མཐོང་_100_,མཐོང་_100_,མཐོང་_100_
[བས་_100_],བས་_100_,བས་_100_,བས་_100_,བས་_100_,བས་_100_,བས་_100_,བས་_100_,བས་_100_,བས་_100_
[ནི་_100_],ནི་_100_,ནི་_100_,ནི་_100_,ནི་_100_,ནི་_100_,ནི་_100_,ནི་_100_,ནི་_100_,ནི་_100_
[ཤིན་_100_],ཤིན་_100_,ཤིན་_100_,ཤིན་_100_,ཤིན་_100_,ཤིན་_100_,ཤིན་_100_,ཤིན་_100_,ཤིན་_100_,ཤིན་_100_
[དུ་_70_],དུ་_70_,དུ་_70_,དུ་_70_,ཏུ་_30_,དུ་_70_,ཏུ་_30_,དུ་_70_,དུ་_70_,ཏུ་_30_
[མཐོང་_100_],མཐོང་_100_,མཐོང་_100_,མཐོང་_100_,མཐོང་_100_,མཐོང་_100_,མཐོང་_100_,མཐོང་_100_,མཐོང་_100_,མཐོང་_100_
[། །​_90_],། །​_90_,། །​_90_,། །​_90_,། །​_90_,། །​_90_,། །​_90_,། །​_90_,། །​ _10_,། །​_90_
[ཆོས་_100_],ཆོས་_100_,ཆོས་_100_,ཆོས་_100_,ཆོས་_100_,ཆོས་_100_,ཆོས་_100_,ཆོས་_100_,ཆོས་_100_,ཆོས་_100_
[ཉིད་_100_],ཉིད་_100_,ཉིད་_100_,ཉིད་_100_,ཉིད་_100_,ཉིད་_100_,ཉིད་_100_,ཉིད་_100_,ཉིད་_100_,ཉིད་_100_
[མཐོང་_100_],མཐོང་_100_,མཐོང་_100_,མཐོང་_100_,མཐོང་_100_,མཐོང་_100_,མཐོང་_100_,མཐོང་_100_,མཐོང་_100_,མཐོང་_100_
[བ་_100_],བ་_100_,བ་_100_,བ་_100_,བ་_100_,བ་_100_,བ་_100_,བ་_100_,བ་_100_,བ་_100_
[མ་_100_],མ་_100_,མ་_100_,མ་_100_,མ་_100_,མ་_100_,མ་_100_,མ་_100_,མ་_100_,མ་_100_
[ཡིན་_100_],ཡིན་_100_,ཡིན་_100_,ཡིན་_100_,ཡིན་_100_,ཡིན་_100_,ཡིན་_100_,ཡིན་_100_,ཡིན་_100_,ཡིན་_100_
[ནོ_100_],ནོ_100_,ནོ_100_,ནོ_100_,ནོ_100_,ནོ_100_,ནོ_100_,ནོ_100_,ནོ_100_,ནོ_100_
[། །​_100_],། །​_100_,། །​_100_,། །​_100_,། །​_100_,། །​_100_,། །​_100_,། །​_100_,། །​_100_,། །​_100_
[ཁོང་_100_],ཁོང་_100_,ཁོང་_100_,ཁོང་_100_,ཁོང་_100_,ཁོང་_100_,ཁོང་_100_,ཁོང་_100_,ཁོང་_100_,ཁོང་_100_
[སྟོང་_100_],སྟོང་_100_,སྟོང་_100_,སྟོང་_100_,སྟོང་_100_,སྟོང་_100_,སྟོང་_100_,སྟོང་_100_,སྟོང་_100_,སྟོང་_100_
[ཁྱོད་_100_],ཁྱོད་_100_,ཁྱོད་_100_,ཁྱོད་_100_,ཁྱོད་_100_,ཁྱོད་_100_,ཁྱོད་_100_,ཁྱོད་_100_,ཁྱོད་_100_,ཁྱོད་_100_
[ཀྱི་_100_],ཀྱི་_100_,ཀྱི་_100_,ཀྱི་_100_,ཀྱི་_100_,ཀྱི་_100_,ཀྱི་_100_,ཀྱི་_100_,ཀྱི་_100_,ཀྱི་_100_
[སྐུ་_100_],སྐུ་_100_,སྐུ་_100_,སྐུ་_100_,སྐུ་_100_,སྐུ་_100_,སྐུ་_100_,སྐུ་_100_,སྐུ་_100_,སྐུ་_100_
[ལ་_100_],ལ་_100_,ལ་_100_,ལ་_100_,ལ་_100_,ལ་_100_,ལ་_100_,ལ་_100_,ལ་_100_,ལ་_100_
[མེད_100_],མེད_100_,མེད_100_,མེད_100_,མེད_100_,མེད_100_,མེད_100_,མེད_100_,མེད_100_,མེད_100_
[། །​_80_],། །​_80_,། །​_80_,། །​_80_,། །​ _20_,། །​_80_,། །​_80_,། །​_80_,། །​ _20_,། །​_80_
[ཤ་_100_],ཤ་_100_,ཤ་_100_,ཤ་_100_,ཤ་_100_,ཤ་_100_,ཤ་_100_,ཤ་_100_,ཤ་_100_,ཤ་_100_
[དང་_100_],དང་_100_,དང་_100_,དང་_100_,དང་_100_,དང་_100_,དང་_100_,དང་_100_,དང་_100_,དང་_100_
[རུས་_100_],རུས་_100_,རུས་_100_,རུས་_100_,རུས་_100_,རུས་_100_,རུས་_100_,རུས་_100_,རུས་_100_,རུས་_100_
[པ་_100_],པ་_100_,པ་_100_,པ་_100_,པ་_100_,པ་_100_,པ་_100_,པ་_100_,པ་_100_,པ་_100_
[ཁྲག་མེད་_80_],ཁྲག་མེད་_80_,ཁྲག་_20_,ཁྲག་_20_,ཁྲག་མེད་_80_,ཁྲག་མེད་_80_,ཁྲག་མེད་_80_,ཁྲག་མེད་_80_,ཁྲག་མེད་_80_,ཁྲག་མེད་_80_
[ཀྱང་། །​_70_],ཀྱང་། །​_70_,ཀྱང་མེད། །​_20_,ཀྱང་མེད། །​_20_,ཀྱང་། །​_70_,ཀྱང་། །​_70_,ཀྱང་། །​_70_,ཀྱང་། །​_70_,ཀྱང་ཕྱི།  །​_10_,ཀྱང་། །​_70_
[ནམ་_100_],ནམ་_100_,ནམ་_100_,ནམ་_100_,ནམ་_100_,ནམ་_100_,ནམ་_100_,ནམ་_100_,ནམ་_100_,ནམ་_100_
[མཁའི་_100_],མཁའི་_100_,མཁའི་_100_,མཁའི་_100_,མཁའི་_100_,མཁའི་_100_,མཁའི་_100_,མཁའི་_100_,མཁའི་_100_,མཁའི་_100_
[དབང་_100_],དབང་_100_,དབང་_100_,དབང་_100_,དབང་_100_,དབང་_100_,དབང་_100_,དབང་_100_,དབང་_100_,དབང་_100_
[པོའི་_100_],པོའི་_100_,པོའི་_100_,པོའི་_100_,པོའི་_100_,པོའི་_100_,པོའི་_100_,པོའི་_100_,པོའི་_100_,པོའི་_100_
[གཞུ་_100_],གཞུ་_100_,གཞུ་_100_,གཞུ་_100_,གཞུ་_100_,གཞུ་_100_,གཞུ་_100_,གཞུ་_100_,གཞུ་_100_,གཞུ་_100_
[བཞིན་_100_],བཞིན་_100_,བཞིན་_100_,བཞིན་_100_,བཞིན་_100_,བཞིན་_100_,བཞིན་_100_,བཞིན་_100_,བཞིན་_100_,བཞིན་_100_
[དུ_100_],དུ_100_,དུ_100_,དུ_100_,དུ_100_,དུ_100_,དུ_100_,དུ_100_,དུ_100_,དུ_100_
[། །​_100_],། །​_100_,། །​_100_,། །​_100_,། །​_100_,། །​_100_,། །​_100_,། །​_100_,། །​_100_,། །​_100_
[ཁྱོད་_100_],ཁྱོད་_100_,ཁྱོད་_100_,ཁྱོད་_100_,ཁྱོད་_100_,ཁྱོད་_100_,ཁྱོད་_100_,ཁྱོད་_100_,ཁྱོད་_100_,ཁྱོད་_100_
[ཀྱི་_100_],ཀྱི་_100_,ཀྱི་_100_,ཀྱི་_100_,ཀྱི་_100_,ཀྱི་_100_,ཀྱི་_100_,ཀྱི་_100_,ཀྱི་_100_,ཀྱི་_100_
[སྐུ་_100_],སྐུ་_100_,སྐུ་_100_,སྐུ་_100_,སྐུ་_100_,སྐུ་_100_,སྐུ་_100_,སྐུ་_100_,སྐུ་_100_,སྐུ་_100_
[ནི་_100_],ནི་_100_,ནི་_100_,ནི་_100_,ནི་_100_,ནི་_100_,ནི་_100_,ནི་_100_,ནི་_100_,ནི་_100_
[སྟོན་_100_],སྟོན་_100_,སྟོན་_100_,སྟོན་_100_,སྟོན་_100_,སྟོན་_100_,སྟོན་_100_,སྟོན་_100_,སྟོན་_100_,སྟོན་_100_
[པར་_100_],པར་_100_,པར་_100_,པར་_100_,པར་_100_,པར་_100_,པར་_100_,པར་_100_,པར་_100_,པར་_100_
[མཛད_100_],མཛད_100_,མཛད_100_,མཛད_100_,མཛད_100_,མཛད_100_,མཛད_100_,མཛད_100_,མཛད_100_,མཛད_100_
[། །​_100_],། །​_100_,། །​_100_,། །​_100_,། །​_100_,། །​_100_,། །​_100_,། །​_100_,། །​_100_,། །​_100_
[སྐུ་_100_],སྐུ་_100_,སྐུ་_100_,སྐུ་_100_,སྐུ་_100_,སྐུ་_100_,སྐུ་_100_,སྐུ་_100_,སྐུ་_100_,སྐུ་_100_
[ལ་_100_],ལ་_100_,ལ་_100_,ལ་_100_,ལ་_100_,ལ་_100_,ལ་_100_,ལ་_100_,ལ་_100_,ལ་_100_
[བསྙུན་_100_],བསྙུན་_100_,བསྙུན་_100_,བསྙུན་_100_,བསྙུན་_100_,བསྙུན་_100_,བསྙུན་_100_,བསྙུན་_100_,བསྙུན་_100_,བསྙུན་_100_
[མེད་_100_],མེད་_100_,མེད་_100_,མེད་_100_,མེད་_100_,མེད་_100_,མེད་_100_,མེད་_100_,མེད་_100_,མེད་_100_
[མི་གཙང་_80_],མི་གཙང་_80_,རུས་པའང་_20_,རུས་པའང་_20_,མི་གཙང་_80_,མི་གཙང་_80_,མི་གཙང་_80_,མི་གཙང་_80_,མི་གཙང་_80_,མི་གཙང་_80_
[མེད_100_],མེད_100_,མེད_100_,མེད_100_,མེད_100_,མེད_100_,མེད_100_,མེད_100_,མེད_100_,མེད_100_
[། །​_100_],། །​_100_,། །​_100_,། །​_100_,། །​_100_,། །​_100_,། །​_100_,། །​_100_,། །​_100_,། །​_100_
[བཀྲེས་_90_],བཀྲེས་_90_,བཀྲེས་_90_,བཀྲེས་_90_,དཀྲེས་_10_,བཀྲེས་_90_,བཀྲེས་_90_,བཀྲེས་_90_,བཀྲེས་_90_,བཀྲེས་_90_
[དང་_100_],དང་_100_,དང་_100_,དང་_100_,དང་_100_,དང་_100_,དང་_100_,དང་_100_,དང་_100_,དང་_100_
[སྐོམ་_100_],སྐོམ་_100_,སྐོམ་_100_,སྐོམ་_100_,སྐོམ་_100_,སྐོམ་_100_,སྐོམ་_100_,སྐོམ་_100_,སྐོམ་_100_,སྐོམ་_100_
[པ་_100_],པ་_100_,པ་_100_,པ་_100_,པ་_100_,པ་_100_,པ་_100_,པ་_100_,པ་_100_,པ་_100_
[འབྱུང་_100_],འབྱུང་_100_,འབྱུང་_100_,འབྱུང་_100_,འབྱུང་_100_,འབྱུང་_100_,འབྱུང་_100_,འབྱུང་_100_,འབྱུང་_100_,འབྱུང་_100_
[མེད་_100_],མེད་_100_,མེད་_100_,མེད་_100_,མེད་_100_,མེད་_100_,མེད་_100_,མེད་_100_,མེད་_100_,མེད་_100_
[ཀྱང་_100_],ཀྱང་_100_,ཀྱང་_100_,ཀྱང་_100_,ཀྱང་_100_,ཀྱང་_100_,ཀྱང་_100_,ཀྱང་_100_,ཀྱང་_100_,ཀྱང་_100_
[། །​_90_],། །​_90_,། །​_90_,། །​_90_,། །​_90_,། །​_90_,། །​_90_,། །​_90_,། །​ །​_10_,། །​_90_
[ཁྱོད་_100_],ཁྱོད་_100_,ཁྱོད་_100_,ཁྱོད་_100_,ཁྱོད་_100_,ཁྱོད་_100_,ཁྱོད་_100_,ཁྱོད་_100_,ཁྱོད་_100_,ཁྱོད་_100_
[ནི་_100_],ནི་_100_,ནི་_100_,ནི་_100_,ནི་_100_,ནི་_100_,ནི་_100_,ནི་_100_,ནི་_100_,ནི་_100_
[འཇིག་_100_],འཇིག་_100_,འཇིག་_100_,འཇིག་_100_,འཇིག་_100_,འཇིག་_100_,འཇིག་_100_,འཇིག་_100_,འཇིག་_100_,འཇིག་_100_
[རྟེན་_100_],རྟེན་_100_,རྟེན་_100_,རྟེན་_100_,རྟེན་_100_,རྟེན་_100_,རྟེན་_100_,རྟེན་_100_,རྟེན་_100_,རྟེན་_100_
[རྗེས་_100_],རྗེས་_100_,རྗེས་_100_,རྗེས་_100_,རྗེས་_100_,རྗེས་_100_,རྗེས་_100_,རྗེས་_100_,རྗེས་_100_,རྗེས་_100_
[འཇུག་_100_],འཇུག་_100_,འཇུག་_100_,འཇུག་_100_,འཇུག་_100_,འཇུག་_100_,འཇུག་_100_,འཇུག་_100_,འཇུག་_100_,འཇུག་_100_
[ཕྱིར_100_],ཕྱིར_100_,ཕྱིར_100_,ཕྱིར_100_,ཕྱིར_100_,ཕྱིར_100_,ཕྱིར_100_,ཕྱིར_100_,ཕྱིར_100_,ཕྱིར_100_
[། །​_100_],། །​_100_,། །​_100_,། །​_100_,། །​_100_,། །​_100_,། །​_100_,། །​_100_,། །​_100_,། །​_100_
[འཇིག་_100_],འཇིག་_100_,འཇིག་_100_,འཇིག་_100_,འཇིག་_100_,འཇིག་_100_,འཇིག་_100_,འཇིག་_100_,འཇིག་_100_,འཇིག་_100_
[རྟེན་_100_],རྟེན་_100_,རྟེན་_100_,རྟེན་_100_,རྟེན་_100_,རྟེན་_100_,རྟེན་_100_,རྟེན་_100_,རྟེན་_100_,རྟེན་_100_
[སྤྱོད་_100_],སྤྱོད་_100_,སྤྱོད་_100_,སྤྱོད་_100_,སྤྱོད་_100_,སྤྱོད་_100_,སྤྱོད་_100_,སྤྱོད་_100_,སྤྱོད་_100_,སྤྱོད་_100_
[པའང་_100_],པའང་_100_,པའང་_100_,པའང་_100_,པའང་_100_,པའང་_100_,པའང་_100_,པའང་_100_,པའང་_100_,པའང་_100_
[སྟོན་_80_],སྟོན་_80_,བསྟེན་_20_,བསྟེན་_20_,སྟོན་_80_,སྟོན་_80_,སྟོན་_80_,སྟོན་_80_,སྟོན་_80_,སྟོན་_80_
[པར་_100_],པར་_100_,པར་_100_,པར་_100_,པར་_100_,པར་_100_,པར་_100_,པར་_100_,པར་_100_,པར་_100_
[མཛད_100_],མཛད_100_,མཛད_100_,མཛད_100_,མཛད_100_,མཛད_100_,མཛད_100_,མཛད_100_,མཛད_100_,མཛད_100_
[། །​_100_],། །​_100_,། །​_100_,། །​_100_,། །​_100_,། །​_100_,། །​_100_,། །​_100_,། །​_100_,། །​_100_
[ལས་_100_],ལས་_100_,ལས་_100_,ལས་_100_,ལས་_100_,ལས་_100_,ལས་_100_,ལས་_100_,ལས་_100_,ལས་_100_
[ཀྱི་_100_],ཀྱི་_100_,ཀྱི་_100_,ཀྱི་_100_,ཀྱི་_100_,ཀྱི་_100_,ཀྱི་_100_,ཀྱི་_100_,ཀྱི་_100_,ཀྱི་_100_
[སྒྲིབ་_100_],སྒྲིབ་_100_,སྒྲིབ་_100_,སྒྲིབ་_100_,སྒྲིབ་_100_,སྒྲིབ་_100_,སྒྲིབ་_100_,སྒྲིབ་_100_,སྒྲིབ་_100_,སྒྲིབ་_100_
[པའི་_100_],པའི་_100_,པའི་_100_,པའི་_100_,པའི་_100_,པའི་_100_,པའི་_100_,པའི་_100_,པའི་_100_,པའི་_100_
[སྐྱོན་_100_],སྐྱོན་_100_,སྐྱོན་_100_,སྐྱོན་_100_,སྐྱོན་_100_,སྐྱོན་_100_,སྐྱོན་_100_,སྐྱོན་_100_,སྐྱོན་_100_,སྐྱོན་_100_
[རྣམས་_100_],རྣམས་_100_,རྣམས་_100_,རྣམས་_100_,རྣམས་_100_,རྣམས་_100_,རྣམས་_100_,རྣམས་_100_,རྣམས་_100_,རྣམས་_100_
[ནི། །​_70_],ནི། །​_70_,ཀྱང་། །​_20_,ཀྱང་། །​_20_,ནི། །​_70_,ནི། །​_70_,ནི། །​_70_,ནི། །​_70_,ནི །​ །​_10_,ནི། །​_70_
[སྡིག་_100_],སྡིག་_100_,སྡིག་_100_,སྡིག་_100_,སྡིག་_100_,སྡིག་_100_,སྡིག་_100_,སྡིག་_100_,སྡིག་_100_,སྡིག་_100_
[མེད་_100_],མེད་_100_,མེད་_100_,མེད་_100_,མེད་_100_,མེད་_100_,མེད་_100_,མེད་_100_,མེད་_100_,མེད་_100_
[ཁྱོད་_100_],ཁྱོད་_100_,ཁྱོད་_100_,ཁྱོད་_100_,ཁྱོད་_100_,ཁྱོད་_100_,ཁྱོད་_100_,ཁྱོད་_100_,ཁྱོད་_100_,ཁྱོད་_100_
[ཀྱིས་_80_],ཀྱིས་_80_,ཀྱི་_20_,ཀྱི་_20_,ཀྱིས་_80_,ཀྱིས་_80_,ཀྱིས་_80_,ཀྱིས་_80_,ཀྱིས་_80_,ཀྱིས་_80_
[ཀུན་_100_],ཀུན་_100_,ཀུན་_100_,ཀུན་_100_,ཀུན་_100_,ཀུན་_100_,ཀུན་_100_,ཀུན་_100_,ཀུན་_100_,ཀུན་_100_
[སྤངས་_100_],སྤངས་_100_,སྤངས་_100_,སྤངས་_100_,སྤངས་_100_,སྤངས་_100_,སྤངས་_100_,སྤངས་_100_,སྤངས་_100_,སྤངས་_100_
[ཀྱང་_100_],ཀྱང་_100_,ཀྱང་_100_,ཀྱང་_100_,ཀྱང་_100_,ཀྱང་_100_,ཀྱང་_100_,ཀྱང་_100_,ཀྱང་_100_,ཀྱང་_100_
[། །​_90_],། །​_90_,། །​_90_,། །​_90_,། །​་_10_,། །​_90_,། །​_90_,། །​_90_,། །​_90_,། །​_90_
[ཁྱོད་_100_],ཁྱོད་_100_,ཁྱོད་_100_,ཁྱོད་_100_,ཁྱོད་_100_,ཁྱོད་_100_,ཁྱོད་_100_,ཁྱོད་_100_,ཁྱོད་_100_,ཁྱོད་_100_
[ཀྱིས་_80_],ཀྱིས་_80_,ཀྱི་_20_,ཀྱི་_20_,ཀྱིས་_80_,ཀྱིས་_80_,ཀྱིས་_80_,ཀྱིས་_80_,ཀྱིས་_80_,ཀྱིས་_80_
[སེམས་_100_],སེམས་_100_,སེམས་_100_,སེམས་_100_,སེམས་_100_,སེམས་_100_,སེམས་_100_,སེམས་_100_,སེམས་_100_,སེམས་_100_
[ཅན་_100_],ཅན་_100_,ཅན་_100_,ཅན་_100_,ཅན་_100_,ཅན་_100_,ཅན་_100_,ཅན་_100_,ཅན་_100_,ཅན་_100_
[རྗེས་_100_],རྗེས་_100_,རྗེས་_100_,རྗེས་_100_,རྗེས་_100_,རྗེས་_100_,རྗེས་_100_,རྗེས་_100_,རྗེས་_100_,རྗེས་_100_
[གཟུང་_80_],གཟུང་_80_,འཇུག་_20_,འཇུག་_20_,གཟུང་_80_,གཟུང་_80_,གཟུང་_80_,གཟུང་_80_,གཟུང་_80_,གཟུང་_80_
[ཕྱིར_100_],ཕྱིར_100_,ཕྱིར_100_,ཕྱིར_100_,ཕྱིར_100_,ཕྱིར_100_,ཕྱིར_100_,ཕྱིར_100_,ཕྱིར_100_,ཕྱིར_100_
[། །​_100_],། །​_100_,། །​_100_,། །​_100_,། །​_100_,། །​_100_,། །​_100_,། །​_100_,། །​_100_,། །​_100_
[ལས་_100_],ལས་_100_,ལས་_100_,ལས་_100_,ལས་_100_,ལས་_100_,ལས་_100_,ལས་_100_,ལས་_100_,ལས་_100_
[སྤངས་_100_],སྤངས་_100_,སྤངས་_100_,སྤངས་_100_,སྤངས་_100_,སྤངས་_100_,སྤངས་_100_,སྤངས་_100_,སྤངས་_100_,སྤངས་_100_
[པར་_80_],པར་_80_,པ་_20_,པ་_20_,པར་_80_,པར་_80_,པར་_80_,པར་_80_,པར་_80_,པར་_80_
[ཡང་_100_],ཡང་_100_,ཡང་_100_,ཡང་_100_,ཡང་_100_,ཡང་_100_,ཡང་_100_,ཡང་_100_,ཡང་_100_,ཡང་_100_
[རབ་_100_],རབ་_100_,རབ་_100_,རབ་_100_,རབ་_100_,རབ་_100_,རབ་_100_,རབ་_100_,རབ་_100_,རབ་_100_
[ཏུ་_100_],ཏུ་_100_,ཏུ་_100_,ཏུ་_100_,ཏུ་_100_,ཏུ་_100_,ཏུ་_100_,ཏུ་_100_,ཏུ་_100_,ཏུ་_100_
[བསྟན_100_],བསྟན_100_,བསྟན_100_,བསྟན_100_,བསྟན_100_,བསྟན_100_,བསྟན_100_,བསྟན_100_,བསྟན_100_,བསྟན_100_
[། །​_100_],། །​_100_,། །​_100_,། །​_100_,། །​_100_,། །​_100_,། །​_100_,། །​_100_,། །​_100_,། །​_100_
[ཆོས་_100_],ཆོས་_100_,ཆོས་_100_,ཆོས་_100_,ཆོས་_100_,ཆོས་_100_,ཆོས་_100_,ཆོས་_100_,ཆོས་_100_,ཆོས་_100_
[ཀྱི་_100_],ཀྱི་_100_,ཀྱི་_100_,ཀྱི་_100_,ཀྱི་_100_,ཀྱི་_100_,ཀྱི་_100_,ཀྱི་_100_,ཀྱི་_100_,ཀྱི་_100_
[དབྱིངས་_100_],དབྱིངས་_100_,དབྱིངས་_100_,དབྱིངས་_100_,དབྱིངས་_100_,དབྱིངས་_100_,དབྱིངས་_100_,དབྱིངས་_100_,དབྱིངས་_100_,དབྱིངས་_100_
[ལ་_100_],ལ་_100_,ལ་_100_,ལ་_100_,ལ་_100_,ལ་_100_,ལ་_100_,ལ་_100_,ལ་_100_,ལ་_100_
[དབྱེར་_100_],དབྱེར་_100_,དབྱེར་_100_,དབྱེར་_100_,དབྱེར་_100_,དབྱེར་_100_,དབྱེར་_100_,དབྱེར་_100_,དབྱེར་_100_,དབྱེར་_100_
[མེད་_100_],མེད་_100_,མེད་_100_,མེད་_100_,མེད་_100_,མེད་_100_,མེད་_100_,མེད་_100_,མེད་_100_,མེད་_100_
[ཕྱིར_100_],ཕྱིར_100_,ཕྱིར_100_,ཕྱིར_100_,ཕྱིར_100_,ཕྱིར_100_,ཕྱིར_100_,ཕྱིར_100_,ཕྱིར_100_,ཕྱིར_100_
[། །​གཙོ་_80_],། །​གཙོ་_80_,། །​གཙོ་_80_,། །​གཙོ་_80_,། །​གཙོ་_80_,། །​གཙོ་_80_,། །​གཙོ་_80_,། །​གཅོ་_10_,། །​ །​གཙོ་_10_,། །​གཙོ་_80_
[བོ་_100_],བོ་_100_,བོ་_100_,བོ་_100_,བོ་_100_,བོ་_100_,བོ་_100_,བོ་_100_,བོ་_100_,བོ་_100_
[ཐེག་དབྱེར་_60_],ཐེག་དབྱེར་_60_,ཐེག་དབྱེ་_20_,ཐེག་དབྱེ་_20_,ཐེག་དབྱེར་_60_,ཐེག་དབྱེར་_60_,ཐེག་༄། །​དབྱེར་_10_,ཐེག་དབྱེར་_60_,ཐེག་དབྱེར་_60_,ཐེག་ དབྱེར་_10_
[མ་_100_],མ་_100_,མ་_100_,མ་_100_,མ་_100_,མ་_100_,མ་_100_,མ་_100_,མ་_100_,མ་_100_
[མཆིས་_100_],མཆིས་_100_,མཆིས་_100_,མཆིས་_100_,མཆིས་_100_,མཆིས་_100_,མཆིས་_100_,མཆིས་_100_,མཆིས་_100_,མཆིས་_100_
[ཀྱང་_100_],ཀྱང་_100_,ཀྱང་_100_,ཀྱང་_100_,ཀྱང་_100_,ཀྱང་_100_,ཀྱང་_100_,ཀྱང་_100_,ཀྱང་_100_,ཀྱང་_100_
[། །​_80_],། །​_80_,། །​_80_,། །​_80_,། །​ _20_,། །​_80_,། །​_80_,། །​_80_,། །​ _20_,། །​_80_
[ཁྱོད་_100_],ཁྱོད་_100_,ཁྱོད་_100_,ཁྱོད་_100_,ཁྱོད་_100_,ཁྱོད་_100_,ཁྱོད་_100_,ཁྱོད་_100_,ཁྱོད་_100_,ཁྱོད་_100_
[ཀྱི་_70_],ཀྱི་_70_,ཀྱིས་_30_,ཀྱིས་_30_,ཀྱིས་_30_,ཀྱི་_70_,ཀྱི་_70_,ཀྱི་_70_,ཀྱི་_70_,ཀྱི་_70_
[ཐེག་_100_],ཐེག་_100_,ཐེག་_100_,ཐེག་_100_,ཐེག་_100_,ཐེག་_100_,ཐེག་_100_,ཐེག་_100_,ཐེག་_100_,ཐེག་_100_
[པ་_100_],པ་_100_,པ་_100_,པ་_100_,པ་_100_,པ་_100_,པ་_100_,པ་_100_,པ་_100_,པ་_100_
[གསུམ་_100_],གསུམ་_100_,གསུམ་_100_,གསུམ་_100_,གསུམ་_100_,གསུམ་_100_,གསུམ་_100_,གསུམ་_100_,གསུམ་_100_,གསུམ་_100_
[བསྟན་_100_],བསྟན་_100_,བསྟན་_100_,བསྟན་_100_,བསྟན་_100_,བསྟན་_100_,བསྟན་_100_,བསྟན་_100_,བསྟན་_100_,བསྟན་_100_
[པ_100_],པ_100_,པ_100_,པ_100_,པ_100_,པ_100_,པ_100_,པ_100_,པ_100_,པ_100_
[། །​_100_],། །​_100_,། །​_100_,། །​_100_,། །​_100_,། །​_100_,། །​_100_,། །​_100_,། །​_100_,། །​_100_
[སེམས་_100_],སེམས་_100_,སེམས་_100_,སེམས་_100_,སེམས་_100_,སེམས་_100_,སེམས་_100_,སེམས་_100_,སེམས་_100_,སེམས་_100_
[ཅན་_100_],ཅན་_100_,ཅན་_100_,ཅན་_100_,ཅན་_100_,ཅན་_100_,ཅན་_100_,ཅན་_100_,ཅན་_100_,ཅན་_100_
[གཞུག་_100_],གཞུག་_100_,གཞུག་_100_,གཞུག་_100_,གཞུག་_100_,གཞུག་_100_,གཞུག་_100_,གཞུག་_100_,གཞུག་_100_,གཞུག་_100_
[པའི་_100_],པའི་_100_,པའི་_100_,པའི་_100_,པའི་_100_,པའི་_100_,པའི་_100_,པའི་_100_,པའི་_100_,པའི་_100_
[ཆེད་_100_],ཆེད་_100_,ཆེད་_100_,ཆེད་_100_,ཆེད་_100_,ཆེད་_100_,ཆེད་_100_,ཆེད་_100_,ཆེད་_100_,ཆེད་_100_
[དུ་_100_],དུ་_100_,དུ་_100_,དུ་_100_,དུ་_100_,དུ་_100_,དུ་_100_,དུ་_100_,དུ་_100_,དུ་_100_
[ལགས_90_],ལགས_90_,ལགས_90_,ལགས_90_,ལགས_90_,ལགས_90_,ལགས_90_,ལགས_90_,ལགསབས_10_,ལགས_90_
[། །​_100_],། །​_100_,། །​_100_,། །​_100_,། །​_100_,། །​_100_,། །​_100_,། །​_100_,། །​_100_,། །​_100_
[རྟག་_100_],རྟག་_100_,རྟག་_100_,རྟག་_100_,རྟག་_100_,རྟག་_100_,རྟག་_100_,རྟག་_100_,རྟག་_100_,རྟག་_100_
[ཅིང་_100_],ཅིང་_100_,ཅིང་_100_,ཅིང་_100_,ཅིང་_100_,ཅིང་_100_,ཅིང་_100_,ཅིང་_100_,ཅིང་_100_,ཅིང་_100_
[བརྟན་_80_],བརྟན་_80_,བརྟན་_80_,བརྟན་_80_,བརྟན་_80_,བརྟན་_80_,བརྟེན་_20_,བརྟེན་_20_,བརྟན་_80_,བརྟན་_80_
[ལ་_100_],ལ་_100_,ལ་_100_,ལ་_100_,ལ་_100_,ལ་_100_,ལ་_100_,ལ་_100_,ལ་_100_,ལ་_100_
[ཞི་_100_],ཞི་_100_,ཞི་_100_,ཞི་_100_,ཞི་_100_,ཞི་_100_,ཞི་_100_,ཞི་_100_,ཞི་_100_,ཞི་_100_
[བ་_100_],བ་_100_,བ་_100_,བ་_100_,བ་_100_,བ་_100_,བ་_100_,བ་_100_,བ་_100_,བ་_100_
[ཡི_100_],ཡི_100_,ཡི_100_,ཡི_100_,ཡི_100_,ཡི_100_,ཡི_100_,ཡི_100_,ཡི_100_,ཡི_100_
[། །​_100_],། །​_100_,། །​_100_,། །​_100_,། །​_100_,། །​_100_,། །​_100_,། །​_100_,། །​_100_,། །​_100_
[ཆོས་_100_],ཆོས་_100_,ཆོས་_100_,ཆོས་_100_,ཆོས་_100_,ཆོས་_100_,ཆོས་_100_,ཆོས་_100_,ཆོས་_100_,ཆོས་_100_
[ཀྱི་_100_],ཀྱི་_100_,ཀྱི་_100_,ཀྱི་_100_,ཀྱི་_100_,ཀྱི་_100_,ཀྱི་_100_,ཀྱི་_100_,ཀྱི་_100_,ཀྱི་_100_
[རང་_100_],རང་_100_,རང་_100_,རང་_100_,རང་_100_,རང་_100_,རང་_100_,རང་_100_,རང་_100_,རང་_100_
[བཞིན་_100_],བཞིན་_100_,བཞིན་_100_,བཞིན་_100_,བཞིན་_100_,བཞིན་_100_,བཞིན་_100_,བཞིན་_100_,བཞིན་_100_,བཞིན་_100_
[ཁྱོད་_100_],ཁྱོད་_100_,ཁྱོད་_100_,ཁྱོད་_100_,ཁྱོད་_100_,ཁྱོད་_100_,ཁྱོད་_100_,ཁྱོད་_100_,ཁྱོད་_100_,ཁྱོད་_100_
[ཀྱི་_100_],ཀྱི་_100_,ཀྱི་_100_,ཀྱི་_100_,ཀྱི་_100_,ཀྱི་_100_,ཀྱི་_100_,ཀྱི་_100_,ཀྱི་_100_,ཀྱི་_100_
[སྐུ_100_],སྐུ_100_,སྐུ_100_,སྐུ_100_,སྐུ_100_,སྐུ_100_,སྐུ_100_,སྐུ_100_,སྐུ_100_,སྐུ_100_
[། །​_100_],། །​_100_,། །​_100_,། །​_100_,། །​_100_,། །​_100_,། །​_100_,། །​_100_,། །​_100_,། །​_100_
[རྒྱལ་_100_],རྒྱལ་_100_,རྒྱལ་_100_,རྒྱལ་_100_,རྒྱལ་_100_,རྒྱལ་_100_,རྒྱལ་_100_,རྒྱལ་_100_,རྒྱལ་_100_,རྒྱལ་_100_
[བས་_100_],བས་_100_,བས་_100_,བས་_100_,བས་_100_,བས་_100_,བས་_100_,བས་_100_,བས་_100_,བས་_100_
[གདུལ་_100_],གདུལ་_100_,གདུལ་_100_,གདུལ་_100_,གདུལ་_100_,གདུལ་_100_,གདུལ་_100_,གདུལ་_100_,གདུལ་_100_,གདུལ་_100_
[བྱ་འགྲོ་བའི་_70_],བྱ་འགྲོ་བའི་_70_,བྱ་དགྲོལ་བའི་_20_,བྱ་དགྲོལ་བའི་_20_,བྱའི་དོན་གྱི་_10_,བྱ་འགྲོ་བའི་_70_,བྱ་འགྲོ་བའི་_70_,བྱ་འགྲོ་བའི་_70_,བྱ་འགྲོ་བའི་_70_,བྱ་འགྲོ་བའི་_70_
[ཕྱིར_100_],ཕྱིར_100_,ཕྱིར_100_,ཕྱིར_100_,ཕྱིར_100_,ཕྱིར_100_,ཕྱིར_100_,ཕྱིར_100_,ཕྱིར_100_,ཕྱིར_100_
[། །​_100_],། །​_100_,། །​_100_,། །​_100_,། །​_100_,། །​_100_,། །​_100_,། །​_100_,། །​_100_,། །​_100_
[ཁྱོད་_100_],ཁྱོད་_100_,ཁྱོད་_100_,ཁྱོད་_100_,ཁྱོད་_100_,ཁྱོད་_100_,ཁྱོད་_100_,ཁྱོད་_100_,ཁྱོད་_100_,ཁྱོད་_100_
[ཉིད་_80_],ཉིད་_80_,ཀྱིས་_20_,ཀྱིས་_20_,ཉིད་_80_,ཉིད་_80_,ཉིད་_80_,ཉིད་_80_,ཉིད་_80_,ཉིད་_80_
[མྱ་_100_],མྱ་_100_,མྱ་_100_,མྱ་_100_,མྱ་_100_,མྱ་_100_,མྱ་_100_,མྱ་_100_,མྱ་_100_,མྱ་_100_
[ངན་_100_],ངན་_100_,ངན་_100_,ངན་_100_,ངན་_100_,ངན་_100_,ངན་_100_,ངན་_100_,ངན་_100_,ངན་_100_
[འདས་_90_],འདས་_90_,འདས་_90_,འདས་_90_,འདས་ _10_,འདས་_90_,འདས་_90_,འདས་_90_,འདས་_90_,འདས་_90_
[པར་_100_],པར་_100_,པར་_100_,པར་_100_,པར་_100_,པར་_100_,པར་_100_,པར་_100_,པར་_100_,པར་_100_
[བསྟན_100_],བསྟན_100_,བསྟན_100_,བསྟན_100_,བསྟན_100_,བསྟན_100_,བསྟན_100_,བསྟན_100_,བསྟན_100_,བསྟན_100_
[། །​_100_],། །​_100_,། །​_100_,། །​_100_,། །​_100_,། །​_100_,། །​_100_,། །​_100_,། །​_100_,། །​_100_
[གྲངས་_100_],གྲངས་_100_,གྲངས་_100_,གྲངས་_100_,གྲངས་_100_,གྲངས་_100_,གྲངས་_100_,གྲངས་_100_,གྲངས་_100_,གྲངས་_100_
[མེད་_100_],མེད་_100_,མེད་_100_,མེད་_100_,མེད་_100_,མེད་_100_,མེད་_100_,མེད་_100_,མེད་_100_,མེད་_100_
[འཇིག་_100_],འཇིག་_100_,འཇིག་_100_,འཇིག་_100_,འཇིག་_100_,འཇིག་_100_,འཇིག་_100_,འཇིག་_100_,འཇིག་_100_,འཇིག་_100_
[རྟེན་_100_],རྟེན་_100_,རྟེན་_100_,རྟེན་_100_,རྟེན་_100_,རྟེན་_100_,རྟེན་_100_,རྟེན་_100_,རྟེན་_100_,རྟེན་_100_
[ཁམས་_100_],ཁམས་_100_,ཁམས་_100_,ཁམས་_100_,ཁམས་_100_,ཁམས་_100_,ཁམས་_100_,ཁམས་_100_,ཁམས་_100_,ཁམས་_100_
[རྣམས་_100_],རྣམས་_100_,རྣམས་_100_,རྣམས་_100_,རྣམས་_100_,རྣམས་_100_,རྣམས་_100_,རྣམས་_100_,རྣམས་_100_,རྣམས་_100_
[སུ_100_],སུ_100_,སུ_100_,སུ_100_,སུ_100_,སུ_100_,སུ_100_,སུ_100_,སུ_100_,སུ_100_
[། །​_100_],། །​_100_,། །​_100_,། །​_100_,། །​_100_,། །​_100_,། །​_100_,། །​_100_,། །​_100_,། །​_100_
[འདས་_100_],འདས་_100_,འདས་_100_,འདས་_100_,འདས་_100_,འདས་_100_,འདས་_100_,འདས་_100_,འདས་_100_,འདས་_100_
[དང་_100_],དང་_100_,དང་_100_,དང་_100_,དང་_100_,དང་_100_,དང་_100_,དང་_100_,དང་_100_,དང་_100_
[བལྟམས་_100_],བལྟམས་_100_,བལྟམས་_100_,བལྟམས་_100_,བལྟམས་_100_,བལྟམས་_100_,བལྟམས་_100_,བལྟམས་_100_,བལྟམས་_100_,བལྟམས་_100_
[དང་_100_],དང་_100_,དང་_100_,དང་_100_,དང་_100_,དང་_100_,དང་_100_,དང་_100_,དང་_100_,དང་_100_
[མངོན་_100_],མངོན་_100_,མངོན་_100_,མངོན་_100_,མངོན་_100_,མངོན་_100_,མངོན་_100_,མངོན་_100_,མངོན་_100_,མངོན་_100_
[བྱང་_100_],བྱང་_100_,བྱང་_100_,བྱང་_100_,བྱང་_100_,བྱང་_100_,བྱང་_100_,བྱང་_100_,བྱང་_100_,བྱང་_100_
[ཆུབ_100_],ཆུབ_100_,ཆུབ_100_,ཆུབ_100_,ཆུབ_100_,ཆུབ_100_,ཆུབ_100_,ཆུབ_100_,ཆུབ_100_,ཆུབ_100_
[། །​_90_],། །​_90_,། །​_90_,། །​_90_,། །​_90_,། །​_90_,། །​_90_,། །​_90_,། །​ །​_10_,། །​_90_
[འཁོར་_100_],འཁོར་_100_,འཁོར་_100_,འཁོར་_100_,འཁོར་_100_,འཁོར་_100_,འཁོར་_100_,འཁོར་_100_,འཁོར་_100_,འཁོར་_100_
[བའང་_60_],བའང་_60_,བ་_20_,བ་_20_,བར་_10_,བའང་_60_,བའང་_60_,བའང་_60_,བའང་ཉི _10_,བའང་_60_
[ཐར་_100_],ཐར་_100_,ཐར་_100_,ཐར་_100_,ཐར་_100_,ཐར་_100_,ཐར་_100_,ཐར་_100_,ཐར་_100_,ཐར་_100_
[པར་_90_],པར་_90_,པར་_90_,པར་_90_,བར་_10_,པར་_90_,པར་_90_,པར་_90_,པར་_90_,པར་_90_
[མོས་_100_],མོས་_100_,མོས་_100_,མོས་_100_,མོས་_100_,མོས་_100_,མོས་_100_,མོས་_100_,མོས་_100_,མོས་_100_
[རྣམས་_100_],རྣམས་_100_,རྣམས་_100_,རྣམས་_100_,རྣམས་_100_,རྣམས་_100_,རྣམས་_100_,རྣམས་_100_,རྣམས་_100_,རྣམས་_100_
[ཀྱི_100_],ཀྱི_100_,ཀྱི_100_,ཀྱི_100_,ཀྱི_100_,ཀྱི_100_,ཀྱི_100_,ཀྱི_100_,ཀྱི_100_,ཀྱི_100_
[། །​_100_],། །​_100_,། །​_100_,། །​_100_,། །​_100_,། །​_100_,། །​_100_,། །​_100_,། །​_100_,། །​_100_
[ཁྱོད་_100_],ཁྱོད་_100_,ཁྱོད་_100_,ཁྱོད་_100_,ཁྱོད་_100_,ཁྱོད་_100_,ཁྱོད་_100_,ཁྱོད་_100_,ཁྱོད་_100_,ཁྱོད་_100_
[ལ་_100_],ལ་_100_,ལ་_100_,ལ་_100_,ལ་_100_,ལ་_100_,ལ་_100_,ལ་_100_,ལ་_100_,ལ་_100_
[གུས་_100_],གུས་_100_,གུས་_100_,གུས་_100_,གུས་_100_,གུས་_100_,གུས་_100_,གུས་_100_,གུས་_100_,གུས་_100_
[རྣམས་_100_],རྣམས་_100_,རྣམས་_100_,རྣམས་_100_,རྣམས་_100_,རྣམས་_100_,རྣམས་_100_,རྣམས་_100_,རྣམས་_100_,རྣམས་_100_
[ཀྱིས་_100_],ཀྱིས་_100_,ཀྱིས་_100_,ཀྱིས་_100_,ཀྱིས་_100_,ཀྱིས་_100_,ཀྱིས་_100_,ཀྱིས་_100_,ཀྱིས་_100_,ཀྱིས་_100_
[ཡང་མཐོང་_60_],ཡང་མཐོང་_60_,ཀྱང་མཐོང་_30_,ཀྱང་མཐོང་_30_,ཀྱང་མཐོང་_30_,ཡང་མཐོང་_60_,ཡང་མཐོང་_60_,ཡང་མཐོང་_60_,ཡང་ྋམཐོང་_10_,ཡང་མཐོང་_60_
[། །​_100_],། །​_100_,། །​_100_,། །​_100_,། །​_100_,། །​_100_,། །​_100_,། །​_100_,། །​_100_,། །​_100_
[མགོན་_100_],མགོན་_100_,མགོན་_100_,མགོན་_100_,མགོན་_100_,མགོན་_100_,མགོན་_100_,མགོན་_100_,མགོན་_100_,མགོན་_100_
[པོ་_100_],པོ་_100_,པོ་_100_,པོ་_100_,པོ་_100_,པོ་_100_,པོ་_100_,པོ་_100_,པོ་_100_,པོ་_100_
[སེམས་_100_],སེམས་_100_,སེམས་_100_,སེམས་_100_,སེམས་_100_,སེམས་_100_,སེམས་_100_,སེམས་_100_,སེམས་_100_,སེམས་_100_
[པ་_90_],པ་_90_,པ་_90_,པ་_90_,དཔའ་_10_,པ་_90_,པ་_90_,པ་_90_,པ་_90_,པ་_90_
[མི་_100_],མི་_100_,མི་_100_,མི་_100_,མི་_100_,མི་_100_,མི་_100_,མི་_100_,མི་_100_,མི་_100_
[མངའ་_100_],མངའ་_100_,མངའ་_100_,མངའ་_100_,མངའ་_100_,མངའ་_100_,མངའ་_100_,མངའ་_100_,མངའ་_100_,མངའ་_100_
[ཞིང་_100_],ཞིང་_100_,ཞིང་_100_,ཞིང་_100_,ཞིང་_100_,ཞིང་_100_,ཞིང་_100_,ཞིང་_100_,ཞིང་_100_,ཞིང་_100_
[། །​_100_],། །​_100_,། །​_100_,། །​_100_,། །​_100_,། །​_100_,། །​_100_,། །​_100_,། །​_100_,། །​_100_
[རྣམ་_100_],རྣམ་_100_,རྣམ་_100_,རྣམ་_100_,རྣམ་_100_,རྣམ་_100_,རྣམ་_100_,རྣམ་_100_,རྣམ་_100_,རྣམ་_100_
[རྟོག་_100_],རྟོག་_100_,རྟོག་_100_,རྟོག་_100_,རྟོག་_100_,རྟོག་_100_,རྟོག་_100_,རྟོག་_100_,རྟོག་_100_,རྟོག་_100_
[གཡོ་_90_],གཡོ་_90_,གཡོ་_90_,གཡོ་_90_,གཡོ་_90_,གཡོ་_90_,གཡེ་_10_,གཡོ་_90_,གཡོ་_90_,གཡོ་_90_
[བ་_100_],བ་_100_,བ་_100_,བ་_100_,བ་_100_,བ་_100_,བ་_100_,བ་_100_,བ་_100_,བ་_100_
[མི་_100_],མི་_100_,མི་_100_,མི་_100_,མི་_100_,མི་_100_,མི་_100_,མི་_100_,མི་_100_,མི་_100_
[མངའ་_100_],མངའ་_100_,མངའ་_100_,མངའ་_100_,མངའ་_100_,མངའ་_100_,མངའ་_100_,མངའ་_100_,མངའ་_100_,མངའ་_100_
[ཡང་_100_],ཡང་_100_,ཡང་_100_,ཡང་_100_,ཡང་_100_,ཡང་_100_,ཡང་_100_,ཡང་_100_,ཡང་_100_,ཡང་_100_
[། །​_100_],། །​_100_,། །​_100_,། །​_100_,། །​_100_,། །​_100_,། །​_100_,། །​_100_,། །​_100_,། །​_100_
[ཁྱོད་ཉིད་ངང་གིས་_50_],ཁྱོད་ཉིད་ངང་གིས་_50_,ཁྱོད་ཀྱིས་ངང་གིས་_20_,ཁྱོད་ཀྱིས་ངང་གིས་_20_,སངས་རྒྱས་མཛད་པ་_10_,ཁྱོད་ཉིད་ངང་གིས་_50_,ཁྱོད་ཉིད་དང་གིས་_10_,ཁྱོད་ཉིད་ངང་གིས་_50_,ཁྱོད་ཉིད་ྋངང་གིས་_10_,ཁྱོད་ཉིད་ངང་གིས་_50_
[འཇིག་_100_],འཇིག་_100_,འཇིག་_100_,འཇིག་_100_,འཇིག་_100_,འཇིག་_100_,འཇིག་_100_,འཇིག་_100_,འཇིག་_100_,འཇིག་_100_
[རྟེན་_100_],རྟེན་_100_,རྟེན་_100_,རྟེན་_100_,རྟེན་_100_,རྟེན་_100_,རྟེན་_100_,རྟེན་_100_,རྟེན་_100_,རྟེན་_100_
[ལ_100_],ལ_100_,ལ_100_,ལ_100_,ལ_100_,ལ_100_,ལ_100_,ལ_100_,ལ_100_,ལ_100_
[། །​_100_],། །​_100_,། །​_100_,། །​_100_,། །​_100_,། །​_100_,། །​_100_,། །​_100_,། །​_100_,། །​_100_
[སངས་རྒྱས་མཛད་པའང་འཇུག་པར་འགྱུར། །​_80_],སངས་རྒྱས་མཛད་པའང་འཇུག་པར་འགྱུར། །​_80_,སངས་རྒྱས་མཛད་པའང་འཇུག་པར་འགྱུར། །​_80_,སངས་རྒྱས་མཛད་པའང་འཇུག་པར་འགྱུར། །​_80_,ལྷུན་གྱིས་འགྲུབ་པའི་ཚུལ་གྱིས་འཇུག །​_10_,སངས་རྒྱས་མཛད་པའང་འཇུག་པར་འགྱུར། །​_80_,སངས་རྒྱས་མཛད་པའང་འཇུག་པར་འགྱུར། །​_80_,སངས་རྒྱས་མཛད་པའང་འཇུག་པར་འགྱུར། །​_80_,སངས་རྒྱས་མཛད་པའང་འཇུག་པར་འགྱུར། །​ །​་_10_,སངས་རྒྱས་མཛད་པའང་འཇུག་པར་འགྱུར། །​_80_
[དེ་_100_],དེ་_100_,དེ་_100_,དེ་_100_,དེ་_100_,དེ་_100_,དེ་_100_,དེ་_100_,དེ་_100_,དེ་_100_
[ལྟར་_100_],ལྟར་_100_,ལྟར་_100_,ལྟར་_100_,ལྟར་_100_,ལྟར་_100_,ལྟར་_100_,ལྟར་_100_,ལྟར་_100_,ལྟར་_100_
[བདེ་གཤེགས་ཡོན་ཏན་ཚད་མེད་བསམ་མི་ཁྱབ། །​མེ་ཏོག་གིས་བརྒྱན་པ་ལས་_60_],བདེ་གཤེགས་ཡོན་ཏན་ཚད་མེད་བསམ་མི་ཁྱབ། །​མེ་ཏོག་གིས་བརྒྱན་པ་ལས་_60_,བདེ་…….ལས་བདག་གི་_20_,བདེ་…….ལས་བདག་གི་_20_,བདེ་གཤེགས་ཡོན་ཏན་ཚད་མེད་བསམ་མི་ཁྱབ། །​ མེ་ཏོག་གིས་བརྒྱན་པ་ལས་_10_,བདེ་གཤེགས་ཡོན་ཏན་ཚད་མེད་བསམ་མི་ཁྱབ། །​མེ་ཏོག་གིས་བརྒྱན་པ་ལས་_60_,བདེ་གཤེགས་ཡོན་ཏན་ཚད་མེད་བསམ་མི་ཁྱབ། །​མེ་ཏོག་གིས་བརྒྱན་པ་ལས་_60_,བདེ་གཤེགས་ཡོན་ཏན་ཚད་མེད་བསམ་མི་ཁྱབ། །​མེ་ཏོག་གིས་བརྒྱན་པ་ལས་_60_,བདེ་གཤེགས་ཡོན་ཏན་ཚད་མེད་བསམ་མི་ཁྱབ། །​ མེ་ཏོག་གིས་བརྒྱན་པ་ལས་ཀྱི་_10_,བདེ་གཤེགས་ཡོན་ཏན་ཚད་མེད་བསམ་མི་ཁྱབ། །​མེ་ཏོག་གིས་བརྒྱན་པ་ལས་_60_
[བསོད་_100_],བསོད་_100_,བསོད་_100_,བསོད་_100_,བསོད་_100_,བསོད་_100_,བསོད་_100_,བསོད་_100_,བསོད་_100_,བསོད་_100_
[ནམས་_100_],ནམས་_100_,ནམས་_100_,ནམས་_100_,ནམས་_100_,ནམས་_100_,ནམས་_100_,ནམས་_100_,ནམས་_100_,ནམས་_100_
[གང་_100_],གང་_100_,གང་_100_,གང་_100_,གང་_100_,གང་_100_,གང་_100_,གང་_100_,གང་_100_,གང་_100_
[ཐོབ་_100_],ཐོབ་_100_,ཐོབ་_100_,ཐོབ་_100_,ཐོབ་_100_,ཐོབ་_100_,ཐོབ་_100_,ཐོབ་_100_,ཐོབ་_100_,ཐོབ་_100_
[པར_100_],པར_100_,པར_100_,པར_100_,པར_100_,པར_100_,པར_100_,པར_100_,པར_100_,པར_100_
[། །​_100_],། །​_100_,། །​_100_,། །​_100_,། །​_100_,། །​_100_,། །​_100_,། །​_100_,། །​_100_,། །​_100_
[གྱུར་_100_],གྱུར་_100_,གྱུར་_100_,གྱུར་_100_,གྱུར་_100_,གྱུར་_100_,གྱུར་_100_,གྱུར་_100_,གྱུར་_100_,གྱུར་_100_
[པ་_100_],པ་_100_,པ་_100_,པ་_100_,པ་_100_,པ་_100_,པ་_100_,པ་_100_,པ་_100_,པ་_100_
[འདི་_70_],འདི་_70_,འདིས་_30_,འདིས་_30_,འདིས་_30_,འདི་_70_,འདི་_70_,འདི་_70_,འདི་_70_,འདི་_70_
[ནི་_100_],ནི་_100_,ནི་_100_,ནི་_100_,ནི་_100_,ནི་_100_,ནི་_100_,ནི་_100_,ནི་_100_,ནི་_100_
[སེམས་_100_],སེམས་_100_,སེམས་_100_,སེམས་_100_,སེམས་_100_,སེམས་_100_,སེམས་_100_,སེམས་_100_,སེམས་_100_,སེམས་_100_
[ཅན་_100_],ཅན་_100_,ཅན་_100_,ཅན་_100_,ཅན་_100_,ཅན་_100_,ཅན་_100_,ཅན་_100_,ཅན་_100_,ཅན་_100_
[མ་_100_],མ་_100_,མ་_100_,མ་_100_,མ་_100_,མ་_100_,མ་_100_,མ་_100_,མ་_100_,མ་_100_
[ལུས་_100_],ལུས་_100_,ལུས་_100_,ལུས་_100_,ལུས་_100_,ལུས་_100_,ལུས་_100_,ལུས་_100_,ལུས་_100_,ལུས་_100_
[པ་_100_],པ་_100_,པ་_100_,པ་_100_,པ་_100_,པ་_100_,པ་_100_,པ་_100_,པ་_100_,པ་_100_
[འདི་_100_],འདི་_100_,འདི་_100_,འདི་_100_,འདི་_100_,འདི་_100_,འདི་_100_,འདི་_100_,འདི་_100_,འདི་_100_
[དག །​_80_],དག །​_80_,དག །​_80_,དག །​_80_,དག།_10_,དག །​_80_,དག །​_80_,དག །​_80_,དག །​ །​_10_,དག །​_80_
[མཆོག་_100_],མཆོག་_100_,མཆོག་_100_,མཆོག་_100_,མཆོག་_100_,མཆོག་_100_,མཆོག་_100_,མཆོག་_100_,མཆོག་_100_,མཆོག་_100_
[ཏུ་_100_],ཏུ་_100_,ཏུ་_100_,ཏུ་_100_,ཏུ་_100_,ཏུ་_100_,ཏུ་_100_,ཏུ་_100_,ཏུ་_100_,ཏུ་_100_
[རྟོགས་_100_],རྟོགས་_100_,རྟོགས་_100_,རྟོགས་_100_,རྟོགས་_100_,རྟོགས་_100_,རྟོགས་_100_,རྟོགས་_100_,རྟོགས་_100_,རྟོགས་_100_
[དཀའ་_100_],དཀའ་_100_,དཀའ་_100_,དཀའ་_100_,དཀའ་_100_,དཀའ་_100_,དཀའ་_100_,དཀའ་_100_,དཀའ་_100_,དཀའ་_100_
[ཐུབ་_100_],ཐུབ་_100_,ཐུབ་_100_,ཐུབ་_100_,ཐུབ་_100_,ཐུབ་_100_,ཐུབ་_100_,ཐུབ་_100_,ཐུབ་_100_,ཐུབ་_100_
[པའི་_100_],པའི་_100_,པའི་_100_,པའི་_100_,པའི་_100_,པའི་_100_,པའི་_100_,པའི་_100_,པའི་_100_,པའི་_100_
[ཆོས་_100_],ཆོས་_100_,ཆོས་_100_,ཆོས་_100_,ཆོས་_100_,ཆོས་_100_,ཆོས་_100_,ཆོས་_100_,ཆོས་_100_,ཆོས་_100_
[ཀྱི་_100_],ཀྱི་_100_,ཀྱི་_100_,ཀྱི་_100_,ཀྱི་_100_,ཀྱི་_100_,ཀྱི་_100_,ཀྱི་_100_,ཀྱི་_100_,ཀྱི་_100_
[སྣོད་_100_],སྣོད་_100_,སྣོད་_100_,སྣོད་_100_,སྣོད་_100_,སྣོད་_100_,སྣོད་_100_,སྣོད་_100_,སྣོད་_100_,སྣོད་_100_
[གྱུར་_100_],གྱུར་_100_,གྱུར་_100_,གྱུར་_100_,གྱུར་_100_,གྱུར་_100_,གྱུར་_100_,གྱུར་_100_,གྱུར་_100_,གྱུར་_100_
[ཅིག _100_],ཅིག _100_,ཅིག _100_,ཅིག _100_,ཅིག _100_,ཅིག _100_,ཅིག _100_,ཅིག _100_,ཅིག _100_,ཅིག _100_
[།​_100_],།​_100_,།​_100_,།​_100_,།​_100_,།​_100_,།​_100_,།​_100_,།​_100_,།​_100_
[དཔེ་_100_],དཔེ་_100_,དཔེ་_100_,དཔེ་_100_,དཔེ་_100_,དཔེ་_100_,དཔེ་_100_,དཔེ་_100_,དཔེ་_100_,དཔེ་_100_
[མེད་_100_],མེད་_100_,མེད་_100_,མེད་_100_,མེད་_100_,མེད་_100_,མེད་_100_,མེད་_100_,མེད་_100_,མེད་_100_
[པར་_100_],པར་_100_,པར་_100_,པར་_100_,པར་_100_,པར་_100_,པར་_100_,པར་_100_,པར་_100_,པར་_100_
[བསྟོད་_100_],བསྟོད་_100_,བསྟོད་_100_,བསྟོད་_100_,བསྟོད་_100_,བསྟོད་_100_,བསྟོད་_100_,བསྟོད་_100_,བསྟོད་_100_,བསྟོད་_100_
[པ་_90_],པ་_90_,པ་_90_,པ་_90_,པ་_90_,པ་_90_,པ _10_,པ་_90_,པ་_90_,པ་_90_
[སློབ་_100_],སློབ་_100_,སློབ་_100_,སློབ་_100_,སློབ་_100_,སློབ་_100_,སློབ་_100_,སློབ་_100_,སློབ་_100_,སློབ་_100_
[དཔོན་འཕགས་པ་_80_],དཔོན་འཕགས་པ་_80_,དཔོན་_20_,དཔོན་_20_,དཔོན་འཕགས་པ་_80_,དཔོན་འཕགས་པ་_80_,དཔོན་འཕགས་པ་_80_,དཔོན་འཕགས་པ་_80_,དཔོན་འཕགས་པ་_80_,དཔོན་འཕགས་པ་_80_
[ཀླུ་_100_],ཀླུ་_100_,ཀླུ་_100_,ཀླུ་_100_,ཀླུ་_100_,ཀླུ་_100_,ཀླུ་_100_,ཀླུ་_100_,ཀླུ་_100_,ཀླུ་_100_
[སྒྲུབ་_100_],སྒྲུབ་_100_,སྒྲུབ་_100_,སྒྲུབ་_100_,སྒྲུབ་_100_,སྒྲུབ་_100_,སྒྲུབ་_100_,སྒྲུབ་_100_,སྒྲུབ་_100_,སྒྲུབ་_100_
[ཀྱིས་_100_],ཀྱིས་_100_,ཀྱིས་_100_,ཀྱིས་_100_,ཀྱིས་_100_,ཀྱིས་_100_,ཀྱིས་_100_,ཀྱིས་_100_,ཀྱིས་_100_,ཀྱིས་_100_
[མཛད་_100_],མཛད་_100_,མཛད་_100_,མཛད་_100_,མཛད་_100_,མཛད་_100_,མཛད་_100_,མཛད་_100_,མཛད་_100_,མཛད་_100_
[པ་_100_],པ་_100_,པ་_100_,པ་_100_,པ་_100_,པ་_100_,པ་_100_,པ་_100_,པ་_100_,པ་_100_
[རྫོགས་_100_],རྫོགས་_100_,རྫོགས་_100_,རྫོགས་_100_,རྫོགས་_100_,རྫོགས་_100_,རྫོགས་_100_,རྫོགས་_100_,རྫོགས་_100_,རྫོགས་_100_
[སོ_100_],སོ_100_,སོ_100_,སོ_100_,སོ_100_,སོ_100_,སོ_100_,སོ_100_,སོ_100_,སོ_100_
[།། །​།རྒྱ་གར་གྱི་མཁན་པོ་ཀྲྀཥྞ་པཎྜི་ཏ་དང་། ལོ་ཙཱ་བ་དགེ་སློང་ཚུལ་ཁྲིམས་རྒྱལ་བས་བསྒྱུར་བའོ། །​ _20_],།། །​།རྒྱ་གར་གྱི་མཁན་པོ་ཀྲྀཥྞ་པཎྜི་ཏ་དང་། ལོ་ཙཱ་བ་དགེ་སློང་ཚུལ་ཁྲིམས་རྒྱལ་བས་བསྒྱུར་བའོ། །​ _20_,།། །​།རྒྱ་གར་གྱི་མཁན་པོ་ཀྲྀཥྚ་པཎྜི་ཏ་དང་། ལོ་ཙཱ་བ་ཚུལ་ཁྲིམས་རྒྱལ་བས་བསྒྱུར་བའོ། །​ _10_,།། །​།རྒྱ་གར་གྱི་མཁན་པོ་ཀྲིཥྚ་པཎྜི་ཏ་དང་། ལོ་ཙཱ་བ་ཚུལ་ཁྲིམས་རྒྱལ་བས་བསྒྱུར་བའོ།མངྒ་ལཾ། །​ _10_,།། །​། །​རྒྱ་གར་གྱི་མཁན་པོ་ཀྲིཏྟཔཎྜིཏ་དང་། ལོ་ཙཱ་བ་དགེ་སློང་ཚུལ་ཁྲིམས་རྒྱལ་བས་བསྒྱུར་བའོ། །​_10_,།། །​།_10_,།། །​།རྒྱ་གར་གྱི་མཁན་པོ་ཀྲྀཥྞ་པཎྜི་ཏ་དང་། ལོ་ཙཱ་བ་དགེ་སློང་ཚུལ་ཁྲིམས་རྒྱལ་བས་བསྒྱུར་བའོ།། །​།_10_,།། །​།རྒྱ་གར་གྱི་མཁན་པོ་ཀྲྀཥྞ་པཎྜི་ཏ་དང་། ལོ་ཙཱ་བ་དགེ་སློང་ཚུལ་ཁྲིམས་རྒྱལ་བས་བསྒྱུར་བའོ། །​_20_,། །​ རྒྱ་གར་གྱི་མཁན་པོ་ཀྲྀཥྛ་༧པཎྜི་ཏ་དང་། ལོ་ཙཱ་བ་དགེ་སློང་ཚུལ་ཁྲིམས་རྒྱལ་བས་བསྒྱུར་བའོ།། །​།_10_,།། །​།རྒྱ་གར་གྱི་མཁན་པོ་ཀྲྀཥྞ་པཎྜི་ཏ་དང་། ལོ་ཙཱ་བ་དགེ་སློང་ཚུལ་ཁྲིམས་རྒྱལ་བས་བསྒྱུར་བའོ། །​_20_
