[༄༅། །​སྒྲོལ་མའི་རྟོག་པ་ལས་འབྱུང་བའི་ཚིག་ལྷུག་པའི་རིགས་བྱེད་མའི་སྒྲུབ་ཐབས།༄༅༅། །​_57_],༄༅། །​སྒྲོལ་མའི་རྟོག་པ་ལས་འབྱུང་བའི་ཚིག་ལྷུག་པའི་རིགས་བྱེད་མའི་སྒྲུབ་ཐབས།༄༅༅། །​_57_,༄༅། །​སྒྲོལ་མའི་རྟོག་པ་ལས་འབྱུང་བའི་ཚིག་ལྷུག་པའི་རིགས་བྱེད་མའི་སྒྲུབ་ཐབས།༄༅༅། །​_57_,༄༅། །​སྒྲོལ་མའི་རྟོག་པ་ལས་འབྱུང་བའི་ཚིག་ལྷུག་པའི་རིགས་བྱེད་མའི་སྒྲུབ་ཐབས།༄༅༅། །​_57_,༄༅༅། །​_28_,༄༅༅། །​_28_,_14_
[རྒྱ་_100_],རྒྱ་_100_,རྒྱ་_100_,རྒྱ་_100_,རྒྱ་_100_,རྒྱ་_100_,རྒྱ་_100_
[གར་_100_],གར་_100_,གར་_100_,གར་_100_,གར་_100_,གར་_100_,གར་_100_
[སྐད་_100_],སྐད་_100_,སྐད་_100_,སྐད་_100_,སྐད་_100_,སྐད་_100_,སྐད་_100_
[དུ_100_],དུ_100_,དུ_100_,དུ_100_,དུ_100_,དུ_100_,དུ_100_
[། _100_],། _100_,། _100_,། _100_,། _100_,། _100_,། _100_
[མུཀྟེ་_100_],མུཀྟེ་_100_,མུཀྟེ་_100_,མུཀྟེ་_100_,མུཀྟེ་_100_,མུཀྟེ་_100_,མུཀྟེ་_100_
[ཀེ་_100_],ཀེ་_100_,ཀེ་_100_,ཀེ་_100_,ཀེ་_100_,ཀེ་_100_,ཀེ་_100_
[ན་_100_],ན་_100_,ན་_100_,ན་_100_,ན་_100_,ན་_100_,ན་_100_
[ཏཱ་_100_],ཏཱ་_100_,ཏཱ་_100_,ཏཱ་_100_,ཏཱ་_100_,ཏཱ་_100_,ཏཱ་_100_
[རོདྦྷ་_100_],རོདྦྷ་_100_,རོདྦྷ་_100_,རོདྦྷ་_100_,རོདྦྷ་_100_,རོདྦྷ་_100_,རོདྦྷ་_100_
[བ་_100_],བ་_100_,བ་_100_,བ་_100_,བ་_100_,བ་_100_,བ་_100_
[ཀུ་_100_],ཀུ་_100_,ཀུ་_100_,ཀུ་_100_,ཀུ་_100_,ཀུ་_100_,ཀུ་_100_
[རུ་_100_],རུ་_100_,རུ་_100_,རུ་_100_,རུ་_100_,རུ་_100_,རུ་_100_
[ཀུལླེ་_71_],ཀུལླེ་_71_,ཀུ་རུ་ལླེ་_28_,ཀུ་རུ་ལླེ་_28_,ཀུལླེ་_71_,ཀུལླེ་_71_,ཀུལླེ་_71_
[སཱ་_100_],སཱ་_100_,སཱ་_100_,སཱ་_100_,སཱ་_100_,སཱ་_100_,སཱ་_100_
[དྷ་_100_],དྷ་_100_,དྷ་_100_,དྷ་_100_,དྷ་_100_,དྷ་_100_,དྷ་_100_
[ནཾ_100_],ནཾ_100_,ནཾ_100_,ནཾ_100_,ནཾ_100_,ནཾ_100_,ནཾ_100_
[། _100_],། _100_,། _100_,། _100_,། _100_,། _100_,། _100_
[བོད་_100_],བོད་_100_,བོད་_100_,བོད་_100_,བོད་_100_,བོད་_100_,བོད་_100_
[སྐད་_100_],སྐད་_100_,སྐད་_100_,སྐད་_100_,སྐད་_100_,སྐད་_100_,སྐད་_100_
[དུ_100_],དུ_100_,དུ_100_,དུ_100_,དུ_100_,དུ_100_,དུ_100_
[། _85_],། _85_,། _85_,། _85_,། _85_,། _85_,།  _14_
[སྒྲོལ་_100_],སྒྲོལ་_100_,སྒྲོལ་_100_,སྒྲོལ་_100_,སྒྲོལ་_100_,སྒྲོལ་_100_,སྒྲོལ་_100_
[མའི་_100_],མའི་_100_,མའི་_100_,མའི་_100_,མའི་_100_,མའི་_100_,མའི་_100_
[རྟོག་_100_],རྟོག་_100_,རྟོག་_100_,རྟོག་_100_,རྟོག་_100_,རྟོག་_100_,རྟོག་_100_
[པ་_100_],པ་_100_,པ་_100_,པ་_100_,པ་_100_,པ་_100_,པ་_100_
[ལས་_100_],ལས་_100_,ལས་_100_,ལས་_100_,ལས་_100_,ལས་_100_,ལས་_100_
[བྱུང་_71_],བྱུང་_71_,འབྱུང་_28_,འབྱུང་_28_,བྱུང་_71_,བྱུང་_71_,བྱུང་_71_
[བའི་_100_],བའི་_100_,བའི་_100_,བའི་_100_,བའི་_100_,བའི་_100_,བའི་_100_
[ཚིག་_100_],ཚིག་_100_,ཚིག་_100_,ཚིག་_100_,ཚིག་_100_,ཚིག་_100_,ཚིག་_100_
[ལྷུག་_100_],ལྷུག་_100_,ལྷུག་_100_,ལྷུག་_100_,ལྷུག་_100_,ལྷུག་_100_,ལྷུག་_100_
[པའི་_100_],པའི་_100_,པའི་_100_,པའི་_100_,པའི་_100_,པའི་_100_,པའི་_100_
[རིགས་_71_],རིགས་_71_,རིག་_28_,རིག་_28_,རིགས་_71_,རིགས་_71_,རིགས་_71_
[བྱེད་_100_],བྱེད་_100_,བྱེད་_100_,བྱེད་_100_,བྱེད་_100_,བྱེད་_100_,བྱེད་_100_
[མའི་_100_],མའི་_100_,མའི་_100_,མའི་_100_,མའི་_100_,མའི་_100_,མའི་_100_
[སྒྲུབ་_100_],སྒྲུབ་_100_,སྒྲུབ་_100_,སྒྲུབ་_100_,སྒྲུབ་_100_,སྒྲུབ་_100_,སྒྲུབ་_100_
[ཐབས། _85_],ཐབས། _85_,ཐབས། _85_,ཐབས། _85_,ཐབས། _85_,ཐབས། _85_,ཐབས །​ _14_
[འཕགས་_100_],འཕགས་_100_,འཕགས་_100_,འཕགས་_100_,འཕགས་_100_,འཕགས་_100_,འཕགས་_100_
[མ་_100_],མ་_100_,མ་_100_,མ་_100_,མ་_100_,མ་_100_,མ་_100_
[རིགས་_71_],རིགས་_71_,རིག་_28_,རིག་_28_,རིགས་_71_,རིགས་_71_,རིགས་_71_
[བྱེད་_100_],བྱེད་_100_,བྱེད་_100_,བྱེད་_100_,བྱེད་_100_,བྱེད་_100_,བྱེད་_100_
[མ་_100_],མ་_100_,མ་_100_,མ་_100_,མ་_100_,མ་_100_,མ་_100_
[ལ་_100_],ལ་_100_,ལ་_100_,ལ་_100_,ལ་_100_,ལ་_100_,ལ་_100_
[ཕྱག་_100_],ཕྱག་_100_,ཕྱག་_100_,ཕྱག་_100_,ཕྱག་_100_,ཕྱག་_100_,ཕྱག་_100_
[འཚལ་_100_],འཚལ་_100_,འཚལ་_100_,འཚལ་_100_,འཚལ་_100_,འཚལ་_100_,འཚལ་_100_
[ལོ_100_],ལོ_100_,ལོ_100_,ལོ_100_,ལོ_100_,ལོ_100_,ལོ_100_
[། །​_100_],། །​_100_,། །​_100_,། །​_100_,། །​_100_,། །​_100_,། །​_100_
[གང་_100_],གང་_100_,གང་_100_,གང་_100_,གང་_100_,གང་_100_,གང་_100_
[གིས་_100_],གིས་_100_,གིས་_100_,གིས་_100_,གིས་_100_,གིས་_100_,གིས་_100_
[དྲན་_100_],དྲན་_100_,དྲན་_100_,དྲན་_100_,དྲན་_100_,དྲན་_100_,དྲན་_100_
[པ་_100_],པ་_100_,པ་_100_,པ་_100_,པ་_100_,པ་_100_,པ་_100_
[ཙམ་_100_],ཙམ་_100_,ཙམ་_100_,ཙམ་_100_,ཙམ་_100_,ཙམ་_100_,ཙམ་_100_
[གྱིས་_100_],གྱིས་_100_,གྱིས་_100_,གྱིས་_100_,གྱིས་_100_,གྱིས་_100_,གྱིས་_100_
[ནི_100_],ནི_100_,ནི_100_,ནི_100_,ནི_100_,ནི_100_,ནི_100_
[། །​_100_],། །​_100_,། །​_100_,། །​_100_,། །​_100_,། །​_100_,། །​_100_
[ལྷ་_100_],ལྷ་_100_,ལྷ་_100_,ལྷ་_100_,ལྷ་_100_,ལྷ་_100_,ལྷ་_100_
[དང་_100_],དང་_100_,དང་_100_,དང་_100_,དང་_100_,དང་_100_,དང་_100_
[ལྷ་_100_],ལྷ་_100_,ལྷ་_100_,ལྷ་_100_,ལྷ་_100_,ལྷ་_100_,ལྷ་_100_
[མིན་_100_],མིན་_100_,མིན་_100_,མིན་_100_,མིན་_100_,མིན་_100_,མིན་_100_
[མིར་_100_],མིར་_100_,མིར་_100_,མིར་_100_,མིར་_100_,མིར་_100_,མིར་_100_
[བཅས་_100_],བཅས་_100_,བཅས་_100_,བཅས་_100_,བཅས་_100_,བཅས་_100_,བཅས་_100_
[རྣམས_100_],རྣམས_100_,རྣམས_100_,རྣམས_100_,རྣམས_100_,རྣམས_100_,རྣམས_100_
[། །​_100_],། །​_100_,། །​_100_,། །​_100_,། །​_100_,། །​_100_,། །​_100_
[ངེས་_100_],ངེས་_100_,ངེས་_100_,ངེས་_100_,ངེས་_100_,ངེས་_100_,ངེས་_100_
[པར་_100_],པར་_100_,པར་_100_,པར་_100_,པར་_100_,པར་_100_,པར་_100_
[མངག་_100_],མངག་_100_,མངག་_100_,མངག་_100_,མངག་_100_,མངག་_100_,མངག་_100_
[གཞུག་_71_],གཞུག་_71_,ཞུགས་_28_,ཞུགས་_28_,གཞུག་_71_,གཞུག་_71_,གཞུག་_71_
[བྱེད་_100_],བྱེད་_100_,བྱེད་_100_,བྱེད་_100_,བྱེད་_100_,བྱེད་_100_,བྱེད་_100_
[འགྱུར་_100_],འགྱུར་_100_,འགྱུར་_100_,འགྱུར་_100_,འགྱུར་_100_,འགྱུར་_100_,འགྱུར་_100_
[བའི_100_],བའི_100_,བའི_100_,བའི_100_,བའི_100_,བའི_100_,བའི_100_
[། །​_100_],། །​_100_,། །​_100_,། །​_100_,། །​_100_,། །​_100_,། །​_100_
[སྒྲོལ་_100_],སྒྲོལ་_100_,སྒྲོལ་_100_,སྒྲོལ་_100_,སྒྲོལ་_100_,སྒྲོལ་_100_,སྒྲོལ་_100_
[མ་_100_],མ་_100_,མ་_100_,མ་_100_,མ་_100_,མ་_100_,མ་_100_
[དེ་_100_],དེ་_100_,དེ་_100_,དེ་_100_,དེ་_100_,དེ་_100_,དེ་_100_
[ལ་_100_],ལ་_100_,ལ་_100_,ལ་_100_,ལ་_100_,ལ་_100_,ལ་_100_
[ཕྱག་_100_],ཕྱག་_100_,ཕྱག་_100_,ཕྱག་_100_,ཕྱག་_100_,ཕྱག་_100_,ཕྱག་_100_
[འཚལ་_100_],འཚལ་_100_,འཚལ་_100_,འཚལ་_100_,འཚལ་_100_,འཚལ་_100_,འཚལ་_100_
[ལོ_100_],ལོ_100_,ལོ_100_,ལོ_100_,ལོ_100_,ལོ_100_,ལོ_100_
[། །​_100_],། །​_100_,། །​_100_,། །​_100_,། །​_100_,། །​_100_,། །​_100_
[དང་_100_],དང་_100_,དང་_100_,དང་_100_,དང་_100_,དང་_100_,དང་_100_
[པོ་_71_],པོ་_71_,པོར་_28_,པོར་_28_,པོ་_71_,པོ་_71_,པོ་_71_
[རེ་_100_],རེ་_100_,རེ་_100_,རེ་_100_,རེ་_100_,རེ་_100_,རེ་_100_
[ཞིག་_100_],ཞིག་_100_,ཞིག་_100_,ཞིག་_100_,ཞིག་_100_,ཞིག་_100_,ཞིག་_100_
[སྔགས་_100_],སྔགས་_100_,སྔགས་_100_,སྔགས་_100_,སྔགས་_100_,སྔགས་_100_,སྔགས་_100_
[པས་_100_],པས་_100_,པས་_100_,པས་_100_,པས་_100_,པས་_100_,པས་_100_
[ཡིད་_100_],ཡིད་_100_,ཡིད་_100_,ཡིད་_100_,ཡིད་_100_,ཡིད་_100_,ཡིད་_100_
[དང་_100_],དང་_100_,དང་_100_,དང་_100_,དང་_100_,དང་_100_,དང་_100_
[མཐུན་_71_],མཐུན་_71_,འཐུན་_28_,འཐུན་_28_,མཐུན་_71_,མཐུན་_71_,མཐུན་_71_
[པའི་_100_],པའི་_100_,པའི་_100_,པའི་_100_,པའི་_100_,པའི་_100_,པའི་_100_
[གནས་_100_],གནས་_100_,གནས་_100_,གནས་_100_,གནས་_100_,གནས་_100_,གནས་_100_
[སུ་_100_],སུ་_100_,སུ་_100_,སུ་_100_,སུ་_100_,སུ་_100_,སུ་_100_
[བུད་_100_],བུད་_100_,བུད་_100_,བུད་_100_,བུད་_100_,བུད་_100_,བུད་_100_
[མེད་_100_],མེད་_100_,མེད་_100_,མེད་_100_,མེད་_100_,མེད་_100_,མེད་_100_
[ཀྱི་_71_],ཀྱི་_71_,ཀྱིས་_28_,ཀྱིས་_28_,ཀྱི་_71_,ཀྱི་_71_,ཀྱི་_71_
[ཚོགས་_100_],ཚོགས་_100_,ཚོགས་_100_,ཚོགས་_100_,ཚོགས་_100_,ཚོགས་_100_,ཚོགས་_100_
[ལ་_100_],ལ་_100_,ལ་_100_,ལ་_100_,ལ་_100_,ལ་_100_,ལ་_100_
[སོགས་_100_],སོགས་_100_,སོགས་_100_,སོགས་_100_,སོགས་_100_,སོགས་_100_,སོགས་_100_
[པ་_100_],པ་_100_,པ་_100_,པ་_100_,པ་_100_,པ་_100_,པ་_100_
[དང་_100_],དང་_100_,དང་_100_,དང་_100_,དང་_100_,དང་_100_,དང་_100_
[བྲལ་_100_],བྲལ་_100_,བྲལ་_100_,བྲལ་_100_,བྲལ་_100_,བྲལ་_100_,བྲལ་_100_
[བར་_100_],བར་_100_,བར་_100_,བར་_100_,བར་_100_,བར་_100_,བར་_100_
[སྟན་_100_],སྟན་_100_,སྟན་_100_,སྟན་_100_,སྟན་_100_,སྟན་_100_,སྟན་_100_
[བདེ་_100_],བདེ་_100_,བདེ་_100_,བདེ་_100_,བདེ་_100_,བདེ་_100_,བདེ་_100_
[བ་_100_],བ་_100_,བ་_100_,བ་_100_,བ་_100_,བ་_100_,བ་_100_
[ལ་_100_],ལ་_100_,ལ་_100_,ལ་_100_,ལ་_100_,ལ་_100_,ལ་_100_
[འདུག་_100_],འདུག་_100_,འདུག་_100_,འདུག་_100_,འདུག་_100_,འདུག་_100_,འདུག་_100_
[སྟེ_100_],སྟེ_100_,སྟེ_100_,སྟེ_100_,སྟེ_100_,སྟེ_100_,སྟེ_100_
[། _100_],། _100_,། _100_,། _100_,། _100_,། _100_,། _100_
[རང་_100_],རང་_100_,རང་_100_,རང་_100_,རང་_100_,རང་_100_,རང་_100_
[གི་_100_],གི་_100_,གི་_100_,གི་_100_,གི་_100_,གི་_100_,གི་_100_
[སྙིང་_100_],སྙིང་_100_,སྙིང་_100_,སྙིང་_100_,སྙིང་_100_,སྙིང་_100_,སྙིང་_100_
[གར་_100_],གར་_100_,གར་_100_,གར་_100_,གར་_100_,གར་_100_,གར་_100_
[དབྱངས་_100_],དབྱངས་_100_,དབྱངས་_100_,དབྱངས་_100_,དབྱངས་_100_,དབྱངས་_100_,དབྱངས་_100_
[ཡིག་_100_],ཡིག་_100_,ཡིག་_100_,ཡིག་_100_,ཡིག་_100_,ཡིག་_100_,ཡིག་_100_
[དང་_100_],དང་_100_,དང་_100_,དང་_100_,དང་_100_,དང་_100_,དང་_100_
[པོ་_100_],པོ་_100_,པོ་_100_,པོ་_100_,པོ་_100_,པོ་_100_,པོ་_100_
[ཡོངས་_100_],ཡོངས་_100_,ཡོངས་_100_,ཡོངས་_100_,ཡོངས་_100_,ཡོངས་_100_,ཡོངས་_100_
[སུ་_100_],སུ་_100_,སུ་_100_,སུ་_100_,སུ་_100_,སུ་_100_,སུ་_100_
[གྱུར་_100_],གྱུར་_100_,གྱུར་_100_,གྱུར་_100_,གྱུར་_100_,གྱུར་_100_,གྱུར་_100_
[པ་_100_],པ་_100_,པ་_100_,པ་_100_,པ་_100_,པ་_100_,པ་_100_
[ལས་_100_],ལས་_100_,ལས་_100_,ལས་_100_,ལས་_100_,ལས་_100_,ལས་_100_
[ཟླ་_100_],ཟླ་_100_,ཟླ་_100_,ཟླ་_100_,ཟླ་_100_,ཟླ་_100_,ཟླ་_100_
[བའི་_100_],བའི་_100_,བའི་_100_,བའི་_100_,བའི་_100_,བའི་_100_,བའི་_100_
[དཀྱིལ་_100_],དཀྱིལ་_100_,དཀྱིལ་_100_,དཀྱིལ་_100_,དཀྱིལ་_100_,དཀྱིལ་_100_,དཀྱིལ་_100_
[འཁོར་_100_],འཁོར་_100_,འཁོར་_100_,འཁོར་_100_,འཁོར་_100_,འཁོར་_100_,འཁོར་_100_
[གྱི་_100_],གྱི་_100_,གྱི་_100_,གྱི་_100_,གྱི་_100_,གྱི་_100_,གྱི་_100_
[སྟེང་_100_],སྟེང་_100_,སྟེང་_100_,སྟེང་_100_,སྟེང་_100_,སྟེང་_100_,སྟེང་_100_
[དུ་_100_],དུ་_100_,དུ་_100_,དུ་_100_,དུ་_100_,དུ་_100_,དུ་_100_
[འོད་_100_],འོད་_100_,འོད་_100_,འོད་_100_,འོད་_100_,འོད་_100_,འོད་_100_
[ཟེར་_100_],ཟེར་_100_,ཟེར་_100_,ཟེར་_100_,ཟེར་_100_,ཟེར་_100_,ཟེར་_100_
[དང་_100_],དང་_100_,དང་_100_,དང་_100_,དང་_100_,དང་_100_,དང་_100_
[བཅས་_100_],བཅས་_100_,བཅས་_100_,བཅས་_100_,བཅས་_100_,བཅས་_100_,བཅས་_100_
[པའི་_100_],པའི་_100_,པའི་_100_,པའི་_100_,པའི་_100_,པའི་_100_,པའི་_100_
[ཧྲཱིཿཡིག་_100_],ཧྲཱིཿཡིག་_100_,ཧྲཱིཿཡིག་_100_,ཧྲཱིཿཡིག་_100_,ཧྲཱིཿཡིག་_100_,ཧྲཱིཿཡིག་_100_,ཧྲཱིཿཡིག་_100_
[གི་_71_],གི་_71_,གིས་_28_,གིས་_28_,གི་_71_,གི་_71_,གི་_71_
[ས་_100_],ས་_100_,ས་_100_,ས་_100_,ས་_100_,ས་_100_,ས་_100_
[བོན་_100_],བོན་_100_,བོན་_100_,བོན་_100_,བོན་_100_,བོན་_100_,བོན་_100_
[ལས་_100_],ལས་_100_,ལས་_100_,ལས་_100_,ལས་_100_,ལས་_100_,ལས་_100_
[བྱུང་_100_],བྱུང་_100_,བྱུང་_100_,བྱུང་_100_,བྱུང་_100_,བྱུང་_100_,བྱུང་_100_
[བའི་_100_],བའི་_100_,བའི་_100_,བའི་_100_,བའི་_100_,བའི་_100_,བའི་_100_
[འོད་_100_],འོད་_100_,འོད་_100_,འོད་_100_,འོད་_100_,འོད་_100_,འོད་_100_
[ཟེར་_100_],ཟེར་_100_,ཟེར་_100_,ཟེར་_100_,ཟེར་_100_,ཟེར་_100_,ཟེར་_100_
[དམར་_100_],དམར་_100_,དམར་_100_,དམར་_100_,དམར་_100_,དམར་_100_,དམར་_100_
[པོའི་_100_],པོའི་_100_,པོའི་_100_,པོའི་_100_,པོའི་_100_,པོའི་_100_,པོའི་_100_
[ཚོགས་_100_],ཚོགས་_100_,ཚོགས་_100_,ཚོགས་_100_,ཚོགས་_100_,ཚོགས་_100_,ཚོགས་_100_
[ཀྱིས་_100_],ཀྱིས་_100_,ཀྱིས་_100_,ཀྱིས་_100_,ཀྱིས་_100_,ཀྱིས་_100_,ཀྱིས་_100_
[འགྲོ་_100_],འགྲོ་_100_,འགྲོ་_100_,འགྲོ་_100_,འགྲོ་_100_,འགྲོ་_100_,འགྲོ་_100_
[བ་_100_],བ་_100_,བ་_100_,བ་_100_,བ་_100_,བ་_100_,བ་_100_
[རྣམས་_100_],རྣམས་_100_,རྣམས་_100_,རྣམས་_100_,རྣམས་_100_,རྣམས་_100_,རྣམས་_100_
[གསལ་_100_],གསལ་_100_,གསལ་_100_,གསལ་_100_,གསལ་_100_,གསལ་_100_,གསལ་_100_
[བར་_100_],བར་_100_,བར་_100_,བར་_100_,བར་_100_,བར་_100_,བར་_100_
[མཛད་_100_],མཛད་_100_,མཛད་_100_,མཛད་_100_,མཛད་_100_,མཛད་_100_,མཛད་_100_
[པ་_100_],པ་_100_,པ་_100_,པ་_100_,པ་_100_,པ་_100_,པ་_100_
[སྔོན་_100_],སྔོན་_100_,སྔོན་_100_,སྔོན་_100_,སྔོན་_100_,སྔོན་_100_,སྔོན་_100_
[དུ་_100_],དུ་_100_,དུ་_100_,དུ་_100_,དུ་_100_,དུ་_100_,དུ་_100_
[འགྲོ་_100_],འགྲོ་_100_,འགྲོ་_100_,འགྲོ་_100_,འགྲོ་_100_,འགྲོ་_100_,འགྲོ་_100_
[བས་_100_],བས་_100_,བས་_100_,བས་_100_,བས་_100_,བས་_100_,བས་_100_
[ཀུ་_100_],ཀུ་_100_,ཀུ་_100_,ཀུ་_100_,ཀུ་_100_,ཀུ་_100_,ཀུ་_100_
[རུ་_100_],རུ་_100_,རུ་_100_,རུ་_100_,རུ་_100_,རུ་_100_,རུ་_100_
[ཀུལླེའི་_100_],ཀུལླེའི་_100_,ཀུལླེའི་_100_,ཀུལླེའི་_100_,ཀུལླེའི་_100_,ཀུལླེའི་_100_,ཀུལླེའི་_100_
[རི་_100_],རི་_100_,རི་_100_,རི་_100_,རི་_100_,རི་_100_,རི་_100_
[ལ་_100_],ལ་_100_,ལ་_100_,ལ་_100_,ལ་_100_,ལ་_100_,ལ་_100_
[གནས་_100_],གནས་_100_,གནས་_100_,གནས་_100_,གནས་_100_,གནས་_100_,གནས་_100_
[པའི་_100_],པའི་_100_,པའི་_100_,པའི་_100_,པའི་_100_,པའི་_100_,པའི་_100_
[བཅོམ་_100_],བཅོམ་_100_,བཅོམ་_100_,བཅོམ་_100_,བཅོམ་_100_,བཅོམ་_100_,བཅོམ་_100_
[ལྡན་_100_],ལྡན་_100_,ལྡན་_100_,ལྡན་_100_,ལྡན་_100_,ལྡན་_100_,ལྡན་_100_
[འདས་_100_],འདས་_100_,འདས་_100_,འདས་_100_,འདས་_100_,འདས་_100_,འདས་_100_
[མ་_100_],མ་_100_,མ་_100_,མ་_100_,མ་_100_,མ་_100_,མ་_100_
[རིགས་_100_],རིགས་_100_,རིགས་_100_,རིགས་_100_,རིགས་_100_,རིགས་_100_,རིགས་_100_
[བྱེད་_85_],བྱེད་_85_,བྱེད་_85_,བྱེད་_85_,བྱེད་_85_,བྱེད་_85_,བྱད་_14_
[མ་_100_],མ་_100_,མ་_100_,མ་_100_,མ་_100_,མ་_100_,མ་_100_
[ཡང་_100_],ཡང་_100_,ཡང་_100_,ཡང་_100_,ཡང་_100_,ཡང་_100_,ཡང་_100_
[དག་_100_],དག་_100_,དག་_100_,དག་_100_,དག་_100_,དག་_100_,དག་_100_
[པར་_100_],པར་_100_,པར་_100_,པར་_100_,པར་_100_,པར་_100_,པར་_100_
[བསྐུལ་_100_],བསྐུལ་_100_,བསྐུལ་_100_,བསྐུལ་_100_,བསྐུལ་_100_,བསྐུལ་_100_,བསྐུལ་_100_
[ནས་_100_],ནས་_100_,ནས་_100_,ནས་_100_,ནས་_100_,ནས་_100_,ནས་_100_
[སྤྱན་_100_],སྤྱན་_100_,སྤྱན་_100_,སྤྱན་_100_,སྤྱན་_100_,སྤྱན་_100_,སྤྱན་_100_
[དྲངས་_100_],དྲངས་_100_,དྲངས་_100_,དྲངས་_100_,དྲངས་_100_,དྲངས་_100_,དྲངས་_100_
[ཤིང་_100_],ཤིང་_100_,ཤིང་_100_,ཤིང་_100_,ཤིང་_100_,ཤིང་_100_,ཤིང་_100_
[མདུན་_100_],མདུན་_100_,མདུན་_100_,མདུན་_100_,མདུན་_100_,མདུན་_100_,མདུན་_100_
[གྱི་_100_],གྱི་_100_,གྱི་_100_,གྱི་_100_,གྱི་_100_,གྱི་_100_,གྱི་_100_
[ནམ་_100_],ནམ་_100_,ནམ་_100_,ནམ་_100_,ནམ་_100_,ནམ་_100_,ནམ་_100_
[མཁའ་_100_],མཁའ་_100_,མཁའ་_100_,མཁའ་_100_,མཁའ་_100_,མཁའ་_100_,མཁའ་_100_
[ལ་_100_],ལ་_100_,ལ་_100_,ལ་_100_,ལ་_100_,ལ་_100_,ལ་_100_
[ཡང་_100_],ཡང་_100_,ཡང་_100_,ཡང་_100_,ཡང་_100_,ཡང་_100_,ཡང་_100_
[དག་_100_],དག་_100_,དག་_100_,དག་_100_,དག་_100_,དག་_100_,དག་_100_
[པར་_100_],པར་_100_,པར་_100_,པར་_100_,པར་_100_,པར་_100_,པར་_100_
[བསམས་_85_],བསམས་_85_,བསམ་_14_,བསམས་_85_,བསམས་_85_,བསམས་_85_,བསམས་_85_
[ཏེ_100_],ཏེ_100_,ཏེ_100_,ཏེ_100_,ཏེ_100_,ཏེ_100_,ཏེ_100_
[། _100_],། _100_,། _100_,། _100_,། _100_,། _100_,། _100_
[སྙིང་_100_],སྙིང་_100_,སྙིང་_100_,སྙིང་_100_,སྙིང་_100_,སྙིང་_100_,སྙིང་_100_
[གའི་_100_],གའི་_100_,གའི་_100_,གའི་_100_,གའི་_100_,གའི་_100_,གའི་_100_
[ས་_100_],ས་_100_,ས་_100_,ས་_100_,ས་_100_,ས་_100_,ས་_100_
[བོན་_100_],བོན་_100_,བོན་_100_,བོན་_100_,བོན་_100_,བོན་_100_,བོན་_100_
[གྱི་_100_],གྱི་_100_,གྱི་_100_,གྱི་_100_,གྱི་_100_,གྱི་_100_,གྱི་_100_
[འོད་_100_],འོད་_100_,འོད་_100_,འོད་_100_,འོད་_100_,འོད་_100_,འོད་_100_
[ཟེར་_100_],ཟེར་_100_,ཟེར་_100_,ཟེར་_100_,ཟེར་_100_,ཟེར་_100_,ཟེར་_100_
[ལས་_100_],ལས་_100_,ལས་_100_,ལས་_100_,ལས་_100_,ལས་_100_,ལས་_100_
[སྤྲུལ་_100_],སྤྲུལ་_100_,སྤྲུལ་_100_,སྤྲུལ་_100_,སྤྲུལ་_100_,སྤྲུལ་_100_,སྤྲུལ་_100_
[པའི་_100_],པའི་_100_,པའི་_100_,པའི་_100_,པའི་_100_,པའི་_100_,པའི་_100_
[མེ་_100_],མེ་_100_,མེ་_100_,མེ་_100_,མེ་_100_,མེ་_100_,མེ་_100_
[ཏོག་_100_],ཏོག་_100_,ཏོག་_100_,ཏོག་_100_,ཏོག་_100_,ཏོག་_100_,ཏོག་_100_
[དང་_100_],དང་_100_,དང་_100_,དང་_100_,དང་_100_,དང་_100_,དང་_100_
[བདུག་_100_],བདུག་_100_,བདུག་_100_,བདུག་_100_,བདུག་_100_,བདུག་_100_,བདུག་_100_
[སྤོས་_100_],སྤོས་_100_,སྤོས་_100_,སྤོས་_100_,སྤོས་_100_,སྤོས་_100_,སྤོས་_100_
[ལ་_100_],ལ་_100_,ལ་_100_,ལ་_100_,ལ་_100_,ལ་_100_,ལ་_100_
[སོགས་_100_],སོགས་_100_,སོགས་_100_,སོགས་_100_,སོགས་_100_,སོགས་_100_,སོགས་_100_
[པ་_100_],པ་_100_,པ་_100_,པ་_100_,པ་_100_,པ་_100_,པ་_100_
[སྣ་_100_],སྣ་_100_,སྣ་_100_,སྣ་_100_,སྣ་_100_,སྣ་_100_,སྣ་_100_
[ཚོགས་_100_],ཚོགས་_100_,ཚོགས་_100_,ཚོགས་_100_,ཚོགས་_100_,ཚོགས་_100_,ཚོགས་_100_
[པའི་_100_],པའི་_100_,པའི་_100_,པའི་_100_,པའི་_100_,པའི་_100_,པའི་_100_
[མཆོད་པས་མཆོད་_85_],མཆོད་པས་མཆོད་_85_,མཆོད་_14_,མཆོད་པས་མཆོད་_85_,མཆོད་པས་མཆོད་_85_,མཆོད་པས་མཆོད་_85_,མཆོད་པས་མཆོད་_85_
[པར་_100_],པར་_100_,པར་_100_,པར་_100_,པར་_100_,པར་_100_,པར་_100_
[བྱའོ_100_],བྱའོ_100_,བྱའོ_100_,བྱའོ_100_,བྱའོ_100_,བྱའོ_100_,བྱའོ_100_
[། །​_100_],། །​_100_,། །​_100_,། །​_100_,། །​_100_,། །​_100_,། །​_100_
[དེའི་_100_],དེའི་_100_,དེའི་_100_,དེའི་_100_,དེའི་_100_,དེའི་_100_,དེའི་_100_
[རྗེས་_100_],རྗེས་_100_,རྗེས་_100_,རྗེས་_100_,རྗེས་_100_,རྗེས་_100_,རྗེས་_100_
[ལ་_100_],ལ་_100_,ལ་_100_,ལ་_100_,ལ་_100_,ལ་_100_,ལ་_100_
[ཕྱག་_100_],ཕྱག་_100_,ཕྱག་_100_,ཕྱག་_100_,ཕྱག་_100_,ཕྱག་_100_,ཕྱག་_100_
[འཚལ་_100_],འཚལ་_100_,འཚལ་_100_,འཚལ་_100_,འཚལ་_100_,འཚལ་_100_,འཚལ་_100_
[བ་_100_],བ་_100_,བ་_100_,བ་_100_,བ་_100_,བ་_100_,བ་_100_
[དང་_100_],དང་_100_,དང་_100_,དང་_100_,དང་_100_,དང་_100_,དང་_100_
[། _100_],། _100_,། _100_,། _100_,། _100_,། _100_,། _100_
[སྡིག་_100_],སྡིག་_100_,སྡིག་_100_,སྡིག་_100_,སྡིག་_100_,སྡིག་_100_,སྡིག་_100_
[པ་_100_],པ་_100_,པ་_100_,པ་_100_,པ་_100_,པ་_100_,པ་_100_
[བཤགས་_100_],བཤགས་_100_,བཤགས་_100_,བཤགས་_100_,བཤགས་_100_,བཤགས་_100_,བཤགས་_100_
[པ་_100_],པ་_100_,པ་_100_,པ་_100_,པ་_100_,པ་_100_,པ་_100_
[དང་_100_],དང་_100_,དང་_100_,དང་_100_,དང་_100_,དང་_100_,དང་_100_
[། _100_],། _100_,། _100_,། _100_,། _100_,། _100_,། _100_
[བསོད་_100_],བསོད་_100_,བསོད་_100_,བསོད་_100_,བསོད་_100_,བསོད་_100_,བསོད་_100_
[ནམས་_100_],ནམས་_100_,ནམས་_100_,ནམས་_100_,ནམས་_100_,ནམས་_100_,ནམས་_100_
[ལ་_100_],ལ་_100_,ལ་_100_,ལ་_100_,ལ་_100_,ལ་_100_,ལ་_100_
[རྗེས་_100_],རྗེས་_100_,རྗེས་_100_,རྗེས་_100_,རྗེས་_100_,རྗེས་_100_,རྗེས་_100_
[སུ་_100_],སུ་_100_,སུ་_100_,སུ་_100_,སུ་_100_,སུ་_100_,སུ་_100_
[ཡི་_100_],ཡི་_100_,ཡི་_100_,ཡི་_100_,ཡི་_100_,ཡི་_100_,ཡི་_100_
[རང་_100_],རང་_100_,རང་_100_,རང་_100_,རང་_100_,རང་_100_,རང་_100_
[བ་_100_],བ་_100_,བ་_100_,བ་_100_,བ་_100_,བ་_100_,བ་_100_
[དང་_100_],དང་_100_,དང་_100_,དང་_100_,དང་_100_,དང་_100_,དང་_100_
[། _100_],། _100_,། _100_,། _100_,། _100_,། _100_,། _100_
[ཡོངས་_100_],ཡོངས་_100_,ཡོངས་_100_,ཡོངས་_100_,ཡོངས་_100_,ཡོངས་_100_,ཡོངས་_100_
[སུ་_100_],སུ་_100_,སུ་_100_,སུ་_100_,སུ་_100_,སུ་_100_,སུ་_100_
[བསྔོ་_100_],བསྔོ་_100_,བསྔོ་_100_,བསྔོ་_100_,བསྔོ་_100_,བསྔོ་_100_,བསྔོ་_100_
[བ་_100_],བ་_100_,བ་_100_,བ་_100_,བ་_100_,བ་_100_,བ་_100_
[དང་_100_],དང་_100_,དང་_100_,དང་_100_,དང་_100_,དང་_100_,དང་_100_
[། _100_],། _100_,། _100_,། _100_,། _100_,། _100_,། _100_
[གསུམ་_100_],གསུམ་_100_,གསུམ་_100_,གསུམ་_100_,གསུམ་_100_,གསུམ་_100_,གསུམ་_100_
[ལ་_100_],ལ་_100_,ལ་_100_,ལ་_100_,ལ་_100_,ལ་_100_,ལ་_100_
[སྐྱབས་_100_],སྐྱབས་_100_,སྐྱབས་_100_,སྐྱབས་_100_,སྐྱབས་_100_,སྐྱབས་_100_,སྐྱབས་_100_
[སུ་_100_],སུ་_100_,སུ་_100_,སུ་_100_,སུ་_100_,སུ་_100_,སུ་_100_
[འགྲོ་_100_],འགྲོ་_100_,འགྲོ་_100_,འགྲོ་_100_,འགྲོ་_100_,འགྲོ་_100_,འགྲོ་_100_
[བ་_100_],བ་_100_,བ་_100_,བ་_100_,བ་_100_,བ་_100_,བ་_100_
[དང་_100_],དང་_100_,དང་_100_,དང་_100_,དང་_100_,དང་_100_,དང་_100_
[། _100_],། _100_,། _100_,། _100_,། _100_,། _100_,། _100_
[བྱང་_100_],བྱང་_100_,བྱང་_100_,བྱང་_100_,བྱང་_100_,བྱང་_100_,བྱང་_100_
[ཆུབ་_100_],ཆུབ་_100_,ཆུབ་_100_,ཆུབ་_100_,ཆུབ་_100_,ཆུབ་_100_,ཆུབ་_100_
[ཏུ་_100_],ཏུ་_100_,ཏུ་_100_,ཏུ་_100_,ཏུ་_100_,ཏུ་_100_,ཏུ་_100_
[སེམས་_100_],སེམས་_100_,སེམས་_100_,སེམས་_100_,སེམས་_100_,སེམས་_100_,སེམས་_100_
[བསྐྱེད་_100_],བསྐྱེད་_100_,བསྐྱེད་_100_,བསྐྱེད་_100_,བསྐྱེད་_100_,བསྐྱེད་_100_,བསྐྱེད་_100_
[པ་_100_],པ་_100_,པ་_100_,པ་_100_,པ་_100_,པ་_100_,པ་_100_
[སྔོན་_100_],སྔོན་_100_,སྔོན་_100_,སྔོན་_100_,སྔོན་_100_,སྔོན་_100_,སྔོན་_100_
[དུ་_100_],དུ་_100_,དུ་_100_,དུ་_100_,དུ་_100_,དུ་_100_,དུ་_100_
[འགྲོ་_100_],འགྲོ་_100_,འགྲོ་_100_,འགྲོ་_100_,འགྲོ་_100_,འགྲོ་_100_,འགྲོ་_100_
[བས_100_],བས_100_,བས_100_,བས_100_,བས_100_,བས_100_,བས_100_
[། _100_],། _100_,། _100_,། _100_,། _100_,། _100_,། _100_
[དཀོན་_100_],དཀོན་_100_,དཀོན་_100_,དཀོན་_100_,དཀོན་_100_,དཀོན་_100_,དཀོན་_100_
[མཆོག་_100_],མཆོག་_100_,མཆོག་_100_,མཆོག་_100_,མཆོག་_100_,མཆོག་_100_,མཆོག་_100_
[གསུམ་_100_],གསུམ་_100_,གསུམ་_100_,གསུམ་_100_,གསུམ་_100_,གསུམ་_100_,གསུམ་_100_
[ལ་_100_],ལ་_100_,ལ་_100_,ལ་_100_,ལ་_100_,ལ་_100_,ལ་_100_
[བདག་_100_],བདག་_100_,བདག་_100_,བདག་_100_,བདག་_100_,བདག་_100_,བདག་_100_
[སྐྱབས་_100_],སྐྱབས་_100_,སྐྱབས་_100_,སྐྱབས་_100_,སྐྱབས་_100_,སྐྱབས་_100_,སྐྱབས་_100_
[མཆི_100_],མཆི_100_,མཆི_100_,མཆི_100_,མཆི_100_,མཆི_100_,མཆི_100_
[། །​_100_],། །​_100_,། །​_100_,། །​_100_,། །​_100_,། །​_100_,། །​_100_
[སྡིག་_100_],སྡིག་_100_,སྡིག་_100_,སྡིག་_100_,སྡིག་_100_,སྡིག་_100_,སྡིག་_100_
[པ་_100_],པ་_100_,པ་_100_,པ་_100_,པ་_100_,པ་_100_,པ་_100_
[ཐམས་_100_],ཐམས་_100_,ཐམས་_100_,ཐམས་_100_,ཐམས་_100_,ཐམས་_100_,ཐམས་_100_
[ཅད་_100_],ཅད་_100_,ཅད་_100_,ཅད་_100_,ཅད་_100_,ཅད་_100_,ཅད་_100_
[སོ་_100_],སོ་_100_,སོ་_100_,སོ་_100_,སོ་_100_,སོ་_100_,སོ་_100_
[སོར་_100_],སོར་_100_,སོར་_100_,སོར་_100_,སོར་_100_,སོར་_100_,སོར་_100_
[བཤགས_100_],བཤགས_100_,བཤགས_100_,བཤགས_100_,བཤགས_100_,བཤགས_100_,བཤགས_100_
[། །​_100_],། །​_100_,། །​_100_,། །​_100_,། །​_100_,། །​_100_,། །​_100_
[འགྲོ་_100_],འགྲོ་_100_,འགྲོ་_100_,འགྲོ་_100_,འགྲོ་_100_,འགྲོ་_100_,འགྲོ་_100_
[བའི་_100_],བའི་_100_,བའི་_100_,བའི་_100_,བའི་_100_,བའི་_100_,བའི་_100_
[དགེ་_100_],དགེ་_100_,དགེ་_100_,དགེ་_100_,དགེ་_100_,དགེ་_100_,དགེ་_100_
[ལ་_100_],ལ་_100_,ལ་_100_,ལ་_100_,ལ་_100_,ལ་_100_,ལ་_100_
[རྗེས་_100_],རྗེས་_100_,རྗེས་_100_,རྗེས་_100_,རྗེས་_100_,རྗེས་_100_,རྗེས་_100_
[ཡི་_85_],ཡི་_85_,ཡིད་_14_,ཡི་_85_,ཡི་_85_,ཡི་_85_,ཡི་_85_
[རང་_100_],རང་_100_,རང་_100_,རང་_100_,རང་_100_,རང་_100_,རང་_100_
[། །​_100_],། །​_100_,། །​_100_,། །​_100_,། །​_100_,། །​_100_,། །​_100_
[སངས་_100_],སངས་_100_,སངས་_100_,སངས་_100_,སངས་_100_,སངས་_100_,སངས་_100_
[རྒྱས་_100_],རྒྱས་_100_,རྒྱས་_100_,རྒྱས་_100_,རྒྱས་_100_,རྒྱས་_100_,རྒྱས་_100_
[བྱང་_100_],བྱང་_100_,བྱང་_100_,བྱང་_100_,བྱང་_100_,བྱང་_100_,བྱང་_100_
[ཆུབ་_100_],ཆུབ་_100_,ཆུབ་_100_,ཆུབ་_100_,ཆུབ་_100_,ཆུབ་_100_,ཆུབ་_100_
[ཡིད་_100_],ཡིད་_100_,ཡིད་_100_,ཡིད་_100_,ཡིད་_100_,ཡིད་_100_,ཡིད་_100_
[ཀྱིས་_100_],ཀྱིས་_100_,ཀྱིས་_100_,ཀྱིས་_100_,ཀྱིས་_100_,ཀྱིས་_100_,ཀྱིས་_100_
[གཟུང་_100_],གཟུང་_100_,གཟུང་_100_,གཟུང་_100_,གཟུང་_100_,གཟུང་_100_,གཟུང་_100_
[། །​_100_],། །​_100_,། །​_100_,། །​_100_,། །​_100_,། །​_100_,། །​_100_
[ཞེས་_100_],ཞེས་_100_,ཞེས་_100_,ཞེས་_100_,ཞེས་_100_,ཞེས་_100_,ཞེས་_100_
[ལན་_100_],ལན་_100_,ལན་_100_,ལན་_100_,ལན་_100_,ལན་_100_,ལན་_100_
[གསུམ་_100_],གསུམ་_100_,གསུམ་_100_,གསུམ་_100_,གསུམ་_100_,གསུམ་_100_,གསུམ་_100_
[བརྗོད་_100_],བརྗོད་_100_,བརྗོད་_100_,བརྗོད་_100_,བརྗོད་_100_,བརྗོད་_100_,བརྗོད་_100_
[པར་_100_],པར་_100_,པར་_100_,པར་_100_,པར་_100_,པར་_100_,པར་_100_
[བྱའོ_100_],བྱའོ_100_,བྱའོ_100_,བྱའོ_100_,བྱའོ_100_,བྱའོ_100_,བྱའོ_100_
[། །​_100_],། །​_100_,། །​_100_,། །​_100_,། །​_100_,། །​_100_,། །​_100_
[དེ་_100_],དེ་_100_,དེ་_100_,དེ་_100_,དེ་_100_,དེ་_100_,དེ་_100_
[ནས་_100_],ནས་_100_,ནས་_100_,ནས་_100_,ནས་_100_,ནས་_100_,ནས་_100_
[ཚད་_100_],ཚད་_100_,ཚད་_100_,ཚད་_100_,ཚད་_100_,ཚད་_100_,ཚད་_100_
[མེད་_100_],མེད་_100_,མེད་_100_,མེད་_100_,མེད་_100_,མེད་_100_,མེད་_100_
[པའི་_100_],པའི་_100_,པའི་_100_,པའི་_100_,པའི་_100_,པའི་_100_,པའི་_100_
[གནས་_100_],གནས་_100_,གནས་_100_,གནས་_100_,གནས་_100_,གནས་_100_,གནས་_100_
[བཞི་_100_],བཞི་_100_,བཞི་_100_,བཞི་_100_,བཞི་_100_,བཞི་_100_,བཞི་_100_
[བསྒོམ་པ་སྔོན་དུ་འགྲོ་བས། ཆོས་ཐམས་ཅད་སྟོང་པ་ཉིད་དུ་བསྒོམ་_85_],བསྒོམ་པ་སྔོན་དུ་འགྲོ་བས། ཆོས་ཐམས་ཅད་སྟོང་པ་ཉིད་དུ་བསྒོམ་_85_,བསྒོམ་_14_,བསྒོམ་པ་སྔོན་དུ་འགྲོ་བས། ཆོས་ཐམས་ཅད་སྟོང་པ་ཉིད་དུ་བསྒོམ་_85_,བསྒོམ་པ་སྔོན་དུ་འགྲོ་བས། ཆོས་ཐམས་ཅད་སྟོང་པ་ཉིད་དུ་བསྒོམ་_85_,བསྒོམ་པ་སྔོན་དུ་འགྲོ་བས། ཆོས་ཐམས་ཅད་སྟོང་པ་ཉིད་དུ་བསྒོམ་_85_,བསྒོམ་པ་སྔོན་དུ་འགྲོ་བས། ཆོས་ཐམས་ཅད་སྟོང་པ་ཉིད་དུ་བསྒོམ་_85_
[ཞིང་_100_],ཞིང་_100_,ཞིང་_100_,ཞིང་_100_,ཞིང་_100_,ཞིང་_100_,ཞིང་_100_
[།_85_],།_85_,།_85_,།_85_,།_85_,།_85_,། _14_
[སྔགས་_100_],སྔགས་_100_,སྔགས་_100_,སྔགས་_100_,སྔགས་_100_,སྔགས་_100_,སྔགས་_100_
[འདིས་_100_],འདིས་_100_,འདིས་_100_,འདིས་_100_,འདིས་_100_,འདིས་_100_,འདིས་_100_
[བྱིན་_100_],བྱིན་_100_,བྱིན་_100_,བྱིན་_100_,བྱིན་_100_,བྱིན་_100_,བྱིན་_100_
[གྱིས་_100_],གྱིས་_100_,གྱིས་_100_,གྱིས་_100_,གྱིས་_100_,གྱིས་_100_,གྱིས་_100_
[བརླབ་_71_],བརླབ་_71_,བརླབས་_28_,བརླབས་_28_,བརླབ་_71_,བརླབ་_71_,བརླབ་_71_
[པ་_100_],པ་_100_,པ་_100_,པ་_100_,པ་_100_,པ་_100_,པ་_100_
[བརྗོད་_100_],བརྗོད་_100_,བརྗོད་_100_,བརྗོད་_100_,བརྗོད་_100_,བརྗོད་_100_,བརྗོད་_100_
[པར་_100_],པར་_100_,པར་_100_,པར་_100_,པར་_100_,པར་_100_,པར་_100_
[བྱའོ_85_],བྱའོ_85_,བྱ་སྟེ_14_,བྱའོ_85_,བྱའོ_85_,བྱའོ_85_,བྱའོ_85_
[། །​_100_],། །​_100_,། །​_100_,། །​_100_,། །​_100_,། །​_100_,། །​_100_
[ཨོཾ་_100_],ཨོཾ་_100_,ཨོཾ་_100_,ཨོཾ་_100_,ཨོཾ་_100_,ཨོཾ་_100_,ཨོཾ་_100_
[ཤཱུ་_100_],ཤཱུ་_100_,ཤཱུ་_100_,ཤཱུ་_100_,ཤཱུ་_100_,ཤཱུ་_100_,ཤཱུ་_100_
[ནྱ་_100_],ནྱ་_100_,ནྱ་_100_,ནྱ་_100_,ནྱ་_100_,ནྱ་_100_,ནྱ་_100_
[ཏཱ་_100_],ཏཱ་_100_,ཏཱ་_100_,ཏཱ་_100_,ཏཱ་_100_,ཏཱ་_100_,ཏཱ་_100_
[ཛྙཱ་_100_],ཛྙཱ་_100_,ཛྙཱ་_100_,ཛྙཱ་_100_,ཛྙཱ་_100_,ཛྙཱ་_100_,ཛྙཱ་_100_
[ན་_100_],ན་_100_,ན་_100_,ན་_100_,ན་_100_,ན་_100_,ན་_100_
[བཛྲ་_100_],བཛྲ་_100_,བཛྲ་_100_,བཛྲ་_100_,བཛྲ་_100_,བཛྲ་_100_,བཛྲ་_100_
[སྭ་_85_],སྭ་_85_,སྭཱ་_14_,སྭ་_85_,སྭ་_85_,སྭ་_85_,སྭ་_85_
[བྷཱ་_100_],བྷཱ་_100_,བྷཱ་_100_,བྷཱ་_100_,བྷཱ་_100_,བྷཱ་_100_,བྷཱ་_100_
[ཝ་ཨཱཏྨ་ཀོ྅_85_],ཝ་ཨཱཏྨ་ཀོ྅_85_,བ་ཨད་མ་ཀོ་_14_,ཝ་ཨཱཏྨ་ཀོ྅_85_,ཝ་ཨཱཏྨ་ཀོ྅_85_,ཝ་ཨཱཏྨ་ཀོ྅_85_,ཝ་ཨཱཏྨ་ཀོ྅_85_
[ཧཾ_100_],ཧཾ_100_,ཧཾ_100_,ཧཾ_100_,ཧཾ_100_,ཧཾ_100_,ཧཾ_100_
[། _100_],། _100_,། _100_,། _100_,། _100_,། _100_,། _100_
[དེའི་_100_],དེའི་_100_,དེའི་_100_,དེའི་_100_,དེའི་_100_,དེའི་_100_,དེའི་_100_
[རྗེས་_100_],རྗེས་_100_,རྗེས་_100_,རྗེས་_100_,རྗེས་_100_,རྗེས་_100_,རྗེས་_100_
[ལ་_100_],ལ་_100_,ལ་_100_,ལ་_100_,ལ་_100_,ལ་_100_,ལ་_100_
[འགྲོ་_100_],འགྲོ་_100_,འགྲོ་_100_,འགྲོ་_100_,འགྲོ་_100_,འགྲོ་_100_,འགྲོ་_100_
[བ་_100_],བ་_100_,བ་_100_,བ་_100_,བ་_100_,བ་_100_,བ་_100_
[སྡུག་_100_],སྡུག་_100_,སྡུག་_100_,སྡུག་_100_,སྡུག་_100_,སྡུག་_100_,སྡུག་_100_
[བསྔལ་_100_],བསྔལ་_100_,བསྔལ་_100_,བསྔལ་_100_,བསྔལ་_100_,བསྔལ་_100_,བསྔལ་_100_
[བ་_100_],བ་_100_,བ་_100_,བ་_100_,བ་_100_,བ་_100_,བ་_100_
[མཐའ་_100_],མཐའ་_100_,མཐའ་_100_,མཐའ་_100_,མཐའ་_100_,མཐའ་_100_,མཐའ་_100_
[དག་_100_],དག་_100_,དག་_100_,དག་_100_,དག་_100_,དག་_100_,དག་_100_
[ལ་_100_],ལ་_100_,ལ་_100_,ལ་_100_,ལ་_100_,ལ་_100_,ལ་_100_
[སྙིང་_100_],སྙིང་_100_,སྙིང་_100_,སྙིང་_100_,སྙིང་_100_,སྙིང་_100_,སྙིང་_100_
[རྗེ་_100_],རྗེ་_100_,རྗེ་_100_,རྗེ་_100_,རྗེ་_100_,རྗེ་_100_,རྗེ་_100_
[བས_100_],བས_100_,བས_100_,བས_100_,བས_100_,བས_100_,བས_100_
[། _100_],། _100_,། _100_,། _100_,། _100_,། _100_,། _100_
[རང་_100_],རང་_100_,རང་_100_,རང་_100_,རང་_100_,རང་_100_,རང་_100_
[གི་_100_],གི་_100_,གི་_100_,གི་_100_,གི་_100_,གི་_100_,གི་_100_
[སེམས་_100_],སེམས་_100_,སེམས་_100_,སེམས་_100_,སེམས་_100_,སེམས་_100_,སེམས་_100_
[ཀྱི་_100_],ཀྱི་_100_,ཀྱི་_100_,ཀྱི་_100_,ཀྱི་_100_,ཀྱི་_100_,ཀྱི་_100_
[ས་_100_],ས་_100_,ས་_100_,ས་_100_,ས་_100_,ས་_100_,ས་_100_
[བོན་_100_],བོན་_100_,བོན་_100_,བོན་_100_,བོན་_100_,བོན་_100_,བོན་_100_
[གྱི་_100_],གྱི་_100_,གྱི་_100_,གྱི་_100_,གྱི་_100_,གྱི་_100_,གྱི་_100_
[གཟུགས་_100_],གཟུགས་_100_,གཟུགས་_100_,གཟུགས་_100_,གཟུགས་_100_,གཟུགས་_100_,གཟུགས་_100_
[ལ་_100_],ལ་_100_,ལ་_100_,ལ་_100_,ལ་_100_,ལ་_100_,ལ་_100_
[བལྟ་_100_],བལྟ་_100_,བལྟ་_100_,བལྟ་_100_,བལྟ་_100_,བལྟ་_100_,བལྟ་_100_
[སྟེ_100_],སྟེ_100_,སྟེ_100_,སྟེ_100_,སྟེ_100_,སྟེ_100_,སྟེ_100_
[། _100_],། _100_,། _100_,། _100_,། _100_,། _100_,། _100_
[དེ་_100_],དེ་_100_,དེ་_100_,དེ་_100_,དེ་_100_,དེ་_100_,དེ་_100_
[ཡོངས་_100_],ཡོངས་_100_,ཡོངས་_100_,ཡོངས་_100_,ཡོངས་_100_,ཡོངས་_100_,ཡོངས་_100_
[སུ་_100_],སུ་_100_,སུ་_100_,སུ་_100_,སུ་_100_,སུ་_100_,སུ་_100_
[གྱུར་_100_],གྱུར་_100_,གྱུར་_100_,གྱུར་_100_,གྱུར་_100_,གྱུར་_100_,གྱུར་_100_
[པ་ལ་ཨུཏྤ་ལ་དམར་པོའི་སྟེང་ན་དབྱངས་ཡིག་_71_],པ་ལ་ཨུཏྤ་ལ་དམར་པོའི་སྟེང་ན་དབྱངས་ཡིག་_71_,པ་ལས་ཨུད་པ་དམར་པོའི་སྟེང་དུ་དབྱངས་_14_,པ་ལ་ཨུཏྤ་ལ་དམར་པོའི་སྟེང་ན་དབྱངས་_14_,པ་ལ་ཨུཏྤ་ལ་དམར་པོའི་སྟེང་ན་དབྱངས་ཡིག་_71_,པ་ལ་ཨུཏྤ་ལ་དམར་པོའི་སྟེང་ན་དབྱངས་ཡིག་_71_,པ་ལ་ཨུཏྤ་ལ་དམར་པོའི་སྟེང་ན་དབྱངས་ཡིག་_71_
[དང་_100_],དང་_100_,དང་_100_,དང་_100_,དང་_100_,དང་_100_,དང་_100_
[པོ་_100_],པོ་_100_,པོ་_100_,པོ་_100_,པོ་_100_,པོ་_100_,པོ་_100_
[ཡོངས་_100_],ཡོངས་_100_,ཡོངས་_100_,ཡོངས་_100_,ཡོངས་_100_,ཡོངས་_100_,ཡོངས་_100_
[སུ་_100_],སུ་_100_,སུ་_100_,སུ་_100_,སུ་_100_,སུ་_100_,སུ་_100_
[གྱུར་_100_],གྱུར་_100_,གྱུར་_100_,གྱུར་_100_,གྱུར་_100_,གྱུར་_100_,གྱུར་_100_
[པ་_100_],པ་_100_,པ་_100_,པ་_100_,པ་_100_,པ་_100_,པ་_100_
[ལས་_100_],ལས་_100_,ལས་_100_,ལས་_100_,ལས་_100_,ལས་_100_,ལས་_100_
[ཟླ་_100_],ཟླ་_100_,ཟླ་_100_,ཟླ་_100_,ཟླ་_100_,ཟླ་_100_,ཟླ་_100_
[བ་_100_],བ་_100_,བ་_100_,བ་_100_,བ་_100_,བ་_100_,བ་_100_
[ལ་_100_],ལ་_100_,ལ་_100_,ལ་_100_,ལ་_100_,ལ་_100_,ལ་_100_
[གནས་_100_],གནས་_100_,གནས་_100_,གནས་_100_,གནས་_100_,གནས་_100_,གནས་_100_
[པའི་_100_],པའི་_100_,པའི་_100_,པའི་_100_,པའི་_100_,པའི་_100_,པའི་_100_
[ས་_100_],ས་_100_,ས་_100_,ས་_100_,ས་_100_,ས་_100_,ས་_100_
[བོན་_100_],བོན་_100_,བོན་_100_,བོན་_100_,བོན་_100_,བོན་_100_,བོན་_100_
[གྱི་_85_],གྱི་_85_,གྱིས་_14_,གྱི་_85_,གྱི་_85_,གྱི་_85_,གྱི་_85_
[འོད་_100_],འོད་_100_,འོད་_100_,འོད་_100_,འོད་_100_,འོད་_100_,འོད་_100_
[ཟེར་_100_],ཟེར་_100_,ཟེར་_100_,ཟེར་_100_,ཟེར་_100_,ཟེར་_100_,ཟེར་_100_
[རྣམས་_100_],རྣམས་_100_,རྣམས་_100_,རྣམས་_100_,རྣམས་_100_,རྣམས་_100_,རྣམས་_100_
[ཀྱིས་_85_],ཀྱིས་_85_,ཀྱི་_14_,ཀྱིས་_85_,ཀྱིས་_85_,ཀྱིས་_85_,ཀྱིས་_85_
[སྔོན་_100_],སྔོན་_100_,སྔོན་_100_,སྔོན་_100_,སྔོན་_100_,སྔོན་_100_,སྔོན་_100_
[བཞིན་_100_],བཞིན་_100_,བཞིན་_100_,བཞིན་_100_,བཞིན་_100_,བཞིན་_100_,བཞིན་_100_
[དུ་_100_],དུ་_100_,དུ་_100_,དུ་_100_,དུ་_100_,དུ་_100_,དུ་_100_
[འགྲོ་_100_],འགྲོ་_100_,འགྲོ་_100_,འགྲོ་_100_,འགྲོ་_100_,འགྲོ་_100_,འགྲོ་_100_
[བ་_100_],བ་_100_,བ་_100_,བ་_100_,བ་_100_,བ་_100_,བ་_100_
[རྣམས་_100_],རྣམས་_100_,རྣམས་_100_,རྣམས་_100_,རྣམས་_100_,རྣམས་_100_,རྣམས་_100_
[གསལ་_100_],གསལ་_100_,གསལ་_100_,གསལ་_100_,གསལ་_100_,གསལ་_100_,གསལ་_100_
[བར་_100_],བར་_100_,བར་_100_,བར་_100_,བར་_100_,བར་_100_,བར་_100_
[མཛད་_100_],མཛད་_100_,མཛད་_100_,མཛད་_100_,མཛད་_100_,མཛད་_100_,མཛད་_100_
[ནས_100_],ནས_100_,ནས_100_,ནས_100_,ནས_100_,ནས_100_,ནས_100_
[། _100_],། _100_,། _100_,། _100_,། _100_,། _100_,། _100_
[དེ་_100_],དེ་_100_,དེ་_100_,དེ་_100_,དེ་_100_,དེ་_100_,དེ་_100_
[བཞིན་_100_],བཞིན་_100_,བཞིན་_100_,བཞིན་_100_,བཞིན་_100_,བཞིན་_100_,བཞིན་_100_
[གཤེགས་_100_],གཤེགས་_100_,གཤེགས་_100_,གཤེགས་_100_,གཤེགས་_100_,གཤེགས་_100_,གཤེགས་_100_
[པ་_100_],པ་_100_,པ་_100_,པ་_100_,པ་_100_,པ་_100_,པ་_100_
[བྱེ་_100_],བྱེ་_100_,བྱེ་_100_,བྱེ་_100_,བྱེ་_100_,བྱེ་_100_,བྱེ་_100_
[བ་_100_],བ་_100_,བ་_100_,བ་_100_,བ་_100_,བ་_100_,བ་_100_
[མཐའ་_100_],མཐའ་_100_,མཐའ་_100_,མཐའ་_100_,མཐའ་_100_,མཐའ་_100_,མཐའ་_100_
[ཡས་_100_],ཡས་_100_,ཡས་_100_,ཡས་_100_,ཡས་_100_,ཡས་_100_,ཡས་_100_
[པ་_100_],པ་_100_,པ་_100_,པ་_100_,པ་_100_,པ་_100_,པ་_100_
[ཡང་_100_],ཡང་_100_,ཡང་_100_,ཡང་_100_,ཡང་_100_,ཡང་_100_,ཡང་_100_
[དག་_100_],དག་_100_,དག་_100_,དག་_100_,དག་_100_,དག་_100_,དག་_100_
[པར་_100_],པར་_100_,པར་_100_,པར་_100_,པར་_100_,པར་_100_,པར་_100_
[བསྐུལ་_100_],བསྐུལ་_100_,བསྐུལ་_100_,བསྐུལ་_100_,བསྐུལ་_100_,བསྐུལ་_100_,བསྐུལ་_100_
[ཞིང་_100_],ཞིང་_100_,ཞིང་_100_,ཞིང་_100_,ཞིང་_100_,ཞིང་_100_,ཞིང་_100_
[སྤྱན་_100_],སྤྱན་_100_,སྤྱན་_100_,སྤྱན་_100_,སྤྱན་_100_,སྤྱན་_100_,སྤྱན་_100_
[དྲངས་_100_],དྲངས་_100_,དྲངས་_100_,དྲངས་_100_,དྲངས་_100_,དྲངས་_100_,དྲངས་_100_
[ནས་_100_],ནས་_100_,ནས་_100_,ནས་_100_,ནས་_100_,ནས་_100_,ནས་_100_
[མདུན་_85_],མདུན་_85_,ནང་_14_,མདུན་_85_,མདུན་_85_,མདུན་_85_,མདུན་_85_
[དུ་_100_],དུ་_100_,དུ་_100_,དུ་_100_,དུ་_100_,དུ་_100_,དུ་_100_
[བསྒོམ་_100_],བསྒོམ་_100_,བསྒོམ་_100_,བསྒོམ་_100_,བསྒོམ་_100_,བསྒོམ་_100_,བསྒོམ་_100_
[པར་_100_],པར་_100_,པར་_100_,པར་_100_,པར་_100_,པར་_100_,པར་_100_
[བྱའོ_100_],བྱའོ_100_,བྱའོ_100_,བྱའོ_100_,བྱའོ_100_,བྱའོ_100_,བྱའོ_100_
[། །​_100_],། །​_100_,། །​_100_,། །​_100_,། །​_100_,། །​_100_,། །​_100_
[དེ་_100_],དེ་_100_,དེ་_100_,དེ་_100_,དེ་_100_,དེ་_100_,དེ་_100_
[ནས་ཨུཏྤལ་_71_],ནས་ཨུཏྤལ་_71_,ལ་ཨུད་པ་_14_,ནས་ཨུཏྤལ་_71_,ནས་ཨུཏྤལ་_71_,ནས་ཨུཏྤལ་_71_,ནས་ཨུཏྤ་ལ་_14_
[ལ་_100_],ལ་_100_,ལ་_100_,ལ་_100_,ལ་_100_,ལ་_100_,ལ་_100_
[སོགས་_100_],སོགས་_100_,སོགས་_100_,སོགས་_100_,སོགས་_100_,སོགས་_100_,སོགས་_100_
[པ་_100_],པ་_100_,པ་_100_,པ་_100_,པ་_100_,པ་_100_,པ་_100_
[ཡོངས་_100_],ཡོངས་_100_,ཡོངས་_100_,ཡོངས་_100_,ཡོངས་_100_,ཡོངས་_100_,ཡོངས་_100_
[སུ་_100_],སུ་_100_,སུ་_100_,སུ་_100_,སུ་_100_,སུ་_100_,སུ་_100_
[གྱུར་_100_],གྱུར་_100_,གྱུར་_100_,གྱུར་_100_,གྱུར་_100_,གྱུར་_100_,གྱུར་_100_
[པ་_100_],པ་_100_,པ་_100_,པ་_100_,པ་_100_,པ་_100_,པ་_100_
[ལས་_100_],ལས་_100_,ལས་_100_,ལས་_100_,ལས་_100_,ལས་_100_,ལས་_100_
[སྐུ་_100_],སྐུ་_100_,སྐུ་_100_,སྐུ་_100_,སྐུ་_100_,སྐུ་_100_,སྐུ་_100_
[མདོག་_100_],མདོག་_100_,མདོག་_100_,མདོག་_100_,མདོག་_100_,མདོག་_100_,མདོག་_100_
[དམར་_100_],དམར་_100_,དམར་_100_,དམར་_100_,དམར་_100_,དམར་_100_,དམར་_100_
[མོ_100_],མོ_100_,མོ_100_,མོ_100_,མོ_100_,མོ_100_,མོ_100_
[། _100_],། _100_,། _100_,། _100_,། _100_,། _100_,། _100_
[པདྨ་_100_],པདྨ་_100_,པདྨ་_100_,པདྨ་_100_,པདྨ་_100_,པདྨ་_100_,པདྨ་_100_
[དམར་_100_],དམར་_100_,དམར་_100_,དམར་_100_,དམར་_100_,དམར་_100_,དམར་_100_
[པོ་_100_],པོ་_100_,པོ་_100_,པོ་_100_,པོ་_100_,པོ་_100_,པོ་_100_
[དང་_100_],དང་_100_,དང་_100_,དང་_100_,དང་_100_,དང་_100_,དང་_100_
[ཟླ་_100_],ཟླ་_100_,ཟླ་_100_,ཟླ་_100_,ཟླ་_100_,ཟླ་_100_,ཟླ་_100_
[བའི་_100_],བའི་_100_,བའི་_100_,བའི་_100_,བའི་_100_,བའི་_100_,བའི་_100_
[གདན་_100_],གདན་_100_,གདན་_100_,གདན་_100_,གདན་_100_,གདན་_100_,གདན་_100_
[ལ་_100_],ལ་_100_,ལ་_100_,ལ་_100_,ལ་_100_,ལ་_100_,ལ་_100_
[བཞུགས་_100_],བཞུགས་_100_,བཞུགས་_100_,བཞུགས་_100_,བཞུགས་_100_,བཞུགས་_100_,བཞུགས་_100_
[པ_100_],པ_100_,པ_100_,པ_100_,པ_100_,པ_100_,པ_100_
[། _100_],། _100_,། _100_,། _100_,། _100_,། _100_,། _100_
[དར་_100_],དར་_100_,དར་_100_,དར་_100_,དར་_100_,དར་_100_,དར་_100_
[དམར་_100_],དམར་_100_,དམར་_100_,དམར་_100_,དམར་_100_,དམར་_100_,དམར་_100_
[པོའི་_100_],པོའི་_100_,པོའི་_100_,པོའི་_100_,པོའི་_100_,པོའི་_100_,པོའི་_100_
[སྟོད་_100_],སྟོད་_100_,སྟོད་_100_,སྟོད་_100_,སྟོད་_100_,སྟོད་_100_,སྟོད་_100_
[གཡོགས་_100_],གཡོགས་_100_,གཡོགས་_100_,གཡོགས་_100_,གཡོགས་_100_,གཡོགས་_100_,གཡོགས་_100_
[བྱས་_100_],བྱས་_100_,བྱས་_100_,བྱས་_100_,བྱས་_100_,བྱས་_100_,བྱས་_100_
[པས་_71_],པས་_71_,པ་_28_,པ་_28_,པས་_71_,པས་_71_,པས་_71_
[འོད་_100_],འོད་_100_,འོད་_100_,འོད་_100_,འོད་_100_,འོད་_100_,འོད་_100_
[ཟེར་_100_],ཟེར་_100_,ཟེར་_100_,ཟེར་_100_,ཟེར་_100_,ཟེར་_100_,ཟེར་_100_
[དམར་_100_],དམར་_100_,དམར་_100_,དམར་_100_,དམར་_100_,དམར་_100_,དམར་_100_
[པོ་_100_],པོ་_100_,པོ་_100_,པོ་_100_,པོ་_100_,པོ་_100_,པོ་_100_
[དང་_100_],དང་_100_,དང་_100_,དང་_100_,དང་_100_,དང་_100_,དང་_100_
[ལྡན་_100_],ལྡན་_100_,ལྡན་_100_,ལྡན་_100_,ལྡན་_100_,ལྡན་_100_,ལྡན་_100_
[པ_100_],པ_100_,པ_100_,པ_100_,པ_100_,པ_100_,པ_100_
[། _100_],། _100_,། _100_,། _100_,། _100_,། _100_,། _100_
[རིན་_100_],རིན་_100_,རིན་_100_,རིན་_100_,རིན་_100_,རིན་_100_,རིན་_100_
[པོ་_100_],པོ་_100_,པོ་_100_,པོ་_100_,པོ་_100_,པོ་_100_,པོ་_100_
[ཆེ་_100_],ཆེ་_100_,ཆེ་_100_,ཆེ་_100_,ཆེ་_100_,ཆེ་_100_,ཆེ་_100_
[དམར་_100_],དམར་_100_,དམར་_100_,དམར་_100_,དམར་_100_,དམར་_100_,དམར་_100_
[པོའི་_100_],པོའི་_100_,པོའི་_100_,པོའི་_100_,པོའི་_100_,པོའི་_100_,པོའི་_100_
[རྣ་_100_],རྣ་_100_,རྣ་_100_,རྣ་_100_,རྣ་_100_,རྣ་_100_,རྣ་_100_
[རྒྱན་_85_],རྒྱན་_85_,བརྒྱན་_14_,རྒྱན་_85_,རྒྱན་_85_,རྒྱན་_85_,རྒྱན་_85_
[ཅན_100_],ཅན_100_,ཅན_100_,ཅན_100_,ཅན_100_,ཅན_100_,ཅན_100_
[། _100_],། _100_,། _100_,། _100_,། _100_,། _100_,། _100_
[ཕྱག་_100_],ཕྱག་_100_,ཕྱག་_100_,ཕྱག་_100_,ཕྱག་_100_,ཕྱག་_100_,ཕྱག་_100_
[བཞི་_100_],བཞི་_100_,བཞི་_100_,བཞི་_100_,བཞི་_100_,བཞི་_100_,བཞི་_100_
[པ_100_],པ_100_,པ_100_,པ_100_,པ_100_,པ_100_,པ_100_
[། _100_],། _100_,། _100_,། _100_,། _100_,། _100_,། _100_
[གཡས་_100_],གཡས་_100_,གཡས་_100_,གཡས་_100_,གཡས་_100_,གཡས་_100_,གཡས་_100_
[པས་_100_],པས་_100_,པས་_100_,པས་_100_,པས་_100_,པས་_100_,པས་_100_
[མི་_100_],མི་_100_,མི་_100_,མི་_100_,མི་_100_,མི་_100_,མི་_100_
[འཇིགས་_100_],འཇིགས་_100_,འཇིགས་_100_,འཇིགས་_100_,འཇིགས་_100_,འཇིགས་_100_,འཇིགས་_100_
[པ་_100_],པ་_100_,པ་_100_,པ་_100_,པ་_100_,པ་_100_,པ་_100_
[རབ་_100_],རབ་_100_,རབ་_100_,རབ་_100_,རབ་_100_,རབ་_100_,རབ་_100_
[ཏུ་_100_],ཏུ་_100_,ཏུ་_100_,ཏུ་_100_,ཏུ་_100_,ཏུ་_100_,ཏུ་_100_
[སྦྱིན་_100_],སྦྱིན་_100_,སྦྱིན་_100_,སྦྱིན་_100_,སྦྱིན་_100_,སྦྱིན་_100_,སྦྱིན་_100_
[པ_100_],པ_100_,པ_100_,པ_100_,པ_100_,པ_100_,པ_100_
[། _100_],། _100_,། _100_,། _100_,། _100_,། _100_,། _100_
[གཉིས་_100_],གཉིས་_100_,གཉིས་_100_,གཉིས་_100_,གཉིས་_100_,གཉིས་_100_,གཉིས་_100_
[པས་_100_],པས་_100_,པས་_100_,པས་_100_,པས་_100_,པས་_100_,པས་_100_
[མདའ་_100_],མདའ་_100_,མདའ་_100_,མདའ་_100_,མདའ་_100_,མདའ་_100_,མདའ་_100_
[ཡང་_100_],ཡང་_100_,ཡང་_100_,ཡང་_100_,ཡང་_100_,ཡང་_100_,ཡང་_100_
[དག་_100_],དག་_100_,དག་_100_,དག་_100_,དག་_100_,དག་_100_,དག་_100_
[པར་_100_],པར་_100_,པར་_100_,པར་_100_,པར་_100_,པར་_100_,པར་_100_
[འགེངས་_100_],འགེངས་_100_,འགེངས་_100_,འགེངས་_100_,འགེངས་_100_,འགེངས་_100_,འགེངས་_100_
[པ_100_],པ_100_,པ_100_,པ_100_,པ_100_,པ_100_,པ_100_
[། _100_],། _100_,། _100_,། _100_,། _100_,། _100_,། _100_
[གཡོན་_100_],གཡོན་_100_,གཡོན་_100_,གཡོན་_100_,གཡོན་_100_,གཡོན་_100_,གཡོན་_100_
[ན་_100_],ན་_100_,ན་_100_,ན་_100_,ན་_100_,ན་_100_,ན་_100_
[རིན་_100_],རིན་_100_,རིན་_100_,རིན་_100_,རིན་_100_,རིན་_100_,རིན་_100_
[པོ་_100_],པོ་_100_,པོ་_100_,པོ་_100_,པོ་_100_,པོ་_100_,པོ་_100_
[ཆེའི་_100_],ཆེའི་_100_,ཆེའི་_100_,ཆེའི་_100_,ཆེའི་_100_,ཆེའི་_100_,ཆེའི་_100_
[གཞུ་_100_],གཞུ་_100_,གཞུ་_100_,གཞུ་_100_,གཞུ་_100_,གཞུ་_100_,གཞུ་_100_
[བསྣམས་_85_],བསྣམས་_85_,བསམས་_14_,བསྣམས་_85_,བསྣམས་_85_,བསྣམས་_85_,བསྣམས་_85_
[པ_100_],པ_100_,པ_100_,པ_100_,པ_100_,པ_100_,པ_100_
[། _100_],། _100_,། _100_,། _100_,། _100_,། _100_,། _100_
[གཉིས་_100_],གཉིས་_100_,གཉིས་_100_,གཉིས་_100_,གཉིས་_100_,གཉིས་_100_,གཉིས་_100_
[པས་_100_],པས་_100_,པས་_100_,པས་_100_,པས་_100_,པས་_100_,པས་_100_
[ཨུཏྤལ་_85_],ཨུཏྤལ་_85_,ཨུད་པ་ལ་_14_,ཨུཏྤལ་_85_,ཨུཏྤལ་_85_,ཨུཏྤལ་_85_,ཨུཏྤལ་_85_
[དམར་_100_],དམར་_100_,དམར་_100_,དམར་_100_,དམར་_100_,དམར་_100_,དམར་_100_
[པོ་_100_],པོ་_100_,པོ་_100_,པོ་_100_,པོ་_100_,པོ་_100_,པོ་_100_
[བསྣམས་_100_],བསྣམས་_100_,བསྣམས་_100_,བསྣམས་_100_,བསྣམས་_100_,བསྣམས་_100_,བསྣམས་_100_
[པ_100_],པ_100_,པ_100_,པ_100_,པ_100_,པ_100_,པ_100_
[། _100_],། _100_,། _100_,། _100_,། _100_,། _100_,། _100_
[དེ་_100_],དེ་_100_,དེ་_100_,དེ་_100_,དེ་_100_,དེ་_100_,དེ་_100_
[བཞིན་_100_],བཞིན་_100_,བཞིན་_100_,བཞིན་_100_,བཞིན་_100_,བཞིན་_100_,བཞིན་_100_
[གཤེགས་_100_],གཤེགས་_100_,གཤེགས་_100_,གཤེགས་_100_,གཤེགས་_100_,གཤེགས་_100_,གཤེགས་_100_
[པ་_100_],པ་_100_,པ་_100_,པ་_100_,པ་_100_,པ་_100_,པ་_100_
[འོད་_100_],འོད་_100_,འོད་_100_,འོད་_100_,འོད་_100_,འོད་_100_,འོད་_100_
[དཔག་_100_],དཔག་_100_,དཔག་_100_,དཔག་_100_,དཔག་_100_,དཔག་_100_,དཔག་_100_
[མེད་_100_],མེད་_100_,མེད་_100_,མེད་_100_,མེད་_100_,མེད་_100_,མེད་_100_
[ཀྱི་_100_],ཀྱི་_100_,ཀྱི་_100_,ཀྱི་_100_,ཀྱི་_100_,ཀྱི་_100_,ཀྱི་_100_
[དབུ་_100_],དབུ་_100_,དབུ་_100_,དབུ་_100_,དབུ་_100_,དབུ་_100_,དབུ་_100_
[རྒྱན་_71_],རྒྱན་_71_,བརྒྱན་_28_,བརྒྱན་_28_,རྒྱན་_71_,རྒྱན་_71_,རྒྱན་_71_
[ཅན_100_],ཅན_100_,ཅན_100_,ཅན_100_,ཅན_100_,ཅན_100_,ཅན_100_
[། _100_],། _100_,། _100_,། _100_,། _100_,། _100_,། _100_
[ཀུ་_100_],ཀུ་_100_,ཀུ་_100_,ཀུ་_100_,ཀུ་_100_,ཀུ་_100_,ཀུ་_100_
[རུ་_100_],རུ་_100_,རུ་_100_,རུ་_100_,རུ་_100_,རུ་_100_,རུ་_100_
[ཀུལླེའི་_100_],ཀུལླེའི་_100_,ཀུལླེའི་_100_,ཀུལླེའི་_100_,ཀུལླེའི་_100_,ཀུལླེའི་_100_,ཀུལླེའི་_100_
[རིའི་_100_],རིའི་_100_,རིའི་_100_,རིའི་_100_,རིའི་_100_,རིའི་_100_,རིའི་_100_
[ཕུག་_100_],ཕུག་_100_,ཕུག་_100_,ཕུག་_100_,ཕུག་_100_,ཕུག་_100_,ཕུག་_100_
[ན་_100_],ན་_100_,ན་_100_,ན་_100_,ན་_100_,ན་_100_,ན་_100_
[བཞུགས་_100_],བཞུགས་_100_,བཞུགས་_100_,བཞུགས་_100_,བཞུགས་_100_,བཞུགས་_100_,བཞུགས་_100_
[པ_100_],པ_100_,པ_100_,པ_100_,པ_100_,པ_100_,པ_100_
[། _100_],། _100_,། _100_,། _100_,། _100_,། _100_,། _100_
[སྒྲ་_100_],སྒྲ་_100_,སྒྲ་_100_,སྒྲ་_100_,སྒྲ་_100_,སྒྲ་_100_,སྒྲ་_100_
[གཅན་ཟིན་_85_],གཅན་ཟིན་_85_,གཅན་_14_,གཅན་ཟིན་_85_,གཅན་ཟིན་_85_,གཅན་ཟིན་_85_,གཅན་ཟིན་_85_
[གྱི་_100_],གྱི་_100_,གྱི་_100_,གྱི་_100_,གྱི་_100_,གྱི་_100_,གྱི་_100_
[མགོ་_100_],མགོ་_100_,མགོ་_100_,མགོ་_100_,མགོ་_100_,མགོ་_100_,མགོ་_100_
[ལ་_100_],ལ་_100_,ལ་_100_,ལ་_100_,ལ་_100_,ལ་_100_,ལ་_100_
[གནས་_100_],གནས་_100_,གནས་_100_,གནས་_100_,གནས་_100_,གནས་_100_,གནས་_100_
[པའི་_100_],པའི་_100_,པའི་_100_,པའི་_100_,པའི་_100_,པའི་_100_,པའི་_100_
[འདོད་_100_],འདོད་_100_,འདོད་_100_,འདོད་_100_,འདོད་_100_,འདོད་_100_,འདོད་_100_
[ལྷ་_100_],ལྷ་_100_,ལྷ་_100_,ལྷ་_100_,ལྷ་_100_,ལྷ་_100_,ལྷ་_100_
[ཆུང་_100_],ཆུང་_100_,ཆུང་_100_,ཆུང་_100_,ཆུང་_100_,ཆུང་_100_,ཆུང་_100_
[མ་_100_],མ་_100_,མ་_100_,མ་_100_,མ་_100_,མ་_100_,མ་_100_
[དང་_100_],དང་_100_,དང་_100_,དང་_100_,དང་_100_,དང་_100_,དང་_100_
[བཅས་_100_],བཅས་_100_,བཅས་_100_,བཅས་_100_,བཅས་_100_,བཅས་_100_,བཅས་_100_
[པའི་_100_],པའི་_100_,པའི་_100_,པའི་_100_,པའི་_100_,པའི་_100_,པའི་_100_
[སྟེང་_100_],སྟེང་_100_,སྟེང་_100_,སྟེང་_100_,སྟེང་_100_,སྟེང་_100_,སྟེང་_100_
[དུ་_100_],དུ་_100_,དུ་_100_,དུ་_100_,དུ་_100_,དུ་_100_,དུ་_100_
[བཞུགས་_100_],བཞུགས་_100_,བཞུགས་_100_,བཞུགས་_100_,བཞུགས་_100_,བཞུགས་_100_,བཞུགས་_100_
[པ_100_],པ_100_,པ_100_,པ_100_,པ_100_,པ_100_,པ_100_
[། _100_],། _100_,། _100_,། _100_,། _100_,། _100_,། _100_
[སྒེག་_100_],སྒེག་_100_,སྒེག་_100_,སྒེག་_100_,སྒེག་_100_,སྒེག་_100_,སྒེག་_100_
[པའི་_100_],པའི་_100_,པའི་_100_,པའི་_100_,པའི་_100_,པའི་_100_,པའི་_100_
[ཉམས་_100_],ཉམས་_100_,ཉམས་_100_,ཉམས་_100_,ཉམས་_100_,ཉམས་_100_,ཉམས་_100_
[ཀྱིས་_100_],ཀྱིས་_100_,ཀྱིས་_100_,ཀྱིས་_100_,ཀྱིས་_100_,ཀྱིས་_100_,ཀྱིས་_100_
[རོལ་_100_],རོལ་_100_,རོལ་_100_,རོལ་_100_,རོལ་_100_,རོལ་_100_,རོལ་_100_
[ཞིང་_100_],ཞིང་_100_,ཞིང་_100_,ཞིང་_100_,ཞིང་_100_,ཞིང་_100_,ཞིང་_100_
[དང་_100_],དང་_100_,དང་_100_,དང་_100_,དང་_100_,དང་_100_,དང་_100_
[པོའི་_100_],པོའི་_100_,པོའི་_100_,པོའི་_100_,པོའི་_100_,པོའི་_100_,པོའི་_100_
[ལང་_100_],ལང་_100_,ལང་_100_,ལང་_100_,ལང་_100_,ལང་_100_,ལང་_100_
[ཚོ་_100_],ཚོ་_100_,ཚོ་_100_,ཚོ་_100_,ཚོ་_100_,ཚོ་_100_,ཚོ་_100_
[དང་_100_],དང་_100_,དང་_100_,དང་_100_,དང་_100_,དང་_100_,དང་_100_
[ལྡན་_100_],ལྡན་_100_,ལྡན་_100_,ལྡན་_100_,ལྡན་_100_,ལྡན་_100_,ལྡན་_100_
[པའི་_100_],པའི་_100_,པའི་_100_,པའི་_100_,པའི་_100_,པའི་_100_,པའི་_100_
[རིགས་_71_],རིགས་_71_,རིག་_28_,རིག་_28_,རིགས་_71_,རིགས་_71_,རིགས་_71_
[བྱེད་_100_],བྱེད་_100_,བྱེད་_100_,བྱེད་_100_,བྱེད་_100_,བྱེད་_100_,བྱེད་_100_
[མ་_100_],མ་_100_,མ་_100_,མ་_100_,མ་_100_,མ་_100_,མ་_100_
[བསྒོམ་_100_],བསྒོམ་_100_,བསྒོམ་_100_,བསྒོམ་_100_,བསྒོམ་_100_,བསྒོམ་_100_,བསྒོམ་_100_
[པར་_100_],པར་_100_,པར་_100_,པར་_100_,པར་_100_,པར་_100_,པར་_100_
[བྱའོ_100_],བྱའོ_100_,བྱའོ_100_,བྱའོ_100_,བྱའོ_100_,བྱའོ_100_,བྱའོ_100_
[། །​_100_],། །​_100_,། །​_100_,། །​_100_,། །​_100_,། །​_100_,། །​_100_
[དེ་_100_],དེ་_100_,དེ་_100_,དེ་_100_,དེ་_100_,དེ་_100_,དེ་_100_
[ལྟར་ན་_85_],ལྟར་ན་_85_,ལྟར་_14_,ལྟར་ན་_85_,ལྟར་ན་_85_,ལྟར་ན་_85_,ལྟར་ན་_85_
[དམ་_100_],དམ་_100_,དམ་_100_,དམ་_100_,དམ་_100_,དམ་_100_,དམ་_100_
[ཚིག་_100_],ཚིག་_100_,ཚིག་_100_,ཚིག་_100_,ཚིག་_100_,ཚིག་_100_,ཚིག་_100_
[སེམས་_100_],སེམས་_100_,སེམས་_100_,སེམས་_100_,སེམས་_100_,སེམས་_100_,སེམས་_100_
[དཔའ་_85_],དཔའ་_85_,གསལ་_14_,དཔའ་_85_,དཔའ་_85_,དཔའ་_85_,དཔའ་_85_
[བསྐྱེད་_100_],བསྐྱེད་_100_,བསྐྱེད་_100_,བསྐྱེད་_100_,བསྐྱེད་_100_,བསྐྱེད་_100_,བསྐྱེད་_100_
[ནས་_100_],ནས་_100_,ནས་_100_,ནས་_100_,ནས་_100_,ནས་_100_,ནས་_100_
[སྐད་_100_],སྐད་_100_,སྐད་_100_,སྐད་_100_,སྐད་_100_,སྐད་_100_,སྐད་_100_
[ཅིག་_100_],ཅིག་_100_,ཅིག་_100_,ཅིག་_100_,ཅིག་_100_,ཅིག་_100_,ཅིག་_100_
[གིས་_100_],གིས་_100_,གིས་_100_,གིས་_100_,གིས་_100_,གིས་_100_,གིས་_100_
[ཡེ་_100_],ཡེ་_100_,ཡེ་_100_,ཡེ་_100_,ཡེ་_100_,ཡེ་_100_,ཡེ་_100_
[ཤེས་_100_],ཤེས་_100_,ཤེས་_100_,ཤེས་_100_,ཤེས་_100_,ཤེས་_100_,ཤེས་_100_
[སེམས་_100_],སེམས་_100_,སེམས་_100_,སེམས་_100_,སེམས་_100_,སེམས་_100_,སེམས་_100_
[དཔའ་_100_],དཔའ་_100_,དཔའ་_100_,དཔའ་_100_,དཔའ་_100_,དཔའ་_100_,དཔའ་_100_
[མདུན་_100_],མདུན་_100_,མདུན་_100_,མདུན་_100_,མདུན་_100_,མདུན་_100_,མདུན་_100_
[དུ་_100_],དུ་_100_,དུ་_100_,དུ་_100_,དུ་_100_,དུ་_100_,དུ་_100_
[སྤྱན་_100_],སྤྱན་_100_,སྤྱན་_100_,སྤྱན་_100_,སྤྱན་_100_,སྤྱན་_100_,སྤྱན་_100_
[དྲངས་_100_],དྲངས་_100_,དྲངས་_100_,དྲངས་_100_,དྲངས་_100_,དྲངས་_100_,དྲངས་_100_
[ཏེ་_100_],ཏེ་_100_,ཏེ་_100_,ཏེ་_100_,ཏེ་_100_,ཏེ་_100_,ཏེ་_100_
[ཡང་_100_],ཡང་_100_,ཡང་_100_,ཡང་_100_,ཡང་_100_,ཡང་_100_,ཡང་_100_
[དག་_100_],དག་_100_,དག་_100_,དག་_100_,དག་_100_,དག་_100_,དག་_100_
[པར་_100_],པར་_100_,པར་_100_,པར་_100_,པར་_100_,པར་_100_,པར་_100_
[མཆོད་_100_],མཆོད་_100_,མཆོད་_100_,མཆོད་_100_,མཆོད་_100_,མཆོད་_100_,མཆོད་_100_
[ནས་_100_],ནས་_100_,ནས་_100_,ནས་_100_,ནས་_100_,ནས་_100_,ནས་_100_
[དམ་_100_],དམ་_100_,དམ་_100_,དམ་_100_,དམ་_100_,དམ་_100_,དམ་_100_
[ཚིག་_100_],ཚིག་_100_,ཚིག་_100_,ཚིག་_100_,ཚིག་_100_,ཚིག་_100_,ཚིག་_100_
[གི་_100_],གི་_100_,གི་_100_,གི་_100_,གི་_100_,གི་_100_,གི་_100_
[ཕྱག་_100_],ཕྱག་_100_,ཕྱག་_100_,ཕྱག་_100_,ཕྱག་_100_,ཕྱག་_100_,ཕྱག་_100_
[རྒྱས་_100_],རྒྱས་_100_,རྒྱས་_100_,རྒྱས་_100_,རྒྱས་_100_,རྒྱས་_100_,རྒྱས་_100_
[ཞལ་གྱི་ནང་ནས་_85_],ཞལ་གྱི་ནང་ནས་_85_,ཞལ་གྱིས་_14_,ཞལ་གྱི་ནང་ནས་_85_,ཞལ་གྱི་ནང་ནས་_85_,ཞལ་གྱི་ནང་ནས་_85_,ཞལ་གྱི་ནང་ནས་_85_
[ནང་_100_],ནང་_100_,ནང་_100_,ནང་_100_,ནང་_100_,ནང་_100_,ནང་_100_
[དུ་_100_],དུ་_100_,དུ་_100_,དུ་_100_,དུ་_100_,དུ་_100_,དུ་_100_
[གཞུག་_85_],གཞུག་_85_,ཞུགས་_14_,གཞུག་_85_,གཞུག་_85_,གཞུག་_85_,གཞུག་_85_
[པར་_71_],པར་_71_,པར་སྒོམ་པར་_14_,པར་བསྒོམ་པར་_14_,པར་_71_,པར་_71_,པར་_71_
[བྱའོ_100_],བྱའོ_100_,བྱའོ_100_,བྱའོ_100_,བྱའོ_100_,བྱའོ_100_,བྱའོ_100_
[། །​_100_],། །​_100_,། །​_100_,། །​_100_,། །​_100_,། །​_100_,། །​_100_
[དེ་_100_],དེ་_100_,དེ་_100_,དེ་_100_,དེ་_100_,དེ་_100_,དེ་_100_
[ལ་_100_],ལ་_100_,ལ་_100_,ལ་_100_,ལ་_100_,ལ་_100_,ལ་_100_
[དམ་_100_],དམ་_100_,དམ་_100_,དམ་_100_,དམ་_100_,དམ་_100_,དམ་_100_
[ཚིག་_100_],ཚིག་_100_,ཚིག་_100_,ཚིག་_100_,ཚིག་_100_,ཚིག་_100_,ཚིག་_100_
[གི་_100_],གི་_100_,གི་_100_,གི་_100_,གི་_100_,གི་_100_,གི་_100_
[ཕྱག་_100_],ཕྱག་_100_,ཕྱག་_100_,ཕྱག་_100_,ཕྱག་_100_,ཕྱག་_100_,ཕྱག་_100_
[རྒྱ་_100_],རྒྱ་_100_,རྒྱ་_100_,རྒྱ་_100_,རྒྱ་_100_,རྒྱ་_100_,རྒྱ་_100_
[ནི་_100_],ནི་_100_,ནི་_100_,ནི་_100_,ནི་_100_,ནི་_100_,ནི་_100_
[འདི་_100_],འདི་_100_,འདི་_100_,འདི་_100_,འདི་_100_,འདི་_100_,འདི་_100_
[ཡིན་_100_],ཡིན་_100_,ཡིན་_100_,ཡིན་_100_,ཡིན་_100_,ཡིན་_100_,ཡིན་_100_
[ཏེ_100_],ཏེ_100_,ཏེ_100_,ཏེ_100_,ཏེ_100_,ཏེ_100_,ཏེ_100_
[། _100_],། _100_,། _100_,། _100_,། _100_,། _100_,། _100_
[ཐལ་_100_],ཐལ་_100_,ཐལ་_100_,ཐལ་_100_,ཐལ་_100_,ཐལ་_100_,ཐལ་_100_
[མོ་_100_],མོ་_100_,མོ་_100_,མོ་_100_,མོ་_100_,མོ་_100_,མོ་_100_
[ཡང་_100_],ཡང་_100_,ཡང་_100_,ཡང་_100_,ཡང་_100_,ཡང་_100_,ཡང་_100_
[དག་_100_],དག་_100_,དག་_100_,དག་_100_,དག་_100_,དག་_100_,དག་_100_
[པར་_100_],པར་_100_,པར་_100_,པར་_100_,པར་_100_,པར་_100_,པར་_100_
[སྦྱར་_100_],སྦྱར་_100_,སྦྱར་_100_,སྦྱར་_100_,སྦྱར་_100_,སྦྱར་_100_,སྦྱར་_100_
[ནས་_100_],ནས་_100_,ནས་_100_,ནས་_100_,ནས་_100_,ནས་_100_,ནས་_100_
[གུང་_85_],གུང་_85_,གང་_14_,གུང་_85_,གུང་_85_,གུང་_85_,གུང་_85_
[མོ་_100_],མོ་_100_,མོ་_100_,མོ་_100_,མོ་_100_,མོ་_100_,མོ་_100_
[དག་_100_],དག་_100_,དག་_100_,དག་_100_,དག་_100_,དག་_100_,དག་_100_
[རྩེ་_100_],རྩེ་_100_,རྩེ་_100_,རྩེ་_100_,རྩེ་_100_,རྩེ་_100_,རྩེ་_100_
[མོར་_100_],མོར་_100_,མོར་_100_,མོར་_100_,མོར་_100_,མོར་_100_,མོར་_100_
[བྱས་_100_],བྱས་_100_,བྱས་_100_,བྱས་_100_,བྱས་_100_,བྱས་_100_,བྱས་_100_
[པའི་_100_],པའི་_100_,པའི་_100_,པའི་_100_,པའི་_100_,པའི་_100_,པའི་_100_
[དབུས་_100_],དབུས་_100_,དབུས་_100_,དབུས་_100_,དབུས་_100_,དབུས་_100_,དབུས་_100_
[སུ་_100_],སུ་_100_,སུ་_100_,སུ་_100_,སུ་_100_,སུ་_100_,སུ་_100_
[མིང་_100_],མིང་_100_,མིང་_100_,མིང་_100_,མིང་_100_,མིང་_100_,མིང་_100_
[མེད་_100_],མེད་_100_,མེད་_100_,མེད་_100_,མེད་_100_,མེད་_100_,མེད་_100_
[དག་_100_],དག་_100_,དག་_100_,དག་_100_,དག་_100_,དག་_100_,དག་_100_
[བཅུག་_100_],བཅུག་_100_,བཅུག་_100_,བཅུག་_100_,བཅུག་_100_,བཅུག་_100_,བཅུག་_100_
[སྟེ_100_],སྟེ_100_,སྟེ_100_,སྟེ_100_,སྟེ_100_,སྟེ_100_,སྟེ_100_
[། _100_],། _100_,། _100_,། _100_,། _100_,། _100_,། _100_
[གུང་_100_],གུང་_100_,གུང་_100_,གུང་_100_,གུང་_100_,གུང་_100_,གུང་_100_
[མོའི་_100_],མོའི་_100_,མོའི་_100_,མོའི་_100_,མོའི་_100_,མོའི་_100_,མོའི་_100_
[རྒྱབ་_100_],རྒྱབ་_100_,རྒྱབ་_100_,རྒྱབ་_100_,རྒྱབ་_100_,རྒྱབ་_100_,རྒྱབ་_100_
[ཏུ་_100_],ཏུ་_100_,ཏུ་_100_,ཏུ་_100_,ཏུ་_100_,ཏུ་_100_,ཏུ་_100_
[མཛུབ་_85_],མཛུབ་_85_,འཛུབ་_14_,མཛུབ་_85_,མཛུབ་_85_,མཛུབ་_85_,མཛུབ་_85_
[མོ་_100_],མོ་_100_,མོ་_100_,མོ་_100_,མོ་_100_,མོ་_100_,མོ་_100_
[གཉིས་_100_],གཉིས་_100_,གཉིས་_100_,གཉིས་_100_,གཉིས་_100_,གཉིས་_100_,གཉིས་_100_
[གནས་_100_],གནས་_100_,གནས་_100_,གནས་_100_,གནས་_100_,གནས་_100_,གནས་_100_
[ཤིང་_100_],ཤིང་_100_,ཤིང་_100_,ཤིང་_100_,ཤིང་_100_,ཤིང་_100_,ཤིང་_100_
[མཐེབ་_100_],མཐེབ་_100_,མཐེབ་_100_,མཐེབ་_100_,མཐེབ་_100_,མཐེབ་_100_,མཐེབ་_100_
[ཆེན་_100_],ཆེན་_100_,ཆེན་_100_,ཆེན་_100_,ཆེན་_100_,ཆེན་_100_,ཆེན་_100_
[གཉིས་_100_],གཉིས་_100_,གཉིས་_100_,གཉིས་_100_,གཉིས་_100_,གཉིས་_100_,གཉིས་_100_
[འོག་_100_],འོག་_100_,འོག་_100_,འོག་_100_,འོག་_100_,འོག་_100_,འོག་_100_
[ཏུ་གཞུག་_71_],ཏུ་གཞུག་_71_,ཏུ་རབ་ཏུ་ཞུགས་_14_,ཏུ་རབ་ཞུགས་_14_,ཏུ་གཞུག་_71_,ཏུ་གཞུག་_71_,ཏུ་གཞུག་_71_
[པ་_100_],པ་_100_,པ་_100_,པ་_100_,པ་_100_,པ་_100_,པ་_100_
[དེ་_100_],དེ་_100_,དེ་_100_,དེ་_100_,དེ་_100_,དེ་_100_,དེ་_100_
[ལྟ་_100_],ལྟ་_100_,ལྟ་_100_,ལྟ་_100_,ལྟ་_100_,ལྟ་_100_,ལྟ་_100_
[བུའི་_100_],བུའི་_100_,བུའི་_100_,བུའི་_100_,བུའི་_100_,བུའི་_100_,བུའི་_100_
[རྣམ་_100_],རྣམ་_100_,རྣམ་_100_,རྣམ་_100_,རྣམ་_100_,རྣམ་_100_,རྣམ་_100_
[པ་_100_],པ་_100_,པ་_100_,པ་_100_,པ་_100_,པ་_100_,པ་_100_
[ནི་_100_],ནི་_100_,ནི་_100_,ནི་_100_,ནི་_100_,ནི་_100_,ནི་_100_
[ཨུཏྤ་_85_],ཨུཏྤ་_85_,ཨུད་པ་_14_,ཨུཏྤ་_85_,ཨུཏྤ་_85_,ཨུཏྤ་_85_,ཨུཏྤ་_85_
[ལའི་_100_],ལའི་_100_,ལའི་_100_,ལའི་_100_,ལའི་_100_,ལའི་_100_,ལའི་_100_
[ཕྱག་_100_],ཕྱག་_100_,ཕྱག་_100_,ཕྱག་_100_,ཕྱག་_100_,ཕྱག་_100_,ཕྱག་_100_
[རྒྱའོ_100_],རྒྱའོ_100_,རྒྱའོ_100_,རྒྱའོ_100_,རྒྱའོ_100_,རྒྱའོ_100_,རྒྱའོ_100_
[། །​_100_],། །​_100_,། །​_100_,། །​_100_,། །​_100_,། །​_100_,། །​_100_
[དེའི་_100_],དེའི་_100_,དེའི་_100_,དེའི་_100_,དེའི་_100_,དེའི་_100_,དེའི་_100_
[རྗེས་_100_],རྗེས་_100_,རྗེས་_100_,རྗེས་_100_,རྗེས་_100_,རྗེས་_100_,རྗེས་_100_
[སུ_100_],སུ_100_,སུ_100_,སུ_100_,སུ_100_,སུ_100_,སུ_100_
[། _100_],། _100_,། _100_,། _100_,། _100_,། _100_,། _100_
[བྱང་_100_],བྱང་_100_,བྱང་_100_,བྱང་_100_,བྱང་_100_,བྱང་_100_,བྱང་_100_
[ཆུབ་_100_],ཆུབ་_100_,ཆུབ་_100_,ཆུབ་_100_,ཆུབ་_100_,ཆུབ་_100_,ཆུབ་_100_
[རྡོ་_100_],རྡོ་_100_,རྡོ་_100_,རྡོ་_100_,རྡོ་_100_,རྡོ་_100_,རྡོ་_100_
[རྗེས་_71_],རྗེས་_71_,རྗེ་_28_,རྗེ་_28_,རྗེས་_71_,རྗེས་_71_,རྗེས་_71_
[སངས་_100_],སངས་_100_,སངས་_100_,སངས་_100_,སངས་_100_,སངས་_100_,སངས་_100_
[རྒྱས་_100_],རྒྱས་_100_,རྒྱས་_100_,རྒྱས་_100_,རྒྱས་_100_,རྒྱས་_100_,རྒྱས་_100_
[ལ_100_],ལ_100_,ལ_100_,ལ_100_,ལ_100_,ལ_100_,ལ_100_
[། །​_100_],། །​_100_,། །​_100_,། །​_100_,། །​_100_,། །​_100_,། །​_100_
[ཇི་_100_],ཇི་_100_,ཇི་_100_,ཇི་_100_,ཇི་_100_,ཇི་_100_,ཇི་_100_
[ལྟར་_100_],ལྟར་_100_,ལྟར་_100_,ལྟར་_100_,ལྟར་_100_,ལྟར་_100_,ལྟར་_100_
[མཆོད་_100_],མཆོད་_100_,མཆོད་_100_,མཆོད་_100_,མཆོད་_100_,མཆོད་_100_,མཆོད་_100_
[ཆེན་_100_],ཆེན་_100_,ཆེན་_100_,ཆེན་_100_,ཆེན་_100_,ཆེན་_100_,ཆེན་_100_
[སྩལ་_100_],སྩལ་_100_,སྩལ་_100_,སྩལ་_100_,སྩལ་_100_,སྩལ་_100_,སྩལ་_100_
[བ་_100_],བ་_100_,བ་_100_,བ་_100_,བ་_100_,བ་_100_,བ་_100_
[ལྟར_100_],ལྟར_100_,ལྟར_100_,ལྟར_100_,ལྟར_100_,ལྟར_100_,ལྟར_100_
[། །​_100_],། །​_100_,། །​_100_,། །​_100_,། །​_100_,། །​_100_,། །​_100_
[བདག་_100_],བདག་_100_,བདག་_100_,བདག་_100_,བདག་_100_,བདག་_100_,བདག་_100_
[ཀྱང་_100_],ཀྱང་_100_,ཀྱང་_100_,ཀྱང་_100_,ཀྱང་_100_,ཀྱང་_100_,ཀྱང་_100_
[བསྐྱབ་_100_],བསྐྱབ་_100_,བསྐྱབ་_100_,བསྐྱབ་_100_,བསྐྱབ་_100_,བསྐྱབ་_100_,བསྐྱབ་_100_
[པའི་_100_],པའི་_100_,པའི་_100_,པའི་_100_,པའི་_100_,པའི་_100_,པའི་_100_
[དོན་_100_],དོན་_100_,དོན་_100_,དོན་_100_,དོན་_100_,དོན་_100_,དོན་_100_
[གྱི་_100_],གྱི་_100_,གྱི་_100_,གྱི་_100_,གྱི་_100_,གྱི་_100_,གྱི་_100_
[ཕྱིར_100_],ཕྱིར_100_,ཕྱིར_100_,ཕྱིར_100_,ཕྱིར_100_,ཕྱིར_100_,ཕྱིར_100_
[། །​_100_],། །​_100_,། །​_100_,། །​_100_,། །​_100_,། །​_100_,། །​_100_
[ནམ་_100_],ནམ་_100_,ནམ་_100_,ནམ་_100_,ནམ་_100_,ནམ་_100_,ནམ་_100_
[མཁའི་_100_],མཁའི་_100_,མཁའི་_100_,མཁའི་_100_,མཁའི་_100_,མཁའི་_100_,མཁའི་_100_
[རྡོ་_100_],རྡོ་_100_,རྡོ་_100_,རྡོ་_100_,རྡོ་_100_,རྡོ་_100_,རྡོ་_100_
[རྗེ་_100_],རྗེ་_100_,རྗེ་_100_,རྗེ་_100_,རྗེ་_100_,རྗེ་_100_,རྗེ་_100_
[དེང་_100_],དེང་_100_,དེང་_100_,དེང་_100_,དེང་_100_,དེང་_100_,དེང་_100_
[བདག་_100_],བདག་_100_,བདག་_100_,བདག་_100_,བདག་_100_,བདག་_100_,བདག་_100_
[སྩོལ_71_],སྩོལ_71_,གསོལ_28_,གསོལ_28_,སྩོལ_71_,སྩོལ_71_,སྩོལ_71_
[། །​_100_],། །​_100_,། །​_100_,། །​_100_,། །​_100_,། །​_100_,། །​_100_
[ཞེས་_100_],ཞེས་_100_,ཞེས་_100_,ཞེས་_100_,ཞེས་_100_,ཞེས་_100_,ཞེས་_100_
[གསོལ་_100_],གསོལ་_100_,གསོལ་_100_,གསོལ་_100_,གསོལ་_100_,གསོལ་_100_,གསོལ་_100_
[བ་_100_],བ་_100_,བ་_100_,བ་_100_,བ་_100_,བ་_100_,བ་_100_
[བཏབ་_100_],བཏབ་_100_,བཏབ་_100_,བཏབ་_100_,བཏབ་_100_,བཏབ་_100_,བཏབ་_100_
[ལ_100_],ལ_100_,ལ_100_,ལ_100_,ལ_100_,ལ_100_,ལ_100_
[། _100_],། _100_,། _100_,། _100_,། _100_,། _100_,། _100_
[དབང་_100_],དབང་_100_,དབང་_100_,དབང་_100_,དབང་_100_,དབང་_100_,དབང་_100_
[བསྐུར་_100_],བསྐུར་_100_,བསྐུར་_100_,བསྐུར་_100_,བསྐུར་_100_,བསྐུར་_100_,བསྐུར་_100_
[བ་_100_],བ་_100_,བ་_100_,བ་_100_,བ་_100_,བ་_100_,བ་_100_
[ནི་_100_],ནི་_100_,ནི་_100_,ནི་_100_,ནི་_100_,ནི་_100_,ནི་_100_
[རྡོ་_100_],རྡོ་_100_,རྡོ་_100_,རྡོ་_100_,རྡོ་_100_,རྡོ་_100_,རྡོ་_100_
[རྗེ་_100_],རྗེ་_100_,རྗེ་_100_,རྗེ་_100_,རྗེ་_100_,རྗེ་_100_,རྗེ་_100_
[ཆེ_100_],ཆེ_100_,ཆེ_100_,ཆེ_100_,ཆེ_100_,ཆེ_100_,ཆེ_100_
[། །​_100_],། །​_100_,། །​_100_,། །​_100_,། །​_100_,། །​_100_,། །​_100_
[ཁམས་_100_],ཁམས་_100_,ཁམས་_100_,ཁམས་_100_,ཁམས་_100_,ཁམས་_100_,ཁམས་_100_
[གསུམ་_100_],གསུམ་_100_,གསུམ་_100_,གསུམ་_100_,གསུམ་_100_,གསུམ་_100_,གསུམ་_100_
[ཀུན་_100_],ཀུན་_100_,ཀུན་_100_,ཀུན་_100_,ཀུན་_100_,ཀུན་_100_,ཀུན་_100_
[གྱིས་_100_],གྱིས་_100_,གྱིས་_100_,གྱིས་_100_,གྱིས་_100_,གྱིས་_100_,གྱིས་_100_
[ཕྱག་_100_],ཕྱག་_100_,ཕྱག་_100_,ཕྱག་_100_,ཕྱག་_100_,ཕྱག་_100_,ཕྱག་_100_
[བྱས་_100_],བྱས་_100_,བྱས་_100_,བྱས་_100_,བྱས་_100_,བྱས་_100_,བྱས་_100_
[པ_100_],པ_100_,པ_100_,པ_100_,པ_100_,པ_100_,པ_100_
[། །​_100_],། །​_100_,། །​_100_,། །​_100_,། །​_100_,། །​_100_,། །​_100_
[སངས་_100_],སངས་_100_,སངས་_100_,སངས་_100_,སངས་_100_,སངས་_100_,སངས་_100_
[རྒྱས་_100_],རྒྱས་_100_,རྒྱས་_100_,རྒྱས་_100_,རྒྱས་_100_,རྒྱས་_100_,རྒྱས་_100_
[ཀུན་_100_],ཀུན་_100_,ཀུན་_100_,ཀུན་_100_,ཀུན་_100_,ཀུན་_100_,ཀུན་_100_
[གྱི་_85_],གྱི་_85_,གྱིས་_14_,གྱི་_85_,གྱི་_85_,གྱི་_85_,གྱི་_85_
[གསང་_100_],གསང་_100_,གསང་_100_,གསང་_100_,གསང་_100_,གསང་_100_,གསང་_100_
[གསུམ་_100_],གསུམ་_100_,གསུམ་_100_,གསུམ་_100_,གསུམ་_100_,གསུམ་_100_,གསུམ་_100_
[གྱི_100_],གྱི_100_,གྱི_100_,གྱི_100_,གྱི_100_,གྱི_100_,གྱི_100_
[། །​_100_],། །​_100_,། །​_100_,། །​_100_,། །​_100_,། །​_100_,། །​_100_
[གནས་_100_],གནས་_100_,གནས་_100_,གནས་_100_,གནས་_100_,གནས་_100_,གནས་_100_
[ལས་_100_],ལས་_100_,ལས་_100_,ལས་_100_,ལས་_100_,ལས་_100_,ལས་_100_
[བྱུང་_100_],བྱུང་_100_,བྱུང་_100_,བྱུང་_100_,བྱུང་_100_,བྱུང་_100_,བྱུང་_100_
[བ་_100_],བ་_100_,བ་_100_,བ་_100_,བ་_100_,བ་_100_,བ་_100_
[བདག་_100_],བདག་_100_,བདག་_100_,བདག་_100_,བདག་_100_,བདག་_100_,བདག་_100_
[གིས་_100_],གིས་_100_,གིས་_100_,གིས་_100_,གིས་_100_,གིས་_100_,གིས་_100_
[སྦྱིན_100_],སྦྱིན_100_,སྦྱིན_100_,སྦྱིན_100_,སྦྱིན_100_,སྦྱིན_100_,སྦྱིན_100_
[། །​_100_],། །​_100_,། །​_100_,། །​_100_,། །​_100_,། །​_100_,། །​_100_
[ཞེས་_100_],ཞེས་_100_,ཞེས་_100_,ཞེས་_100_,ཞེས་_100_,ཞེས་_100_,ཞེས་_100_
[བརྗོད་_100_],བརྗོད་_100_,བརྗོད་_100_,བརྗོད་_100_,བརྗོད་_100_,བརྗོད་_100_,བརྗོད་_100_
[པ་_100_],པ་_100_,པ་_100_,པ་_100_,པ་_100_,པ་_100_,པ་_100_
[རྣམས་_100_],རྣམས་_100_,རྣམས་_100_,རྣམས་_100_,རྣམས་_100_,རྣམས་_100_,རྣམས་_100_
[ཀྱི་_71_],ཀྱི་_71_,ཀྱིས་_28_,ཀྱིས་_28_,ཀྱི་_71_,ཀྱི་_71_,ཀྱི་_71_
[སངས་_100_],སངས་_100_,སངས་_100_,སངས་_100_,སངས་_100_,སངས་_100_,སངས་_100_
[རྒྱས་_100_],རྒྱས་_100_,རྒྱས་_100_,རྒྱས་_100_,རྒྱས་_100_,རྒྱས་_100_,རྒྱས་_100_
[ཀྱི་_100_],ཀྱི་_100_,ཀྱི་_100_,ཀྱི་_100_,ཀྱི་_100_,ཀྱི་_100_,ཀྱི་_100_
[བཀས་_85_],བཀས་_85_,བཀའ་_14_,བཀས་_85_,བཀས་_85_,བཀས་_85_,བཀས་_85_
[སྤྱན་_100_],སྤྱན་_100_,སྤྱན་_100_,སྤྱན་_100_,སྤྱན་_100_,སྤྱན་_100_,སྤྱན་_100_
[མ་_100_],མ་_100_,མ་_100_,མ་_100_,མ་_100_,མ་_100_,མ་_100_
[ལ་_100_],ལ་_100_,ལ་_100_,ལ་_100_,ལ་_100_,ལ་_100_,ལ་_100_
[སོགས་_100_],སོགས་_100_,སོགས་_100_,སོགས་_100_,སོགས་_100_,སོགས་_100_,སོགས་_100_
[པ་_100_],པ་_100_,པ་_100_,པ་_100_,པ་_100_,པ་_100_,པ་_100_
[རྣམས་_100_],རྣམས་_100_,རྣམས་_100_,རྣམས་_100_,རྣམས་_100_,རྣམས་_100_,རྣམས་_100_
[ཀྱིས་_100_],ཀྱིས་_100_,ཀྱིས་_100_,ཀྱིས་_100_,ཀྱིས་_100_,ཀྱིས་_100_,ཀྱིས་_100_
[དབང་_100_],དབང་_100_,དབང་_100_,དབང་_100_,དབང་_100_,དབང་_100_,དབང་_100_
[བསྐུར་_100_],བསྐུར་_100_,བསྐུར་_100_,བསྐུར་_100_,བསྐུར་_100_,བསྐུར་_100_,བསྐུར་_100_
[བ་_100_],བ་_100_,བ་_100_,བ་_100_,བ་_100_,བ་_100_,བ་_100_
[སྟེར་_85_],སྟེར་_85_,བསྟེར་_14_,སྟེར་_85_,སྟེར་_85_,སྟེར་_85_,སྟེར་_85_
[བར་_100_],བར་_100_,བར་_100_,བར་_100_,བར་_100_,བར་_100_,བར་_100_
[བསམ་_100_],བསམ་_100_,བསམ་_100_,བསམ་_100_,བསམ་_100_,བསམ་_100_,བསམ་_100_
[པར་_100_],པར་_100_,པར་_100_,པར་_100_,པར་_100_,པར་_100_,པར་_100_
[བྱ་_100_],བྱ་_100_,བྱ་_100_,བྱ་_100_,བྱ་_100_,བྱ་_100_,བྱ་_100_
[ཞིང་_100_],ཞིང་_100_,ཞིང་_100_,ཞིང་_100_,ཞིང་_100_,ཞིང་_100_,ཞིང་_100_
[འོད་_100_],འོད་_100_,འོད་_100_,འོད་_100_,འོད་_100_,འོད་_100_,འོད་_100_
[དཔག་_100_],དཔག་_100_,དཔག་_100_,དཔག་_100_,དཔག་_100_,དཔག་_100_,དཔག་_100_
[མེད་_100_],མེད་_100_,མེད་_100_,མེད་_100_,མེད་_100_,མེད་_100_,མེད་_100_
[དབུ་_100_],དབུ་_100_,དབུ་_100_,དབུ་_100_,དབུ་_100_,དབུ་_100_,དབུ་_100_
[རྒྱན་_100_],རྒྱན་_100_,རྒྱན་_100_,རྒྱན་_100_,རྒྱན་_100_,རྒྱན་_100_,རྒྱན་_100_
[དུ་_100_],དུ་_100_,དུ་_100_,དུ་_100_,དུ་_100_,དུ་_100_,དུ་_100_
[བཞུགས་_100_],བཞུགས་_100_,བཞུགས་_100_,བཞུགས་_100_,བཞུགས་_100_,བཞུགས་_100_,བཞུགས་_100_
[པའོ_100_],པའོ_100_,པའོ_100_,པའོ_100_,པའོ_100_,པའོ_100_,པའོ_100_
[། །​_100_],། །​_100_,། །​_100_,། །​_100_,། །​_100_,། །​_100_,། །​_100_
[དེ་_100_],དེ་_100_,དེ་_100_,དེ་_100_,དེ་_100_,དེ་_100_,དེ་_100_
[ལྟར་_100_],ལྟར་_100_,ལྟར་_100_,ལྟར་_100_,ལྟར་_100_,ལྟར་_100_,ལྟར་_100_
[བསྒོམས་_100_],བསྒོམས་_100_,བསྒོམས་_100_,བསྒོམས་_100_,བསྒོམས་_100_,བསྒོམས་_100_,བསྒོམས་_100_
[ནས་_100_],ནས་_100_,ནས་_100_,ནས་_100_,ནས་_100_,ནས་_100_,ནས་_100_
[བཟླས་པ་_85_],བཟླས་པ་_85_,བསླབས་པར་_14_,བཟླས་པ་_85_,བཟླས་པ་_85_,བཟླས་པ་_85_,བཟླས་པ་_85_
[བྱ་_100_],བྱ་_100_,བྱ་_100_,བྱ་_100_,བྱ་_100_,བྱ་_100_,བྱ་_100_
[སྟེ_100_],སྟེ_100_,སྟེ_100_,སྟེ_100_,སྟེ_100_,སྟེ_100_,སྟེ_100_
[། _100_],། _100_,། _100_,། _100_,། _100_,། _100_,། _100_
[ཧ་_100_],ཧ་_100_,ཧ་_100_,ཧ་_100_,ཧ་_100_,ཧ་_100_,ཧ་_100_
[ཅང་_100_],ཅང་_100_,ཅང་_100_,ཅང་_100_,ཅང་_100_,ཅང་_100_,ཅང་_100_
[སྐྱེན་_100_],སྐྱེན་_100_,སྐྱེན་_100_,སྐྱེན་_100_,སྐྱེན་_100_,སྐྱེན་_100_,སྐྱེན་_100_
[མིན་བུལ་བའང་མིན_85_],མིན་བུལ་བའང་མིན_85_,མིན_14_,མིན་བུལ་བའང་མིན_85_,མིན་བུལ་བའང་མིན_85_,མིན་བུལ་བའང་མིན_85_,མིན་བུལ་བའང་མིན_85_
[། །​_100_],། །​_100_,། །​_100_,། །​_100_,། །​_100_,། །​_100_,། །​_100_
[མི་_100_],མི་_100_,མི་_100_,མི་_100_,མི་_100_,མི་_100_,མི་_100_
[གསལ་_100_],གསལ་_100_,གསལ་_100_,གསལ་_100_,གསལ་_100_,གསལ་_100_,གསལ་_100_
[མ་ཡིན་ཆ་མཉམ་མིན། །​ཡང་དག་མ་_85_],མ་ཡིན་ཆ་མཉམ་མིན། །​ཡང་དག་མ་_85_,མ་_14_,མ་ཡིན་ཆ་མཉམ་མིན། །​ཡང་དག་མ་_85_,མ་ཡིན་ཆ་མཉམ་མིན། །​ཡང་དག་མ་_85_,མ་ཡིན་ཆ་མཉམ་མིན། །​ཡང་དག་མ་_85_,མ་ཡིན་ཆ་མཉམ་མིན། །​ཡང་དག་མ་_85_
[ཡིན་_100_],ཡིན་_100_,ཡིན་_100_,ཡིན་_100_,ཡིན་_100_,ཡིན་_100_,ཡིན་_100_
[རྟོག་_100_],རྟོག་_100_,རྟོག་_100_,རྟོག་_100_,རྟོག་_100_,རྟོག་_100_,རྟོག་_100_
[པ་_100_],པ་_100_,པ་_100_,པ་_100_,པ་_100_,པ་_100_,པ་_100_
[སྤངས_100_],སྤངས_100_,སྤངས_100_,སྤངས_100_,སྤངས_100_,སྤངས_100_,སྤངས_100_
[། _100_],། _100_,། _100_,། _100_,། _100_,། _100_,། _100_
[ཨོཾ་_100_],ཨོཾ་_100_,ཨོཾ་_100_,ཨོཾ་_100_,ཨོཾ་_100_,ཨོཾ་_100_,ཨོཾ་_100_
[ཀུ་_100_],ཀུ་_100_,ཀུ་_100_,ཀུ་_100_,ཀུ་_100_,ཀུ་_100_,ཀུ་_100_
[རུ་_100_],རུ་_100_,རུ་_100_,རུ་_100_,རུ་_100_,རུ་_100_,རུ་_100_
[ཀུལླེ་_85_],ཀུལླེ་_85_,ཀུ་ལུ་_14_,ཀུལླེ་_85_,ཀུལླེ་_85_,ཀུལླེ་_85_,ཀུལླེ་_85_
[ཧྲཱིཿཧཱུཾ་_100_],ཧྲཱིཿཧཱུཾ་_100_,ཧྲཱིཿཧཱུཾ་_100_,ཧྲཱིཿཧཱུཾ་_100_,ཧྲཱིཿཧཱུཾ་_100_,ཧྲཱིཿཧཱུཾ་_100_,ཧྲཱིཿཧཱུཾ་_100_
[སྭཱ་_100_],སྭཱ་_100_,སྭཱ་_100_,སྭཱ་_100_,སྭཱ་_100_,སྭཱ་_100_,སྭཱ་_100_
[ཧཱ_100_],ཧཱ_100_,ཧཱ_100_,ཧཱ_100_,ཧཱ_100_,ཧཱ_100_,ཧཱ_100_
[། _100_],། _100_,། _100_,། _100_,། _100_,། _100_,། _100_
[དེ་_100_],དེ་_100_,དེ་_100_,དེ་_100_,དེ་_100_,དེ་_100_,དེ་_100_
[ལྟར་_100_],ལྟར་_100_,ལྟར་_100_,ལྟར་_100_,ལྟར་_100_,ལྟར་_100_,ལྟར་_100_
[ཐུན་_85_],ཐུན་_85_,མཐུན་_14_,ཐུན་_85_,ཐུན་_85_,ཐུན་_85_,ཐུན་_85_
[མཚམས་_100_],མཚམས་_100_,མཚམས་_100_,མཚམས་_100_,མཚམས་_100_,མཚམས་_100_,མཚམས་_100_
[གསུམ་_100_],གསུམ་_100_,གསུམ་_100_,གསུམ་_100_,གསུམ་_100_,གསུམ་_100_,གསུམ་_100_
[གྱི་_100_],གྱི་_100_,གྱི་_100_,གྱི་_100_,གྱི་_100_,གྱི་_100_,གྱི་_100_
[རིམ་_85_],རིམ་_85_,རིམས་_14_,རིམ་_85_,རིམ་_85_,རིམ་_85_,རིམ་_85_
[པས་_100_],པས་_100_,པས་_100_,པས་_100_,པས་_100_,པས་_100_,པས་_100_
[ཁུར་_85_],ཁུར་_85_,འཁུར་_14_,ཁུར་_85_,ཁུར་_85_,ཁུར་_85_,ཁུར་_85_
[བ་_100_],བ་_100_,བ་_100_,བ་_100_,བ་_100_,བ་_100_,བ་_100_
[དང་_100_],དང་_100_,དང་_100_,དང་_100_,དང་_100_,དང་_100_,དང་_100_
[ཀ་_100_],ཀ་_100_,ཀ་_100_,ཀ་_100_,ཀ་_100_,ཀ་_100_,ཀ་_100_
[ར་_85_],ར་_85_,ར་བ་_14_,ར་_85_,ར་_85_,ར་_85_,ར་_85_
[ལ་_100_],ལ་_100_,ལ་_100_,ལ་_100_,ལ་_100_,ལ་_100_,ལ་_100_
[སོགས་_100_],སོགས་_100_,སོགས་_100_,སོགས་_100_,སོགས་_100_,སོགས་_100_,སོགས་_100_
[པའི་_100_],པའི་_100_,པའི་_100_,པའི་_100_,པའི་_100_,པའི་_100_,པའི་_100_
[གཏོར་_100_],གཏོར་_100_,གཏོར་_100_,གཏོར་_100_,གཏོར་_100_,གཏོར་_100_,གཏོར་_100_
[མ་_100_],མ་_100_,མ་_100_,མ་_100_,མ་_100_,མ་_100_,མ་_100_
[དབུལ་_100_],དབུལ་_100_,དབུལ་_100_,དབུལ་_100_,དབུལ་_100_,དབུལ་_100_,དབུལ་_100_
[བ་_100_],བ་_100_,བ་_100_,བ་_100_,བ་_100_,བ་_100_,བ་_100_
[སྔོན་_100_],སྔོན་_100_,སྔོན་_100_,སྔོན་_100_,སྔོན་_100_,སྔོན་_100_,སྔོན་_100_
[དུ་_100_],དུ་_100_,དུ་_100_,དུ་_100_,དུ་_100_,དུ་_100_,དུ་_100_
[འགྲོ་_85_],འགྲོ་_85_,འཕྲོ་_14_,འགྲོ་_85_,འགྲོ་_85_,འགྲོ་_85_,འགྲོ་_85_
[བས་_100_],བས་_100_,བས་_100_,བས་_100_,བས་_100_,བས་_100_,བས་_100_
[རྟག་_100_],རྟག་_100_,རྟག་_100_,རྟག་_100_,རྟག་_100_,རྟག་_100_,རྟག་_100_
[ཏུ་_100_],ཏུ་_100_,ཏུ་_100_,ཏུ་_100_,ཏུ་_100_,ཏུ་_100_,ཏུ་_100_
[རྒྱུན་_100_],རྒྱུན་_100_,རྒྱུན་_100_,རྒྱུན་_100_,རྒྱུན་_100_,རྒྱུན་_100_,རྒྱུན་_100_
[མ་_100_],མ་_100_,མ་_100_,མ་_100_,མ་_100_,མ་_100_,མ་_100_
[ཆད་_100_],ཆད་_100_,ཆད་_100_,ཆད་_100_,ཆད་_100_,ཆད་_100_,ཆད་_100_
[པར་_100_],པར་_100_,པར་_100_,པར་_100_,པར་_100_,པར་_100_,པར་_100_
[བརྟན་_100_],བརྟན་_100_,བརྟན་_100_,བརྟན་_100_,བརྟན་_100_,བརྟན་_100_,བརྟན་_100_
[པར་_100_],པར་_100_,པར་_100_,པར་_100_,པར་_100_,པར་_100_,པར་_100_
[འཇུག་_100_],འཇུག་_100_,འཇུག་_100_,འཇུག་_100_,འཇུག་_100_,འཇུག་_100_,འཇུག་_100_
[པས་_100_],པས་_100_,པས་_100_,པས་_100_,པས་_100_,པས་_100_,པས་_100_
[ཟླ་_100_],ཟླ་_100_,ཟླ་_100_,ཟླ་_100_,ཟླ་_100_,ཟླ་_100_,ཟླ་_100_
[བ་_100_],བ་_100_,བ་_100_,བ་_100_,བ་_100_,བ་_100_,བ་_100_
[དྲུག་_100_],དྲུག་_100_,དྲུག་_100_,དྲུག་_100_,དྲུག་_100_,དྲུག་_100_,དྲུག་_100_
[ཏུ་_100_],ཏུ་_100_,ཏུ་_100_,ཏུ་_100_,ཏུ་_100_,ཏུ་_100_,ཏུ་_100_
[བསྒོམ་_85_],བསྒོམ་_85_,སྒོམ་_14_,བསྒོམ་_85_,བསྒོམ་_85_,བསྒོམ་_85_,བསྒོམ་_85_
[པར་_100_],པར་_100_,པར་_100_,པར་_100_,པར་_100_,པར་_100_,པར་_100_
[བྱའོ_100_],བྱའོ_100_,བྱའོ_100_,བྱའོ_100_,བྱའོ_100_,བྱའོ_100_,བྱའོ_100_
[། །​_100_],། །​_100_,། །​_100_,། །​_100_,། །​_100_,། །​_100_,། །​_100_
[གྲུབ་_100_],གྲུབ་_100_,གྲུབ་_100_,གྲུབ་_100_,གྲུབ་_100_,གྲུབ་_100_,གྲུབ་_100_
[པའི་_100_],པའི་_100_,པའི་_100_,པའི་_100_,པའི་_100_,པའི་_100_,པའི་_100_
[མཚན་_100_],མཚན་_100_,མཚན་_100_,མཚན་_100_,མཚན་_100_,མཚན་_100_,མཚན་_100_
[མ་_100_],མ་_100_,མ་_100_,མ་_100_,མ་_100_,མ་_100_,མ་_100_
[རྣམས་_100_],རྣམས་_100_,རྣམས་_100_,རྣམས་_100_,རྣམས་_100_,རྣམས་_100_,རྣམས་_100_
[ནི་_100_],ནི་_100_,ནི་_100_,ནི་_100_,ནི་_100_,ནི་_100_,ནི་_100_
[འབྱུང་_100_],འབྱུང་_100_,འབྱུང་_100_,འབྱུང་_100_,འབྱུང་_100_,འབྱུང་_100_,འབྱུང་_100_
[བར་_100_],བར་_100_,བར་_100_,བར་_100_,བར་_100_,བར་_100_,བར་_100_
[འགྱུར་_100_],འགྱུར་_100_,འགྱུར་_100_,འགྱུར་_100_,འགྱུར་_100_,འགྱུར་_100_,འགྱུར་_100_
[རོ_100_],རོ_100_,རོ_100_,རོ_100_,རོ_100_,རོ_100_,རོ_100_
[། །​_100_],། །​_100_,། །​_100_,། །​_100_,། །​_100_,། །​_100_,། །​_100_
[དེའི་_100_],དེའི་_100_,དེའི་_100_,དེའི་_100_,དེའི་_100_,དེའི་_100_,དེའི་_100_
[རྗེས་_100_],རྗེས་_100_,རྗེས་_100_,རྗེས་_100_,རྗེས་_100_,རྗེས་_100_,རྗེས་_100_
[ལ་_100_],ལ་_100_,ལ་_100_,ལ་_100_,ལ་_100_,ལ་_100_,ལ་_100_
[ཟླ་_100_],ཟླ་_100_,ཟླ་_100_,ཟླ་_100_,ཟླ་_100_,ཟླ་_100_,ཟླ་_100_
[བ་_100_],བ་_100_,བ་_100_,བ་_100_,བ་_100_,བ་_100_,བ་_100_
[དང་_100_],དང་_100_,དང་_100_,དང་_100_,དང་_100_,དང་_100_,དང་_100_
[པོ་_85_],པོ་_85_,བ་_14_,པོ་_85_,པོ་_85_,པོ་_85_,པོ་_85_
[ལ་_100_],ལ་_100_,ལ་_100_,ལ་_100_,ལ་_100_,ལ་_100_,ལ་_100_
[ནད་_100_],ནད་_100_,ནད་_100_,ནད་_100_,ནད་_100_,ནད་_100_,ནད་_100_
[ལ་_100_],ལ་_100_,ལ་_100_,ལ་_100_,ལ་_100_,ལ་_100_,ལ་_100_
[སོགས་_100_],སོགས་_100_,སོགས་_100_,སོགས་_100_,སོགས་_100_,སོགས་_100_,སོགས་_100_
[པ་_100_],པ་_100_,པ་_100_,པ་_100_,པ་_100_,པ་_100_,པ་_100_
[བར་_100_],བར་_100_,བར་_100_,བར་_100_,བར་_100_,བར་_100_,བར་_100_
[དུ་_100_],དུ་_100_,དུ་_100_,དུ་_100_,དུ་_100_,དུ་_100_,དུ་_100_
[གཅོད་_100_],གཅོད་_100_,གཅོད་_100_,གཅོད་_100_,གཅོད་_100_,གཅོད་_100_,གཅོད་_100_
[པ་_100_],པ་_100_,པ་_100_,པ་_100_,པ་_100_,པ་_100_,པ་_100_
[བརྒྱ་_100_],བརྒྱ་_100_,བརྒྱ་_100_,བརྒྱ་_100_,བརྒྱ་_100_,བརྒྱ་_100_,བརྒྱ་_100_
[འབྱུང་_100_],འབྱུང་_100_,འབྱུང་_100_,འབྱུང་_100_,འབྱུང་_100_,འབྱུང་_100_,འབྱུང་_100_
[བར་_100_],བར་_100_,བར་_100_,བར་_100_,བར་_100_,བར་_100_,བར་_100_
[འགྱུར་_100_],འགྱུར་_100_,འགྱུར་_100_,འགྱུར་_100_,འགྱུར་_100_,འགྱུར་_100_,འགྱུར་_100_
[རོ_100_],རོ_100_,རོ_100_,རོ_100_,རོ_100_,རོ_100_,རོ_100_
[། །​_100_],། །​_100_,། །​_100_,། །​_100_,། །​_100_,། །​_100_,། །​_100_
[ཟླ་_100_],ཟླ་_100_,ཟླ་_100_,ཟླ་_100_,ཟླ་_100_,ཟླ་_100_,ཟླ་_100_
[བ་_100_],བ་_100_,བ་_100_,བ་_100_,བ་_100_,བ་_100_,བ་_100_
[གཉིས་_100_],གཉིས་_100_,གཉིས་_100_,གཉིས་_100_,གཉིས་_100_,གཉིས་_100_,གཉིས་_100_
[པ་_100_],པ་_100_,པ་_100_,པ་_100_,པ་_100_,པ་_100_,པ་_100_
[ལ་_100_],ལ་_100_,ལ་_100_,ལ་_100_,ལ་_100_,ལ་_100_,ལ་_100_
[སྟོན་_100_],སྟོན་_100_,སྟོན་_100_,སྟོན་_100_,སྟོན་_100_,སྟོན་_100_,སྟོན་_100_
[མོ་_100_],མོ་_100_,མོ་_100_,མོ་_100_,མོ་_100_,མོ་_100_,མོ་_100_
[གྱ་_85_],གྱ་_85_,གྱི་_14_,གྱ་_85_,གྱ་_85_,གྱ་_85_,གྱ་_85_
[ནོམ་_100_],ནོམ་_100_,ནོམ་_100_,ནོམ་_100_,ནོམ་_100_,ནོམ་_100_,ནོམ་_100_
[པ་_100_],པ་_100_,པ་_100_,པ་_100_,པ་_100_,པ་_100_,པ་_100_
[མ་_100_],མ་_100_,མ་_100_,མ་_100_,མ་_100_,མ་_100_,མ་_100_
[བསླངས་_100_],བསླངས་_100_,བསླངས་_100_,བསླངས་_100_,བསླངས་_100_,བསླངས་_100_,བསླངས་_100_
[པར་_100_],པར་_100_,པར་_100_,པར་_100_,པར་_100_,པར་_100_,པར་_100_
[རྙེད་_85_],རྙེད་_85_,སྙེད་_14_,རྙེད་_85_,རྙེད་_85_,རྙེད་_85_,རྙེད་_85_
[པར་_100_],པར་_100_,པར་_100_,པར་_100_,པར་_100_,པར་_100_,པར་_100_
[འགྱུར་རོ_85_],འགྱུར་རོ_85_,འགྲུབ་བོ_14_,འགྱུར་རོ_85_,འགྱུར་རོ_85_,འགྱུར་རོ_85_,འགྱུར་རོ_85_
[། །​_100_],། །​_100_,། །​_100_,། །​_100_,། །​_100_,། །​_100_,། །​_100_
[གསུམ་_100_],གསུམ་_100_,གསུམ་_100_,གསུམ་_100_,གསུམ་_100_,གསུམ་_100_,གསུམ་_100_
[པ་_100_],པ་_100_,པ་_100_,པ་_100_,པ་_100_,པ་_100_,པ་_100_
[ལ་_100_],ལ་_100_,ལ་_100_,ལ་_100_,ལ་_100_,ལ་_100_,ལ་_100_
[གོས་_100_],གོས་_100_,གོས་_100_,གོས་_100_,གོས་_100_,གོས་_100_,གོས་_100_
[སྣ་_100_],སྣ་_100_,སྣ་_100_,སྣ་_100_,སྣ་_100_,སྣ་_100_,སྣ་_100_
[ཚོགས་_100_],ཚོགས་_100_,ཚོགས་_100_,ཚོགས་_100_,ཚོགས་_100_,ཚོགས་_100_,ཚོགས་_100_
[པ་_100_],པ་_100_,པ་_100_,པ་_100_,པ་_100_,པ་_100_,པ་_100_
[རྙེད་_100_],རྙེད་_100_,རྙེད་_100_,རྙེད་_100_,རྙེད་_100_,རྙེད་_100_,རྙེད་_100_
[པར་_100_],པར་_100_,པར་_100_,པར་_100_,པར་_100_,པར་_100_,པར་_100_
[འགྱུར་_100_],འགྱུར་_100_,འགྱུར་_100_,འགྱུར་_100_,འགྱུར་_100_,འགྱུར་_100_,འགྱུར་_100_
[རོ_100_],རོ_100_,རོ_100_,རོ_100_,རོ_100_,རོ_100_,རོ_100_
[། །​_100_],། །​_100_,། །​_100_,། །​_100_,། །​_100_,། །​_100_,། །​_100_
[བཞི་_100_],བཞི་_100_,བཞི་_100_,བཞི་_100_,བཞི་_100_,བཞི་_100_,བཞི་_100_
[པ་_100_],པ་_100_,པ་_100_,པ་_100_,པ་_100_,པ་_100_,པ་_100_
[ལ་_100_],ལ་_100_,ལ་_100_,ལ་_100_,ལ་_100_,ལ་_100_,ལ་_100_
[སྣ་_100_],སྣ་_100_,སྣ་_100_,སྣ་_100_,སྣ་_100_,སྣ་_100_,སྣ་_100_
[ཚོགས་_100_],ཚོགས་_100_,ཚོགས་_100_,ཚོགས་_100_,ཚོགས་_100_,ཚོགས་_100_,ཚོགས་_100_
[པའི་_100_],པའི་_100_,པའི་_100_,པའི་_100_,པའི་_100_,པའི་_100_,པའི་_100_
[སོ་_100_],སོ་_100_,སོ་_100_,སོ་_100_,སོ་_100_,སོ་_100_,སོ་_100_
[རྩི་_100_],རྩི་_100_,རྩི་_100_,རྩི་_100_,རྩི་_100_,རྩི་_100_,རྩི་_100_
[རྒྱུན་_100_],རྒྱུན་_100_,རྒྱུན་_100_,རྒྱུན་_100_,རྒྱུན་_100_,རྒྱུན་_100_,རྒྱུན་_100_
[མི་_100_],མི་_100_,མི་_100_,མི་_100_,མི་_100_,མི་_100_,མི་_100_
[འཆད་_100_],འཆད་_100_,འཆད་_100_,འཆད་_100_,འཆད་_100_,འཆད་_100_,འཆད་_100_
[པར་_100_],པར་_100_,པར་_100_,པར་_100_,པར་_100_,པར་_100_,པར་_100_
[རྙེད་_100_],རྙེད་_100_,རྙེད་_100_,རྙེད་_100_,རྙེད་_100_,རྙེད་_100_,རྙེད་_100_
[པར་_100_],པར་_100_,པར་_100_,པར་_100_,པར་_100_,པར་_100_,པར་_100_
[འགྱུར་_100_],འགྱུར་_100_,འགྱུར་_100_,འགྱུར་_100_,འགྱུར་_100_,འགྱུར་_100_,འགྱུར་_100_
[རོ_100_],རོ_100_,རོ_100_,རོ_100_,རོ_100_,རོ_100_,རོ_100_
[། །​_100_],། །​_100_,། །​_100_,། །​_100_,། །​_100_,། །​_100_,། །​_100_
[ལྔ་_100_],ལྔ་_100_,ལྔ་_100_,ལྔ་_100_,ལྔ་_100_,ལྔ་_100_,ལྔ་_100_
[པ་_100_],པ་_100_,པ་_100_,པ་_100_,པ་_100_,པ་_100_,པ་_100_
[ལ་_100_],ལ་_100_,ལ་_100_,ལ་_100_,ལ་_100_,ལ་_100_,ལ་_100_
[རྣམ་_100_],རྣམ་_100_,རྣམ་_100_,རྣམ་_100_,རྣམ་_100_,རྣམ་_100_,རྣམ་_100_
[པ་_100_],པ་_100_,པ་_100_,པ་_100_,པ་_100_,པ་_100_,པ་_100_
[སྣ་_100_],སྣ་_100_,སྣ་_100_,སྣ་_100_,སྣ་_100_,སྣ་_100_,སྣ་_100_
[ཚོགས་_100_],ཚོགས་_100_,ཚོགས་_100_,ཚོགས་_100_,ཚོགས་_100_,ཚོགས་_100_,ཚོགས་_100_
[པའི་_100_],པའི་_100_,པའི་_100_,པའི་_100_,པའི་_100_,པའི་_100_,པའི་_100_
[གཟུགས་_100_],གཟུགས་_100_,གཟུགས་_100_,གཟུགས་_100_,གཟུགས་_100_,གཟུགས་_100_,གཟུགས་_100_
[ལ་_100_],ལ་_100_,ལ་_100_,ལ་_100_,ལ་_100_,ལ་_100_,ལ་_100_
[སོགས་_100_],སོགས་_100_,སོགས་_100_,སོགས་_100_,སོགས་_100_,སོགས་_100_,སོགས་_100_
[པའི་_100_],པའི་_100_,པའི་_100_,པའི་_100_,པའི་_100_,པའི་_100_,པའི་_100_
[ཡོན་_100_],ཡོན་_100_,ཡོན་_100_,ཡོན་_100_,ཡོན་_100_,ཡོན་_100_,ཡོན་_100_
[ཏན་_100_],ཏན་_100_,ཏན་_100_,ཏན་_100_,ཏན་_100_,ཏན་_100_,ཏན་_100_
[གྱིས་_100_],གྱིས་_100_,གྱིས་_100_,གྱིས་_100_,གྱིས་_100_,གྱིས་_100_,གྱིས་_100_
[བརྒྱན་_100_],བརྒྱན་_100_,བརྒྱན་_100_,བརྒྱན་_100_,བརྒྱན་_100_,བརྒྱན་_100_,བརྒྱན་_100_
[པའི་_100_],པའི་_100_,པའི་_100_,པའི་_100_,པའི་_100_,པའི་_100_,པའི་_100_
[བུད་_100_],བུད་_100_,བུད་_100_,བུད་_100_,བུད་_100_,བུད་_100_,བུད་_100_
[མེད་རྣམས་ཀྱིས་_85_],མེད་རྣམས་ཀྱིས་_85_,མེད་བྱི་_14_,མེད་རྣམས་ཀྱིས་_85_,མེད་རྣམས་ཀྱིས་_85_,མེད་རྣམས་ཀྱིས་_85_,མེད་རྣམས་ཀྱིས་_85_
[གྲོགས་_100_],གྲོགས་_100_,གྲོགས་_100_,གྲོགས་_100_,གྲོགས་_100_,གྲོགས་_100_,གྲོགས་_100_
[རྙེད་_100_],རྙེད་_100_,རྙེད་_100_,རྙེད་_100_,རྙེད་_100_,རྙེད་_100_,རྙེད་_100_
[པར་_100_],པར་_100_,པར་_100_,པར་_100_,པར་_100_,པར་_100_,པར་_100_
[འགྱུར་_100_],འགྱུར་_100_,འགྱུར་_100_,འགྱུར་_100_,འགྱུར་_100_,འགྱུར་_100_,འགྱུར་_100_
[རོ_100_],རོ_100_,རོ_100_,རོ_100_,རོ_100_,རོ_100_,རོ_100_
[། །​_100_],། །​_100_,། །​_100_,། །​_100_,། །​_100_,། །​_100_,། །​_100_
[ཟླ་_100_],ཟླ་_100_,ཟླ་_100_,ཟླ་_100_,ཟླ་_100_,ཟླ་_100_,ཟླ་_100_
[བ་_100_],བ་_100_,བ་_100_,བ་_100_,བ་_100_,བ་_100_,བ་_100_
[དྲུག་_100_],དྲུག་_100_,དྲུག་_100_,དྲུག་_100_,དྲུག་_100_,དྲུག་_100_,དྲུག་_100_
[པ་_100_],པ་_100_,པ་_100_,པ་_100_,པ་_100_,པ་_100_,པ་_100_
[ལ་_100_],ལ་_100_,ལ་_100_,ལ་_100_,ལ་_100_,ལ་_100_,ལ་_100_
[ལྷ་_100_],ལྷ་_100_,ལྷ་_100_,ལྷ་_100_,ལྷ་_100_,ལྷ་_100_,ལྷ་_100_
[དང་_100_],དང་_100_,དང་_100_,དང་_100_,དང་_100_,དང་_100_,དང་_100_
[ཀླུ་_100_],ཀླུ་_100_,ཀླུ་_100_,ཀླུ་_100_,ཀླུ་_100_,ཀླུ་_100_,ཀླུ་_100_
[དང་_100_],དང་_100_,དང་_100_,དང་_100_,དང་_100_,དང་_100_,དང་_100_
[། _100_],། _100_,། _100_,། _100_,། _100_,། _100_,། _100_
[གནོད་_100_],གནོད་_100_,གནོད་_100_,གནོད་_100_,གནོད་_100_,གནོད་_100_,གནོད་_100_
[སྦྱིན་_100_],སྦྱིན་_100_,སྦྱིན་_100_,སྦྱིན་_100_,སྦྱིན་_100_,སྦྱིན་_100_,སྦྱིན་_100_
[དང་_100_],དང་_100_,དང་_100_,དང་_100_,དང་_100_,དང་_100_,དང་_100_
[། _100_],། _100_,། _100_,། _100_,། _100_,། _100_,། _100_
[དྲི་_100_],དྲི་_100_,དྲི་_100_,དྲི་_100_,དྲི་_100_,དྲི་_100_,དྲི་_100_
[ཟ་_100_],ཟ་_100_,ཟ་_100_,ཟ་_100_,ཟ་_100_,ཟ་_100_,ཟ་_100_
[དང་_100_],དང་_100_,དང་_100_,དང་_100_,དང་_100_,དང་_100_,དང་_100_
[། _100_],། _100_,། _100_,། _100_,། _100_,། _100_,། _100_
[མིའམ་_100_],མིའམ་_100_,མིའམ་_100_,མིའམ་_100_,མིའམ་_100_,མིའམ་_100_,མིའམ་_100_
[ཅི་_100_],ཅི་_100_,ཅི་_100_,ཅི་_100_,ཅི་_100_,ཅི་_100_,ཅི་_100_
[ལ་_100_],ལ་_100_,ལ་_100_,ལ་_100_,ལ་_100_,ལ་_100_,ལ་_100_
[སོགས་_100_],སོགས་_100_,སོགས་_100_,སོགས་_100_,སོགས་_100_,སོགས་_100_,སོགས་_100_
[པའི་_100_],པའི་_100_,པའི་_100_,པའི་_100_,པའི་_100_,པའི་_100_,པའི་_100_
[བུད་_100_],བུད་_100_,བུད་_100_,བུད་_100_,བུད་_100_,བུད་_100_,བུད་_100_
[མེད་_100_],མེད་_100_,མེད་_100_,མེད་_100_,མེད་_100_,མེད་_100_,མེད་_100_
[ཡིད་_100_],ཡིད་_100_,ཡིད་_100_,ཡིད་_100_,ཡིད་_100_,ཡིད་_100_,ཡིད་_100_
[དུ་_100_],དུ་_100_,དུ་_100_,དུ་_100_,དུ་_100_,དུ་_100_,དུ་_100_
[འོང་_100_],འོང་_100_,འོང་_100_,འོང་_100_,འོང་_100_,འོང་_100_,འོང་_100_
[བ་_100_],བ་_100_,བ་_100_,བ་_100_,བ་_100_,བ་_100_,བ་_100_
[དང་_100_],དང་_100_,དང་_100_,དང་_100_,དང་_100_,དང་_100_,དང་_100_
[ཕྲད་_100_],ཕྲད་_100_,ཕྲད་_100_,ཕྲད་_100_,ཕྲད་_100_,ཕྲད་_100_,ཕྲད་_100_
[པར་_100_],པར་_100_,པར་_100_,པར་_100_,པར་_100_,པར་_100_,པར་_100_
[འགྱུར་_100_],འགྱུར་_100_,འགྱུར་_100_,འགྱུར་_100_,འགྱུར་_100_,འགྱུར་_100_,འགྱུར་_100_
[རོ_100_],རོ_100_,རོ_100_,རོ_100_,རོ_100_,རོ_100_,རོ_100_
[། །​_100_],། །​_100_,། །​_100_,། །​_100_,། །​_100_,། །​_100_,། །​_100_
[བཅོམ་_100_],བཅོམ་_100_,བཅོམ་_100_,བཅོམ་_100_,བཅོམ་_100_,བཅོམ་_100_,བཅོམ་_100_
[ལྡན་_100_],ལྡན་_100_,ལྡན་_100_,ལྡན་_100_,ལྡན་_100_,ལྡན་_100_,ལྡན་_100_
[འདས་_100_],འདས་_100_,འདས་_100_,འདས་_100_,འདས་_100_,འདས་_100_,འདས་_100_
[མ་_100_],མ་_100_,མ་_100_,མ་_100_,མ་_100_,མ་_100_,མ་_100_
[བསྒོམས་_100_],བསྒོམས་_100_,བསྒོམས་_100_,བསྒོམས་_100_,བསྒོམས་_100_,བསྒོམས་_100_,བསྒོམས་_100_
[ན་_100_],ན་_100_,ན་_100_,ན་_100_,ན་_100_,ན་_100_,ན་_100_
[ཕལ་_100_],ཕལ་_100_,ཕལ་_100_,ཕལ་_100_,ཕལ་_100_,ཕལ་_100_,ཕལ་_100_
[ཆེར་_100_],ཆེར་_100_,ཆེར་_100_,ཆེར་_100_,ཆེར་_100_,ཆེར་_100_,ཆེར་_100_
[བུད་_100_],བུད་_100_,བུད་_100_,བུད་_100_,བུད་_100_,བུད་_100_,བུད་_100_
[མེད་_100_],མེད་_100_,མེད་_100_,མེད་_100_,མེད་_100_,མེད་_100_,མེད་_100_
[རྣམས་_100_],རྣམས་_100_,རྣམས་_100_,རྣམས་_100_,རྣམས་_100_,རྣམས་_100_,རྣམས་_100_
[ཀྱིས་_100_],ཀྱིས་_100_,ཀྱིས་_100_,ཀྱིས་_100_,ཀྱིས་_100_,ཀྱིས་_100_,ཀྱིས་_100_
[འཚོ་_100_],འཚོ་_100_,འཚོ་_100_,འཚོ་_100_,འཚོ་_100_,འཚོ་_100_,འཚོ་_100_
[བར་_100_],བར་_100_,བར་_100_,བར་_100_,བར་_100_,བར་_100_,བར་_100_
[འགྱུར་_100_],འགྱུར་_100_,འགྱུར་_100_,འགྱུར་_100_,འགྱུར་_100_,འགྱུར་_100_,འགྱུར་_100_
[རོ_100_],རོ_100_,རོ_100_,རོ_100_,རོ_100_,རོ_100_,རོ_100_
[། །​_100_],། །​_100_,། །​_100_,། །​_100_,། །​_100_,། །​_100_,། །​_100_
[དེ་_100_],དེ་_100_,དེ་_100_,དེ་_100_,དེ་_100_,དེ་_100_,དེ་_100_
[ལ་_100_],ལ་_100_,ལ་_100_,ལ་_100_,ལ་_100_,ལ་_100_,ལ་_100_
[བདུད་_100_],བདུད་_100_,བདུད་_100_,བདུད་_100_,བདུད་_100_,བདུད་_100_,བདུད་_100_
[ཀྱི་_100_],ཀྱི་_100_,ཀྱི་_100_,ཀྱི་_100_,ཀྱི་_100_,ཀྱི་_100_,ཀྱི་_100_
[ལས་_100_],ལས་_100_,ལས་_100_,ལས་_100_,ལས་_100_,ལས་_100_,ལས་_100_
[འདི་_100_],འདི་_100_,འདི་_100_,འདི་_100_,འདི་_100_,འདི་_100_,འདི་_100_
[རྣམས་_100_],རྣམས་_100_,རྣམས་_100_,རྣམས་_100_,རྣམས་_100_,རྣམས་_100_,རྣམས་_100_
[སྤངས་_100_],སྤངས་_100_,སྤངས་_100_,སྤངས་_100_,སྤངས་_100_,སྤངས་_100_,སྤངས་_100_
[ཏེ_100_],ཏེ_100_,ཏེ_100_,ཏེ_100_,ཏེ_100_,ཏེ_100_,ཏེ_100_
[། _100_],། _100_,། _100_,། _100_,། _100_,། _100_,། _100_
[བཅོམ་_100_],བཅོམ་_100_,བཅོམ་_100_,བཅོམ་_100_,བཅོམ་_100_,བཅོམ་_100_,བཅོམ་_100_
[ལྡན་_100_],ལྡན་_100_,ལྡན་_100_,ལྡན་_100_,ལྡན་_100_,ལྡན་_100_,ལྡན་_100_
[འདས་_100_],འདས་_100_,འདས་_100_,འདས་_100_,འདས་_100_,འདས་_100_,འདས་_100_
[མ་_100_],མ་_100_,མ་_100_,མ་_100_,མ་_100_,མ་_100_,མ་_100_
[སྒོམ་_100_],སྒོམ་_100_,སྒོམ་_100_,སྒོམ་_100_,སྒོམ་_100_,སྒོམ་_100_,སྒོམ་_100_
[པར་_100_],པར་_100_,པར་_100_,པར་_100_,པར་_100_,པར་_100_,པར་_100_
[བྱེད་_100_],བྱེད་_100_,བྱེད་_100_,བྱེད་_100_,བྱེད་_100_,བྱེད་_100_,བྱེད་_100_
[པ་_100_],པ་_100_,པ་_100_,པ་_100_,པ་_100_,པ་_100_,པ་_100_
[ལ་_100_],ལ་_100_,ལ་_100_,ལ་_100_,ལ་_100_,ལ་_100_,ལ་_100_
[རྨི་_100_],རྨི་_100_,རྨི་_100_,རྨི་_100_,རྨི་_100_,རྨི་_100_,རྨི་_100_
[ལམ་_100_],ལམ་_100_,ལམ་_100_,ལམ་_100_,ལམ་_100_,ལམ་_100_,ལམ་_100_
[མམ་_100_],མམ་_100_,མམ་_100_,མམ་_100_,མམ་_100_,མམ་_100_,མམ་_100_
[དངོས་_100_],དངོས་_100_,དངོས་_100_,དངོས་_100_,དངོས་_100_,དངོས་_100_,དངོས་_100_
[སུ་_100_],སུ་_100_,སུ་_100_,སུ་_100_,སུ་_100_,སུ་_100_,སུ་_100_
[སྟོན་_100_],སྟོན་_100_,སྟོན་_100_,སྟོན་_100_,སྟོན་_100_,སྟོན་_100_,སྟོན་_100_
[པར་_100_],པར་_100_,པར་_100_,པར་_100_,པར་_100_,པར་_100_,པར་_100_
[འགྱུར་_100_],འགྱུར་_100_,འགྱུར་_100_,འགྱུར་_100_,འགྱུར་_100_,འགྱུར་_100_,འགྱུར་_100_
[རོ_100_],རོ_100_,རོ_100_,རོ_100_,རོ_100_,རོ_100_,རོ_100_
[། །​_100_],། །​_100_,། །​_100_,། །​_100_,། །​_100_,། །​_100_,། །​_100_
[རལ་_100_],རལ་_100_,རལ་_100_,རལ་_100_,རལ་_100_,རལ་_100_,རལ་_100_
[གྲི་_100_],གྲི་_100_,གྲི་_100_,གྲི་_100_,གྲི་_100_,གྲི་_100_,གྲི་_100_
[དང་_100_],དང་_100_,དང་_100_,དང་_100_,དང་_100_,དང་_100_,དང་_100_
[། _100_],། _100_,། _100_,། _100_,། _100_,། _100_,། _100_
[མིག་_100_],མིག་_100_,མིག་_100_,མིག་_100_,མིག་_100_,མིག་_100_,མིག་_100_
[སྨན་_100_],སྨན་_100_,སྨན་_100_,སྨན་_100_,སྨན་_100_,སྨན་_100_,སྨན་_100_
[དང་_100_],དང་_100_,དང་_100_,དང་_100_,དང་_100_,དང་_100_,དང་_100_
[། _100_],། _100_,། _100_,། _100_,། _100_,། _100_,། _100_
[རྐང་_100_],རྐང་_100_,རྐང་_100_,རྐང་_100_,རྐང་_100_,རྐང་_100_,རྐང་_100_
[པའི་_100_],པའི་_100_,པའི་_100_,པའི་_100_,པའི་_100_,པའི་_100_,པའི་_100_
[བྱུག་_85_],བྱུག་_85_,ཕྱུག་_14_,བྱུག་_85_,བྱུག་_85_,བྱུག་_85_,བྱུག་_85_
[པ་_100_],པ་_100_,པ་_100_,པ་_100_,པ་_100_,པ་_100_,པ་_100_
[དང་_100_],དང་_100_,དང་_100_,དང་_100_,དང་_100_,དང་_100_,དང་_100_
[། _100_],། _100_,། _100_,། _100_,། _100_,། _100_,། _100_
[མི་_100_],མི་_100_,མི་_100_,མི་_100_,མི་_100_,མི་_100_,མི་_100_
[སྣང་_100_],སྣང་_100_,སྣང་_100_,སྣང་_100_,སྣང་_100_,སྣང་_100_,སྣང་_100_
[བ་_100_],བ་_100_,བ་_100_,བ་_100_,བ་_100_,བ་_100_,བ་_100_
[དང་_100_],དང་_100_,དང་_100_,དང་_100_,དང་_100_,དང་_100_,དང་_100_
[། _100_],། _100_,། _100_,། _100_,། _100_,། _100_,། _100_
[བཅུད་_100_],བཅུད་_100_,བཅུད་_100_,བཅུད་_100_,བཅུད་_100_,བཅུད་_100_,བཅུད་_100_
[ལེན་_100_],ལེན་_100_,ལེན་_100_,ལེན་_100_,ལེན་_100_,ལེན་_100_,ལེན་_100_
[དང་_100_],དང་_100_,དང་_100_,དང་_100_,དང་_100_,དང་_100_,དང་_100_
[། _100_],། _100_,། _100_,། _100_,། _100_,། _100_,། _100_
[མཁའ་_100_],མཁའ་_100_,མཁའ་_100_,མཁའ་_100_,མཁའ་_100_,མཁའ་_100_,མཁའ་_100_
[ལ་_100_],ལ་_100_,ལ་_100_,ལ་_100_,ལ་_100_,ལ་_100_,ལ་_100_
[སྤྱོད་_100_],སྤྱོད་_100_,སྤྱོད་_100_,སྤྱོད་_100_,སྤྱོད་_100_,སྤྱོད་_100_,སྤྱོད་_100_
[པ་_100_],པ་_100_,པ་_100_,པ་_100_,པ་_100_,པ་_100_,པ་_100_
[དང་_100_],དང་_100_,དང་_100_,དང་_100_,དང་_100_,དང་_100_,དང་_100_
[། _100_],། _100_,། _100_,། _100_,། _100_,། _100_,། _100_
[ས་_100_],ས་_100_,ས་_100_,ས་_100_,ས་_100_,ས་_100_,ས་_100_
[ལ་_100_],ལ་_100_,ལ་_100_,ལ་_100_,ལ་_100_,ལ་_100_,ལ་_100_
[སྤྱོད་_100_],སྤྱོད་_100_,སྤྱོད་_100_,སྤྱོད་_100_,སྤྱོད་_100_,སྤྱོད་_100_,སྤྱོད་_100_
[པ་_100_],པ་_100_,པ་_100_,པ་_100_,པ་_100_,པ་_100_,པ་_100_
[དང་_100_],དང་_100_,དང་_100_,དང་_100_,དང་_100_,དང་_100_,དང་_100_
[། _100_],། _100_,། _100_,། _100_,། _100_,། _100_,། _100_
[ས་_100_],ས་_100_,ས་_100_,ས་_100_,ས་_100_,ས་_100_,ས་_100_
[འོག་_100_],འོག་_100_,འོག་_100_,འོག་_100_,འོག་_100_,འོག་_100_,འོག་_100_
[གི་_100_],གི་_100_,གི་_100_,གི་_100_,གི་_100_,གི་_100_,གི་_100_
[དངོས་_100_],དངོས་_100_,དངོས་_100_,དངོས་_100_,དངོས་_100_,དངོས་_100_,དངོས་_100_
[གྲུབ་_100_],གྲུབ་_100_,གྲུབ་_100_,གྲུབ་_100_,གྲུབ་_100_,གྲུབ་_100_,གྲུབ་_100_
[ལ་_100_],ལ་_100_,ལ་_100_,ལ་_100_,ལ་_100_,ལ་_100_,ལ་_100_
[སོགས་_100_],སོགས་_100_,སོགས་_100_,སོགས་_100_,སོགས་_100_,སོགས་_100_,སོགས་_100_
[པའི་_100_],པའི་_100_,པའི་_100_,པའི་_100_,པའི་_100_,པའི་_100_,པའི་_100_
[དངོས་_100_],དངོས་_100_,དངོས་_100_,དངོས་_100_,དངོས་_100_,དངོས་_100_,དངོས་_100_
[གྲུབ་_100_],གྲུབ་_100_,གྲུབ་_100_,གྲུབ་_100_,གྲུབ་_100_,གྲུབ་_100_,གྲུབ་_100_
[རྣམས་_100_],རྣམས་_100_,རྣམས་_100_,རྣམས་_100_,རྣམས་_100_,རྣམས་_100_,རྣམས་_100_
[བསྒྲུབ་_100_],བསྒྲུབ་_100_,བསྒྲུབ་_100_,བསྒྲུབ་_100_,བསྒྲུབ་_100_,བསྒྲུབ་_100_,བསྒྲུབ་_100_
[པར་_100_],པར་_100_,པར་_100_,པར་_100_,པར་_100_,པར་_100_,པར་_100_
[བྱའོ_100_],བྱའོ_100_,བྱའོ_100_,བྱའོ_100_,བྱའོ_100_,བྱའོ_100_,བྱའོ_100_
[། །​_100_],། །​_100_,། །​_100_,། །​_100_,། །​_100_,། །​_100_,། །​_100_
[གལ་_100_],གལ་_100_,གལ་_100_,གལ་_100_,གལ་_100_,གལ་_100_,གལ་_100_
[ཏེ་_100_],ཏེ་_100_,ཏེ་_100_,ཏེ་_100_,ཏེ་_100_,ཏེ་_100_,ཏེ་_100_
[སོ་_100_],སོ་_100_,སོ་_100_,སོ་_100_,སོ་_100_,སོ་_100_,སོ་_100_
[སོར་_100_],སོར་_100_,སོར་_100_,སོར་_100_,སོར་_100_,སོར་_100_,སོར་_100_
[བཀས་_100_],བཀས་_100_,བཀས་_100_,བཀས་_100_,བཀས་_100_,བཀས་_100_,བཀས་_100_
[སྟོན་_100_],སྟོན་_100_,སྟོན་_100_,སྟོན་_100_,སྟོན་_100_,སྟོན་_100_,སྟོན་_100_
[པར་_100_],པར་_100_,པར་_100_,པར་_100_,པར་_100_,པར་_100_,པར་_100_
[མ་གྱུར་_85_],མ་གྱུར་_85_,མི་འགྱུར་_14_,མ་གྱུར་_85_,མ་གྱུར་_85_,མ་གྱུར་_85_,མ་གྱུར་_85_
[ན_100_],ན_100_,ན_100_,ན_100_,ན_100_,ན_100_,ན_100_
[། _100_],། _100_,། _100_,། _100_,། _100_,། _100_,། _100_
[དེའི་_100_],དེའི་_100_,དེའི་_100_,དེའི་_100_,དེའི་_100_,དེའི་_100_,དེའི་_100_
[ཚེ་_100_],ཚེ་_100_,ཚེ་_100_,ཚེ་_100_,ཚེ་_100_,ཚེ་_100_,ཚེ་_100_
[སྔར་_100_],སྔར་_100_,སྔར་_100_,སྔར་_100_,སྔར་_100_,སྔར་_100_,སྔར་_100_
[གསུངས་_100_],གསུངས་_100_,གསུངས་_100_,གསུངས་_100_,གསུངས་_100_,གསུངས་_100_,གསུངས་_100_
[པའི་_100_],པའི་_100_,པའི་_100_,པའི་_100_,པའི་_100_,པའི་_100_,པའི་_100_
[ཕྱག་_100_],ཕྱག་_100_,ཕྱག་_100_,ཕྱག་_100_,ཕྱག་_100_,ཕྱག་_100_,ཕྱག་_100_
[རྒྱ་_100_],རྒྱ་_100_,རྒྱ་_100_,རྒྱ་_100_,རྒྱ་_100_,རྒྱ་_100_,རྒྱ་_100_
[བཅིངས་_100_],བཅིངས་_100_,བཅིངས་_100_,བཅིངས་_100_,བཅིངས་_100_,བཅིངས་_100_,བཅིངས་_100_
[ནས་_100_],ནས་_100_,ནས་_100_,ནས་_100_,ནས་_100_,ནས་_100_,ནས་_100_
[མཆོད་_100_],མཆོད་_100_,མཆོད་_100_,མཆོད་_100_,མཆོད་_100_,མཆོད་_100_,མཆོད་_100_
[པ་_100_],པ་_100_,པ་_100_,པ་_100_,པ་_100_,པ་_100_,པ་_100_
[དང་_100_],དང་_100_,དང་_100_,དང་_100_,དང་_100_,དང་_100_,དང་_100_
[། _100_],། _100_,། _100_,། _100_,། _100_,། _100_,། _100_
[གཏོར་_100_],གཏོར་_100_,གཏོར་_100_,གཏོར་_100_,གཏོར་_100_,གཏོར་_100_,གཏོར་_100_
[མ་_100_],མ་_100_,མ་_100_,མ་_100_,མ་_100_,མ་_100_,མ་_100_
[དབུལ་_100_],དབུལ་_100_,དབུལ་_100_,དབུལ་_100_,དབུལ་_100_,དབུལ་_100_,དབུལ་_100_
[བ་_100_],བ་_100_,བ་_100_,བ་_100_,བ་_100_,བ་_100_,བ་_100_
[སྔོན་_100_],སྔོན་_100_,སྔོན་_100_,སྔོན་_100_,སྔོན་_100_,སྔོན་_100_,སྔོན་_100_
[དུ་_100_],དུ་_100_,དུ་_100_,དུ་_100_,དུ་_100_,དུ་_100_,དུ་_100_
[འགྲོ་_100_],འགྲོ་_100_,འགྲོ་_100_,འགྲོ་_100_,འགྲོ་_100_,འགྲོ་_100_,འགྲོ་_100_
[བས་_100_],བས་_100_,བས་_100_,བས་_100_,བས་_100_,བས་_100_,བས་_100_
[ཟླ་_100_],ཟླ་_100_,ཟླ་_100_,ཟླ་_100_,ཟླ་_100_,ཟླ་_100_,ཟླ་_100_
[བ་_100_],བ་_100_,བ་_100_,བ་_100_,བ་_100_,བ་_100_,བ་_100_
[དྲུག་_100_],དྲུག་_100_,དྲུག་_100_,དྲུག་_100_,དྲུག་_100_,དྲུག་_100_,དྲུག་_100_
[གི་_100_],གི་_100_,གི་_100_,གི་_100_,གི་_100_,གི་_100_,གི་_100_
[མཐར་_100_],མཐར་_100_,མཐར་_100_,མཐར་_100_,མཐར་_100_,མཐར་_100_,མཐར་_100_
[ཟླ་_100_],ཟླ་_100_,ཟླ་_100_,ཟླ་_100_,ཟླ་_100_,ཟླ་_100_,ཟླ་_100_
[བ་_100_],བ་_100_,བ་_100_,བ་_100_,བ་_100_,བ་_100_,བ་_100_
[ཡོངས་_100_],ཡོངས་_100_,ཡོངས་_100_,ཡོངས་_100_,ཡོངས་_100_,ཡོངས་_100_,ཡོངས་_100_
[སུ་_100_],སུ་_100_,སུ་_100_,སུ་_100_,སུ་_100_,སུ་_100_,སུ་_100_
[གང་_100_],གང་_100_,གང་_100_,གང་_100_,གང་_100_,གང་_100_,གང་_100_
[བའི་_100_],བའི་_100_,བའི་_100_,བའི་_100_,བའི་_100_,བའི་_100_,བའི་_100_
[མཚན་_100_],མཚན་_100_,མཚན་_100_,མཚན་_100_,མཚན་_100_,མཚན་_100_,མཚན་_100_
[མོ་_100_],མོ་_100_,མོ་_100_,མོ་_100_,མོ་_100_,མོ་_100_,མོ་_100_
[རིལ་_100_],རིལ་_100_,རིལ་_100_,རིལ་_100_,རིལ་_100_,རིལ་_100_,རིལ་_100_
[པོར་_85_],པོར་_85_,པོ་_14_,པོར་_85_,པོར་_85_,པོར་_85_,པོར་_85_
[བཟླས་_100_],བཟླས་_100_,བཟླས་_100_,བཟླས་_100_,བཟླས་_100_,བཟླས་_100_,བཟླས་_100_
[པར་_100_],པར་_100_,པར་_100_,པར་_100_,པར་_100_,པར་_100_,པར་_100_
[བྱའོ_100_],བྱའོ_100_,བྱའོ_100_,བྱའོ_100_,བྱའོ_100_,བྱའོ_100_,བྱའོ_100_
[། །​_100_],། །​_100_,། །​_100_,། །​_100_,། །​_100_,། །​_100_,། །​_100_
[དེ་_100_],དེ་_100_,དེ་_100_,དེ་_100_,དེ་_100_,དེ་_100_,དེ་_100_
[ནས་_100_],ནས་_100_,ནས་_100_,ནས་_100_,ནས་_100_,ནས་_100_,ནས་_100_
[ཕྱག་_100_],ཕྱག་_100_,ཕྱག་_100_,ཕྱག་_100_,ཕྱག་_100_,ཕྱག་_100_,ཕྱག་_100_
[རྒྱ་_100_],རྒྱ་_100_,རྒྱ་_100_,རྒྱ་_100_,རྒྱ་_100_,རྒྱ་_100_,རྒྱ་_100_
[འབར་_85_],འབར་_85_,འདས་_14_,འབར་_85_,འབར་_85_,འབར་_85_,འབར་_85_
[ཏེ་_100_],ཏེ་_100_,ཏེ་_100_,ཏེ་_100_,ཏེ་_100_,ཏེ་_100_,ཏེ་_100_
[འགྲུབ་_100_],འགྲུབ་_100_,འགྲུབ་_100_,འགྲུབ་_100_,འགྲུབ་_100_,འགྲུབ་_100_,འགྲུབ་_100_
[པར་_100_],པར་_100_,པར་_100_,པར་_100_,པར་_100_,པར་_100_,པར་_100_
[འགྱུར་_100_],འགྱུར་_100_,འགྱུར་_100_,འགྱུར་_100_,འགྱུར་_100_,འགྱུར་_100_,འགྱུར་_100_
[རོ_100_],རོ_100_,རོ_100_,རོ_100_,རོ_100_,རོ_100_,རོ_100_
[། །​_100_],། །​_100_,། །​_100_,། །​_100_,། །​_100_,། །​_100_,། །​_100_
[ཕྱག་_100_],ཕྱག་_100_,ཕྱག་_100_,ཕྱག་_100_,ཕྱག་_100_,ཕྱག་_100_,ཕྱག་_100_
[རྒྱ་_100_],རྒྱ་_100_,རྒྱ་_100_,རྒྱ་_100_,རྒྱ་_100_,རྒྱ་_100_,རྒྱ་_100_
[དེས་_100_],དེས་_100_,དེས་_100_,དེས་_100_,དེས་_100_,དེས་_100_,དེས་_100_
[ཚངས་_100_],ཚངས་_100_,ཚངས་_100_,ཚངས་_100_,ཚངས་_100_,ཚངས་_100_,ཚངས་_100_
[པ་_100_],པ་_100_,པ་_100_,པ་_100_,པ་_100_,པ་_100_,པ་_100_
[དང་_100_],དང་_100_,དང་_100_,དང་_100_,དང་_100_,དང་_100_,དང་_100_
[།_85_],།_85_,།_85_,།_85_,།_85_,།_85_,། _14_
[དབང་_100_],དབང་_100_,དབང་_100_,དབང་_100_,དབང་_100_,དབང་_100_,དབང་_100_
[པོ་_100_],པོ་_100_,པོ་_100_,པོ་_100_,པོ་_100_,པོ་_100_,པོ་_100_
[དང་_100_],དང་_100_,དང་_100_,དང་_100_,དང་_100_,དང་_100_,དང་_100_
[། _100_],། _100_,། _100_,། _100_,། _100_,། _100_,། _100_
[ཉེ་_100_],ཉེ་_100_,ཉེ་_100_,ཉེ་_100_,ཉེ་_100_,ཉེ་_100_,ཉེ་_100_
[བའི་_100_],བའི་_100_,བའི་_100_,བའི་_100_,བའི་_100_,བའི་_100_,བའི་_100_
[དབང་_100_],དབང་_100_,དབང་_100_,དབང་_100_,དབང་_100_,དབང་_100_,དབང་_100_
[པོ་_100_],པོ་_100_,པོ་_100_,པོ་_100_,པོ་_100_,པོ་_100_,པོ་_100_
[དང་_100_],དང་_100_,དང་_100_,དང་_100_,དང་_100_,དང་_100_,དང་_100_
[། _100_],། _100_,། _100_,། _100_,། _100_,། _100_,། _100_
[དྲག་_100_],དྲག་_100_,དྲག་_100_,དྲག་_100_,དྲག་_100_,དྲག་_100_,དྲག་_100_
[པོ་_100_],པོ་_100_,པོ་_100_,པོ་_100_,པོ་_100_,པོ་_100_,པོ་_100_
[དང་_100_],དང་_100_,དང་_100_,དང་_100_,དང་_100_,དང་_100_,དང་_100_
[། སྲེད་_85_],། སྲེད་_85_,།སྲིད་_14_,། སྲེད་_85_,། སྲེད་_85_,། སྲེད་_85_,། སྲེད་_85_
[མེད་_100_],མེད་_100_,མེད་_100_,མེད་_100_,མེད་_100_,མེད་_100_,མེད་_100_
[ཀྱི་_100_],ཀྱི་_100_,ཀྱི་_100_,ཀྱི་_100_,ཀྱི་_100_,ཀྱི་_100_,ཀྱི་_100_
[བུ་_100_],བུ་_100_,བུ་_100_,བུ་_100_,བུ་_100_,བུ་_100_,བུ་_100_
[ལ་_100_],ལ་_100_,ལ་_100_,ལ་_100_,ལ་_100_,ལ་_100_,ལ་_100_
[སོགས་_100_],སོགས་_100_,སོགས་_100_,སོགས་_100_,སོགས་_100_,སོགས་_100_,སོགས་_100_
[པ་_100_],པ་_100_,པ་_100_,པ་_100_,པ་_100_,པ་_100_,པ་_100_
[ཡང་_100_],ཡང་_100_,ཡང་_100_,ཡང་_100_,ཡང་_100_,ཡང་_100_,ཡང་_100_
[དག་_100_],དག་_100_,དག་_100_,དག་_100_,དག་_100_,དག་_100_,དག་_100_
[པར་_100_],པར་_100_,པར་_100_,པར་_100_,པར་_100_,པར་_100_,པར་_100_
[བཀུག་_100_],བཀུག་_100_,བཀུག་_100_,བཀུག་_100_,བཀུག་_100_,བཀུག་_100_,བཀུག་_100_
[སྟེ_100_],སྟེ_100_,སྟེ_100_,སྟེ_100_,སྟེ_100_,སྟེ_100_,སྟེ_100_
[། _100_],། _100_,། _100_,། _100_,། _100_,། _100_,། _100_
[ཡང་_100_],ཡང་_100_,ཡང་_100_,ཡང་_100_,ཡང་_100_,ཡང་_100_,ཡང་_100_
[དག་_100_],དག་_100_,དག་_100_,དག་_100_,དག་_100_,དག་_100_,དག་_100_
[པར་_100_],པར་_100_,པར་_100_,པར་_100_,པར་_100_,པར་_100_,པར་_100_
[འོངས་_100_],འོངས་_100_,འོངས་_100_,འོངས་_100_,འོངས་_100_,འོངས་_100_,འོངས་_100_
[ནས་_100_],ནས་_100_,ནས་_100_,ནས་_100_,ནས་_100_,ནས་_100_,ནས་_100_
[མངོན་_100_],མངོན་_100_,མངོན་_100_,མངོན་_100_,མངོན་_100_,མངོན་_100_,མངོན་_100_
[པར་_100_],པར་_100_,པར་_100_,པར་_100_,པར་_100_,པར་_100_,པར་_100_
[འདོད་_100_],འདོད་_100_,འདོད་_100_,འདོད་_100_,འདོད་_100_,འདོད་_100_,འདོད་_100_
[པ་_100_],པ་_100_,པ་_100_,པ་_100_,པ་_100_,པ་_100_,པ་_100_
[རྣམས་_100_],རྣམས་_100_,རྣམས་_100_,རྣམས་_100_,རྣམས་_100_,རྣམས་_100_,རྣམས་_100_
[རྫོགས་_100_],རྫོགས་_100_,རྫོགས་_100_,རྫོགས་_100_,རྫོགས་_100_,རྫོགས་_100_,རྫོགས་_100_
[པར་_100_],པར་_100_,པར་_100_,པར་_100_,པར་_100_,པར་_100_,པར་_100_
[སྒྲུབ་_100_],སྒྲུབ་_100_,སྒྲུབ་_100_,སྒྲུབ་_100_,སྒྲུབ་_100_,སྒྲུབ་_100_,སྒྲུབ་_100_
[པར་_100_],པར་_100_,པར་_100_,པར་_100_,པར་_100_,པར་_100_,པར་_100_
[བྱེད་_100_],བྱེད་_100_,བྱེད་_100_,བྱེད་_100_,བྱེད་_100_,བྱེད་_100_,བྱེད་_100_
[པར་_100_],པར་_100_,པར་_100_,པར་_100_,པར་_100_,པར་_100_,པར་_100_
[འགྱུར་_100_],འགྱུར་_100_,འགྱུར་_100_,འགྱུར་_100_,འགྱུར་_100_,འགྱུར་_100_,འགྱུར་_100_
[རོ_100_],རོ_100_,རོ_100_,རོ_100_,རོ_100_,རོ_100_,རོ_100_
[། །​_100_],། །​_100_,། །​_100_,། །​_100_,། །​_100_,། །​_100_,། །​_100_
[དེ་_100_],དེ་_100_,དེ་_100_,དེ་_100_,དེ་_100_,དེ་_100_,དེ་_100_
[ནས་_100_],ནས་_100_,ནས་_100_,ནས་_100_,ནས་_100_,ནས་_100_,ནས་_100_
[བཟུང་_100_],བཟུང་_100_,བཟུང་_100_,བཟུང་_100_,བཟུང་_100_,བཟུང་_100_,བཟུང་_100_
[སྟེ་_100_],སྟེ་_100_,སྟེ་_100_,སྟེ་_100_,སྟེ་_100_,སྟེ་_100_,སྟེ་_100_
[སྐྱེ་_100_],སྐྱེ་_100_,སྐྱེ་_100_,སྐྱེ་_100_,སྐྱེ་_100_,སྐྱེ་_100_,སྐྱེ་_100_
[བ་_100_],བ་_100_,བ་_100_,བ་_100_,བ་_100_,བ་_100_,བ་_100_
[དང་_100_],དང་_100_,དང་_100_,དང་_100_,དང་_100_,དང་_100_,དང་_100_
[། རྒས་པ་དང་། _85_],། རྒས་པ་དང་། _85_,། _14_,། རྒས་པ་དང་། _85_,། རྒས་པ་དང་། _85_,། རྒས་པ་དང་། _85_,། རྒས་པ་དང་། _85_
[འཆི་_100_],འཆི་_100_,འཆི་_100_,འཆི་_100_,འཆི་_100_,འཆི་_100_,འཆི་_100_
[བ་_100_],བ་_100_,བ་_100_,བ་_100_,བ་_100_,བ་_100_,བ་_100_
[དང་_100_],དང་_100_,དང་_100_,དང་_100_,དང་_100_,དང་_100_,དང་_100_
[བྲལ་_100_],བྲལ་_100_,བྲལ་_100_,བྲལ་_100_,བྲལ་_100_,བྲལ་_100_,བྲལ་_100_
[ཞིང་_100_],ཞིང་_100_,ཞིང་_100_,ཞིང་_100_,ཞིང་_100_,ཞིང་_100_,ཞིང་_100_
[གྲུབ་_100_],གྲུབ་_100_,གྲུབ་_100_,གྲུབ་_100_,གྲུབ་_100_,གྲུབ་_100_,གྲུབ་_100_
[པའི་_100_],པའི་_100_,པའི་_100_,པའི་_100_,པའི་_100_,པའི་_100_,པའི་_100_
[འཇིག་_100_],འཇིག་_100_,འཇིག་_100_,འཇིག་_100_,འཇིག་_100_,འཇིག་_100_,འཇིག་_100_
[རྟེན་_100_],རྟེན་_100_,རྟེན་_100_,རྟེན་_100_,རྟེན་_100_,རྟེན་_100_,རྟེན་_100_
[གྱི་_100_],གྱི་_100_,གྱི་_100_,གྱི་_100_,གྱི་_100_,གྱི་_100_,གྱི་_100_
[ཁམས་རྣམས་_85_],ཁམས་རྣམས་_85_,ཁམས་_14_,ཁམས་རྣམས་_85_,ཁམས་རྣམས་_85_,ཁམས་རྣམས་_85_,ཁམས་རྣམས་_85_
[སུ་_100_],སུ་_100_,སུ་_100_,སུ་_100_,སུ་_100_,སུ་_100_,སུ་_100_
[སོང་_100_],སོང་_100_,སོང་_100_,སོང་_100_,སོང་_100_,སོང་_100_,སོང་_100_
[ནས་_100_],ནས་_100_,ནས་_100_,ནས་_100_,ནས་_100_,ནས་_100_,ནས་_100_
[དེ་_100_],དེ་_100_,དེ་_100_,དེ་_100_,དེ་_100_,དེ་_100_,དེ་_100_
[བཞིན་_100_],བཞིན་_100_,བཞིན་_100_,བཞིན་_100_,བཞིན་_100_,བཞིན་_100_,བཞིན་_100_
[གཤེགས་_100_],གཤེགས་_100_,གཤེགས་_100_,གཤེགས་_100_,གཤེགས་_100_,གཤེགས་_100_,གཤེགས་_100_
[པ་_100_],པ་_100_,པ་_100_,པ་_100_,པ་_100_,པ་_100_,པ་_100_
[རྣམས་_100_],རྣམས་_100_,རྣམས་_100_,རྣམས་_100_,རྣམས་_100_,རྣམས་_100_,རྣམས་_100_
[བལྟ་_100_],བལྟ་_100_,བལྟ་_100_,བལྟ་_100_,བལྟ་_100_,བལྟ་_100_,བལྟ་_100_
[ཞིང་_100_],ཞིང་_100_,ཞིང་_100_,ཞིང་_100_,ཞིང་_100_,ཞིང་_100_,ཞིང་_100_
[ས་_100_],ས་_100_,ས་_100_,ས་_100_,ས་_100_,ས་_100_,ས་_100_
[དང་_100_],དང་_100_,དང་_100_,དང་_100_,དང་_100_,དང་_100_,དང་_100_
[གཟུངས་_100_],གཟུངས་_100_,གཟུངས་_100_,གཟུངས་_100_,གཟུངས་_100_,གཟུངས་_100_,གཟུངས་_100_
[ལ་_100_],ལ་_100_,ལ་_100_,ལ་_100_,ལ་_100_,ལ་_100_,ལ་_100_
[སོགས་_100_],སོགས་_100_,སོགས་_100_,སོགས་_100_,སོགས་_100_,སོགས་_100_,སོགས་_100_
[པ་_100_],པ་_100_,པ་_100_,པ་_100_,པ་_100_,པ་_100_,པ་_100_
[རྣམས་_100_],རྣམས་_100_,རྣམས་_100_,རྣམས་_100_,རྣམས་_100_,རྣམས་_100_,རྣམས་_100_
[ཐོབ་_100_],ཐོབ་_100_,ཐོབ་_100_,ཐོབ་_100_,ཐོབ་_100_,ཐོབ་_100_,ཐོབ་_100_
[པར་_100_],པར་_100_,པར་_100_,པར་_100_,པར་_100_,པར་_100_,པར་_100_
[འགྱུར་_100_],འགྱུར་_100_,འགྱུར་_100_,འགྱུར་_100_,འགྱུར་_100_,འགྱུར་_100_,འགྱུར་_100_
[རོ_100_],རོ_100_,རོ_100_,རོ_100_,རོ_100_,རོ_100_,རོ_100_
[། །​_100_],། །​_100_,། །​_100_,། །​_100_,། །​_100_,། །​_100_,། །​_100_
[སྒྲོལ་_100_],སྒྲོལ་_100_,སྒྲོལ་_100_,སྒྲོལ་_100_,སྒྲོལ་_100_,སྒྲོལ་_100_,སྒྲོལ་_100_
[མའི་_100_],མའི་_100_,མའི་_100_,མའི་_100_,མའི་_100_,མའི་_100_,མའི་_100_
[རྟོག་_100_],རྟོག་_100_,རྟོག་_100_,རྟོག་_100_,རྟོག་_100_,རྟོག་_100_,རྟོག་_100_
[པ་_100_],པ་_100_,པ་_100_,པ་_100_,པ་_100_,པ་_100_,པ་_100_
[ལས་_100_],ལས་_100_,ལས་_100_,ལས་_100_,ལས་_100_,ལས་_100_,ལས་_100_
[བྱུང་_100_],བྱུང་_100_,བྱུང་_100_,བྱུང་_100_,བྱུང་_100_,བྱུང་_100_,བྱུང་_100_
[བའི་_100_],བའི་_100_,བའི་_100_,བའི་_100_,བའི་_100_,བའི་_100_,བའི་_100_
[ཚིག་_100_],ཚིག་_100_,ཚིག་_100_,ཚིག་_100_,ཚིག་_100_,ཚིག་_100_,ཚིག་_100_
[ལྷུག་_100_],ལྷུག་_100_,ལྷུག་_100_,ལྷུག་_100_,ལྷུག་_100_,ལྷུག་_100_,ལྷུག་_100_
[པའི་_100_],པའི་_100_,པའི་_100_,པའི་_100_,པའི་_100_,པའི་_100_,པའི་_100_
[ཀུ་_85_],ཀུ་_85_,སྐུ་_14_,ཀུ་_85_,ཀུ་_85_,ཀུ་_85_,ཀུ་_85_
[རུ་_100_],རུ་_100_,རུ་_100_,རུ་_100_,རུ་_100_,རུ་_100_,རུ་_100_
[ཀུལླེའི་_100_],ཀུལླེའི་_100_,ཀུལླེའི་_100_,ཀུལླེའི་_100_,ཀུལླེའི་_100_,ཀུལླེའི་_100_,ཀུལླེའི་_100_
[སྒྲུབ་_100_],སྒྲུབ་_100_,སྒྲུབ་_100_,སྒྲུབ་_100_,སྒྲུབ་_100_,སྒྲུབ་_100_,སྒྲུབ་_100_
[ཐབས་_100_],ཐབས་_100_,ཐབས་_100_,ཐབས་_100_,ཐབས་_100_,ཐབས་_100_,ཐབས་_100_
[སློབ་_100_],སློབ་_100_,སློབ་_100_,སློབ་_100_,སློབ་_100_,སློབ་_100_,སློབ་_100_
[དཔོན་_100_],དཔོན་_100_,དཔོན་_100_,དཔོན་_100_,དཔོན་_100_,དཔོན་_100_,དཔོན་_100_
[འཕགས་_100_],འཕགས་_100_,འཕགས་_100_,འཕགས་_100_,འཕགས་_100_,འཕགས་_100_,འཕགས་_100_
[པ་_100_],པ་_100_,པ་_100_,པ་_100_,པ་_100_,པ་_100_,པ་_100_
[ཀླུ་_100_],ཀླུ་_100_,ཀླུ་_100_,ཀླུ་_100_,ཀླུ་_100_,ཀླུ་_100_,ཀླུ་_100_
[སྒྲུབ་_100_],སྒྲུབ་_100_,སྒྲུབ་_100_,སྒྲུབ་_100_,སྒྲུབ་_100_,སྒྲུབ་_100_,སྒྲུབ་_100_
[ཀྱིས་_100_],ཀྱིས་_100_,ཀྱིས་_100_,ཀྱིས་_100_,ཀྱིས་_100_,ཀྱིས་_100_,ཀྱིས་_100_
[མཛད་_100_],མཛད་_100_,མཛད་_100_,མཛད་_100_,མཛད་_100_,མཛད་_100_,མཛད་_100_
[པ་_100_],པ་_100_,པ་_100_,པ་_100_,པ་_100_,པ་_100_,པ་_100_
[རྫོགས་_100_],རྫོགས་_100_,རྫོགས་_100_,རྫོགས་_100_,རྫོགས་_100_,རྫོགས་_100_,རྫོགས་_100_
[སོ_100_],སོ_100_,སོ_100_,སོ_100_,སོ_100_,སོ_100_,སོ_100_
[།། །​།_85_],།། །​།_85_,།། །​།_85_,།། །​།_85_,།། །​།_85_,།། །​།༄༅༅། །​ཀུ་རུ་ཀུལླེ་ལ་ཕྱག་འཚལ་ལོ། །​རང་ཉིད་ཀུ་རུ་ཀུལླེར་བསྒོམ། །​སྒྲོལ་མ་ལས་བྱུང་མཚོ་སྐྱེས་མ། །​བསྒྲུབ་བྱ་ནང་དུ་གཞུག་བྱས་ནས། །​འདོད་པས་མྱོས་པར་བསྒོམ་པར་བྱ། །​ཡེ་ཤེས་སེམས་དཔའི་ཆུ་སྐྱེས་ལས། །​དམར་འཛིན་དེ་ཡི་སྤྱི་བོར་བསམ། །​ཞག་བདུན་ཐུན་མཚམས་གསུམ་བསྒོམས་ན། །​དེ་ནི་ལྟུང་བར་བྱེད་པར་འགྱུར། །​ཀུ་རུ་ཀུལླེའི་དབང་དུ་བྱེད་པའི་མན་ངག་གོ། །​_14_,།། །​།_85_
