[༄༅། །​རང་བཞིན་གྲུབ་པ་མེད་པའི་གཞིའི་མན་ངག།༄༅༅། །​_36_],༄༅། །​རང་བཞིན་གྲུབ་པ་མེད་པའི་གཞིའི་མན་ངག།༄༅༅། །​_36_,༄༅། །​རང་བཞིན་གྲུབ་པ་མེད་པའི་གཞིའི་མན་ངག།༄༅༅། །​_36_,༄༅། །​རང་བཞིན་གྲུབ་པ་མེད་པའི་གཞིའི་མན་ངག།༄༅༅། །​_36_,རང་བཞིན་གྲུབ་པ་མེད་པའི་གཞིའི་མན་ངག་ཅེས་བྱ་བ་བཞུགས་སོ། །​སློབ་དཔོན་ཀླུ་སྒྲུབ་ཀྱིས་མཛད། ༄༅། _9_,རང་བཞིན་གྲུབ་པ་མེད་པའི་གཞིའི་མན་ངག་ཅེས་བྱ་བ་བཞུགས་སོ། །​སློབ་དཔོན་ཀླུ་སྒྲུབ་ཀྱིས་མཛད།_9_,༄༅༅། །​_9_,༄༅། །​_9_,༄༅། _9_,_9_,། །​༄༅༅། །​_9_
[རྒྱ་_100_],རྒྱ་_100_,རྒྱ་_100_,རྒྱ་_100_,རྒྱ་_100_,རྒྱ་_100_,རྒྱ་_100_,རྒྱ་_100_,རྒྱ་_100_,རྒྱ་_100_,རྒྱ་_100_
[གར་_100_],གར་_100_,གར་_100_,གར་_100_,གར་_100_,གར་_100_,གར་_100_,གར་_100_,གར་_100_,གར་_100_,གར་_100_
[སྐད་_100_],སྐད་_100_,སྐད་_100_,སྐད་_100_,སྐད་_100_,སྐད་_100_,སྐད་_100_,སྐད་_100_,སྐད་_100_,སྐད་_100_,སྐད་_100_
[དུ_100_],དུ_100_,དུ_100_,དུ_100_,དུ_100_,དུ_100_,དུ_100_,དུ_100_,དུ_100_,དུ_100_,དུ_100_
[། _100_],། _100_,། _100_,། _100_,། _100_,། _100_,། _100_,། _100_,། _100_,། _100_,། _100_
[སྭ་_100_],སྭ་_100_,སྭ་_100_,སྭ་_100_,སྭ་_100_,སྭ་_100_,སྭ་_100_,སྭ་_100_,སྭ་_100_,སྭ་_100_,སྭ་_100_
[བྷཱ་_100_],བྷཱ་_100_,བྷཱ་_100_,བྷཱ་_100_,བྷཱ་_100_,བྷཱ་_100_,བྷཱ་_100_,བྷཱ་_100_,བྷཱ་_100_,བྷཱ་_100_,བྷཱ་_100_
[བ་_72_],བ་_72_,བ་_72_,བ་_72_,ཝ་_27_,ཝ་_27_,བ་_72_,བ་_72_,ཝ་_27_,བ་_72_,བ་_72_
[ཨ་_100_],ཨ་_100_,ཨ་_100_,ཨ་_100_,ཨ་_100_,ཨ་_100_,ཨ་_100_,ཨ་_100_,ཨ་_100_,ཨ་_100_,ཨ་_100_
[སིདྡྷི་_100_],སིདྡྷི་_100_,སིདྡྷི་_100_,སིདྡྷི་_100_,སིདྡྷི་_100_,སིདྡྷི་_100_,སིདྡྷི་_100_,སིདྡྷི་_100_,སིདྡྷི་_100_,སིདྡྷི་_100_,སིདྡྷི་_100_
[ནཱ་_100_],ནཱ་_100_,ནཱ་_100_,ནཱ་_100_,ནཱ་_100_,ནཱ་_100_,ནཱ་_100_,ནཱ་_100_,ནཱ་_100_,ནཱ་_100_,ནཱ་_100_
[མ་_100_],མ་_100_,མ་_100_,མ་_100_,མ་_100_,མ་_100_,མ་_100_,མ་_100_,མ་_100_,མ་_100_,མ་_100_
[ཨུ་_100_],ཨུ་_100_,ཨུ་_100_,ཨུ་_100_,ཨུ་_100_,ཨུ་_100_,ཨུ་_100_,ཨུ་_100_,ཨུ་_100_,ཨུ་_100_,ཨུ་_100_
[པ་_90_],པ་_90_,པ་_90_,པ་_90_,པ་_90_,པ་_90_,པ་_90_,པ་_90_,པ་_90_,བ་_9_,པ་_90_
[དེ་_100_],དེ་_100_,དེ་_100_,དེ་_100_,དེ་_100_,དེ་_100_,དེ་_100_,དེ་_100_,དེ་_100_,དེ་_100_,དེ་_100_
[ཤ། _45_],ཤ། _45_,ཤ། _45_,ཤ། _45_,ཤ །​_36_,ཤ །​_36_,ཤ། _45_,ཤ་།_9_,ཤ །​_36_,ཤ །​_36_,ཤ _9_
[བོད་_100_],བོད་_100_,བོད་_100_,བོད་_100_,བོད་_100_,བོད་_100_,བོད་_100_,བོད་_100_,བོད་_100_,བོད་_100_,བོད་_100_
[སྐད་_100_],སྐད་_100_,སྐད་_100_,སྐད་_100_,སྐད་_100_,སྐད་_100_,སྐད་_100_,སྐད་_100_,སྐད་_100_,སྐད་_100_,སྐད་_100_
[དུ_100_],དུ_100_,དུ_100_,དུ_100_,དུ_100_,དུ_100_,དུ_100_,དུ_100_,དུ_100_,དུ_100_,དུ_100_
[། _90_],། _90_,། _90_,། _90_,། _90_,། _90_,། _90_,།_9_,། _90_,། _90_,། _90_
[རང་_100_],རང་_100_,རང་_100_,རང་_100_,རང་_100_,རང་_100_,རང་_100_,རང་_100_,རང་_100_,རང་_100_,རང་_100_
[བཞིན་_100_],བཞིན་_100_,བཞིན་_100_,བཞིན་_100_,བཞིན་_100_,བཞིན་_100_,བཞིན་_100_,བཞིན་_100_,བཞིན་_100_,བཞིན་_100_,བཞིན་_100_
[གྲུབ་_100_],གྲུབ་_100_,གྲུབ་_100_,གྲུབ་_100_,གྲུབ་_100_,གྲུབ་_100_,གྲུབ་_100_,གྲུབ་_100_,གྲུབ་_100_,གྲུབ་_100_,གྲུབ་_100_
[པ་_100_],པ་_100_,པ་_100_,པ་_100_,པ་_100_,པ་_100_,པ་_100_,པ་_100_,པ་_100_,པ་_100_,པ་_100_
[མེད་_100_],མེད་_100_,མེད་_100_,མེད་_100_,མེད་_100_,མེད་_100_,མེད་_100_,མེད་_100_,མེད་_100_,མེད་_100_,མེད་_100_
[པའི་_100_],པའི་_100_,པའི་_100_,པའི་_100_,པའི་_100_,པའི་_100_,པའི་_100_,པའི་_100_,པའི་_100_,པའི་_100_,པའི་_100_
[གཞིའི་_100_],གཞིའི་_100_,གཞིའི་_100_,གཞིའི་_100_,གཞིའི་_100_,གཞིའི་_100_,གཞིའི་_100_,གཞིའི་_100_,གཞིའི་_100_,གཞིའི་_100_,གཞིའི་_100_
[མན་_100_],མན་_100_,མན་_100_,མན་_100_,མན་_100_,མན་_100_,མན་_100_,མན་_100_,མན་_100_,མན་_100_,མན་_100_
[ངག་_100_],ངག་_100_,ངག་_100_,ངག་_100_,ངག་_100_,ངག་_100_,ངག་_100_,ངག་_100_,ངག་_100_,ངག་_100_,ངག་_100_
[ཅེས་_100_],ཅེས་_100_,ཅེས་_100_,ཅེས་_100_,ཅེས་_100_,ཅེས་_100_,ཅེས་_100_,ཅེས་_100_,ཅེས་_100_,ཅེས་_100_,ཅེས་_100_
[བྱ་_100_],བྱ་_100_,བྱ་_100_,བྱ་_100_,བྱ་_100_,བྱ་_100_,བྱ་_100_,བྱ་_100_,བྱ་_100_,བྱ་_100_,བྱ་_100_
[བ_100_],བ_100_,བ_100_,བ_100_,བ_100_,བ_100_,བ_100_,བ_100_,བ_100_,བ_100_,བ_100_
[། _81_],། _81_,། _81_,། _81_,། །​_18_,། _81_,། _81_,། _81_,། །​_18_,། _81_,། _81_
[རྗེ་_100_],རྗེ་_100_,རྗེ་_100_,རྗེ་_100_,རྗེ་_100_,རྗེ་_100_,རྗེ་_100_,རྗེ་_100_,རྗེ་_100_,རྗེ་_100_,རྗེ་_100_
[བཙུན་_100_],བཙུན་_100_,བཙུན་_100_,བཙུན་_100_,བཙུན་_100_,བཙུན་_100_,བཙུན་_100_,བཙུན་_100_,བཙུན་_100_,བཙུན་_100_,བཙུན་_100_
[སྒྲོལ་_100_],སྒྲོལ་_100_,སྒྲོལ་_100_,སྒྲོལ་_100_,སྒྲོལ་_100_,སྒྲོལ་_100_,སྒྲོལ་_100_,སྒྲོལ་_100_,སྒྲོལ་_100_,སྒྲོལ་_100_,སྒྲོལ་_100_
[མ་_100_],མ་_100_,མ་_100_,མ་_100_,མ་_100_,མ་_100_,མ་_100_,མ་_100_,མ་_100_,མ་_100_,མ་_100_
[ལ་_100_],ལ་_100_,ལ་_100_,ལ་_100_,ལ་_100_,ལ་_100_,ལ་_100_,ལ་_100_,ལ་_100_,ལ་_100_,ལ་_100_
[ཕྱག་_100_],ཕྱག་_100_,ཕྱག་_100_,ཕྱག་_100_,ཕྱག་_100_,ཕྱག་_100_,ཕྱག་_100_,ཕྱག་_100_,ཕྱག་_100_,ཕྱག་_100_,ཕྱག་_100_
[འཚལ་_100_],འཚལ་_100_,འཚལ་_100_,འཚལ་_100_,འཚལ་_100_,འཚལ་_100_,འཚལ་_100_,འཚལ་_100_,འཚལ་_100_,འཚལ་_100_,འཚལ་_100_
[ལོ_100_],ལོ_100_,ལོ_100_,ལོ_100_,ལོ_100_,ལོ_100_,ལོ_100_,ལོ_100_,ལོ_100_,ལོ_100_,ལོ_100_
[། །​_90_],། །​_90_,། །​_90_,། །​_90_,། །​_90_,། །​_90_,། །​_90_,། །​ _9_,། །​_90_,། །​_90_,། །​_90_
[ཨེ་_100_],ཨེ་_100_,ཨེ་_100_,ཨེ་_100_,ཨེ་_100_,ཨེ་_100_,ཨེ་_100_,ཨེ་_100_,ཨེ་_100_,ཨེ་_100_,ཨེ་_100_
[མ་_100_],མ་_100_,མ་_100_,མ་_100_,མ་_100_,མ་_100_,མ་_100_,མ་_100_,མ་_100_,མ་_100_,མ་_100_
[ཇི་_100_],ཇི་_100_,ཇི་_100_,ཇི་_100_,ཇི་_100_,ཇི་_100_,ཇི་_100_,ཇི་_100_,ཇི་_100_,ཇི་_100_,ཇི་_100_
[ལྟར་_100_],ལྟར་_100_,ལྟར་_100_,ལྟར་_100_,ལྟར་_100_,ལྟར་_100_,ལྟར་_100_,ལྟར་_100_,ལྟར་_100_,ལྟར་_100_,ལྟར་_100_
[མཁས་_100_],མཁས་_100_,མཁས་_100_,མཁས་_100_,མཁས་_100_,མཁས་_100_,མཁས་_100_,མཁས་_100_,མཁས་_100_,མཁས་_100_,མཁས་_100_
[པ་_100_],པ་_100_,པ་_100_,པ་_100_,པ་_100_,པ་_100_,པ་_100_,པ་_100_,པ་_100_,པ་_100_,པ་_100_
[ཡིས། །​_63_],ཡིས། །​_63_,ཡི། །​_18_,ཡི། །​_18_,ཡིས། །​ _9_,ཡིས། །​_63_,ཡིས། །​_63_,ཡིས །​ །​_9_,ཡིས། །​_63_,ཡིས། །​_63_,ཡིས། །​_63_
[ལྷ་_100_],ལྷ་_100_,ལྷ་_100_,ལྷ་_100_,ལྷ་_100_,ལྷ་_100_,ལྷ་_100_,ལྷ་_100_,ལྷ་_100_,ལྷ་_100_,ལྷ་_100_
[ཁང་_100_],ཁང་_100_,ཁང་_100_,ཁང་_100_,ཁང་_100_,ཁང་_100_,ཁང་_100_,ཁང་_100_,ཁང་_100_,ཁང་_100_,ཁང་_100_
[འདི་_100_],འདི་_100_,འདི་_100_,འདི་_100_,འདི་_100_,འདི་_100_,འདི་_100_,འདི་_100_,འདི་_100_,འདི་_100_,འདི་_100_
[ནི་_100_],ནི་_100_,ནི་_100_,ནི་_100_,ནི་_100_,ནི་_100_,ནི་_100_,ནི་_100_,ནི་_100_,ནི་_100_,ནི་_100_
[བཞེངས་_100_],བཞེངས་_100_,བཞེངས་_100_,བཞེངས་_100_,བཞེངས་_100_,བཞེངས་_100_,བཞེངས་_100_,བཞེངས་_100_,བཞེངས་_100_,བཞེངས་_100_,བཞེངས་_100_
[པར་_100_],པར་_100_,པར་_100_,པར་_100_,པར་_100_,པར་_100_,པར་_100_,པར་_100_,པར་_100_,པར་_100_,པར་_100_
[བྱ། །​_72_],བྱ། །​_72_,བྱ། །​_72_,བྱ། །​_72_,བྱས། །​ _9_,བྱས། །​_18_,བྱ། །​_72_,བྱ། །​_72_,བྱས། །​_18_,བྱ། །​_72_,བྱ། །​_72_
[ཀ་_100_],ཀ་_100_,ཀ་_100_,ཀ་_100_,ཀ་_100_,ཀ་_100_,ཀ་_100_,ཀ་_100_,ཀ་_100_,ཀ་_100_,ཀ་_100_
[བ་_100_],བ་_100_,བ་_100_,བ་_100_,བ་_100_,བ་_100_,བ་_100_,བ་_100_,བ་_100_,བ་_100_,བ་_100_
[གཅིག་_100_],གཅིག་_100_,གཅིག་_100_,གཅིག་_100_,གཅིག་_100_,གཅིག་_100_,གཅིག་_100_,གཅིག་_100_,གཅིག་_100_,གཅིག་_100_,གཅིག་_100_
[ལ་_100_],ལ་_100_,ལ་_100_,ལ་_100_,ལ་_100_,ལ་_100_,ལ་_100_,ལ་_100_,ལ་_100_,ལ་_100_,ལ་_100_
[སྒོ་_100_],སྒོ་_100_,སྒོ་_100_,སྒོ་_100_,སྒོ་_100_,སྒོ་_100_,སྒོ་_100_,སྒོ་_100_,སྒོ་_100_,སྒོ་_100_,སྒོ་_100_
[དགུ་_100_],དགུ་_100_,དགུ་_100_,དགུ་_100_,དགུ་_100_,དགུ་_100_,དགུ་_100_,དགུ་_100_,དགུ་_100_,དགུ་_100_,དགུ་_100_
[པའི_100_],པའི_100_,པའི_100_,པའི_100_,པའི_100_,པའི_100_,པའི_100_,པའི_100_,པའི_100_,པའི_100_,པའི_100_
[། །​_100_],། །​_100_,། །​_100_,། །​_100_,། །​_100_,། །​_100_,། །​_100_,། །​_100_,། །​_100_,། །​_100_,། །​_100_
[ཤིང་_100_],ཤིང་_100_,ཤིང་_100_,ཤིང་_100_,ཤིང་_100_,ཤིང་_100_,ཤིང་_100_,ཤིང་_100_,ཤིང་_100_,ཤིང་_100_,ཤིང་_100_
[མཁན་_100_],མཁན་_100_,མཁན་_100_,མཁན་_100_,མཁན་_100_,མཁན་_100_,མཁན་_100_,མཁན་_100_,མཁན་_100_,མཁན་_100_,མཁན་_100_
[གང་_100_],གང་_100_,གང་_100_,གང་_100_,གང་_100_,གང་_100_,གང་_100_,གང་_100_,གང་_100_,གང་_100_,གང་_100_
[གིས་_100_],གིས་_100_,གིས་_100_,གིས་_100_,གིས་_100_,གིས་_100_,གིས་_100_,གིས་_100_,གིས་_100_,གིས་_100_,གིས་_100_
[ཁང་_100_],ཁང་_100_,ཁང་_100_,ཁང་_100_,ཁང་_100_,ཁང་_100_,ཁང་_100_,ཁང་_100_,ཁང་_100_,ཁང་_100_,ཁང་_100_
[པར་_90_],པར་_90_,པར་_90_,པར་_90_,པར་_90_,པར་_90_,པར་_90_,པར་_90_,པར་_90_,བར་_9_,པར་_90_
[བྱས_100_],བྱས_100_,བྱས_100_,བྱས_100_,བྱས_100_,བྱས_100_,བྱས_100_,བྱས_100_,བྱས_100_,བྱས_100_,བྱས_100_
[། །​_100_],། །​_100_,། །​_100_,། །​_100_,། །​_100_,། །​_100_,། །​_100_,། །​_100_,། །​_100_,། །​_100_,། །​_100_
[ཇི་_100_],ཇི་_100_,ཇི་_100_,ཇི་_100_,ཇི་_100_,ཇི་_100_,ཇི་_100_,ཇི་_100_,ཇི་_100_,ཇི་_100_,ཇི་_100_
[ལྟར་_100_],ལྟར་_100_,ལྟར་_100_,ལྟར་_100_,ལྟར་_100_,ལྟར་_100_,ལྟར་_100_,ལྟར་_100_,ལྟར་_100_,ལྟར་_100_,ལྟར་_100_
[ནམ་_100_],ནམ་_100_,ནམ་_100_,ནམ་_100_,ནམ་_100_,ནམ་_100_,ནམ་_100_,ནམ་_100_,ནམ་_100_,ནམ་_100_,ནམ་_100_
[ཞིག་_100_],ཞིག་_100_,ཞིག་_100_,ཞིག་_100_,ཞིག་_100_,ཞིག་_100_,ཞིག་_100_,ཞིག་_100_,ཞིག་_100_,ཞིག་_100_,ཞིག་_100_
[ལྷ་_100_],ལྷ་_100_,ལྷ་_100_,ལྷ་_100_,ལྷ་_100_,ལྷ་_100_,ལྷ་_100_,ལྷ་_100_,ལྷ་_100_,ལྷ་_100_,ལྷ་_100_
[ཁང་_100_],ཁང་_100_,ཁང་_100_,ཁང་_100_,ཁང་_100_,ཁང་_100_,ཁང་_100_,ཁང་_100_,ཁང་_100_,ཁང་_100_,ཁང་_100_
[དེར། །​_63_],དེར། །​_63_,དེར། །​_63_,དེར། །​_63_,དེ། །​_27_,དེ། །​_27_,དེར། །​_63_,དེར།  །​_9_,དེ། །​_27_,དེར། །​_63_,དེར། །​_63_
[འཇིག་_100_],འཇིག་_100_,འཇིག་_100_,འཇིག་_100_,འཇིག་_100_,འཇིག་_100_,འཇིག་_100_,འཇིག་_100_,འཇིག་_100_,འཇིག་_100_,འཇིག་_100_
[པར་_100_],པར་_100_,པར་_100_,པར་_100_,པར་_100_,པར་_100_,པར་_100_,པར་_100_,པར་_100_,པར་_100_,པར་_100_
[འགྱུར་_100_],འགྱུར་_100_,འགྱུར་_100_,འགྱུར་_100_,འགྱུར་_100_,འགྱུར་_100_,འགྱུར་_100_,འགྱུར་_100_,འགྱུར་_100_,འགྱུར་_100_,འགྱུར་_100_
[བ་_100_],བ་_100_,བ་_100_,བ་_100_,བ་_100_,བ་_100_,བ་_100_,བ་_100_,བ་_100_,བ་_100_,བ་_100_
[མི་_100_],མི་_100_,མི་_100_,མི་_100_,མི་_100_,མི་_100_,མི་_100_,མི་_100_,མི་_100_,མི་_100_,མི་_100_
[ཤེས་_100_],ཤེས་_100_,ཤེས་_100_,ཤེས་_100_,ཤེས་_100_,ཤེས་_100_,ཤེས་_100_,ཤེས་_100_,ཤེས་_100_,ཤེས་_100_,ཤེས་_100_
[ན། །​_63_],ན། །​_63_,ན། །​_63_,ན། །​_63_,པས། །​ _9_,པས། །​_18_,ན། །​_63_,ན། །​ _9_,པས། །​_18_,ན། །​_63_,ན། །​_63_
[ལྷ་_100_],ལྷ་_100_,ལྷ་_100_,ལྷ་_100_,ལྷ་_100_,ལྷ་_100_,ལྷ་_100_,ལྷ་_100_,ལྷ་_100_,ལྷ་_100_,ལྷ་_100_
[ཁང་_100_],ཁང་_100_,ཁང་_100_,ཁང་_100_,ཁང་_100_,ཁང་_100_,ཁང་_100_,ཁང་_100_,ཁང་_100_,ཁང་_100_,ཁང་_100_
[ནང་_100_],ནང་_100_,ནང་_100_,ནང་_100_,ནང་_100_,ནང་_100_,ནང་_100_,ནང་_100_,ནང་_100_,ནང་_100_,ནང་_100_
[ནས་_72_],ནས་_72_,ནས་_72_,ནས་_72_,གནས་_27_,གནས་_27_,ནས་_72_,ནས་_72_,གནས་_27_,ནས་_72_,ནས་_72_
[ཕུག་_100_],ཕུག་_100_,ཕུག་_100_,ཕུག་_100_,ཕུག་_100_,ཕུག་_100_,ཕུག་_100_,ཕུག་_100_,ཕུག་_100_,ཕུག་_100_,ཕུག་_100_
[རོན་_100_],རོན་_100_,རོན་_100_,རོན་_100_,རོན་_100_,རོན་_100_,རོན་_100_,རོན་_100_,རོན་_100_,རོན་_100_,རོན་_100_
[ནི_100_],ནི_100_,ནི_100_,ནི_100_,ནི_100_,ནི_100_,ནི_100_,ནི_100_,ནི_100_,ནི_100_,ནི_100_
[། །​_100_],། །​_100_,། །​_100_,། །​_100_,། །​_100_,། །​_100_,། །​_100_,། །​_100_,། །​_100_,། །​_100_,། །​_100_
[གནས་_100_],གནས་_100_,གནས་_100_,གནས་_100_,གནས་_100_,གནས་_100_,གནས་_100_,གནས་_100_,གནས་_100_,གནས་_100_,གནས་_100_
[ནི་_100_],ནི་_100_,ནི་_100_,ནི་_100_,ནི་_100_,ནི་_100_,ནི་_100_,ནི་_100_,ནི་_100_,ནི་_100_,ནི་_100_
[གང་_100_],གང་_100_,གང་_100_,གང་_100_,གང་_100_,གང་_100_,གང་_100_,གང་_100_,གང་_100_,གང་_100_,གང་_100_
[དུ་_100_],དུ་_100_,དུ་_100_,དུ་_100_,དུ་_100_,དུ་_100_,དུ་_100_,དུ་_100_,དུ་_100_,དུ་_100_,དུ་_100_
[ཚོལ་_72_],ཚོལ་_72_,ཚོལ་_72_,ཚོལ་_72_,འཚོལ་_18_,འཆོལ་_9_,ཚོལ་_72_,ཚོལ་_72_,འཚོལ་_18_,ཚོལ་_72_,ཚོལ་_72_
[བར་_100_],བར་_100_,བར་_100_,བར་_100_,བར་_100_,བར་_100_,བར་_100_,བར་_100_,བར་_100_,བར་_100_,བར་_100_
[བྱེད_100_],བྱེད_100_,བྱེད_100_,བྱེད_100_,བྱེད_100_,བྱེད_100_,བྱེད_100_,བྱེད_100_,བྱེད_100_,བྱེད_100_,བྱེད_100_
[། །​_81_],། །​_81_,། །​_81_,། །​_81_,། །​ _18_,། །​_81_,། །​_81_,། །​ _18_,། །​_81_,། །​_81_,། །​_81_
[ཇི་_100_],ཇི་_100_,ཇི་_100_,ཇི་_100_,ཇི་_100_,ཇི་_100_,ཇི་_100_,ཇི་_100_,ཇི་_100_,ཇི་_100_,ཇི་_100_
[ལྟར་_100_],ལྟར་_100_,ལྟར་_100_,ལྟར་_100_,ལྟར་_100_,ལྟར་_100_,ལྟར་_100_,ལྟར་_100_,ལྟར་_100_,ལྟར་_100_,ལྟར་_100_
[ནམ་_100_],ནམ་_100_,ནམ་_100_,ནམ་_100_,ནམ་_100_,ནམ་_100_,ནམ་_100_,ནམ་_100_,ནམ་_100_,ནམ་_100_,ནམ་_100_
[ཞིག་_100_],ཞིག་_100_,ཞིག་_100_,ཞིག་_100_,ཞིག་_100_,ཞིག་_100_,ཞིག་_100_,ཞིག་_100_,ཞིག་_100_,ཞིག་_100_,ཞིག་_100_
[ལྷ་_100_],ལྷ་_100_,ལྷ་_100_,ལྷ་_100_,ལྷ་_100_,ལྷ་_100_,ལྷ་_100_,ལྷ་_100_,ལྷ་_100_,ལྷ་_100_,ལྷ་_100_
[ཁང་_100_],ཁང་_100_,ཁང་_100_,ཁང་_100_,ཁང་_100_,ཁང་_100_,ཁང་_100_,ཁང་_100_,ཁང་_100_,ཁང་_100_,ཁང་_100_
[དེར། །​_63_],དེར། །​_63_,དེར། །​_63_,དེར། །​_63_,དེ། །​_27_,དེ། །​_27_,དེར། །​_63_,དེར། །​ །​_9_,དེ། །​_27_,དེར། །​_63_,དེར། །​_63_
[འཇིག་_100_],འཇིག་_100_,འཇིག་_100_,འཇིག་_100_,འཇིག་_100_,འཇིག་_100_,འཇིག་_100_,འཇིག་_100_,འཇིག་_100_,འཇིག་_100_,འཇིག་_100_
[པར་_100_],པར་_100_,པར་_100_,པར་_100_,པར་_100_,པར་_100_,པར་_100_,པར་_100_,པར་_100_,པར་_100_,པར་_100_
[འགྱུར་_100_],འགྱུར་_100_,འགྱུར་_100_,འགྱུར་_100_,འགྱུར་_100_,འགྱུར་_100_,འགྱུར་_100_,འགྱུར་_100_,འགྱུར་_100_,འགྱུར་_100_,འགྱུར་_100_
[བ་_100_],བ་_100_,བ་_100_,བ་_100_,བ་_100_,བ་_100_,བ་_100_,བ་_100_,བ་_100_,བ་_100_,བ་_100_
[མི་_81_],མི་_81_,མ་_18_,མ་_18_,མི་_81_,མི་_81_,མི་_81_,མི་_81_,མི་_81_,མི་_81_,མི་_81_
[ཤེས་_100_],ཤེས་_100_,ཤེས་_100_,ཤེས་_100_,ཤེས་_100_,ཤེས་_100_,ཤེས་_100_,ཤེས་_100_,ཤེས་_100_,ཤེས་_100_,ཤེས་_100_
[ན_100_],ན_100_,ན_100_,ན_100_,ན_100_,ན_100_,ན_100_,ན_100_,ན_100_,ན_100_,ན_100_
[། །​_100_],། །​_100_,། །​_100_,། །​_100_,། །​_100_,། །​_100_,། །​_100_,། །​_100_,། །​_100_,། །​_100_,། །​_100_
[གང་_100_],གང་_100_,གང་_100_,གང་_100_,གང་_100_,གང་_100_,གང་_100_,གང་_100_,གང་_100_,གང་_100_,གང་_100_
[གིས་_100_],གིས་_100_,གིས་_100_,གིས་_100_,གིས་_100_,གིས་_100_,གིས་_100_,གིས་_100_,གིས་_100_,གིས་_100_,གིས་_100_
[གཡོགས་_100_],གཡོགས་_100_,གཡོགས་_100_,གཡོགས་_100_,གཡོགས་_100_,གཡོགས་_100_,གཡོགས་_100_,གཡོགས་_100_,གཡོགས་_100_,གཡོགས་_100_,གཡོགས་_100_
[ཤིང་_100_],ཤིང་_100_,ཤིང་_100_,ཤིང་_100_,ཤིང་_100_,ཤིང་_100_,ཤིང་_100_,ཤིང་_100_,ཤིང་_100_,ཤིང་_100_,ཤིང་_100_
[ཞལ་_100_],ཞལ་_100_,ཞལ་_100_,ཞལ་_100_,ཞལ་_100_,ཞལ་_100_,ཞལ་_100_,ཞལ་_100_,ཞལ་_100_,ཞལ་_100_,ཞལ་_100_
[ཞལ་_100_],ཞལ་_100_,ཞལ་_100_,ཞལ་_100_,ཞལ་_100_,ཞལ་_100_,ཞལ་_100_,ཞལ་_100_,ཞལ་_100_,ཞལ་_100_,ཞལ་_100_
[བྱས_100_],བྱས_100_,བྱས_100_,བྱས_100_,བྱས_100_,བྱས_100_,བྱས_100_,བྱས_100_,བྱས_100_,བྱས_100_,བྱས_100_
[། །​_81_],། །​_81_,། །​_81_,། །​_81_,། །​ _18_,། །​_81_,། །​_81_,། །​ _18_,། །​_81_,། །​_81_,། །​_81_
[སྒོ་_100_],སྒོ་_100_,སྒོ་_100_,སྒོ་_100_,སྒོ་_100_,སྒོ་_100_,སྒོ་_100_,སྒོ་_100_,སྒོ་_100_,སྒོ་_100_,སྒོ་_100_
[རབ་_100_],རབ་_100_,རབ་_100_,རབ་_100_,རབ་_100_,རབ་_100_,རབ་_100_,རབ་_100_,རབ་_100_,རབ་_100_,རབ་_100_
[བསྡམས་_100_],བསྡམས་_100_,བསྡམས་_100_,བསྡམས་_100_,བསྡམས་_100_,བསྡམས་_100_,བསྡམས་_100_,བསྡམས་_100_,བསྡམས་_100_,བསྡམས་_100_,བསྡམས་_100_
[པ་_100_],པ་_100_,པ་_100_,པ་_100_,པ་_100_,པ་_100_,པ་_100_,པ་_100_,པ་_100_,པ་_100_,པ་_100_
[དེ་_100_],དེ་_100_,དེ་_100_,དེ་_100_,དེ་_100_,དེ་_100_,དེ་_100_,དེ་_100_,དེ་_100_,དེ་_100_,དེ་_100_
[ལྟར་_72_],ལྟར་_72_,ལྟར་_72_,ལྟར་_72_,ལྟ་_27_,ལྟ་_27_,ལྟར་_72_,ལྟར་_72_,ལྟ་_27_,ལྟར་_72_,ལྟར་_72_
[ན_100_],ན_100_,ན_100_,ན_100_,ན_100_,ན_100_,ན_100_,ན_100_,ན_100_,ན_100_,ན_100_
[། །​_81_],། །​_81_,། །​_81_,། །​_81_,། །​ _18_,། །​_81_,། །​_81_,། །​ _18_,། །​_81_,། །​_81_,། །​_81_
[ཀ་_100_],ཀ་_100_,ཀ་_100_,ཀ་_100_,ཀ་_100_,ཀ་_100_,ཀ་_100_,ཀ་_100_,ཀ་_100_,ཀ་_100_,ཀ་_100_
[བ་_100_],བ་_100_,བ་_100_,བ་_100_,བ་_100_,བ་_100_,བ་_100_,བ་_100_,བ་_100_,བ་_100_,བ་_100_
[སྲིན་_100_],སྲིན་_100_,སྲིན་_100_,སྲིན་_100_,སྲིན་_100_,སྲིན་_100_,སྲིན་_100_,སྲིན་_100_,སྲིན་_100_,སྲིན་_100_,སྲིན་_100_
[གྱིས་_100_],གྱིས་_100_,གྱིས་_100_,གྱིས་_100_,གྱིས་_100_,གྱིས་_100_,གྱིས་_100_,གྱིས་_100_,གྱིས་_100_,གྱིས་_100_,གྱིས་_100_
[ཟོས་_90_],ཟོས་_90_,ཟོས་_90_,ཟོས་_90_,ཐོས་_9_,ཟོས་_90_,ཟོས་_90_,ཟོས་_90_,ཟོས་_90_,ཟོས་_90_,ཟོས་_90_
[པ་_100_],པ་_100_,པ་_100_,པ་_100_,པ་_100_,པ་_100_,པ་_100_,པ་_100_,པ་_100_,པ་_100_,པ་_100_
[ན། །​_81_],ན། །​_81_,ན། །​_81_,ན། །​_81_,ནི། །​ _9_,ན། །​_81_,ན། །​_81_,ན། །​_81_,ནི། །​_9_,ན། །​_81_,ན། །​_81_
[ཇི་_100_],ཇི་_100_,ཇི་_100_,ཇི་_100_,ཇི་_100_,ཇི་_100_,ཇི་_100_,ཇི་_100_,ཇི་_100_,ཇི་_100_,ཇི་_100_
[ལྟར་_100_],ལྟར་_100_,ལྟར་_100_,ལྟར་_100_,ལྟར་_100_,ལྟར་_100_,ལྟར་_100_,ལྟར་_100_,ལྟར་_100_,ལྟར་_100_,ལྟར་_100_
[ནམ་_100_],ནམ་_100_,ནམ་_100_,ནམ་_100_,ནམ་_100_,ནམ་_100_,ནམ་_100_,ནམ་_100_,ནམ་_100_,ནམ་_100_,ནམ་_100_
[ཞིག་_100_],ཞིག་_100_,ཞིག་_100_,ཞིག་_100_,ཞིག་_100_,ཞིག་_100_,ཞིག་_100_,ཞིག་_100_,ཞིག་_100_,ཞིག་_100_,ཞིག་_100_
[ལྷ་_100_],ལྷ་_100_,ལྷ་_100_,ལྷ་_100_,ལྷ་_100_,ལྷ་_100_,ལྷ་_100_,ལྷ་_100_,ལྷ་_100_,ལྷ་_100_,ལྷ་_100_
[ཁང་_100_],ཁང་_100_,ཁང་_100_,ཁང་_100_,ཁང་_100_,ཁང་_100_,ཁང་_100_,ཁང་_100_,ཁང་_100_,ཁང་_100_,ཁང་_100_
[དེར_72_],དེར_72_,དེར_72_,དེར_72_,དེ_27_,དེ_27_,དེར_72_,དེར_72_,དེ_27_,དེར_72_,དེར_72_
[། །​_100_],། །​_100_,། །​_100_,། །​_100_,། །​_100_,། །​_100_,། །​_100_,། །​_100_,། །​_100_,། །​_100_,། །​_100_
[འཇིག་_100_],འཇིག་_100_,འཇིག་_100_,འཇིག་_100_,འཇིག་_100_,འཇིག་_100_,འཇིག་_100_,འཇིག་_100_,འཇིག་_100_,འཇིག་_100_,འཇིག་_100_
[པར་_100_],པར་_100_,པར་_100_,པར་_100_,པར་_100_,པར་_100_,པར་_100_,པར་_100_,པར་_100_,པར་_100_,པར་_100_
[འགྱུར་_100_],འགྱུར་_100_,འགྱུར་_100_,འགྱུར་_100_,འགྱུར་_100_,འགྱུར་_100_,འགྱུར་_100_,འགྱུར་_100_,འགྱུར་_100_,འགྱུར་_100_,འགྱུར་_100_
[བ་_100_],བ་_100_,བ་_100_,བ་_100_,བ་_100_,བ་_100_,བ་_100_,བ་_100_,བ་_100_,བ་_100_,བ་_100_
[མི་_81_],མི་_81_,མ་_18_,མ་_18_,མི་_81_,མི་_81_,མི་_81_,མི་_81_,མི་_81_,མི་_81_,མི་_81_
[ཤེས་_100_],ཤེས་_100_,ཤེས་_100_,ཤེས་_100_,ཤེས་_100_,ཤེས་_100_,ཤེས་_100_,ཤེས་_100_,ཤེས་_100_,ཤེས་_100_,ཤེས་_100_
[སོ_100_],སོ_100_,སོ_100_,སོ_100_,སོ_100_,སོ_100_,སོ_100_,སོ_100_,སོ_100_,སོ_100_,སོ_100_
[། །​_90_],། །​_90_,། །​_90_,། །​_90_,། །​ _9_,། །​_90_,། །​_90_,། །​_90_,། །​_90_,། །​_90_,། །​_90_
[གང་_100_],གང་_100_,གང་_100_,གང་_100_,གང་_100_,གང་_100_,གང་_100_,གང་_100_,གང་_100_,གང་_100_,གང་_100_
[གིས་_100_],གིས་_100_,གིས་_100_,གིས་_100_,གིས་_100_,གིས་_100_,གིས་_100_,གིས་_100_,གིས་_100_,གིས་_100_,གིས་_100_
[གཡོགས་_100_],གཡོགས་_100_,གཡོགས་_100_,གཡོགས་_100_,གཡོགས་_100_,གཡོགས་_100_,གཡོགས་_100_,གཡོགས་_100_,གཡོགས་_100_,གཡོགས་_100_,གཡོགས་_100_
[ཤིང་_100_],ཤིང་_100_,ཤིང་_100_,ཤིང་_100_,ཤིང་_100_,ཤིང་_100_,ཤིང་_100_,ཤིང་_100_,ཤིང་_100_,ཤིང་_100_,ཤིང་_100_
[ཞལ་_100_],ཞལ་_100_,ཞལ་_100_,ཞལ་_100_,ཞལ་_100_,ཞལ་_100_,ཞལ་_100_,ཞལ་_100_,ཞལ་_100_,ཞལ་_100_,ཞལ་_100_
[ཞལ་_100_],ཞལ་_100_,ཞལ་_100_,ཞལ་_100_,ཞལ་_100_,ཞལ་_100_,ཞལ་_100_,ཞལ་_100_,ཞལ་_100_,ཞལ་_100_,ཞལ་_100_
[བྱས_100_],བྱས_100_,བྱས_100_,བྱས_100_,བྱས_100_,བྱས_100_,བྱས_100_,བྱས_100_,བྱས_100_,བྱས_100_,བྱས_100_
[། །​_90_],། །​_90_,། །​_90_,། །​_90_,། །​ _9_,། །​_90_,། །​_90_,། །​_90_,། །​_90_,། །​_90_,། །​_90_
[ལྷ་_100_],ལྷ་_100_,ལྷ་_100_,ལྷ་_100_,ལྷ་_100_,ལྷ་_100_,ལྷ་_100_,ལྷ་_100_,ལྷ་_100_,ལྷ་_100_,ལྷ་_100_
[ཁང་_100_],ཁང་_100_,ཁང་_100_,ཁང་_100_,ཁང་_100_,ཁང་_100_,ཁང་_100_,ཁང་_100_,ཁང་_100_,ཁང་_100_,ཁང་_100_
[ནང་_100_],ནང་_100_,ནང་_100_,ནང་_100_,ནང་_100_,ནང་_100_,ནང་_100_,ནང་_100_,ནང་_100_,ནང་_100_,ནང་_100_
[ནས་_72_],ནས་_72_,ནས་_72_,ནས་_72_,གནས་_27_,གནས་_27_,ནས་_72_,ནས་_72_,གནས་_27_,ནས་_72_,ནས་_72_
[ཕུག་_100_],ཕུག་_100_,ཕུག་_100_,ཕུག་_100_,ཕུག་_100_,ཕུག་_100_,ཕུག་_100_,ཕུག་_100_,ཕུག་_100_,ཕུག་_100_,ཕུག་_100_
[རོན་_100_],རོན་_100_,རོན་_100_,རོན་_100_,རོན་_100_,རོན་_100_,རོན་_100_,རོན་_100_,རོན་_100_,རོན་_100_,རོན་_100_
[ནི_100_],ནི_100_,ནི_100_,ནི_100_,ནི_100_,ནི_100_,ནི_100_,ནི_100_,ནི_100_,ནི_100_,ནི_100_
[། །​_100_],། །​_100_,། །​_100_,། །​_100_,། །​_100_,། །​_100_,། །​_100_,། །​_100_,། །​_100_,། །​_100_,། །​_100_
[གནས་_100_],གནས་_100_,གནས་_100_,གནས་_100_,གནས་_100_,གནས་_100_,གནས་_100_,གནས་_100_,གནས་_100_,གནས་_100_,གནས་_100_
[ནི་_100_],ནི་_100_,ནི་_100_,ནི་_100_,ནི་_100_,ནི་_100_,ནི་_100_,ནི་_100_,ནི་_100_,ནི་_100_,ནི་_100_
[གང་_100_],གང་_100_,གང་_100_,གང་_100_,གང་_100_,གང་_100_,གང་_100_,གང་_100_,གང་_100_,གང་_100_,གང་_100_
[དུ་_100_],དུ་_100_,དུ་_100_,དུ་_100_,དུ་_100_,དུ་_100_,དུ་_100_,དུ་_100_,དུ་_100_,དུ་_100_,དུ་_100_
[ཚོལ་_72_],ཚོལ་_72_,ཚོལ་_72_,ཚོལ་_72_,འཚོལ་_27_,འཚོལ་_27_,ཚོལ་_72_,ཚོལ་_72_,འཚོལ་_27_,ཚོལ་_72_,ཚོལ་_72_
[བར་_100_],བར་_100_,བར་_100_,བར་_100_,བར་_100_,བར་_100_,བར་_100_,བར་_100_,བར་_100_,བར་_100_,བར་_100_
[བྱེད_100_],བྱེད_100_,བྱེད_100_,བྱེད_100_,བྱེད_100_,བྱེད_100_,བྱེད_100_,བྱེད_100_,བྱེད_100_,བྱེད_100_,བྱེད_100_
[། །​_90_],། །​_90_,། །​_90_,། །​_90_,། །​ _9_,། །​_90_,། །​_90_,། །​_90_,། །​_90_,། །​_90_,། །​_90_
[མར་_100_],མར་_100_,མར་_100_,མར་_100_,མར་_100_,མར་_100_,མར་_100_,མར་_100_,མར་_100_,མར་_100_,མར་_100_
[དང་_100_],དང་_100_,དང་_100_,དང་_100_,དང་_100_,དང་_100_,དང་_100_,དང་_100_,དང་_100_,དང་_100_,དང་_100_
[སྦྲང་_100_],སྦྲང་_100_,སྦྲང་_100_,སྦྲང་_100_,སྦྲང་_100_,སྦྲང་_100_,སྦྲང་_100_,སྦྲང་_100_,སྦྲང་_100_,སྦྲང་_100_,སྦྲང་_100_
[རྩིའི་_100_],རྩིའི་_100_,རྩིའི་_100_,རྩིའི་_100_,རྩིའི་_100_,རྩིའི་_100_,རྩིའི་_100_,རྩིའི་_100_,རྩིའི་_100_,རྩིའི་_100_,རྩིའི་_100_
[ཟས་_100_],ཟས་_100_,ཟས་_100_,ཟས་_100_,ཟས་_100_,ཟས་_100_,ཟས་_100_,ཟས་_100_,ཟས་_100_,ཟས་_100_,ཟས་_100_
[བྱིན་_100_],བྱིན་_100_,བྱིན་_100_,བྱིན་_100_,བྱིན་_100_,བྱིན་_100_,བྱིན་_100_,བྱིན་_100_,བྱིན་_100_,བྱིན་_100_,བྱིན་_100_
[ཡང་_100_],ཡང་_100_,ཡང་_100_,ཡང་_100_,ཡང་_100_,ཡང་_100_,ཡང་_100_,ཡང་_100_,ཡང་_100_,ཡང་_100_,ཡང་_100_
[། །​_100_],། །​_100_,། །​_100_,། །​_100_,། །​_100_,། །​_100_,། །​_100_,། །​_100_,། །​_100_,། །​_100_,། །​_100_
[རིགས་_100_],རིགས་_100_,རིགས་_100_,རིགས་_100_,རིགས་_100_,རིགས་_100_,རིགས་_100_,རིགས་_100_,རིགས་_100_,རིགས་_100_,རིགས་_100_
[ངན་_100_],ངན་_100_,ངན་_100_,ངན་_100_,ངན་_100_,ངན་_100_,ངན་_100_,ངན་_100_,ངན་_100_,ངན་_100_,ངན་_100_
[གྱི་_90_],གྱི་_90_,གྱི་_90_,གྱི་_90_,གྱི་_90_,གྱི་_90_,གྱི་_90_,གྱི་རང་བཞིན་གྲུབ་པ་མེད་པའི་གཞིའི་མན་ངག་ཅེས་བྱ་བ།_9_,གྱི་_90_,གྱི་_90_,གྱི་_90_
[ནི་_100_],ནི་_100_,ནི་_100_,ནི་_100_,ནི་_100_,ནི་_100_,ནི་_100_,ནི་_100_,ནི་_100_,ནི་_100_,ནི་_100_
[སྤྱོད་_100_],སྤྱོད་_100_,སྤྱོད་_100_,སྤྱོད་_100_,སྤྱོད་_100_,སྤྱོད་_100_,སྤྱོད་_100_,སྤྱོད་_100_,སྤྱོད་_100_,སྤྱོད་_100_,སྤྱོད་_100_
[པ་_100_],པ་_100_,པ་_100_,པ་_100_,པ་_100_,པ་_100_,པ་_100_,པ་_100_,པ་_100_,པ་_100_,པ་_100_
[འདྲ_100_],འདྲ_100_,འདྲ_100_,འདྲ_100_,འདྲ_100_,འདྲ_100_,འདྲ_100_,འདྲ_100_,འདྲ_100_,འདྲ_100_,འདྲ_100_
[། །​_90_],། །​_90_,། །​_90_,། །​_90_,། །​ _9_,། །​_90_,། །​_90_,། །​_90_,། །​_90_,། །​_90_,། །​_90_
[དེ་_100_],དེ་_100_,དེ་_100_,དེ་_100_,དེ་_100_,དེ་_100_,དེ་_100_,དེ་_100_,དེ་_100_,དེ་_100_,དེ་_100_
[བཞིན་_100_],བཞིན་_100_,བཞིན་_100_,བཞིན་_100_,བཞིན་_100_,བཞིན་_100_,བཞིན་_100_,བཞིན་_100_,བཞིན་_100_,བཞིན་_100_,བཞིན་_100_
[རྡོ་_100_],རྡོ་_100_,རྡོ་_100_,རྡོ་_100_,རྡོ་_100_,རྡོ་_100_,རྡོ་_100_,རྡོ་_100_,རྡོ་_100_,རྡོ་_100_,རྡོ་_100_
[རྗེ་_100_],རྗེ་_100_,རྗེ་_100_,རྗེ་_100_,རྗེ་_100_,རྗེ་_100_,རྗེ་_100_,རྗེ་_100_,རྗེ་_100_,རྗེ་_100_,རྗེ་_100_
[འགྲོ་_100_],འགྲོ་_100_,འགྲོ་_100_,འགྲོ་_100_,འགྲོ་_100_,འགྲོ་_100_,འགྲོ་_100_,འགྲོ་_100_,འགྲོ་_100_,འགྲོ་_100_,འགྲོ་_100_
[བར་_100_],བར་_100_,བར་_100_,བར་_100_,བར་_100_,བར་_100_,བར་_100_,བར་_100_,བར་_100_,བར་_100_,བར་_100_
[བྱེད_100_],བྱེད_100_,བྱེད_100_,བྱེད_100_,བྱེད_100_,བྱེད_100_,བྱེད_100_,བྱེད_100_,བྱེད_100_,བྱེད_100_,བྱེད_100_
[། །​_81_],། །​_81_,། །​_81_,། །​_81_,། །​ _18_,། །​_81_,། །​_81_,། །​ _18_,། །​_81_,། །​_81_,། །​_81_
[ཇི་_100_],ཇི་_100_,ཇི་_100_,ཇི་_100_,ཇི་_100_,ཇི་_100_,ཇི་_100_,ཇི་_100_,ཇི་_100_,ཇི་_100_,ཇི་_100_
[ལྟར་_100_],ལྟར་_100_,ལྟར་_100_,ལྟར་_100_,ལྟར་_100_,ལྟར་_100_,ལྟར་_100_,ལྟར་_100_,ལྟར་_100_,ལྟར་_100_,ལྟར་_100_
[ནམ་_100_],ནམ་_100_,ནམ་_100_,ནམ་_100_,ནམ་_100_,ནམ་_100_,ནམ་_100_,ནམ་_100_,ནམ་_100_,ནམ་_100_,ནམ་_100_
[ཞིག་_100_],ཞིག་_100_,ཞིག་_100_,ཞིག་_100_,ཞིག་_100_,ཞིག་_100_,ཞིག་_100_,ཞིག་_100_,ཞིག་_100_,ཞིག་_100_,ཞིག་_100_
[ལྷ་_100_],ལྷ་_100_,ལྷ་_100_,ལྷ་_100_,ལྷ་_100_,ལྷ་_100_,ལྷ་_100_,ལྷ་_100_,ལྷ་_100_,ལྷ་_100_,ལྷ་_100_
[ཁང་_100_],ཁང་_100_,ཁང་_100_,ཁང་_100_,ཁང་_100_,ཁང་_100_,ཁང་_100_,ཁང་_100_,ཁང་_100_,ཁང་_100_,ཁང་_100_
[དེར། །​_63_],དེར། །​_63_,དེར། །​_63_,དེར། །​_63_,དེ། །​_27_,དེ། །​_27_,དེར། །​_63_,དེར༑ །​_9_,དེ། །​_27_,དེར། །​_63_,དེར། །​_63_
[འཇིག་_100_],འཇིག་_100_,འཇིག་_100_,འཇིག་_100_,འཇིག་_100_,འཇིག་_100_,འཇིག་_100_,འཇིག་_100_,འཇིག་_100_,འཇིག་_100_,འཇིག་_100_
[པར་_100_],པར་_100_,པར་_100_,པར་_100_,པར་_100_,པར་_100_,པར་_100_,པར་_100_,པར་_100_,པར་_100_,པར་_100_
[འགྱུར་_100_],འགྱུར་_100_,འགྱུར་_100_,འགྱུར་_100_,འགྱུར་_100_,འགྱུར་_100_,འགྱུར་_100_,འགྱུར་_100_,འགྱུར་_100_,འགྱུར་_100_,འགྱུར་_100_
[བ་_100_],བ་_100_,བ་_100_,བ་_100_,བ་_100_,བ་_100_,བ་_100_,བ་_100_,བ་_100_,བ་_100_,བ་_100_
[མ་_72_],མ་_72_,མ་_72_,མ་_72_,མི་_27_,མི་_27_,མ་_72_,མ་_72_,མི་_27_,མ་_72_,མ་_72_
[ཤེས་_100_],ཤེས་_100_,ཤེས་_100_,ཤེས་_100_,ཤེས་_100_,ཤེས་_100_,ཤེས་_100_,ཤེས་_100_,ཤེས་_100_,ཤེས་_100_,ཤེས་_100_
[སོ_100_],སོ_100_,སོ_100_,སོ_100_,སོ_100_,སོ_100_,སོ_100_,སོ_100_,སོ_100_,སོ_100_,སོ_100_
[། །​_90_],། །​_90_,། །​_90_,། །​_90_,། །​ _9_,། །​_90_,། །​_90_,། །​_90_,། །​_90_,། །​_90_,། །​_90_
[ལྷ་_100_],ལྷ་_100_,ལྷ་_100_,ལྷ་_100_,ལྷ་_100_,ལྷ་_100_,ལྷ་_100_,ལྷ་_100_,ལྷ་_100_,ལྷ་_100_,ལྷ་_100_
[ཁང་_100_],ཁང་_100_,ཁང་_100_,ཁང་_100_,ཁང་_100_,ཁང་_100_,ཁང་_100_,ཁང་_100_,ཁང་_100_,ཁང་_100_,ཁང་_100_
[ནང་_100_],ནང་_100_,ནང་_100_,ནང་_100_,ནང་_100_,ནང་_100_,ནང་_100_,ནང་_100_,ནང་_100_,ནང་_100_,ནང་_100_
[དེའི་_90_],དེའི་_90_,དེའི་_90_,དེའི་_90_,དེའི་_90_,དེའི་_90_,དེའི་_90_,དེའི་_90_,དེའི་_90_,དེའི་_90_,ནས་_9_
[ཕུག་_100_],ཕུག་_100_,ཕུག་_100_,ཕུག་_100_,ཕུག་_100_,ཕུག་_100_,ཕུག་_100_,ཕུག་_100_,ཕུག་_100_,ཕུག་_100_,ཕུག་_100_
[རོན་_100_],རོན་_100_,རོན་_100_,རོན་_100_,རོན་_100_,རོན་_100_,རོན་_100_,རོན་_100_,རོན་_100_,རོན་_100_,རོན་_100_
[ནི_100_],ནི_100_,ནི_100_,ནི_100_,ནི_100_,ནི_100_,ནི_100_,ནི_100_,ནི_100_,ནི_100_,ནི_100_
[། །​_100_],། །​_100_,། །​_100_,། །​_100_,། །​_100_,། །​_100_,། །​_100_,། །​_100_,། །​_100_,། །​_100_,། །​_100_
[གནས་_100_],གནས་_100_,གནས་_100_,གནས་_100_,གནས་_100_,གནས་_100_,གནས་_100_,གནས་_100_,གནས་_100_,གནས་_100_,གནས་_100_
[ནི་_100_],ནི་_100_,ནི་_100_,ནི་_100_,ནི་_100_,ནི་_100_,ནི་_100_,ནི་_100_,ནི་_100_,ནི་_100_,ནི་_100_
[གང་_100_],གང་_100_,གང་_100_,གང་_100_,གང་_100_,གང་_100_,གང་_100_,གང་_100_,གང་_100_,གང་_100_,གང་_100_
[དུ་_100_],དུ་_100_,དུ་_100_,དུ་_100_,དུ་_100_,དུ་_100_,དུ་_100_,དུ་_100_,དུ་_100_,དུ་_100_,དུ་_100_
[ཚོལ་_72_],ཚོལ་_72_,ཚོལ་_72_,ཚོལ་_72_,འཚོལ་_27_,འཚོལ་_27_,ཚོལ་_72_,ཚོལ་_72_,འཚོལ་_27_,ཚོལ་_72_,ཚོལ་_72_
[བར་_100_],བར་_100_,བར་_100_,བར་_100_,བར་_100_,བར་_100_,བར་_100_,བར་_100_,བར་_100_,བར་_100_,བར་_100_
[བྱེད_100_],བྱེད_100_,བྱེད_100_,བྱེད_100_,བྱེད_100_,བྱེད_100_,བྱེད_100_,བྱེད_100_,བྱེད_100_,བྱེད_100_,བྱེད_100_
[། །​_81_],། །​_81_,། །​_81_,། །​_81_,། །​ _9_,། །​_81_,། །​_81_,། །​ །​_9_,། །​_81_,། །​_81_,། །​_81_
[སྣ་_100_],སྣ་_100_,སྣ་_100_,སྣ་_100_,སྣ་_100_,སྣ་_100_,སྣ་_100_,སྣ་_100_,སྣ་_100_,སྣ་_100_,སྣ་_100_
[ཚོགས་_100_],ཚོགས་_100_,ཚོགས་_100_,ཚོགས་_100_,ཚོགས་_100_,ཚོགས་_100_,ཚོགས་_100_,ཚོགས་_100_,ཚོགས་_100_,ཚོགས་_100_,ཚོགས་_100_
[མདོག་_72_],མདོག་_72_,མདོག་_72_,མདོག་_72_,མངོན་_27_,མངོན་_27_,མདོག་_72_,མདོག་_72_,མངོན་_27_,མདོག་_72_,མདོག་_72_
[ཅན་_100_],ཅན་_100_,ཅན་_100_,ཅན་_100_,ཅན་_100_,ཅན་_100_,ཅན་_100_,ཅན་_100_,ཅན་_100_,ཅན་_100_,ཅན་_100_
[ཕུག་_100_],ཕུག་_100_,ཕུག་_100_,ཕུག་_100_,ཕུག་_100_,ཕུག་_100_,ཕུག་_100_,ཕུག་_100_,ཕུག་_100_,ཕུག་_100_,ཕུག་_100_
[རོན་_100_],རོན་_100_,རོན་_100_,རོན་_100_,རོན་_100_,རོན་_100_,རོན་_100_,རོན་_100_,རོན་_100_,རོན་_100_,རོན་_100_
[ནི_100_],ནི_100_,ནི_100_,ནི_100_,ནི_100_,ནི_100_,ནི_100_,ནི_100_,ནི_100_,ནི_100_,ནི_100_
[། །​_90_],། །​_90_,། །​_90_,། །​_90_,། །​_90_,། །​_90_,། །​_90_,། །​ _9_,། །​_90_,། །​_90_,། །​_90_
[ལྷ་_100_],ལྷ་_100_,ལྷ་_100_,ལྷ་_100_,ལྷ་_100_,ལྷ་_100_,ལྷ་_100_,ལྷ་_100_,ལྷ་_100_,ལྷ་_100_,ལྷ་_100_
[ཁང་_100_],ཁང་_100_,ཁང་_100_,ཁང་_100_,ཁང་_100_,ཁང་_100_,ཁང་_100_,ཁང་_100_,ཁང་_100_,ཁང་_100_,ཁང་_100_
[བུམ་_100_],བུམ་_100_,བུམ་_100_,བུམ་_100_,བུམ་_100_,བུམ་_100_,བུམ་_100_,བུམ་_100_,བུམ་_100_,བུམ་_100_,བུམ་_100_
[པ་_100_],པ་_100_,པ་_100_,པ་_100_,པ་_100_,པ་_100_,པ་_100_,པ་_100_,པ་_100_,པ་_100_,པ་_100_
[སྤངས་_100_],སྤངས་_100_,སྤངས་_100_,སྤངས་_100_,སྤངས་_100_,སྤངས་_100_,སྤངས་_100_,སྤངས་_100_,སྤངས་_100_,སྤངས་_100_,སྤངས་_100_
[ནས་_100_],ནས་_100_,ནས་_100_,ནས་_100_,ནས་_100_,ནས་_100_,ནས་_100_,ནས་_100_,ནས་_100_,ནས་_100_,ནས་_100_
[ནི_100_],ནི_100_,ནི_100_,ནི_100_,ནི_100_,ནི_100_,ནི_100_,ནི_100_,ནི_100_,ནི_100_,ནི_100_
[། །​_100_],། །​_100_,། །​_100_,། །​_100_,། །​_100_,། །​_100_,། །​_100_,། །​_100_,། །​_100_,། །​_100_,། །​_100_
[དཔའ་_100_],དཔའ་_100_,དཔའ་_100_,དཔའ་_100_,དཔའ་_100_,དཔའ་_100_,དཔའ་_100_,དཔའ་_100_,དཔའ་_100_,དཔའ་_100_,དཔའ་_100_
[བོའི་_100_],བོའི་_100_,བོའི་_100_,བོའི་_100_,བོའི་_100_,བོའི་_100_,བོའི་_100_,བོའི་_100_,བོའི་_100_,བོའི་_100_,བོའི་_100_
[སྒོ་_100_],སྒོ་_100_,སྒོ་_100_,སྒོ་_100_,སྒོ་_100_,སྒོ་_100_,སྒོ་_100_,སྒོ་_100_,སྒོ་_100_,སྒོ་_100_,སྒོ་_100_
[ནས་_100_],ནས་_100_,ནས་_100_,ནས་_100_,ནས་_100_,ནས་_100_,ནས་_100_,ནས་_100_,ནས་_100_,ནས་_100_,ནས་_100_
[སྨྲ་_100_],སྨྲ་_100_,སྨྲ་_100_,སྨྲ་_100_,སྨྲ་_100_,སྨྲ་_100_,སྨྲ་_100_,སྨྲ་_100_,སྨྲ་_100_,སྨྲ་_100_,སྨྲ་_100_
[བར་_100_],བར་_100_,བར་_100_,བར་_100_,བར་_100_,བར་_100_,བར་_100_,བར་_100_,བར་_100_,བར་_100_,བར་_100_
[བྱེད_100_],བྱེད_100_,བྱེད_100_,བྱེད_100_,བྱེད_100_,བྱེད_100_,བྱེད_100_,བྱེད_100_,བྱེད_100_,བྱེད_100_,བྱེད_100_
[། །​_100_],། །​_100_,། །​_100_,། །​_100_,། །​_100_,། །​_100_,། །​_100_,། །​_100_,། །​_100_,། །​_100_,། །​_100_
[ཇི་_100_],ཇི་_100_,ཇི་_100_,ཇི་_100_,ཇི་_100_,ཇི་_100_,ཇི་_100_,ཇི་_100_,ཇི་_100_,ཇི་_100_,ཇི་_100_
[ལྟར་_100_],ལྟར་_100_,ལྟར་_100_,ལྟར་_100_,ལྟར་_100_,ལྟར་_100_,ལྟར་_100_,ལྟར་_100_,ལྟར་_100_,ལྟར་_100_,ལྟར་_100_
[ནམ་_100_],ནམ་_100_,ནམ་_100_,ནམ་_100_,ནམ་_100_,ནམ་_100_,ནམ་_100_,ནམ་_100_,ནམ་_100_,ནམ་_100_,ནམ་_100_
[ཞིག་_100_],ཞིག་_100_,ཞིག་_100_,ཞིག་_100_,ཞིག་_100_,ཞིག་_100_,ཞིག་_100_,ཞིག་_100_,ཞིག་_100_,ཞིག་_100_,ཞིག་_100_
[ལྷ་_100_],ལྷ་_100_,ལྷ་_100_,ལྷ་_100_,ལྷ་_100_,ལྷ་_100_,ལྷ་_100_,ལྷ་_100_,ལྷ་_100_,ལྷ་_100_,ལྷ་_100_
[ཁང་_100_],ཁང་_100_,ཁང་_100_,ཁང་_100_,ཁང་_100_,ཁང་_100_,ཁང་_100_,ཁང་_100_,ཁང་_100_,ཁང་_100_,ཁང་_100_
[དེར_72_],དེར_72_,དེར_72_,དེར_72_,ནི_27_,ནི_27_,དེར_72_,དེར_72_,ནི_27_,དེར_72_,དེར_72_
[། །​_100_],། །​_100_,། །​_100_,། །​_100_,། །​_100_,། །​_100_,། །​_100_,། །​_100_,། །​_100_,། །​_100_,། །​_100_
[འཇིག་_100_],འཇིག་_100_,འཇིག་_100_,འཇིག་_100_,འཇིག་_100_,འཇིག་_100_,འཇིག་_100_,འཇིག་_100_,འཇིག་_100_,འཇིག་_100_,འཇིག་_100_
[པར་_100_],པར་_100_,པར་_100_,པར་_100_,པར་_100_,པར་_100_,པར་_100_,པར་_100_,པར་_100_,པར་_100_,པར་_100_
[འགྱུར་_100_],འགྱུར་_100_,འགྱུར་_100_,འགྱུར་_100_,འགྱུར་_100_,འགྱུར་_100_,འགྱུར་_100_,འགྱུར་_100_,འགྱུར་_100_,འགྱུར་_100_,འགྱུར་_100_
[བ་_100_],བ་_100_,བ་_100_,བ་_100_,བ་_100_,བ་_100_,བ་_100_,བ་_100_,བ་_100_,བ་_100_,བ་_100_
[མ་_72_],མ་_72_,མ་_72_,མ་_72_,མི་_27_,མི་_27_,མ་_72_,མ་_72_,མི་_27_,མ་_72_,མ་_72_
[ཤེས་_100_],ཤེས་_100_,ཤེས་_100_,ཤེས་_100_,ཤེས་_100_,ཤེས་_100_,ཤེས་_100_,ཤེས་_100_,ཤེས་_100_,ཤེས་_100_,ཤེས་_100_
[སོ_100_],སོ_100_,སོ_100_,སོ_100_,སོ_100_,སོ_100_,སོ_100_,སོ_100_,སོ_100_,སོ_100_,སོ_100_
[། །​_90_],། །​_90_,། །​_90_,། །​_90_,། །​ _9_,། །​_90_,། །​_90_,། །​_90_,། །​_90_,། །​_90_,། །​_90_
[ལྷ་_100_],ལྷ་_100_,ལྷ་_100_,ལྷ་_100_,ལྷ་_100_,ལྷ་_100_,ལྷ་_100_,ལྷ་_100_,ལྷ་_100_,ལྷ་_100_,ལྷ་_100_
[ཁང་_100_],ཁང་_100_,ཁང་_100_,ཁང་_100_,ཁང་_100_,ཁང་_100_,ཁང་_100_,ཁང་_100_,ཁང་_100_,ཁང་_100_,ཁང་_100_
[ནང་_100_],ནང་_100_,ནང་_100_,ནང་_100_,ནང་_100_,ནང་_100_,ནང་_100_,ནང་_100_,ནང་_100_,ནང་_100_,ནང་_100_
[ནས་_72_],ནས་_72_,ནས་_72_,ནས་_72_,གནས་_27_,གནས་_27_,ནས་_72_,ནས་_72_,གནས་_27_,ནས་_72_,ནས་_72_
[ཕུག་_100_],ཕུག་_100_,ཕུག་_100_,ཕུག་_100_,ཕུག་_100_,ཕུག་_100_,ཕུག་_100_,ཕུག་_100_,ཕུག་_100_,ཕུག་_100_,ཕུག་_100_
[རོན་_100_],རོན་_100_,རོན་_100_,རོན་_100_,རོན་_100_,རོན་_100_,རོན་_100_,རོན་_100_,རོན་_100_,རོན་_100_,རོན་_100_
[ནི_100_],ནི_100_,ནི_100_,ནི_100_,ནི_100_,ནི_100_,ནི_100_,ནི_100_,ནི_100_,ནི_100_,ནི_100_
[། །​_100_],། །​_100_,། །​_100_,། །​_100_,། །​_100_,། །​_100_,། །​_100_,། །​_100_,། །​_100_,། །​_100_,། །​_100_
[གནས་_100_],གནས་_100_,གནས་_100_,གནས་_100_,གནས་_100_,གནས་_100_,གནས་_100_,གནས་_100_,གནས་_100_,གནས་_100_,གནས་_100_
[ནི་_100_],ནི་_100_,ནི་_100_,ནི་_100_,ནི་_100_,ནི་_100_,ནི་_100_,ནི་_100_,ནི་_100_,ནི་_100_,ནི་_100_
[གང་_100_],གང་_100_,གང་_100_,གང་_100_,གང་_100_,གང་_100_,གང་_100_,གང་_100_,གང་_100_,གང་_100_,གང་_100_
[དུ་_100_],དུ་_100_,དུ་_100_,དུ་_100_,དུ་_100_,དུ་_100_,དུ་_100_,དུ་_100_,དུ་_100_,དུ་_100_,དུ་_100_
[ཚོལ་_72_],ཚོལ་_72_,ཚོལ་_72_,ཚོལ་_72_,འཚོལ་_18_,འཆོལ་_9_,ཚོལ་_72_,ཚོལ་_72_,འཚོལ་_18_,ཚོལ་_72_,ཚོལ་_72_
[བར་_100_],བར་_100_,བར་_100_,བར་_100_,བར་_100_,བར་_100_,བར་_100_,བར་_100_,བར་_100_,བར་_100_,བར་_100_
[བྱེད_100_],བྱེད_100_,བྱེད_100_,བྱེད_100_,བྱེད_100_,བྱེད_100_,བྱེད_100_,བྱེད_100_,བྱེད_100_,བྱེད_100_,བྱེད_100_
[། །​_100_],། །​_100_,། །​_100_,། །​_100_,། །​_100_,། །​_100_,། །​_100_,། །​_100_,། །​_100_,། །​_100_,། །​_100_
[ལྷ་_100_],ལྷ་_100_,ལྷ་_100_,ལྷ་_100_,ལྷ་_100_,ལྷ་_100_,ལྷ་_100_,ལྷ་_100_,ལྷ་_100_,ལྷ་_100_,ལྷ་_100_
[ཁང་_100_],ཁང་_100_,ཁང་_100_,ཁང་_100_,ཁང་_100_,ཁང་_100_,ཁང་_100_,ཁང་_100_,ཁང་_100_,ཁང་_100_,ཁང་_100_
[བུམ་_100_],བུམ་_100_,བུམ་_100_,བུམ་_100_,བུམ་_100_,བུམ་_100_,བུམ་_100_,བུམ་_100_,བུམ་_100_,བུམ་_100_,བུམ་_100_
[པ་_100_],པ་_100_,པ་_100_,པ་_100_,པ་_100_,པ་_100_,པ་_100_,པ་_100_,པ་_100_,པ་_100_,པ་_100_
[སྤངས་_90_],སྤངས་_90_,སྤངས་_90_,སྤངས་_90_,སྤངས་_90_,སྤང་ས་_9_,སྤངས་_90_,སྤངས་_90_,སྤངས་_90_,སྤངས་_90_,སྤངས་_90_
[ནས་_100_],ནས་_100_,ནས་_100_,ནས་_100_,ནས་_100_,ནས་_100_,ནས་_100_,ནས་_100_,ནས་_100_,ནས་_100_,ནས་_100_
[ནི_100_],ནི_100_,ནི_100_,ནི_100_,ནི_100_,ནི_100_,ནི_100_,ནི_100_,ནི_100_,ནི_100_,ནི_100_
[། །​_100_],། །​_100_,། །​_100_,། །​_100_,། །​_100_,། །​_100_,། །​_100_,། །​_100_,། །​_100_,། །​_100_,། །​_100_
[དཔའ་_100_],དཔའ་_100_,དཔའ་_100_,དཔའ་_100_,དཔའ་_100_,དཔའ་_100_,དཔའ་_100_,དཔའ་_100_,དཔའ་_100_,དཔའ་_100_,དཔའ་_100_
[བོའི་_100_],བོའི་_100_,བོའི་_100_,བོའི་_100_,བོའི་_100_,བོའི་_100_,བོའི་_100_,བོའི་_100_,བོའི་_100_,བོའི་_100_,བོའི་_100_
[སྒོ་_100_],སྒོ་_100_,སྒོ་_100_,སྒོ་_100_,སྒོ་_100_,སྒོ་_100_,སྒོ་_100_,སྒོ་_100_,སྒོ་_100_,སྒོ་_100_,སྒོ་_100_
[ནས་_100_],ནས་_100_,ནས་_100_,ནས་_100_,ནས་_100_,ནས་_100_,ནས་_100_,ནས་_100_,ནས་_100_,ནས་_100_,ནས་_100_
[སྨྲ་_100_],སྨྲ་_100_,སྨྲ་_100_,སྨྲ་_100_,སྨྲ་_100_,སྨྲ་_100_,སྨྲ་_100_,སྨྲ་_100_,སྨྲ་_100_,སྨྲ་_100_,སྨྲ་_100_
[བར་_100_],བར་_100_,བར་_100_,བར་_100_,བར་_100_,བར་_100_,བར་_100_,བར་_100_,བར་_100_,བར་_100_,བར་_100_
[བྱེད_100_],བྱེད_100_,བྱེད_100_,བྱེད_100_,བྱེད_100_,བྱེད_100_,བྱེད_100_,བྱེད_100_,བྱེད_100_,བྱེད_100_,བྱེད_100_
[། །​_100_],། །​_100_,། །​_100_,། །​_100_,། །​_100_,། །​_100_,། །​_100_,། །​_100_,། །​_100_,། །​_100_,། །​_100_
[སེམས་_100_],སེམས་_100_,སེམས་_100_,སེམས་_100_,སེམས་_100_,སེམས་_100_,སེམས་_100_,སེམས་_100_,སེམས་_100_,སེམས་_100_,སེམས་_100_
[ཀྱི་_100_],ཀྱི་_100_,ཀྱི་_100_,ཀྱི་_100_,ཀྱི་_100_,ཀྱི་_100_,ཀྱི་_100_,ཀྱི་_100_,ཀྱི་_100_,ཀྱི་_100_,ཀྱི་_100_
[རྣམ་_100_],རྣམ་_100_,རྣམ་_100_,རྣམ་_100_,རྣམ་_100_,རྣམ་_100_,རྣམ་_100_,རྣམ་_100_,རྣམ་_100_,རྣམ་_100_,རྣམ་_100_
[འཕྲུལ་_100_],འཕྲུལ་_100_,འཕྲུལ་_100_,འཕྲུལ་_100_,འཕྲུལ་_100_,འཕྲུལ་_100_,འཕྲུལ་_100_,འཕྲུལ་_100_,འཕྲུལ་_100_,འཕྲུལ་_100_,འཕྲུལ་_100_
[ཡིན་_100_],ཡིན་_100_,ཡིན་_100_,ཡིན་_100_,ཡིན་_100_,ཡིན་_100_,ཡིན་_100_,ཡིན་_100_,ཡིན་_100_,ཡིན་_100_,ཡིན་_100_
[ནོ་_100_],ནོ་_100_,ནོ་_100_,ནོ་_100_,ནོ་_100_,ནོ་_100_,ནོ་_100_,ནོ་_100_,ནོ་_100_,ནོ་_100_,ནོ་_100_
[ཞེས_100_],ཞེས_100_,ཞེས_100_,ཞེས_100_,ཞེས_100_,ཞེས_100_,ཞེས_100_,ཞེས_100_,ཞེས_100_,ཞེས_100_,ཞེས_100_
[། །​_100_],། །​_100_,། །​_100_,། །​_100_,། །​_100_,། །​_100_,། །​_100_,། །​_100_,། །​_100_,། །​_100_,། །​_100_
[འཕགས་_100_],འཕགས་_100_,འཕགས་_100_,འཕགས་_100_,འཕགས་_100_,འཕགས་_100_,འཕགས་_100_,འཕགས་_100_,འཕགས་_100_,འཕགས་_100_,འཕགས་_100_
[པ་_100_],པ་_100_,པ་_100_,པ་_100_,པ་_100_,པ་_100_,པ་_100_,པ་_100_,པ་_100_,པ་_100_,པ་_100_
[ཀླུ་_100_],ཀླུ་_100_,ཀླུ་_100_,ཀླུ་_100_,ཀླུ་_100_,ཀླུ་_100_,ཀླུ་_100_,ཀླུ་_100_,ཀླུ་_100_,ཀླུ་_100_,ཀླུ་_100_
[སྒྲུབ་_100_],སྒྲུབ་_100_,སྒྲུབ་_100_,སྒྲུབ་_100_,སྒྲུབ་_100_,སྒྲུབ་_100_,སྒྲུབ་_100_,སྒྲུབ་_100_,སྒྲུབ་_100_,སྒྲུབ་_100_,སྒྲུབ་_100_
[སྨྲ་_100_],སྨྲ་_100_,སྨྲ་_100_,སྨྲ་_100_,སྨྲ་_100_,སྨྲ་_100_,སྨྲ་_100_,སྨྲ་_100_,སྨྲ་_100_,སྨྲ་_100_,སྨྲ་_100_
[བར་_100_],བར་_100_,བར་_100_,བར་_100_,བར་_100_,བར་_100_,བར་_100_,བར་_100_,བར་_100_,བར་_100_,བར་_100_
[བྱེད_100_],བྱེད_100_,བྱེད_100_,བྱེད_100_,བྱེད_100_,བྱེད_100_,བྱེད_100_,བྱེད_100_,བྱེད_100_,བྱེད_100_,བྱེད_100_
[། །​_90_],། །​_90_,། །​_90_,། །​_90_,། །​_90_,། །​_90_,། །​_90_,། = །​_9_,། །​_90_,། །​_90_,། །​_90_
[རང་_100_],རང་_100_,རང་_100_,རང་_100_,རང་_100_,རང་_100_,རང་_100_,རང་_100_,རང་_100_,རང་_100_,རང་_100_
[བཞིན་_100_],བཞིན་_100_,བཞིན་_100_,བཞིན་_100_,བཞིན་_100_,བཞིན་_100_,བཞིན་_100_,བཞིན་_100_,བཞིན་_100_,བཞིན་_100_,བཞིན་_100_
[གྲུབ་_100_],གྲུབ་_100_,གྲུབ་_100_,གྲུབ་_100_,གྲུབ་_100_,གྲུབ་_100_,གྲུབ་_100_,གྲུབ་_100_,གྲུབ་_100_,གྲུབ་_100_,གྲུབ་_100_
[པ་_100_],པ་_100_,པ་_100_,པ་_100_,པ་_100_,པ་_100_,པ་_100_,པ་_100_,པ་_100_,པ་_100_,པ་_100_
[མེད་_100_],མེད་_100_,མེད་_100_,མེད་_100_,མེད་_100_,མེད་_100_,མེད་_100_,མེད་_100_,མེད་_100_,མེད་_100_,མེད་_100_
[པའི་_100_],པའི་_100_,པའི་_100_,པའི་_100_,པའི་_100_,པའི་_100_,པའི་_100_,པའི་_100_,པའི་_100_,པའི་_100_,པའི་_100_
[གཞིའི་_90_],གཞིའི་_90_,གཞིའི་_90_,བཞིའི་_9_,གཞིའི་_90_,གཞིའི་_90_,གཞིའི་_90_,གཞིའི་_90_,གཞིའི་_90_,གཞིའི་_90_,གཞིའི་_90_
[མན་_100_],མན་_100_,མན་_100_,མན་_100_,མན་_100_,མན་_100_,མན་_100_,མན་_100_,མན་_100_,མན་_100_,མན་_100_
[ངག་_90_],ངག་_90_,ངག་_90_,ངག་_90_,ངག་_90_,ངག་_90_,ངག་_90_,ངག་_90_,ངག་_90_,ངག ་_9_,ངག་_90_
[ཅེས་_100_],ཅེས་_100_,ཅེས་_100_,ཅེས་_100_,ཅེས་_100_,ཅེས་_100_,ཅེས་_100_,ཅེས་_100_,ཅེས་_100_,ཅེས་_100_,ཅེས་_100_
[བྱ་_100_],བྱ་_100_,བྱ་_100_,བྱ་_100_,བྱ་_100_,བྱ་_100_,བྱ་_100_,བྱ་_100_,བྱ་_100_,བྱ་_100_,བྱ་_100_
[བ་_100_],བ་_100_,བ་_100_,བ་_100_,བ་_100_,བ་_100_,བ་_100_,བ་_100_,བ་_100_,བ་_100_,བ་_100_
[སློབ་_100_],སློབ་_100_,སློབ་_100_,སློབ་_100_,སློབ་_100_,སློབ་_100_,སློབ་_100_,སློབ་_100_,སློབ་_100_,སློབ་_100_,སློབ་_100_
[དཔོན་_72_],དཔོན་_72_,དཔོན་_72_,དཔོན་_72_,དཔོན་འཕགས་པ་_27_,དཔོན་འཕགས་པ་_27_,དཔོན་_72_,དཔོན་_72_,དཔོན་འཕགས་པ་_27_,དཔོན་_72_,དཔོན་_72_
[ཀླུ་_100_],ཀླུ་_100_,ཀླུ་_100_,ཀླུ་_100_,ཀླུ་_100_,ཀླུ་_100_,ཀླུ་_100_,ཀླུ་_100_,ཀླུ་_100_,ཀླུ་_100_,ཀླུ་_100_
[སྒྲུབ་_100_],སྒྲུབ་_100_,སྒྲུབ་_100_,སྒྲུབ་_100_,སྒྲུབ་_100_,སྒྲུབ་_100_,སྒྲུབ་_100_,སྒྲུབ་_100_,སྒྲུབ་_100_,སྒྲུབ་_100_,སྒྲུབ་_100_
[ཀྱིས་_100_],ཀྱིས་_100_,ཀྱིས་_100_,ཀྱིས་_100_,ཀྱིས་_100_,ཀྱིས་_100_,ཀྱིས་_100_,ཀྱིས་_100_,ཀྱིས་_100_,ཀྱིས་_100_,ཀྱིས་_100_
[མཛད་_100_],མཛད་_100_,མཛད་_100_,མཛད་_100_,མཛད་_100_,མཛད་_100_,མཛད་_100_,མཛད་_100_,མཛད་_100_,མཛད་_100_,མཛད་_100_
[པ་_100_],པ་_100_,པ་_100_,པ་_100_,པ་_100_,པ་_100_,པ་_100_,པ་_100_,པ་_100_,པ་_100_,པ་_100_
[རྫོགས་_100_],རྫོགས་_100_,རྫོགས་_100_,རྫོགས་_100_,རྫོགས་_100_,རྫོགས་_100_,རྫོགས་_100_,རྫོགས་_100_,རྫོགས་_100_,རྫོགས་_100_,རྫོགས་_100_
[སོ། །​ _36_],སོ། །​ _36_,སོ། །​ _36_,སོ། །​ _36_,སོ། །​_36_,སོ།། །​།_18_,སོ། །​_36_,སོ།། །​།_18_,སོ། །​_36_,སོ། །​_36_,53-1-14bསོ། །​      །​ །​_9_
