[༄༅༅། །​_60_],༄༅༅། །​_60_,༄༅། །​ _20_,༄༅༅། །​_60_,༄། །​_20_
[རྒྱ་_100_],རྒྱ་_100_,རྒྱ་_100_,རྒྱ་_100_,རྒྱ་_100_
[གར་_100_],གར་_100_,གར་_100_,གར་_100_,གར་_100_
[སྐད་_100_],སྐད་_100_,སྐད་_100_,སྐད་_100_,སྐད་_100_
[དུ_100_],དུ_100_,དུ_100_,དུ_100_,དུ_100_
[། _100_],། _100_,། _100_,། _100_,། _100_
[ཨཥྚ་_80_],ཨཥྚ་_80_,ཨཏྟ་_20_,ཨཥྚ་_80_,ཨཥྚ་_80_
[མ་_100_],མ་_100_,མ་_100_,མ་_100_,མ་_100_
[ཧཱ་སྠཱ་ན་ཙཻ་_60_],ཧཱ་སྠཱ་ན་ཙཻ་_60_,ཧཱ་སྣ་ན་ཙི་_20_,ཧཱ་སྠཱན་ཙཻ་_20_,ཧཱ་སྠཱ་ན་ཙཻ་_60_
[ཏྱ་_100_],ཏྱ་_100_,ཏྱ་_100_,ཏྱ་_100_,ཏྱ་_100_
[སྟོ་_100_],སྟོ་_100_,སྟོ་_100_,སྟོ་_100_,སྟོ་_100_
[ཏྲ_100_],ཏྲ_100_,ཏྲ_100_,ཏྲ_100_,ཏྲ_100_
[། _100_],། _100_,། _100_,། _100_,། _100_
[བོད་_100_],བོད་_100_,བོད་_100_,བོད་_100_,བོད་_100_
[སྐད་_100_],སྐད་_100_,སྐད་_100_,སྐད་_100_,སྐད་_100_
[དུ_100_],དུ_100_,དུ_100_,དུ_100_,དུ_100_
[། _80_],། _80_,།_20_,། _80_,། _80_
[གནས་_100_],གནས་_100_,གནས་_100_,གནས་_100_,གནས་_100_
[ཆེན་_100_],ཆེན་_100_,ཆེན་_100_,ཆེན་_100_,ཆེན་_100_
[པོ་_100_],པོ་_100_,པོ་_100_,པོ་_100_,པོ་_100_
[བརྒྱད་_100_],བརྒྱད་_100_,བརྒྱད་_100_,བརྒྱད་_100_,བརྒྱད་_100_
[ཀྱི་_100_],ཀྱི་_100_,ཀྱི་_100_,ཀྱི་_100_,ཀྱི་_100_
[མཆོད་_100_],མཆོད་_100_,མཆོད་_100_,མཆོད་_100_,མཆོད་_100_
[རྟེན་_100_],རྟེན་_100_,རྟེན་_100_,རྟེན་_100_,རྟེན་_100_
[ལ་_100_],ལ་_100_,ལ་_100_,ལ་_100_,ལ་_100_
[བསྟོད་_100_],བསྟོད་_100_,བསྟོད་_100_,བསྟོད་_100_,བསྟོད་_100_
[པ_100_],པ_100_,པ_100_,པ_100_,པ_100_
[། _100_],། _100_,། _100_,། _100_,། _100_
[འཇམ་_100_],འཇམ་_100_,འཇམ་_100_,འཇམ་_100_,འཇམ་_100_
[དཔལ་_100_],དཔལ་_100_,དཔལ་_100_,དཔལ་_100_,དཔལ་_100_
[གཞོན་_100_],གཞོན་_100_,གཞོན་_100_,གཞོན་_100_,གཞོན་_100_
[ནུར་_100_],ནུར་_100_,ནུར་_100_,ནུར་_100_,ནུར་_100_
[གྱུར་_100_],གྱུར་_100_,གྱུར་_100_,གྱུར་_100_,གྱུར་_100_
[པ་_100_],པ་_100_,པ་_100_,པ་_100_,པ་_100_
[ལ་_100_],ལ་_100_,ལ་_100_,ལ་_100_,ལ་_100_
[ཕྱག་_100_],ཕྱག་_100_,ཕྱག་_100_,ཕྱག་_100_,ཕྱག་_100_
[འཚལ་_100_],འཚལ་_100_,འཚལ་_100_,འཚལ་_100_,འཚལ་_100_
[ལོ_100_],ལོ_100_,ལོ_100_,ལོ_100_,ལོ_100_
[། །​_100_],། །​_100_,། །​_100_,། །​_100_,། །​_100_
[འགྲོ་_100_],འགྲོ་_100_,འགྲོ་_100_,འགྲོ་_100_,འགྲོ་_100_
[བའི་_100_],བའི་_100_,བའི་_100_,བའི་_100_,བའི་_100_
[བླ་_100_],བླ་_100_,བླ་_100_,བླ་_100_,བླ་_100_
[མ་_100_],མ་_100_,མ་_100_,མ་_100_,མ་_100_
[གཅིག་_100_],གཅིག་_100_,གཅིག་_100_,གཅིག་_100_,གཅིག་_100_
[པུ་_100_],པུ་_100_,པུ་_100_,པུ་_100_,པུ་_100_
[ལུམྦཱིར་བལྟམས། །​_80_],ལུམྦཱིར་བལྟམས། །​_80_,ལུམྦིར་ཅིབལྟམས། །​ _20_,ལུམྦཱིར་བལྟམས། །​_80_,ལུམྦཱིར་བལྟམས། །​_80_
[སེར་_100_],སེར་_100_,སེར་_100_,སེར་_100_,སེར་_100_
[སྐྱའི་_100_],སྐྱའི་_100_,སྐྱའི་_100_,སྐྱའི་_100_,སྐྱའི་_100_
[གྲོང་_100_],གྲོང་_100_,གྲོང་_100_,གྲོང་_100_,གྲོང་_100_
[ཁྱེར་_100_],ཁྱེར་_100_,ཁྱེར་_100_,ཁྱེར་_100_,ཁྱེར་_100_
[གཞི་_100_],གཞི་_100_,གཞི་_100_,གཞི་_100_,གཞི་_100_
[རུ་_100_],རུ་_100_,རུ་_100_,རུ་_100_,རུ་_100_
[གནས་_100_],གནས་_100_,གནས་_100_,གནས་_100_,གནས་_100_
[པར་_100_],པར་_100_,པར་_100_,པར་_100_,པར་_100_
[མཛད_100_],མཛད_100_,མཛད_100_,མཛད_100_,མཛད_100_
[། །​_100_],། །​_100_,། །​_100_,། །​_100_,། །​_100_
[ཡོན་_100_],ཡོན་_100_,ཡོན་_100_,ཡོན་_100_,ཡོན་_100_
[ཏན་_100_],ཏན་_100_,ཏན་_100_,ཏན་_100_,ཏན་_100_
[རིན་_100_],རིན་_100_,རིན་_100_,རིན་_100_,རིན་_100_
[ཆེན་_100_],ཆེན་_100_,ཆེན་_100_,ཆེན་_100_,ཆེན་_100_
[བྱེ་_100_],བྱེ་_100_,བྱེ་_100_,བྱེ་_100_,བྱེ་_100_
[བས་_100_],བས་_100_,བས་_100_,བས་_100_,བས་_100_
[བརྒྱན་_100_],བརྒྱན་_100_,བརྒྱན་_100_,བརྒྱན་_100_,བརྒྱན་_100_
[པ་_100_],པ་_100_,པ་_100_,པ་_100_,པ་_100_
[ཡི_100_],ཡི_100_,ཡི_100_,ཡི_100_,ཡི_100_
[། །​_100_],། །​_100_,། །​_100_,། །​_100_,། །​_100_
[བདེ་_100_],བདེ་_100_,བདེ་_100_,བདེ་_100_,བདེ་_100_
[གཤེགས་_100_],གཤེགས་_100_,གཤེགས་_100_,གཤེགས་_100_,གཤེགས་_100_
[མཆོད་_100_],མཆོད་_100_,མཆོད་_100_,མཆོད་_100_,མཆོད་_100_
[རྟེན་_100_],རྟེན་_100_,རྟེན་_100_,རྟེན་_100_,རྟེན་_100_
[རྣམས་_100_],རྣམས་_100_,རྣམས་_100_,རྣམས་_100_,རྣམས་_100_
[ལ་_100_],ལ་_100_,ལ་_100_,ལ་_100_,ལ་_100_
[ཕྱག་_100_],ཕྱག་_100_,ཕྱག་_100_,ཕྱག་_100_,ཕྱག་_100_
[འཚལ་_100_],འཚལ་_100_,འཚལ་_100_,འཚལ་_100_,འཚལ་_100_
[ལོ_100_],ལོ_100_,ལོ_100_,ལོ_100_,ལོ_100_
[། །​_80_],། །​_80_,། །​ _20_,། །​_80_,། །​_80_
[མ་_100_],མ་_100_,མ་_100_,མ་_100_,མ་_100_
[ག་_100_],ག་_100_,ག་_100_,ག་_100_,ག་_100_
[དྷཱ་_100_],དྷཱ་_100_,དྷཱ་_100_,དྷཱ་_100_,དྷཱ་_100_
[ཡི་_100_],ཡི་_100_,ཡི་_100_,ཡི་_100_,ཡི་_100_
[བྱང་_100_],བྱང་_100_,བྱང་_100_,བྱང་_100_,བྱང་_100_
[ཆུབ་_100_],ཆུབ་_100_,ཆུབ་_100_,ཆུབ་_100_,ཆུབ་_100_
[ཤིང་_100_],ཤིང་_100_,ཤིང་_100_,ཤིང་_100_,ཤིང་_100_
[དྲུང་_100_],དྲུང་_100_,དྲུང་_100_,དྲུང་_100_,དྲུང་_100_
[དུ_100_],དུ_100_,དུ_100_,དུ_100_,དུ_100_
[། །​_100_],། །​_100_,། །​_100_,། །​_100_,། །​_100_
[ཆུ་_100_],ཆུ་_100_,ཆུ་_100_,ཆུ་_100_,ཆུ་_100_
[བོ་_100_],བོ་_100_,བོ་_100_,བོ་_100_,བོ་_100_
[ནཻ་_80_],ནཻ་_80_,ནི་_20_,ནཻ་_80_,ནཻ་_80_
[རཉྫ་_100_],རཉྫ་_100_,རཉྫ་_100_,རཉྫ་_100_,རཉྫ་_100_
[ན་_100_],ན་_100_,ན་_100_,ན་_100_,ན་_100_
[ཞེས་_100_],ཞེས་_100_,ཞེས་_100_,ཞེས་_100_,ཞེས་_100_
[བྱ་_100_],བྱ་_100_,བྱ་_100_,བྱ་_100_,བྱ་_100_
[བའི_100_],བའི_100_,བའི_100_,བའི_100_,བའི_100_
[། །​_100_],། །​_100_,། །​_100_,། །​_100_,། །​_100_
[འགྲམ་_100_],འགྲམ་_100_,འགྲམ་_100_,འགྲམ་_100_,འགྲམ་_100_
[བཞུགས་_100_],བཞུགས་_100_,བཞུགས་_100_,བཞུགས་_100_,བཞུགས་_100_
[མཆོད་_100_],མཆོད་_100_,མཆོད་_100_,མཆོད་_100_,མཆོད་_100_
[རྟེན་_100_],རྟེན་_100_,རྟེན་_100_,རྟེན་_100_,རྟེན་_100_
[ཡོན་_100_],ཡོན་_100_,ཡོན་_100_,ཡོན་_100_,ཡོན་_100_
[ཏན་_100_],ཏན་_100_,ཏན་_100_,ཏན་_100_,ཏན་_100_
[རྒྱ་_100_],རྒྱ་_100_,རྒྱ་_100_,རྒྱ་_100_,རྒྱ་_100_
[ཆེ་_100_],ཆེ་_100_,ཆེ་_100_,ཆེ་_100_,ཆེ་_100_
[བ_100_],བ_100_,བ_100_,བ_100_,བ_100_
[། །​_100_],། །​_100_,། །​_100_,། །​_100_,། །​_100_
[བྱང་_100_],བྱང་_100_,བྱང་_100_,བྱང་_100_,བྱང་_100_
[ཆུབ་_100_],ཆུབ་_100_,ཆུབ་_100_,ཆུབ་_100_,ཆུབ་_100_
[རྟེན་_100_],རྟེན་_100_,རྟེན་_100_,རྟེན་_100_,རྟེན་_100_
[དུ་_100_],དུ་_100_,དུ་_100_,དུ་_100_,དུ་_100_
[གྱུར་_100_],གྱུར་_100_,གྱུར་_100_,གྱུར་_100_,གྱུར་_100_
[ལ་_100_],ལ་_100_,ལ་_100_,ལ་_100_,ལ་_100_
[ཕྱག་_100_],ཕྱག་_100_,ཕྱག་_100_,ཕྱག་_100_,ཕྱག་_100_
[འཚལ་_100_],འཚལ་_100_,འཚལ་_100_,འཚལ་_100_,འཚལ་_100_
[ལོ_100_],ལོ_100_,ལོ_100_,ལོ_100_,ལོ_100_
[། །​_100_],། །​_100_,། །​_100_,། །​_100_,། །​_100_
[ཀ་_100_],ཀ་_100_,ཀ་_100_,ཀ་_100_,ཀ་_100_
[ཤི་_100_],ཤི་_100_,ཤི་_100_,ཤི་_100_,ཤི་_100_
[ཀ་_100_],ཀ་_100_,ཀ་_100_,ཀ་_100_,ཀ་_100_
[ཡི་_100_],ཡི་_100_,ཡི་_100_,ཡི་_100_,ཡི་_100_
[བཱ་_100_],བཱ་_100_,བཱ་_100_,བཱ་_100_,བཱ་_100_
[རཱ་_100_],རཱ་_100_,རཱ་_100_,རཱ་_100_,རཱ་_100_
[ཎ་_100_],ཎ་_100_,ཎ་_100_,ཎ་_100_,ཎ་_100_
[སཱི་_80_],སཱི་_80_,སཱི་”_20_,སཱི་_80_,སཱི་_80_
[རུ_100_],རུ_100_,རུ_100_,རུ_100_,རུ_100_
[། །​_100_],། །​_100_,། །​_100_,། །​_100_,། །​_100_
[ཆོས་_100_],ཆོས་_100_,ཆོས་_100_,ཆོས་_100_,ཆོས་_100_
[ཀྱི་_100_],ཀྱི་_100_,ཀྱི་_100_,ཀྱི་_100_,ཀྱི་_100_
[འཁོར་_100_],འཁོར་_100_,འཁོར་_100_,འཁོར་_100_,འཁོར་_100_
[ལོ་_100_],ལོ་_100_,ལོ་_100_,ལོ་_100_,ལོ་_100_
[རྣམ་_100_],རྣམ་_100_,རྣམ་_100_,རྣམ་_100_,རྣམ་_100_
[གྲོལ་_100_],གྲོལ་_100_,གྲོལ་_100_,གྲོལ་_100_,གྲོལ་_100_
[རྨད་_100_],རྨད་_100_,རྨད་_100_,རྨད་_100_,རྨད་_100_
[བྱུང་_100_],བྱུང་_100_,བྱུང་_100_,བྱུང་_100_,བྱུང་_100_
[ནི། །​_80_],ནི། །​_80_,ནི །​ །​_20_,ནི། །​_80_,ནི། །​_80_
[ཉོན་_100_],ཉོན་_100_,ཉོན་_100_,ཉོན་_100_,ཉོན་_100_
[མོངས་_100_],མོངས་_100_,མོངས་_100_,མོངས་_100_,མོངས་_100_
[སྒྲིབ་_100_],སྒྲིབ་_100_,སྒྲིབ་_100_,སྒྲིབ་_100_,སྒྲིབ་_100_
[པ་_100_],པ་_100_,པ་_100_,པ་_100_,པ་_100_
[རྣམ་_100_],རྣམ་_100_,རྣམ་_100_,རྣམ་_100_,རྣམ་_100_
[པར་_100_],པར་_100_,པར་_100_,པར་_100_,པར་_100_
[གཅོད་_100_],གཅོད་_100_,གཅོད་_100_,གཅོད་_100_,གཅོད་_100_
[མཛད་_100_],མཛད་_100_,མཛད་_100_,མཛད་_100_,མཛད་_100_
[པ_100_],པ_100_,པ_100_,པ_100_,པ_100_
[། །​_100_],། །​_100_,། །​_100_,། །​_100_,། །​_100_
[ཡེ་_100_],ཡེ་_100_,ཡེ་_100_,ཡེ་_100_,ཡེ་_100_
[ཤེས་_100_],ཤེས་_100_,ཤེས་_100_,ཤེས་_100_,ཤེས་_100_
[མཆོད་_100_],མཆོད་_100_,མཆོད་_100_,མཆོད་_100_,མཆོད་_100_
[རྟེན་_100_],རྟེན་_100_,རྟེན་_100_,རྟེན་_100_,རྟེན་_100_
[བཞི་_100_],བཞི་_100_,བཞི་_100_,བཞི་_100_,བཞི་_100_
[ལ་_100_],ལ་_100_,ལ་_100_,ལ་_100_,ལ་_100_
[ཕྱག་_100_],ཕྱག་_100_,ཕྱག་_100_,ཕྱག་_100_,ཕྱག་_100_
[འཚལ་_100_],འཚལ་_100_,འཚལ་_100_,འཚལ་_100_,འཚལ་_100_
[ལོ_100_],ལོ_100_,ལོ_100_,ལོ_100_,ལོ_100_
[། །​_100_],། །​_100_,། །​_100_,། །​_100_,། །​_100_
[མཉན་_100_],མཉན་_100_,མཉན་_100_,མཉན་_100_,མཉན་_100_
[དུ་_100_],དུ་_100_,དུ་_100_,དུ་_100_,དུ་_100_
[ཡོད་_100_],ཡོད་_100_,ཡོད་_100_,ཡོད་_100_,ཡོད་_100_
[པར་_100_],པར་_100_,པར་_100_,པར་_100_,པར་_100_
[གཞན་_100_],གཞན་_100_,གཞན་_100_,གཞན་_100_,གཞན་_100_
[སྟོབས་_100_],སྟོབས་_100_,སྟོབས་_100_,སྟོབས་_100_,སྟོབས་_100_
[ཚར་_100_],ཚར་_100_,ཚར་_100_,ཚར་_100_,ཚར་_100_
[བཅད་_100_],བཅད་_100_,བཅད་_100_,བཅད་_100_,བཅད་_100_
[ནས_100_],ནས_100_,ནས_100_,ནས_100_,ནས_100_
[། །​_100_],། །​_100_,། །​_100_,། །​_100_,། །​_100_
[ཛེ་_100_],ཛེ་_100_,ཛེ་_100_,ཛེ་_100_,ཛེ་_100_
[ཏའི་_100_],ཏའི་_100_,ཏའི་_100_,ཏའི་_100_,ཏའི་_100_
[ཚལ་_100_],ཚལ་_100_,ཚལ་_100_,ཚལ་_100_,ཚལ་_100_
[དུ་_100_],དུ་_100_,དུ་_100_,དུ་_100_,དུ་_100_
[ཆོ་_80_],ཆོ་_80_,ཆོ་”_20_,ཆོ་_80_,ཆོ་_80_
[འཕྲུལ་_100_],འཕྲུལ་_100_,འཕྲུལ་_100_,འཕྲུལ་_100_,འཕྲུལ་_100_
[ཆེན་_100_],ཆེན་_100_,ཆེན་_100_,ཆེན་_100_,ཆེན་_100_
[པོ་_100_],པོ་_100_,པོ་_100_,པོ་_100_,པོ་_100_
[བསྟན_100_],བསྟན_100_,བསྟན_100_,བསྟན_100_,བསྟན_100_
[། །​_100_],། །​_100_,། །​_100_,། །​_100_,། །​_100_
[ས་_100_],ས་_100_,ས་_100_,ས་_100_,ས་_100_
[གསུམ་_100_],གསུམ་_100_,གསུམ་_100_,གསུམ་_100_,གསུམ་_100_
[དགོངས་_100_],དགོངས་_100_,དགོངས་_100_,དགོངས་_100_,དགོངས་_100_
[པ་_100_],པ་_100_,པ་_100_,པ་_100_,པ་_100_
[མཆོག་_100_],མཆོག་_100_,མཆོག་_100_,མཆོག་_100_,མཆོག་_100_
[ཏུ་_100_],ཏུ་_100_,ཏུ་_100_,ཏུ་_100_,ཏུ་_100_
[བསྒྲུབ་_100_],བསྒྲུབ་_100_,བསྒྲུབ་_100_,བསྒྲུབ་_100_,བསྒྲུབ་_100_
[མཛད་_100_],མཛད་_100_,མཛད་_100_,མཛད་_100_,མཛད་_100_
[པ_100_],པ_100_,པ_100_,པ_100_,པ_100_
[། །​_100_],། །​_100_,། །​_100_,། །​_100_,། །​_100_
[མུ་_100_],མུ་_100_,མུ་_100_,མུ་_100_,མུ་_100_
[སྟེགས་_100_],སྟེགས་_100_,སྟེགས་_100_,སྟེགས་_100_,སྟེགས་_100_
[ཕམ་_100_],ཕམ་_100_,ཕམ་_100_,ཕམ་_100_,ཕམ་_100_
[མཛད་_100_],མཛད་_100_,མཛད་_100_,མཛད་_100_,མཛད་_100_
[མཆོད་_100_],མཆོད་_100_,མཆོད་_100_,མཆོད་_100_,མཆོད་_100_
[རྟེན་_100_],རྟེན་_100_,རྟེན་_100_,རྟེན་_100_,རྟེན་_100_
[ཕྱག་_100_],ཕྱག་_100_,ཕྱག་_100_,ཕྱག་_100_,ཕྱག་_100_
[འཚལ་_100_],འཚལ་_100_,འཚལ་_100_,འཚལ་_100_,འཚལ་_100_
[ལོ_100_],ལོ_100_,ལོ_100_,ལོ_100_,ལོ_100_
[། །​_100_],། །​_100_,། །​_100_,། །​_100_,། །​_100_
[གྲོང་_100_],གྲོང་_100_,གྲོང་_100_,གྲོང་_100_,གྲོང་_100_
[ཁྱེར་_100_],ཁྱེར་_100_,ཁྱེར་_100_,ཁྱེར་_100_,ཁྱེར་_100_
[དམ་_100_],དམ་_100_,དམ་_100_,དམ་_100_,དམ་_100_
[པ་_100_],པ་_100_,པ་_100_,པ་_100_,པ་_100_
[མཆོག་_100_],མཆོག་_100_,མཆོག་_100_,མཆོག་_100_,མཆོག་_100_
[ནི་_100_],ནི་_100_,ནི་_100_,ནི་_100_,ནི་_100_
[གསལ་_100_],གསལ་_100_,གསལ་_100_,གསལ་_100_,གསལ་_100_
[ལྡན་_100_],ལྡན་_100_,ལྡན་_100_,ལྡན་_100_,ལྡན་_100_
[དུ_100_],དུ_100_,དུ_100_,དུ_100_,དུ_100_
[། །​_100_],། །​_100_,། །​_100_,། །​_100_,། །​_100_
[ལྷ་_100_],ལྷ་_100_,ལྷ་_100_,ལྷ་_100_,ལྷ་_100_
[རྣམས་_100_],རྣམས་_100_,རྣམས་_100_,རྣམས་_100_,རྣམས་_100_
[གནས་_100_],གནས་_100_,གནས་_100_,གནས་_100_,གནས་_100_
[གཤེགས་_100_],གཤེགས་_100_,གཤེགས་_100_,གཤེགས་_100_,གཤེགས་_100_
[བླ་_100_],བླ་_100_,བླ་_100_,བླ་_100_,བླ་_100_
[ན་_100_],ན་_100_,ན་_100_,ན་_100_,ན་_100_
[མེད་_100_],མེད་_100_,མེད་_100_,མེད་_100_,མེད་_100_
[པར་_100_],པར་_100_,པར་_100_,པར་_100_,པར་_100_
[བབས_100_],བབས_100_,བབས_100_,བབས_100_,བབས_100_
[། །​_100_],། །​_100_,། །​_100_,། །​_100_,། །​_100_
[ཞབས་_100_],ཞབས་_100_,ཞབས་_100_,ཞབས་_100_,ཞབས་_100_
[ལ་_100_],ལ་_100_,ལ་_100_,ལ་_100_,ལ་_100_
[ཚངས་_100_],ཚངས་_100_,ཚངས་_100_,ཚངས་_100_,ཚངས་_100_
[དབང་_100_],དབང་_100_,དབང་_100_,དབང་_100_,དབང་_100_
[ཅོད་_100_],ཅོད་_100_,ཅོད་_100_,ཅོད་_100_,ཅོད་_100_
[པན་_100_],པན་_100_,པན་_100_,པན་_100_,པན་_100_
[གྱིས་_100_],གྱིས་_100_,གྱིས་_100_,གྱིས་_100_,གྱིས་_100_
[མཆོད་_100_],མཆོད་_100_,མཆོད་_100_,མཆོད་_100_,མཆོད་_100_
[པ_100_],པ_100_,པ_100_,པ_100_,པ_100_
[། །​_100_],། །​_100_,། །​_100_,། །​_100_,། །​_100_
[སུམ་_100_],སུམ་_100_,སུམ་_100_,སུམ་_100_,སུམ་_100_
[ཅུའི་_100_],ཅུའི་_100_,ཅུའི་_100_,ཅུའི་_100_,ཅུའི་_100_
[ལྷས་_100_],ལྷས་_100_,ལྷས་_100_,ལྷས་_100_,ལྷས་_100_
[མཆོད་_100_],མཆོད་_100_,མཆོད་_100_,མཆོད་_100_,མཆོད་_100_
[མཆོད་_100_],མཆོད་_100_,མཆོད་_100_,མཆོད་_100_,མཆོད་_100_
[རྟེན་_100_],རྟེན་_100_,རྟེན་_100_,རྟེན་_100_,རྟེན་_100_
[ཕྱག་_100_],ཕྱག་_100_,ཕྱག་_100_,ཕྱག་_100_,ཕྱག་_100_
[འཚལ་_100_],འཚལ་_100_,འཚལ་_100_,འཚལ་_100_,འཚལ་_100_
[ལོ_100_],ལོ_100_,ལོ_100_,ལོ_100_,ལོ_100_
[། །​_100_],། །​_100_,། །​_100_,། །​_100_,། །​_100_
[དགེ་_100_],དགེ་_100_,དགེ་_100_,དགེ་_100_,དགེ་_100_
[འདུན་_100_],འདུན་_100_,འདུན་_100_,འདུན་_100_,འདུན་_100_
[དབྱེན་_100_],དབྱེན་_100_,དབྱེན་_100_,དབྱེན་_100_,དབྱེན་_100_
[དུ་_100_],དུ་_100_,དུ་_100_,དུ་_100_,དུ་_100_
[སྔར་_100_],སྔར་_100_,སྔར་_100_,སྔར་_100_,སྔར་_100_
[གྱུར་_100_],གྱུར་_100_,གྱུར་_100_,གྱུར་_100_,གྱུར་_100_
[ལས_100_],ལས_100_,ལས_100_,ལས_100_,ལས_100_
[། །​_80_],། །​_80_,༑ །​_20_,། །​_80_,། །​_80_
[སྟོན་_100_],སྟོན་_100_,སྟོན་_100_,སྟོན་_100_,སྟོན་_100_
[པའི་_100_],པའི་_100_,པའི་_100_,པའི་_100_,པའི་_100_
[ཉན་_100_],ཉན་_100_,ཉན་_100_,ཉན་_100_,ཉན་_100_
[ཐོས་_100_],ཐོས་_100_,ཐོས་_100_,ཐོས་_100_,ཐོས་_100_
[རབ་_100_],རབ་_100_,རབ་_100_,རབ་_100_,རབ་_100_
[མཐུན་_100_],མཐུན་_100_,མཐུན་_100_,མཐུན་_100_,མཐུན་_100_
[པ_100_],པ_100_,པ_100_,པ_100_,པ_100_
[། །​_100_],། །​_100_,། །​_100_,། །​_100_,། །​_100_
[རྒྱལ་_100_],རྒྱལ་_100_,རྒྱལ་_100_,རྒྱལ་_100_,རྒྱལ་_100_
[པོའི་_100_],པོའི་_100_,པོའི་_100_,པོའི་_100_,པོའི་_100_
[ཁབ་_100_],ཁབ་_100_,ཁབ་_100_,ཁབ་_100_,ཁབ་_100_
[ཀྱི་_100_],ཀྱི་_100_,ཀྱི་_100_,ཀྱི་_100_,ཀྱི་_100_
[འོད་_100_],འོད་_100_,འོད་_100_,འོད་_100_,འོད་_100_
[མའི་_100_],མའི་_100_,མའི་_100_,མའི་_100_,མའི་_100_
[ཚལ_100_],ཚལ_100_,ཚལ_100_,ཚལ_100_,ཚལ_100_
[། །​_100_],། །​_100_,། །​_100_,། །​_100_,། །​_100_
[བྱམས་_100_],བྱམས་_100_,བྱམས་_100_,བྱམས་_100_,བྱམས་_100_
[ངོས་_60_],ངོས་_60_,ངོས་_60_,ངེས་_40_,ངེས་_40_
[མཆོད་_100_],མཆོད་_100_,མཆོད་_100_,མཆོད་_100_,མཆོད་_100_
[རྟེན་_100_],རྟེན་_100_,རྟེན་_100_,རྟེན་_100_,རྟེན་_100_
[ཕྱག་_100_],ཕྱག་_100_,ཕྱག་_100_,ཕྱག་_100_,ཕྱག་_100_
[འཚལ་_100_],འཚལ་_100_,འཚལ་_100_,འཚལ་_100_,འཚལ་_100_
[ལོ_100_],ལོ_100_,ལོ_100_,ལོ_100_,ལོ_100_
[། །​_80_],། །​_80_,། །​ _20_,། །​_80_,། །​_80_
[སྐུ་_100_],སྐུ་_100_,སྐུ་_100_,སྐུ་_100_,སྐུ་_100_
[ཚེ་_100_],ཚེ་_100_,ཚེ་_100_,ཚེ་_100_,ཚེ་_100_
[འདུ་_100_],འདུ་_100_,འདུ་_100_,འདུ་_100_,འདུ་_100_
[བྱེད་_100_],བྱེད་_100_,བྱེད་_100_,བྱེད་_100_,བྱེད་_100_
[བཏང་_100_],བཏང་_100_,བཏང་_100_,བཏང་_100_,བཏང་_100_
[བ་_100_],བ་_100_,བ་_100_,བ་_100_,བ་_100_
[ལས_100_],ལས_100_,ལས_100_,ལས_100_,ལས_100_
[། །​_100_],། །​_100_,། །​_100_,། །​_100_,། །​_100_
[སླར་_100_],སླར་_100_,སླར་_100_,སླར་_100_,སླར་_100_
[ཡང་_100_],ཡང་_100_,ཡང་_100_,ཡང་_100_,ཡང་_100_
[སྐུ་_100_],སྐུ་_100_,སྐུ་_100_,སྐུ་_100_,སྐུ་_100_
[ཚེ་_100_],ཚེ་_100_,ཚེ་_100_,ཚེ་_100_,ཚེ་_100_
[བྱིན་_100_],བྱིན་_100_,བྱིན་_100_,བྱིན་_100_,བྱིན་_100_
[བརླབས་_100_],བརླབས་_100_,བརླབས་_100_,བརླབས་_100_,བརླབས་_100_
[པ_100_],པ_100_,པ_100_,པ_100_,པ_100_
[། །​_100_],། །​_100_,། །​_100_,། །​_100_,། །​_100_
[རྣམ་_100_],རྣམ་_100_,རྣམ་_100_,རྣམ་_100_,རྣམ་_100_
[གྲོལ་_100_],གྲོལ་_100_,གྲོལ་_100_,གྲོལ་_100_,གྲོལ་_100_
[ཡངས་_100_],ཡངས་_100_,ཡངས་_100_,ཡངས་_100_,ཡངས་_100_
[པ་_100_],པ་_100_,པ་_100_,པ་_100_,པ་_100_
[ཅན་_100_],ཅན་_100_,ཅན་_100_,ཅན་_100_,ཅན་_100_
[གྱི་_100_],གྱི་_100_,གྱི་_100_,གྱི་_100_,གྱི་_100_
[ནི_100_],ནི_100_,ནི_100_,ནི_100_,ནི_100_
[། །​_80_],། །​_80_,། །​ © །​_20_,། །​_80_,། །​_80_
[བྱིན་_100_],བྱིན་_100_,བྱིན་_100_,བྱིན་_100_,བྱིན་_100_
[བརླབས་_80_],བརླབས་_80_,བརླབས་_80_,བརླབས་_80_,རླབས་_20_
[མཆོད་_100_],མཆོད་_100_,མཆོད་_100_,མཆོད་_100_,མཆོད་_100_
[རྟེན་_100_],རྟེན་_100_,རྟེན་_100_,རྟེན་_100_,རྟེན་_100_
[ཕྱག་_100_],ཕྱག་_100_,ཕྱག་_100_,ཕྱག་_100_,ཕྱག་_100_
[འཚལ་_100_],འཚལ་_100_,འཚལ་_100_,འཚལ་_100_,འཚལ་_100_
[ལོ_100_],ལོ_100_,ལོ_100_,ལོ_100_,ལོ_100_
[། །​_100_],། །​_100_,། །​_100_,། །​_100_,། །​_100_
[ཀུ་_100_],ཀུ་_100_,ཀུ་_100_,ཀུ་_100_,ཀུ་_100_
[ཤའི་_100_],ཤའི་_100_,ཤའི་_100_,ཤའི་_100_,ཤའི་_100_
[གྲོང་_100_],གྲོང་_100_,གྲོང་_100_,གྲོང་_100_,གྲོང་_100_
[དུ་_100_],དུ་_100_,དུ་_100_,དུ་_100_,དུ་_100_
[འགྲོ་_100_],འགྲོ་_100_,འགྲོ་_100_,འགྲོ་_100_,འགྲོ་_100_
[བ་_100_],བ་_100_,བ་_100_,བ་_100_,བ་_100_
[རྣམས_100_],རྣམས_100_,རྣམས_100_,རྣམས_100_,རྣམས_100_
[། །​_100_],། །​_100_,། །​_100_,། །​_100_,། །​_100_
[དགེ་_100_],དགེ་_100_,དགེ་_100_,དགེ་_100_,དགེ་_100_
[བ་_100_],བ་_100_,བ་_100_,བ་_100_,བ་_100_
[ལ་_100_],ལ་_100_,ལ་_100_,ལ་_100_,ལ་_100_
[ནི་_100_],ནི་_100_,ནི་_100_,ནི་_100_,ནི་_100_
[སྦྱོར་_100_],སྦྱོར་_100_,སྦྱོར་_100_,སྦྱོར་_100_,སྦྱོར་_100_
[མཛད་_100_],མཛད་_100_,མཛད་_100_,མཛད་_100_,མཛད་_100_
[ཅིང་_100_],ཅིང་_100_,ཅིང་_100_,ཅིང་_100_,ཅིང་_100_
[། །​_100_],། །​_100_,། །​_100_,། །​_100_,། །​_100_
[འགྲན་_100_],འགྲན་_100_,འགྲན་_100_,འགྲན་_100_,འགྲན་_100_
[མེད་_100_],མེད་_100_,མེད་_100_,མེད་_100_,མེད་_100_
[གྱད་_100_],གྱད་_100_,གྱད་_100_,གྱད་_100_,གྱད་_100_
[གནས་_100_],གནས་_100_,གནས་_100_,གནས་_100_,གནས་_100_
[ཟུང་_100_],ཟུང་_100_,ཟུང་_100_,ཟུང་_100_,ཟུང་_100_
[གི་_100_],གི་_100_,གི་_100_,གི་_100_,གི་_100_
[ཚལ_100_],ཚལ_100_,ཚལ_100_,ཚལ_100_,ཚལ_100_
[། །​_100_],། །​_100_,། །​_100_,། །​_100_,། །​_100_
[མཆོད་_100_],མཆོད་_100_,མཆོད་_100_,མཆོད་_100_,མཆོད་_100_
[རྟེན་_100_],རྟེན་_100_,རྟེན་_100_,རྟེན་_100_,རྟེན་_100_
[མྱ་_100_],མྱ་_100_,མྱ་_100_,མྱ་_100_,མྱ་_100_
[ངན་_100_],ངན་_100_,ངན་_100_,ངན་_100_,ངན་_100_
[འདས་_100_],འདས་_100_,འདས་_100_,འདས་_100_,འདས་_100_
[ཕྱག་_100_],ཕྱག་_100_,ཕྱག་_100_,ཕྱག་_100_,ཕྱག་_100_
[འཚལ_100_],འཚལ_100_,འཚལ_100_,འཚལ_100_,འཚལ_100_
[། །​_100_],། །​_100_,། །​_100_,། །​_100_,། །​_100_
[ཤཱཀྱ་_60_],ཤཱཀྱ་_60_,ཤཱཀ་_40_,ཤཱཀ་_40_,ཤཱཀྱ་_60_
[ཐུབ་_100_],ཐུབ་_100_,ཐུབ་_100_,ཐུབ་_100_,ཐུབ་_100_
[མཆོད་_100_],མཆོད་_100_,མཆོད་_100_,མཆོད་_100_,མཆོད་_100_
[རྟེན་_100_],རྟེན་_100_,རྟེན་_100_,རྟེན་_100_,རྟེན་_100_
[བརྒྱད་_100_],བརྒྱད་_100_,བརྒྱད་_100_,བརྒྱད་_100_,བརྒྱད་_100_
[པོ་_100_],པོ་_100_,པོ་_100_,པོ་_100_,པོ་_100_
[དག _100_],དག _100_,དག _100_,དག _100_,དག _100_
[།​_100_],།​_100_,།​_100_,།​_100_,།​_100_
[ཕྱོགས་_100_],ཕྱོགས་_100_,ཕྱོགས་_100_,ཕྱོགས་_100_,ཕྱོགས་_100_
[བཅུ་_100_],བཅུ་_100_,བཅུ་_100_,བཅུ་_100_,བཅུ་_100_
[གཞན་_100_],གཞན་_100_,གཞན་_100_,གཞན་_100_,གཞན་_100_
[དང་_100_],དང་_100_,དང་_100_,དང་_100_,དང་_100_
[གཞན་_100_],གཞན་_100_,གཞན་_100_,གཞན་_100_,གཞན་_100_
[རྣམས་_100_],རྣམས་_100_,རྣམས་_100_,རྣམས་_100_,རྣམས་_100_
[ན_100_],ན_100_,ན_100_,ན_100_,ན_100_
[། །​_100_],། །​_100_,། །​_100_,། །​_100_,། །​_100_
[བཞུགས་_100_],བཞུགས་_100_,བཞུགས་_100_,བཞུགས་_100_,བཞུགས་_100_
[པའི་_100_],པའི་_100_,པའི་_100_,པའི་_100_,པའི་_100_
[ཆོས་_100_],ཆོས་_100_,ཆོས་_100_,ཆོས་_100_,ཆོས་_100_
[སྐུ་_100_],སྐུ་_100_,སྐུ་_100_,སྐུ་_100_,སྐུ་_100_
[ཀུན་_100_],ཀུན་_100_,ཀུན་_100_,ཀུན་_100_,ཀུན་_100_
[ལ་_100_],ལ་_100_,ལ་_100_,ལ་_100_,ལ་_100_
[འདུད_100_],འདུད_100_,འདུད_100_,འདུད_100_,འདུད_100_
[། །​_100_],། །​_100_,། །​_100_,། །​_100_,། །​_100_
[ཞི་_100_],ཞི་_100_,ཞི་_100_,ཞི་_100_,ཞི་_100_
[ལ་_100_],ལ་_100_,ལ་_100_,ལ་_100_,ལ་_100_
[རྟག་_100_],རྟག་_100_,རྟག་_100_,རྟག་_100_,རྟག་_100_
[ཏུ་_100_],ཏུ་_100_,ཏུ་_100_,ཏུ་_100_,ཏུ་_100_
[སྤྱིས་_100_],སྤྱིས་_100_,སྤྱིས་_100_,སྤྱིས་_100_,སྤྱིས་_100_
[ཕྱག་_100_],ཕྱག་_100_,ཕྱག་_100_,ཕྱག་_100_,ཕྱག་_100_
[འཚལ། །​_80_],འཚལ། །​_80_,འཚལ །​ །​_20_,འཚལ། །​_80_,འཚལ། །​_80_
[འདི་_100_],འདི་_100_,འདི་_100_,འདི་_100_,འདི་_100_
[ལྟར་_100_],ལྟར་_100_,ལྟར་_100_,ལྟར་_100_,ལྟར་_100_
[སྤྲོས་_100_],སྤྲོས་_100_,སྤྲོས་_100_,སྤྲོས་_100_,སྤྲོས་_100_
[པ་_100_],པ་_100_,པ་_100_,པ་_100_,པ་_100_
[ཀུན་_100_],ཀུན་_100_,ཀུན་_100_,ཀུན་_100_,ཀུན་_100_
[བྲལ་_100_],བྲལ་_100_,བྲལ་_100_,བྲལ་_100_,བྲལ་_100_
[དཔེ་_100_],དཔེ་_100_,དཔེ་_100_,དཔེ་_100_,དཔེ་_100_
[མེད་_100_],མེད་_100_,མེད་_100_,མེད་_100_,མེད་_100_
[རྟག་_100_],རྟག་_100_,རྟག་_100_,རྟག་_100_,རྟག་_100_
[ཅིང་_100_],ཅིང་_100_,ཅིང་_100_,ཅིང་_100_,ཅིང་_100_
[དག་_100_],དག་_100_,དག་_100_,དག་_100_,དག་_100_
[པའི་_100_],པའི་_100_,པའི་_100_,པའི་_100_,པའི་_100_
[ངོ་_100_],ངོ་_100_,ངོ་_100_,ངོ་_100_,ངོ་_100_
[བོ་_100_],བོ་_100_,བོ་_100_,བོ་_100_,བོ་_100_
[ཉིད_100_],ཉིད_100_,ཉིད_100_,ཉིད_100_,ཉིད_100_
[། །​_100_],། །​_100_,། །​_100_,། །​_100_,། །​_100_
[སངས་_100_],སངས་_100_,སངས་_100_,སངས་_100_,སངས་_100_
[རྒྱས་_100_],རྒྱས་_100_,རྒྱས་_100_,རྒྱས་_100_,རྒྱས་_100_
[ཆོས་_100_],ཆོས་_100_,ཆོས་_100_,ཆོས་_100_,ཆོས་_100_
[སྐུ་_100_],སྐུ་_100_,སྐུ་_100_,སྐུ་_100_,སྐུ་_100_
[མཁའ་_100_],མཁའ་_100_,མཁའ་_100_,མཁའ་_100_,མཁའ་_100_
[ལྟར་_100_],ལྟར་_100_,ལྟར་_100_,ལྟར་_100_,ལྟར་_100_
[འགྲོ་_100_],འགྲོ་_100_,འགྲོ་_100_,འགྲོ་_100_,འགྲོ་_100_
[བ་_100_],བ་_100_,བ་_100_,བ་_100_,བ་_100_
[ལ་_100_],ལ་_100_,ལ་_100_,ལ་_100_,ལ་_100_
[ཁྱབ་_100_],ཁྱབ་_100_,ཁྱབ་_100_,ཁྱབ་_100_,ཁྱབ་_100_
[ཡང་_100_],ཡང་_100_,ཡང་_100_,ཡང་_100_,ཡང་_100_
[དག་_100_],དག་_100_,དག་_100_,དག་_100_,དག་_100_
[ཕྱག་_100_],ཕྱག་_100_,ཕྱག་_100_,ཕྱག་_100_,ཕྱག་_100_
[འཚལ་_100_],འཚལ་_100_,འཚལ་_100_,འཚལ་_100_,འཚལ་_100_
[བས_100_],བས_100_,བས_100_,བས_100_,བས_100_
[། །​_100_],། །​_100_,། །​_100_,། །​_100_,། །​_100_
[བསོད་_100_],བསོད་_100_,བསོད་_100_,བསོད་_100_,བསོད་_100_
[ནམས་_100_],ནམས་_100_,ནམས་_100_,ནམས་_100_,ནམས་_100_
[གངས་_100_],གངས་_100_,གངས་_100_,གངས་_100_,གངས་_100_
[རིའི་_100_],རིའི་_100_,རིའི་_100_,རིའི་_100_,རིའི་_100_
[ཁ་_100_],ཁ་_100_,ཁ་_100_,ཁ་_100_,ཁ་_100_
[དོག་_100_],དོག་_100_,དོག་_100_,དོག་_100_,དོག་_100_
[ལྟར་_100_],ལྟར་_100_,ལྟར་_100_,ལྟར་_100_,ལྟར་_100_
[དཀར་_100_],དཀར་_100_,དཀར་_100_,དཀར་_100_,དཀར་_100_
[བདག་_100_],བདག་_100_,བདག་_100_,བདག་_100_,བདག་_100_
[གི་_100_],གི་_100_,གི་_100_,གི་_100_,གི་_100_
[རྒྱུད་_100_],རྒྱུད་_100_,རྒྱུད་_100_,རྒྱུད་_100_,རྒྱུད་_100_
[ལ་_100_],ལ་_100_,ལ་_100_,ལ་_100_,ལ་_100_
[གང་_100_],གང་_100_,གང་_100_,གང་_100_,གང་_100_
[བསགས་_100_],བསགས་_100_,བསགས་_100_,བསགས་_100_,བསགས་_100_
[པ_100_],པ_100_,པ_100_,པ_100_,པ_100_
[། །​_100_],། །​_100_,། །​_100_,། །​_100_,། །​_100_
[དེས་_100_],དེས་_100_,དེས་_100_,དེས་_100_,དེས་_100_
[ནི་_100_],ནི་_100_,ནི་_100_,ནི་_100_,ནི་_100_
[སེམས་_100_],སེམས་_100_,སེམས་_100_,སེམས་_100_,སེམས་_100_
[ཅན་_100_],ཅན་_100_,ཅན་_100_,ཅན་_100_,ཅན་_100_
[མ་_100_],མ་_100_,མ་_100_,མ་_100_,མ་_100_
[ལུས་_100_],ལུས་_100_,ལུས་_100_,ལུས་_100_,ལུས་_100_
[ཏིང་_100_],ཏིང་_100_,ཏིང་_100_,ཏིང་_100_,ཏིང་_100_
[འཛིན་_100_],འཛིན་_100_,འཛིན་_100_,འཛིན་_100_,འཛིན་_100_
[བདེ་_100_],བདེ་_100_,བདེ་_100_,བདེ་_100_,བདེ་_100_
[རྟོགས་_100_],རྟོགས་_100_,རྟོགས་_100_,རྟོགས་_100_,རྟོགས་_100_
[བྱང་_100_],བྱང་_100_,བྱང་_100_,བྱང་_100_,བྱང་_100_
[ཆུབ་_100_],ཆུབ་_100_,ཆུབ་_100_,ཆུབ་_100_,ཆུབ་_100_
[ཐོབ་_100_],ཐོབ་_100_,ཐོབ་_100_,ཐོབ་_100_,ཐོབ་_100_
[པར་_100_],པར་_100_,པར་_100_,པར་_100_,པར་_100_
[ཤོག _100_],ཤོག _100_,ཤོག _100_,ཤོག _100_,ཤོག _100_
[།​_100_],།​_100_,།​_100_,།​_100_,།​_100_
[གནས་_100_],གནས་_100_,གནས་_100_,གནས་_100_,གནས་_100_
[ཆེན་_100_],ཆེན་_100_,ཆེན་_100_,ཆེན་_100_,ཆེན་_100_
[པོ་_100_],པོ་_100_,པོ་_100_,པོ་_100_,པོ་_100_
[བརྒྱད་_100_],བརྒྱད་_100_,བརྒྱད་_100_,བརྒྱད་_100_,བརྒྱད་_100_
[ཀྱི་_100_],ཀྱི་_100_,ཀྱི་_100_,ཀྱི་_100_,ཀྱི་_100_
[མཆོད་_100_],མཆོད་_100_,མཆོད་_100_,མཆོད་_100_,མཆོད་_100_
[རྟེན་_100_],རྟེན་_100_,རྟེན་_100_,རྟེན་_100_,རྟེན་_100_
[ལ་_100_],ལ་_100_,ལ་_100_,ལ་_100_,ལ་_100_
[བསྟོད་_100_],བསྟོད་_100_,བསྟོད་_100_,བསྟོད་_100_,བསྟོད་_100_
[པ_100_],པ_100_,པ_100_,པ_100_,པ_100_
[། _80_],། _80_,། །​_20_,། _80_,། _80_
[སློབ་_100_],སློབ་_100_,སློབ་_100_,སློབ་_100_,སློབ་_100_
[དཔོན་_100_],དཔོན་_100_,དཔོན་_100_,དཔོན་_100_,དཔོན་_100_
[ཆེན་_100_],ཆེན་_100_,ཆེན་_100_,ཆེན་_100_,ཆེན་_100_
[པོ་_100_],པོ་_100_,པོ་_100_,པོ་_100_,པོ་_100_
[འཕགས་_100_],འཕགས་_100_,འཕགས་_100_,འཕགས་_100_,འཕགས་_100_
[པ་_100_],པ་_100_,པ་_100_,པ་_100_,པ་_100_
[ཀླུ་_100_],ཀླུ་_100_,ཀླུ་_100_,ཀླུ་_100_,ཀླུ་_100_
[སྒྲུབ་_100_],སྒྲུབ་_100_,སྒྲུབ་_100_,སྒྲུབ་_100_,སྒྲུབ་_100_
[ཀྱིས་_100_],ཀྱིས་_100_,ཀྱིས་_100_,ཀྱིས་_100_,ཀྱིས་_100_
[མཛད་_100_],མཛད་_100_,མཛད་_100_,མཛད་_100_,མཛད་_100_
[པ་_100_],པ་_100_,པ་_100_,པ་_100_,པ་_100_
[རྫོགས་_100_],རྫོགས་_100_,རྫོགས་_100_,རྫོགས་_100_,རྫོགས་_100_
[སོ_100_],སོ_100_,སོ_100_,སོ_100_,སོ_100_
[། །​_60_],། །​_60_,། །​_60_,།། །​།_40_,།། །​།_40_
