[༄༅། །​_62_],༄༅། །​_62_,༄༅། །​_62_,༄༅། །​_62_,༄༅། །​_62_,_25_,༄༅། །​ _12_,_25_
[ལྷ་_100_],ལྷ་_100_,ལྷ་_100_,ལྷ་_100_,ལྷ་_100_,ལྷ་_100_,ལྷ་_100_,ལྷ་_100_
[མོ་_100_],མོ་_100_,མོ་_100_,མོ་_100_,མོ་_100_,མོ་_100_,མོ་_100_,མོ་_100_
[རིགས་_100_],རིགས་_100_,རིགས་_100_,རིགས་_100_,རིགས་_100_,རིགས་_100_,རིགས་_100_,རིགས་_100_
[བྱེད་_100_],བྱེད་_100_,བྱེད་_100_,བྱེད་_100_,བྱེད་_100_,བྱེད་_100_,བྱེད་_100_,བྱེད་_100_
[མའི་_100_],མའི་_100_,མའི་_100_,མའི་_100_,མའི་_100_,མའི་_100_,མའི་_100_,མའི་_100_
[སྒྲུབ་_100_],སྒྲུབ་_100_,སྒྲུབ་_100_,སྒྲུབ་_100_,སྒྲུབ་_100_,སྒྲུབ་_100_,སྒྲུབ་_100_,སྒྲུབ་_100_
[པའི་_100_],པའི་_100_,པའི་_100_,པའི་_100_,པའི་_100_,པའི་_100_,པའི་_100_,པའི་_100_
[ཐབས_100_],ཐབས_100_,ཐབས_100_,ཐབས_100_,ཐབས_100_,ཐབས_100_,ཐབས_100_,ཐབས_100_
[།༄༅༅། །​_62_],།༄༅༅། །​_62_,།༄༅༅། །​_62_,།༄༅༅། །​_62_,།༄༅༅། །​_62_,།_25_,།༄༅། །​_12_,།_25_
[རྒྱ་_100_],རྒྱ་_100_,རྒྱ་_100_,རྒྱ་_100_,རྒྱ་_100_,རྒྱ་_100_,རྒྱ་_100_,རྒྱ་_100_
[གར་_100_],གར་_100_,གར་_100_,གར་_100_,གར་_100_,གར་_100_,གར་_100_,གར་_100_
[སྐད་_100_],སྐད་_100_,སྐད་_100_,སྐད་_100_,སྐད་_100_,སྐད་_100_,སྐད་_100_,སྐད་_100_
[དུ_100_],དུ_100_,དུ_100_,དུ_100_,དུ_100_,དུ_100_,དུ_100_,དུ_100_
[། _100_],། _100_,། _100_,། _100_,། _100_,། _100_,། _100_,། _100_
[ཀུ་_100_],ཀུ་_100_,ཀུ་_100_,ཀུ་_100_,ཀུ་_100_,ཀུ་_100_,ཀུ་_100_,ཀུ་_100_
[རུ་_100_],རུ་_100_,རུ་_100_,རུ་_100_,རུ་_100_,རུ་_100_,རུ་_100_,རུ་_100_
[ཀུལླེ་_87_],ཀུལླེ་_87_,ཀུལླེ་_87_,ཀུལླེ་_87_,ཀུལྺེ་_12_,ཀུལླེ་_87_,ཀུལླེ་_87_,ཀུལླེ་_87_
[སཱ་_100_],སཱ་_100_,སཱ་_100_,སཱ་_100_,སཱ་_100_,སཱ་_100_,སཱ་_100_,སཱ་_100_
[དྷ་_100_],དྷ་_100_,དྷ་_100_,དྷ་_100_,དྷ་_100_,དྷ་_100_,དྷ་_100_,དྷ་_100_
[ནཾ_100_],ནཾ_100_,ནཾ_100_,ནཾ_100_,ནཾ_100_,ནཾ_100_,ནཾ_100_,ནཾ_100_
[། _100_],། _100_,། _100_,། _100_,། _100_,། _100_,། _100_,། _100_
[བོད་_100_],བོད་_100_,བོད་_100_,བོད་_100_,བོད་_100_,བོད་_100_,བོད་_100_,བོད་_100_
[སྐད་_100_],སྐད་_100_,སྐད་_100_,སྐད་_100_,སྐད་_100_,སྐད་_100_,སྐད་_100_,སྐད་_100_
[དུ_100_],དུ_100_,དུ_100_,དུ_100_,དུ_100_,དུ_100_,དུ_100_,དུ_100_
[། _87_],། _87_,། _87_,། _87_,། _87_,། _87_,། །​་_12_,། _87_
[ལྷ་_100_],ལྷ་_100_,ལྷ་_100_,ལྷ་_100_,ལྷ་_100_,ལྷ་_100_,ལྷ་_100_,ལྷ་_100_
[མོ་_100_],མོ་_100_,མོ་_100_,མོ་_100_,མོ་_100_,མོ་_100_,མོ་_100_,མོ་_100_
[རིགས་_100_],རིགས་_100_,རིགས་_100_,རིགས་_100_,རིགས་_100_,རིགས་_100_,རིགས་_100_,རིགས་_100_
[བྱེད་_100_],བྱེད་_100_,བྱེད་_100_,བྱེད་_100_,བྱེད་_100_,བྱེད་_100_,བྱེད་_100_,བྱེད་_100_
[མའི་_100_],མའི་_100_,མའི་_100_,མའི་_100_,མའི་_100_,མའི་_100_,མའི་_100_,མའི་_100_
[སྒྲུབ་པའི་_87_],སྒྲུབ་པའི་_87_,སྒྲུབ་_12_,སྒྲུབ་པའི་_87_,སྒྲུབ་པའི་_87_,སྒྲུབ་པའི་_87_,སྒྲུབ་པའི་_87_,སྒྲུབ་པའི་_87_
[ཐབས_100_],ཐབས_100_,ཐབས_100_,ཐབས_100_,ཐབས_100_,ཐབས_100_,ཐབས_100_,ཐབས_100_
[། _100_],། _100_,། _100_,། _100_,། _100_,། _100_,། _100_,། _100_
[ལྷ་_100_],ལྷ་_100_,ལྷ་_100_,ལྷ་_100_,ལྷ་_100_,ལྷ་_100_,ལྷ་_100_,ལྷ་_100_
[མོ་_100_],མོ་_100_,མོ་_100_,མོ་_100_,མོ་_100_,མོ་_100_,མོ་_100_,མོ་_100_
[རིགས་_87_],རིགས་_87_,རིག་_12_,རིགས་_87_,རིགས་_87_,རིགས་_87_,རིགས་_87_,རིགས་_87_
[བྱེད་_100_],བྱེད་_100_,བྱེད་_100_,བྱེད་_100_,བྱེད་_100_,བྱེད་_100_,བྱེད་_100_,བྱེད་_100_
[མ་_100_],མ་_100_,མ་_100_,མ་_100_,མ་_100_,མ་_100_,མ་_100_,མ་_100_
[ལ་_100_],ལ་_100_,ལ་_100_,ལ་_100_,ལ་_100_,ལ་_100_,ལ་_100_,ལ་_100_
[ཕྱག་_100_],ཕྱག་_100_,ཕྱག་_100_,ཕྱག་_100_,ཕྱག་_100_,ཕྱག་_100_,ཕྱག་_100_,ཕྱག་_100_
[འཚལ་_100_],འཚལ་_100_,འཚལ་_100_,འཚལ་_100_,འཚལ་_100_,འཚལ་_100_,འཚལ་_100_,འཚལ་_100_
[ལོ_100_],ལོ_100_,ལོ_100_,ལོ_100_,ལོ_100_,ལོ_100_,ལོ_100_,ལོ_100_
[། །​_100_],། །​_100_,། །​_100_,། །​_100_,། །​_100_,། །​_100_,། །​_100_,། །​_100_
[དང་_100_],དང་_100_,དང་_100_,དང་_100_,དང་_100_,དང་_100_,དང་_100_,དང་_100_
[པོར་_100_],པོར་_100_,པོར་_100_,པོར་_100_,པོར་_100_,པོར་_100_,པོར་_100_,པོར་_100_
[བདེ་_100_],བདེ་_100_,བདེ་_100_,བདེ་_100_,བདེ་_100_,བདེ་_100_,བདེ་_100_,བདེ་_100_
[བའི་_100_],བའི་_100_,བའི་_100_,བའི་_100_,བའི་_100_,བའི་_100_,བའི་_100_,བའི་_100_
[གདན་_100_],གདན་_100_,གདན་_100_,གདན་_100_,གདན་_100_,གདན་_100_,གདན་_100_,གདན་_100_
[ལ་_100_],ལ་_100_,ལ་_100_,ལ་_100_,ལ་_100_,ལ་_100_,ལ་_100_,ལ་_100_
[འདུག་_100_],འདུག་_100_,འདུག་_100_,འདུག་_100_,འདུག་_100_,འདུག་_100_,འདུག་_100_,འདུག་_100_
[སྟེ_100_],སྟེ_100_,སྟེ_100_,སྟེ_100_,སྟེ_100_,སྟེ_100_,སྟེ_100_,སྟེ_100_
[། རིགས་བྱེད་_75_],། རིགས་བྱེད་_75_,།རིག་བྱེད་_12_,། རིགས་བྱེད་_75_,། རིགས་བྱེད་_75_,། རིགས་བྱེད་_75_,། རིགས་འབྱེད་_12_,། རིགས་བྱེད་_75_
[མའི་_100_],མའི་_100_,མའི་_100_,མའི་_100_,མའི་_100_,མའི་_100_,མའི་_100_,མའི་_100_
[གཟུགས་སུ་_87_],གཟུགས་སུ་_87_,གཟུགས་_12_,གཟུགས་སུ་_87_,གཟུགས་སུ་_87_,གཟུགས་སུ་_87_,གཟུགས་སུ་_87_,གཟུགས་སུ་_87_
[བྱས་_100_],བྱས་_100_,བྱས་_100_,བྱས་_100_,བྱས་_100_,བྱས་_100_,བྱས་_100_,བྱས་_100_
[ནས་_100_],ནས་_100_,ནས་_100_,ནས་_100_,ནས་_100_,ནས་_100_,ནས་_100_,ནས་_100_
[སེམས་_100_],སེམས་_100_,སེམས་_100_,སེམས་_100_,སེམས་_100_,སེམས་_100_,སེམས་_100_,སེམས་_100_
[ཅན་_100_],ཅན་_100_,ཅན་_100_,ཅན་_100_,ཅན་_100_,ཅན་_100_,ཅན་_100_,ཅན་_100_
[མ་_100_],མ་_100_,མ་_100_,མ་_100_,མ་_100_,མ་_100_,མ་_100_,མ་_100_
[ལུས་_100_],ལུས་_100_,ལུས་_100_,ལུས་_100_,ལུས་_100_,ལུས་_100_,ལུས་_100_,ལུས་_100_
[པ་_100_],པ་_100_,པ་_100_,པ་_100_,པ་_100_,པ་_100_,པ་_100_,པ་_100_
[དབང་_100_],དབང་_100_,དབང་_100_,དབང་_100_,དབང་_100_,དབང་_100_,དབང་_100_,དབང་_100_
[དུ་བྱ་བ་བརྩམ་_87_],དུ་བྱ་བ་བརྩམ་_87_,དུ་བརྩམས་_12_,དུ་བྱ་བ་བརྩམ་_87_,དུ་བྱ་བ་བརྩམ་_87_,དུ་བྱ་བ་བརྩམ་_87_,དུ་བྱ་བ་བརྩམ་_87_,དུ་བྱ་བ་བརྩམ་_87_
[པར་_100_],པར་_100_,པར་_100_,པར་_100_,པར་_100_,པར་_100_,པར་_100_,པར་_100_
[བྱའོ_100_],བྱའོ_100_,བྱའོ_100_,བྱའོ_100_,བྱའོ_100_,བྱའོ_100_,བྱའོ_100_,བྱའོ_100_
[། །​_100_],། །​_100_,། །​_100_,། །​_100_,། །​_100_,། །​_100_,། །​_100_,། །​_100_
[རང་_100_],རང་_100_,རང་_100_,རང་_100_,རང་_100_,རང་_100_,རང་_100_,རང་_100_
[གི་_100_],གི་_100_,གི་_100_,གི་_100_,གི་_100_,གི་_100_,གི་_100_,གི་_100_
[སྙིང་_100_],སྙིང་_100_,སྙིང་_100_,སྙིང་_100_,སྙིང་_100_,སྙིང་_100_,སྙིང་_100_,སྙིང་_100_
[གར་_100_],གར་_100_,གར་_100_,གར་_100_,གར་_100_,གར་_100_,གར་_100_,གར་_100_
[ཉི་_100_],ཉི་_100_,ཉི་_100_,ཉི་_100_,ཉི་_100_,ཉི་_100_,ཉི་_100_,ཉི་_100_
[མའི་_100_],མའི་_100_,མའི་_100_,མའི་_100_,མའི་_100_,མའི་_100_,མའི་_100_,མའི་_100_
[དཀྱིལ་_100_],དཀྱིལ་_100_,དཀྱིལ་_100_,དཀྱིལ་_100_,དཀྱིལ་_100_,དཀྱིལ་_100_,དཀྱིལ་_100_,དཀྱིལ་_100_
[འཁོར་_100_],འཁོར་_100_,འཁོར་_100_,འཁོར་_100_,འཁོར་_100_,འཁོར་_100_,འཁོར་_100_,འཁོར་_100_
[རོ_100_],རོ_100_,རོ_100_,རོ_100_,རོ_100_,རོ_100_,རོ_100_,རོ_100_
[། །​_100_],། །​_100_,། །​_100_,། །​_100_,། །​_100_,། །​_100_,། །​_100_,། །​_100_
[དེའི་_100_],དེའི་_100_,དེའི་_100_,དེའི་_100_,དེའི་_100_,དེའི་_100_,དེའི་_100_,དེའི་_100_
[སྟེང་_100_],སྟེང་_100_,སྟེང་_100_,སྟེང་_100_,སྟེང་_100_,སྟེང་_100_,སྟེང་_100_,སྟེང་_100_
[དུ་_100_],དུ་_100_,དུ་_100_,དུ་_100_,དུ་_100_,དུ་_100_,དུ་_100_,དུ་_100_
[ཏྲཱཾ་_87_],ཏྲཱཾ་_87_,ཏྲཱཾ་_87_,ཏྲཱཾ་_87_,ཏྲཱཾ་_87_,ཏྲཱཾ་_87_,ཧཱུྃ་_12_,ཏྲཱཾ་_87_
[དམར་_100_],དམར་_100_,དམར་_100_,དམར་_100_,དམར་_100_,དམར་_100_,དམར་_100_,དམར་_100_
[པོའོ_100_],པོའོ_100_,པོའོ_100_,པོའོ_100_,པོའོ_100_,པོའོ_100_,པོའོ_100_,པོའོ_100_
[། །​_100_],། །​_100_,། །​_100_,། །​_100_,། །​_100_,། །​_100_,། །​_100_,། །​_100_
[དེ་_100_],དེ་_100_,དེ་_100_,དེ་_100_,དེ་_100_,དེ་_100_,དེ་_100_,དེ་_100_
[ནས་_100_],ནས་_100_,ནས་_100_,ནས་_100_,ནས་_100_,ནས་_100_,ནས་_100_,ནས་_100_
[འོད་_100_],འོད་_100_,འོད་_100_,འོད་_100_,འོད་_100_,འོད་_100_,འོད་_100_,འོད་_100_
[ཟེར་_100_],ཟེར་_100_,ཟེར་_100_,ཟེར་_100_,ཟེར་_100_,ཟེར་_100_,ཟེར་_100_,ཟེར་_100_
[རྣམ་_100_],རྣམ་_100_,རྣམ་_100_,རྣམ་_100_,རྣམ་_100_,རྣམ་_100_,རྣམ་_100_,རྣམ་_100_
[པ་_100_],པ་_100_,པ་_100_,པ་_100_,པ་_100_,པ་_100_,པ་_100_,པ་_100_
[ལྔ་_100_],ལྔ་_100_,ལྔ་_100_,ལྔ་_100_,ལྔ་_100_,ལྔ་_100_,ལྔ་_100_,ལྔ་_100_
[བྱུང་_100_],བྱུང་_100_,བྱུང་_100_,བྱུང་_100_,བྱུང་_100_,བྱུང་_100_,བྱུང་_100_,བྱུང་_100_
[སྟེ_100_],སྟེ_100_,སྟེ_100_,སྟེ_100_,སྟེ_100_,སྟེ_100_,སྟེ_100_,སྟེ_100_
[། _100_],། _100_,། _100_,། _100_,། _100_,། _100_,། _100_,། _100_
[དེ་_100_],དེ་_100_,དེ་_100_,དེ་_100_,དེ་_100_,དེ་_100_,དེ་_100_,དེ་_100_
[བཞིན་_100_],བཞིན་_100_,བཞིན་_100_,བཞིན་_100_,བཞིན་_100_,བཞིན་_100_,བཞིན་_100_,བཞིན་_100_
[གཤེགས་_100_],གཤེགས་_100_,གཤེགས་_100_,གཤེགས་_100_,གཤེགས་_100_,གཤེགས་_100_,གཤེགས་_100_,གཤེགས་_100_
[པ་_100_],པ་_100_,པ་_100_,པ་_100_,པ་_100_,པ་_100_,པ་_100_,པ་_100_
[རྣམས་_100_],རྣམས་_100_,རྣམས་_100_,རྣམས་_100_,རྣམས་_100_,རྣམས་_100_,རྣམས་_100_,རྣམས་_100_
[ཡང་_100_],ཡང་_100_,ཡང་_100_,ཡང་_100_,ཡང་_100_,ཡང་_100_,ཡང་_100_,ཡང་_100_
[དག་_100_],དག་_100_,དག་_100_,དག་_100_,དག་_100_,དག་_100_,དག་_100_,དག་_100_
[པར་_100_],པར་_100_,པར་_100_,པར་_100_,པར་_100_,པར་_100_,པར་_100_,པར་_100_
[མཆོད་_100_],མཆོད་_100_,མཆོད་_100_,མཆོད་_100_,མཆོད་_100_,མཆོད་_100_,མཆོད་_100_,མཆོད་_100_
[ལ_75_],ལ_75_,ལ_75_,ལ_75_,ལ_75_,པ_25_,ལ_75_,པ_25_
[། _100_],། _100_,། _100_,། _100_,། _100_,། _100_,། _100_,། _100_
[དཀོན་_100_],དཀོན་_100_,དཀོན་_100_,དཀོན་_100_,དཀོན་_100_,དཀོན་_100_,དཀོན་_100_,དཀོན་_100_
[མཆོག་_100_],མཆོག་_100_,མཆོག་_100_,མཆོག་_100_,མཆོག་_100_,མཆོག་_100_,མཆོག་_100_,མཆོག་_100_
[གསུམ་_100_],གསུམ་_100_,གསུམ་_100_,གསུམ་_100_,གསུམ་_100_,གསུམ་_100_,གསུམ་_100_,གསུམ་_100_
[ལ་_100_],ལ་_100_,ལ་_100_,ལ་_100_,ལ་_100_,ལ་_100_,ལ་_100_,ལ་_100_
[སྐྱབས་_100_],སྐྱབས་_100_,སྐྱབས་_100_,སྐྱབས་_100_,སྐྱབས་_100_,སྐྱབས་_100_,སྐྱབས་_100_,སྐྱབས་_100_
[སུ་_100_],སུ་_100_,སུ་_100_,སུ་_100_,སུ་_100_,སུ་_100_,སུ་_100_,སུ་_100_
[མཆི_100_],མཆི_100_,མཆི_100_,མཆི_100_,མཆི_100_,མཆི_100_,མཆི_100_,མཆི_100_
[། །​_100_],། །​_100_,། །​_100_,། །​_100_,། །​_100_,། །​_100_,། །​_100_,། །​_100_
[ཞེས་_100_],ཞེས་_100_,ཞེས་_100_,ཞེས་_100_,ཞེས་_100_,ཞེས་_100_,ཞེས་_100_,ཞེས་_100_
[བྱ་_100_],བྱ་_100_,བྱ་_100_,བྱ་_100_,བྱ་_100_,བྱ་_100_,བྱ་_100_,བྱ་_100_
[བ་_100_],བ་_100_,བ་_100_,བ་_100_,བ་_100_,བ་_100_,བ་_100_,བ་_100_
[ལ་_100_],ལ་_100_,ལ་_100_,ལ་_100_,ལ་_100_,ལ་_100_,ལ་_100_,ལ་_100_
[སོགས་པས་སྡིག་པ་བཤགས་པ་ལ་སོགས་_75_],སོགས་པས་སྡིག་པ་བཤགས་པ་ལ་སོགས་_75_,སོགས་_12_,སོགས་པས་སྡིག་པ་བཤགས་པ་ལ་སོགས་_75_,སོགས་པས་སྡིག་པ་བཤགས་པ་ལ་སོགས་_75_,སོགས་པས་སྡིག་པ་བཤགས་པ་ལ་སོགས་_75_,སོགས་པས་སྡིག་པ་བཤགས་པ་ལ་༧སོགས་_12_,སོགས་པས་སྡིག་པ་བཤགས་པ་ལ་སོགས་_75_
[པ་_100_],པ་_100_,པ་_100_,པ་_100_,པ་_100_,པ་_100_,པ་_100_,པ་_100_
[བྱས་_100_],བྱས་_100_,བྱས་_100_,བྱས་_100_,བྱས་_100_,བྱས་_100_,བྱས་_100_,བྱས་_100_
[ལ_100_],ལ_100_,ལ_100_,ལ_100_,ལ_100_,ལ_100_,ལ_100_,ལ_100_
[། _100_],། _100_,། _100_,། _100_,། _100_,། _100_,། _100_,། _100_
[སྟོང་_100_],སྟོང་_100_,སྟོང་_100_,སྟོང་_100_,སྟོང་_100_,སྟོང་_100_,སྟོང་_100_,སྟོང་_100_
[པ་_100_],པ་_100_,པ་_100_,པ་_100_,པ་_100_,པ་_100_,པ་_100_,པ་_100_
[ཉིད་_100_],ཉིད་_100_,ཉིད་_100_,ཉིད་_100_,ཉིད་_100_,ཉིད་_100_,ཉིད་_100_,ཉིད་_100_
[ཀྱི་_87_],ཀྱི་_87_,ཀྱིས་_12_,ཀྱི་_87_,ཀྱི་_87_,ཀྱི་_87_,ཀྱི་_87_,ཀྱི་_87_
[རྣམ་_100_],རྣམ་_100_,རྣམ་_100_,རྣམ་_100_,རྣམ་_100_,རྣམ་_100_,རྣམ་_100_,རྣམ་_100_
[པ་_100_],པ་_100_,པ་_100_,པ་_100_,པ་_100_,པ་_100_,པ་_100_,པ་_100_
[བསྒོམས་_100_],བསྒོམས་_100_,བསྒོམས་_100_,བསྒོམས་_100_,བསྒོམས་_100_,བསྒོམས་_100_,བསྒོམས་_100_,བསྒོམས་_100_
[ལ_100_],ལ_100_,ལ_100_,ལ_100_,ལ_100_,ལ_100_,ལ_100_,ལ_100_
[། _100_],། _100_,། _100_,། _100_,། _100_,། _100_,། _100_,། _100_
[ཕྱིས་_100_],ཕྱིས་_100_,ཕྱིས་_100_,ཕྱིས་_100_,ཕྱིས་_100_,ཕྱིས་_100_,ཕྱིས་_100_,ཕྱིས་_100_
[ནི་_100_],ནི་_100_,ནི་_100_,ནི་_100_,ནི་_100_,ནི་_100_,ནི་_100_,ནི་_100_
[ཨུཏྤ་_100_],ཨུཏྤ་_100_,ཨུཏྤ་_100_,ཨུཏྤ་_100_,ཨུཏྤ་_100_,ཨུཏྤ་_100_,ཨུཏྤ་_100_,ཨུཏྤ་_100_
[ལ་_100_],ལ་_100_,ལ་_100_,ལ་_100_,ལ་_100_,ལ་_100_,ལ་_100_,ལ་_100_
[དམར་_100_],དམར་_100_,དམར་_100_,དམར་_100_,དམར་_100_,དམར་_100_,དམར་_100_,དམར་_100_
[པོ_100_],པོ_100_,པོ_100_,པོ_100_,པོ_100_,པོ_100_,པོ_100_,པོ_100_
[། _100_],། _100_,། _100_,། _100_,། _100_,། _100_,། _100_,། _100_
[དེའི་_100_],དེའི་_100_,དེའི་_100_,དེའི་_100_,དེའི་_100_,དེའི་_100_,དེའི་_100_,དེའི་_100_
[སྟེང་_100_],སྟེང་_100_,སྟེང་_100_,སྟེང་_100_,སྟེང་_100_,སྟེང་_100_,སྟེང་_100_,སྟེང་_100_
[དུ་_100_],དུ་_100_,དུ་_100_,དུ་_100_,དུ་_100_,དུ་_100_,དུ་_100_,དུ་_100_
[ཉི་_100_],ཉི་_100_,ཉི་_100_,ཉི་_100_,ཉི་_100_,ཉི་_100_,ཉི་_100_,ཉི་_100_
[མའི་_100_],མའི་_100_,མའི་_100_,མའི་_100_,མའི་_100_,མའི་_100_,མའི་_100_,མའི་_100_
[དཀྱིལ་_100_],དཀྱིལ་_100_,དཀྱིལ་_100_,དཀྱིལ་_100_,དཀྱིལ་_100_,དཀྱིལ་_100_,དཀྱིལ་_100_,དཀྱིལ་_100_
[འཁོར་_100_],འཁོར་_100_,འཁོར་_100_,འཁོར་_100_,འཁོར་_100_,འཁོར་_100_,འཁོར་_100_,འཁོར་_100_
[དེའི་_100_],དེའི་_100_,དེའི་_100_,དེའི་_100_,དེའི་_100_,དེའི་_100_,དེའི་_100_,དེའི་_100_
[སྟེང་_100_],སྟེང་_100_,སྟེང་_100_,སྟེང་_100_,སྟེང་_100_,སྟེང་_100_,སྟེང་_100_,སྟེང་_100_
[དུ་_100_],དུ་_100_,དུ་_100_,དུ་_100_,དུ་_100_,དུ་_100_,དུ་_100_,དུ་_100_
[ཨཾ་_87_],ཨཾ་_87_,ཨཾ་_87_,ཨཾ་_87_,ཨཾ་_87_,ཨཾ་_87_,ཨོཾ་_12_,ཨཾ་_87_
[དམར་_100_],དམར་_100_,དམར་_100_,དམར་_100_,དམར་_100_,དམར་_100_,དམར་_100_,དམར་_100_
[པོ_100_],པོ_100_,པོ_100_,པོ_100_,པོ_100_,པོ_100_,པོ_100_,པོ_100_
[། _87_],། _87_,། _87_,། _87_,། _87_,། _87_,།_12_,། _87_
[འདི་_100_],འདི་_100_,འདི་_100_,འདི་_100_,འདི་_100_,འདི་_100_,འདི་_100_,འདི་_100_
[ཐམས་_100_],ཐམས་_100_,ཐམས་_100_,ཐམས་_100_,ཐམས་_100_,ཐམས་_100_,ཐམས་_100_,ཐམས་_100_
[ཅད་_100_],ཅད་_100_,ཅད་_100_,ཅད་_100_,ཅད་_100_,ཅད་_100_,ཅད་_100_,ཅད་_100_
[ཡོངས་_100_],ཡོངས་_100_,ཡོངས་_100_,ཡོངས་_100_,ཡོངས་_100_,ཡོངས་_100_,ཡོངས་_100_,ཡོངས་_100_
[སུ་_100_],སུ་_100_,སུ་_100_,སུ་_100_,སུ་_100_,སུ་_100_,སུ་_100_,སུ་_100_
[གྱུར་_100_],གྱུར་_100_,གྱུར་_100_,གྱུར་_100_,གྱུར་_100_,གྱུར་_100_,གྱུར་_100_,གྱུར་_100_
[པ་_100_],པ་_100_,པ་_100_,པ་_100_,པ་_100_,པ་_100_,པ་_100_,པ་_100_
[ལས་_100_],ལས་_100_,ལས་_100_,ལས་_100_,ལས་_100_,ལས་_100_,ལས་_100_,ལས་_100_
[རིགས་_75_],རིགས་_75_,རིག་_25_,རིག་_25_,རིགས་_75_,རིགས་_75_,རིགས་_75_,རིགས་_75_
[བྱེད་_100_],བྱེད་_100_,བྱེད་_100_,བྱེད་_100_,བྱེད་_100_,བྱེད་_100_,བྱེད་_100_,བྱེད་_100_
[མ་_100_],མ་_100_,མ་_100_,མ་_100_,མ་_100_,མ་_100_,མ་_100_,མ་_100_
[རྗེ་_100_],རྗེ་_100_,རྗེ་_100_,རྗེ་_100_,རྗེ་_100_,རྗེ་_100_,རྗེ་_100_,རྗེ་_100_
[བཙུན་_100_],བཙུན་_100_,བཙུན་_100_,བཙུན་_100_,བཙུན་_100_,བཙུན་_100_,བཙུན་_100_,བཙུན་_100_
[མདོག་_100_],མདོག་_100_,མདོག་_100_,མདོག་_100_,མདོག་_100_,མདོག་_100_,མདོག་_100_,མདོག་_100_
[དཀར་_100_],དཀར་_100_,དཀར་_100_,དཀར་_100_,དཀར་_100_,དཀར་_100_,དཀར་_100_,དཀར་_100_
[ཞིང་_100_],ཞིང་_100_,ཞིང་_100_,ཞིང་_100_,ཞིང་_100_,ཞིང་_100_,ཞིང་_100_,ཞིང་_100_
[དམར་_100_],དམར་_100_,དམར་_100_,དམར་_100_,དམར་_100_,དམར་_100_,དམར་_100_,དམར་_100_
[བ་_100_],བ་_100_,བ་_100_,བ་_100_,བ་_100_,བ་_100_,བ་_100_,བ་_100_
[ཕྱག་_100_],ཕྱག་_100_,ཕྱག་_100_,ཕྱག་_100_,ཕྱག་_100_,ཕྱག་_100_,ཕྱག་_100_,ཕྱག་_100_
[བཞི་_100_],བཞི་_100_,བཞི་_100_,བཞི་_100_,བཞི་_100_,བཞི་_100_,བཞི་_100_,བཞི་_100_
[པ_100_],པ_100_,པ_100_,པ_100_,པ_100_,པ_100_,པ_100_,པ_100_
[། _87_],། _87_,། _87_,། _87_,། _87_,། _87_,། འ་_12_,། _87_
[གཡས་_100_],གཡས་_100_,གཡས་_100_,གཡས་_100_,གཡས་_100_,གཡས་_100_,གཡས་_100_,གཡས་_100_
[པའི་_100_],པའི་_100_,པའི་_100_,པའི་_100_,པའི་_100_,པའི་_100_,པའི་_100_,པའི་_100_
[ཕྱག་_100_],ཕྱག་_100_,ཕྱག་_100_,ཕྱག་_100_,ཕྱག་_100_,ཕྱག་_100_,ཕྱག་_100_,ཕྱག་_100_
[ན་_100_],ན་_100_,ན་_100_,ན་_100_,ན་_100_,ན་_100_,ན་_100_,ན་_100_
[མདའ་_100_],མདའ་_100_,མདའ་_100_,མདའ་_100_,མདའ་_100_,མདའ་_100_,མདའ་_100_,མདའ་_100_
[དང་_100_],དང་_100_,དང་_100_,དང་_100_,དང་_100_,དང་_100_,དང་_100_,དང་_100_
[མི་_100_],མི་_100_,མི་_100_,མི་_100_,མི་_100_,མི་_100_,མི་_100_,མི་_100_
[འཇིགས་_100_],འཇིགས་_100_,འཇིགས་_100_,འཇིགས་_100_,འཇིགས་_100_,འཇིགས་_100_,འཇིགས་_100_,འཇིགས་_100_
[པ་_100_],པ་_100_,པ་_100_,པ་_100_,པ་_100_,པ་_100_,པ་_100_,པ་_100_
[སྦྱིན་_100_],སྦྱིན་_100_,སྦྱིན་_100_,སྦྱིན་_100_,སྦྱིན་_100_,སྦྱིན་_100_,སྦྱིན་_100_,སྦྱིན་_100_
[པའི་_87_],པའི་_87_,པའི་_87_,པའི་_87_,པའི་_87_,པའི་_87_,པའི་ _12_,པའི་_87_
[ཕྱག་_100_],ཕྱག་_100_,ཕྱག་_100_,ཕྱག་_100_,ཕྱག་_100_,ཕྱག་_100_,ཕྱག་_100_,ཕྱག་_100_
[གོ། །​_75_],གོ། །​_75_,གོ། །​_75_,གོ། །​_75_,གོ། །​_75_,གོ །​_25_,གོ། །​_75_,གོ །​_25_
[གཡོན་_100_],གཡོན་_100_,གཡོན་_100_,གཡོན་_100_,གཡོན་_100_,གཡོན་_100_,གཡོན་_100_,གཡོན་_100_
[པ་_100_],པ་_100_,པ་_100_,པ་_100_,པ་_100_,པ་_100_,པ་_100_,པ་_100_
[ན་_100_],ན་_100_,ན་_100_,ན་_100_,ན་_100_,ན་_100_,ན་_100_,ན་_100_
[གཞུ་_100_],གཞུ་_100_,གཞུ་_100_,གཞུ་_100_,གཞུ་_100_,གཞུ་_100_,གཞུ་_100_,གཞུ་_100_
[དང་ཨུཏྤ་ལ་_87_],དང་ཨུཏྤ་ལ་_87_,དང་ཨུཏྤ་ལ་_87_,དང་ཨུཏྤ་ལ་_87_,དང་ཨུཏྤ་ལ་_87_,དང་ཨུཏྤ་ལ་_87_,དང་ཨུཏྤལ་_12_,དང་ཨུཏྤ་ལ་_87_
[བསྣམས་_100_],བསྣམས་_100_,བསྣམས་_100_,བསྣམས་_100_,བསྣམས་_100_,བསྣམས་_100_,བསྣམས་_100_,བསྣམས་_100_
[པའོ_100_],པའོ_100_,པའོ_100_,པའོ_100_,པའོ_100_,པའོ_100_,པའོ_100_,པའོ_100_
[། །​_100_],། །​_100_,། །​_100_,། །​_100_,། །​_100_,། །​_100_,། །​_100_,། །​_100_
[རྡོ་_100_],རྡོ་_100_,རྡོ་_100_,རྡོ་_100_,རྡོ་_100_,རྡོ་_100_,རྡོ་_100_,རྡོ་_100_
[རྗེ་_100_],རྗེ་_100_,རྗེ་_100_,རྗེ་_100_,རྗེ་_100_,རྗེ་_100_,རྗེ་_100_,རྗེ་_100_
[སྐྱིལ་_100_],སྐྱིལ་_100_,སྐྱིལ་_100_,སྐྱིལ་_100_,སྐྱིལ་_100_,སྐྱིལ་_100_,སྐྱིལ་_100_,སྐྱིལ་_100_
[མོ་_100_],མོ་_100_,མོ་_100_,མོ་_100_,མོ་_100_,མོ་_100_,མོ་_100_,མོ་_100_
[ཀྲུང་_100_],ཀྲུང་_100_,ཀྲུང་_100_,ཀྲུང་_100_,ཀྲུང་_100_,ཀྲུང་_100_,ཀྲུང་_100_,ཀྲུང་_100_
[གིས་_100_],གིས་_100_,གིས་_100_,གིས་_100_,གིས་_100_,གིས་_100_,གིས་_100_,གིས་_100_
[གནས་_100_],གནས་_100_,གནས་_100_,གནས་_100_,གནས་_100_,གནས་_100_,གནས་_100_,གནས་_100_
[ཤིང་_100_],ཤིང་_100_,ཤིང་_100_,ཤིང་_100_,ཤིང་_100_,ཤིང་_100_,ཤིང་_100_,ཤིང་_100_
[ཤ་_100_],ཤ་_100_,ཤ་_100_,ཤ་_100_,ཤ་_100_,ཤ་_100_,ཤ་_100_,ཤ་_100_
[འགག་_100_],འགག་_100_,འགག་_100_,འགག་_100_,འགག་_100_,འགག་_100_,འགག་_100_,འགག་_100_
[དམར་_100_],དམར་_100_,དམར་_100_,དམར་_100_,དམར་_100_,དམར་_100_,དམར་_100_,དམར་_100_
[པོ་_100_],པོ་_100_,པོ་_100_,པོ་_100_,པོ་_100_,པོ་_100_,པོ་_100_,པོ་_100_
[དང་_100_],དང་_100_,དང་_100_,དང་_100_,དང་_100_,དང་_100_,དང་_100_,དང་_100_
[། _100_],། _100_,། _100_,། _100_,། _100_,། _100_,། _100_,། _100_
[སྟོད་_100_],སྟོད་_100_,སྟོད་_100_,སྟོད་_100_,སྟོད་_100_,སྟོད་_100_,སྟོད་_100_,སྟོད་_100_
[གཡོགས་_100_],གཡོགས་_100_,གཡོགས་_100_,གཡོགས་_100_,གཡོགས་_100_,གཡོགས་_100_,གཡོགས་_100_,གཡོགས་_100_
[དམར་_100_],དམར་_100_,དམར་_100_,དམར་_100_,དམར་_100_,དམར་_100_,དམར་_100_,དམར་_100_
[པོ་_100_],པོ་_100_,པོ་_100_,པོ་_100_,པོ་_100_,པོ་_100_,པོ་_100_,པོ་_100_
[ཅན་_100_],ཅན་_100_,ཅན་_100_,ཅན་_100_,ཅན་_100_,ཅན་_100_,ཅན་_100_,ཅན་_100_
[གྱི་_87_],གྱི་_87_,གྱིས་_12_,གྱི་_87_,གྱི་_87_,གྱི་_87_,གྱི་_87_,གྱི་_87_
[རྣམ་པར་བསྒོམ་པར་བྱའོ། །​_75_],རྣམ་པར་བསྒོམ་པར་བྱའོ། །​_75_,རྣམ་པར་བྱའོ། །​_12_,རྣམ་པར་བསྒོམ་པར་བྱའོ། །​_75_,རྣམ་པར་བསྒོམ་པར་བྱའོ། །​_75_,རྣམ་པར་བསྒོམ་པར་བྱའོ། །​_75_,རྣམ་_12_,རྣམ་པར་བསྒོམ་པར་བྱའོ། །​_75_
[འོག་_100_],འོག་_100_,འོག་_100_,འོག་_100_,འོག་_100_,འོག་_100_,འོག་_100_,འོག་_100_
[ཏུ་_100_],ཏུ་_100_,ཏུ་_100_,ཏུ་_100_,ཏུ་_100_,ཏུ་_100_,ཏུ་_100_,ཏུ་_100_
[འདོད་_100_],འདོད་_100_,འདོད་_100_,འདོད་_100_,འདོད་_100_,འདོད་_100_,འདོད་_100_,འདོད་_100_
[པའི་_100_],པའི་_100_,པའི་_100_,པའི་_100_,པའི་_100_,པའི་_100_,པའི་_100_,པའི་_100_
[ལྷ་_100_],ལྷ་_100_,ལྷ་_100_,ལྷ་_100_,ལྷ་_100_,ལྷ་_100_,ལྷ་_100_,ལྷ་_100_
[ཆུང་_100_],ཆུང་_100_,ཆུང་_100_,ཆུང་_100_,ཆུང་_100_,ཆུང་_100_,ཆུང་_100_,ཆུང་_100_
[མ་_100_],མ་_100_,མ་_100_,མ་_100_,མ་_100_,མ་_100_,མ་_100_,མ་_100_
[དང་_100_],དང་_100_,དང་_100_,དང་_100_,དང་_100_,དང་_100_,དང་_100_,དང་_100_
[བཅས་_100_],བཅས་_100_,བཅས་_100_,བཅས་_100_,བཅས་_100_,བཅས་_100_,བཅས་_100_,བཅས་_100_
[པ་_100_],པ་_100_,པ་_100_,པ་_100_,པ་_100_,པ་_100_,པ་_100_,པ་_100_
[བསམས་_87_],བསམས་_87_,བསམས་_87_,བསམས་_87_,བསམས་_87_,བསམས་_87_,བསམས་པར་བསྒོམ་པར་བྱའོ། །​ །​_12_,བསམས་_87_
[ཏེ_100_],ཏེ_100_,ཏེ_100_,ཏེ_100_,ཏེ_100_,ཏེ_100_,ཏེ_100_,ཏེ_100_
[། ཕྱི་_87_],། ཕྱི་_87_,།ཕྱིན་_12_,། ཕྱི་_87_,། ཕྱི་_87_,། ཕྱི་_87_,། ཕྱི་_87_,། ཕྱི་_87_
[ནས་_100_],ནས་_100_,ནས་_100_,ནས་_100_,ནས་_100_,ནས་_100_,ནས་_100_,ནས་_100_
[བསྒོམ་_100_],བསྒོམ་_100_,བསྒོམ་_100_,བསྒོམ་_100_,བསྒོམ་_100_,བསྒོམ་_100_,བསྒོམ་_100_,བསྒོམ་_100_
[པ་_100_],པ་_100_,པ་_100_,པ་_100_,པ་_100_,པ་_100_,པ་_100_,པ་_100_
[དང་_100_],དང་_100_,དང་_100_,དང་_100_,དང་_100_,དང་_100_,དང་_100_,དང་_100_
[ལྡན་_100_],ལྡན་_100_,ལྡན་_100_,ལྡན་_100_,ལྡན་_100_,ལྡན་_100_,ལྡན་_100_,ལྡན་_100_
[པས་_100_],པས་_100_,པས་_100_,པས་_100_,པས་_100_,པས་_100_,པས་_100_,པས་_100_
[སྔགས་_100_],སྔགས་_100_,སྔགས་_100_,སྔགས་_100_,སྔགས་_100_,སྔགས་_100_,སྔགས་_100_,སྔགས་_100_
[ཀྱི་_100_],ཀྱི་_100_,ཀྱི་_100_,ཀྱི་_100_,ཀྱི་_100_,ཀྱི་_100_,ཀྱི་_100_,ཀྱི་_100_
[བཟླས་_100_],བཟླས་_100_,བཟླས་_100_,བཟླས་_100_,བཟླས་_100_,བཟླས་_100_,བཟླས་_100_,བཟླས་_100_
[པ་_100_],པ་_100_,པ་_100_,པ་_100_,པ་_100_,པ་_100_,པ་_100_,པ་_100_
[བྱའོ_100_],བྱའོ_100_,བྱའོ_100_,བྱའོ_100_,བྱའོ_100_,བྱའོ_100_,བྱའོ_100_,བྱའོ_100_
[། །​ཨོཾ་_87_],། །​ཨོཾ་_87_,། །​ཨོཾ་_87_,། །​ཨོཾ་_87_,། །​ཨོཾ་_87_,། །​ཨོཾ་_87_,། །​ ཨོ་_12_,། །​ཨོཾ་_87_
[ཀུ་_100_],ཀུ་_100_,ཀུ་_100_,ཀུ་_100_,ཀུ་_100_,ཀུ་_100_,ཀུ་_100_,ཀུ་_100_
[རུ་_100_],རུ་_100_,རུ་_100_,རུ་_100_,རུ་_100_,རུ་_100_,རུ་_100_,རུ་_100_
[ཀུལླེ་_87_],ཀུལླེ་_87_,ཀུལླེ་_87_,ཀུལླེ་_87_,ཀུལྺེ་_12_,ཀུལླེ་_87_,ཀུལླེ་_87_,ཀུལླེ་_87_
[སྭཱ་_100_],སྭཱ་_100_,སྭཱ་_100_,སྭཱ་_100_,སྭཱ་_100_,སྭཱ་_100_,སྭཱ་_100_,སྭཱ་_100_
[ཧཱ_100_],ཧཱ_100_,ཧཱ_100_,ཧཱ_100_,ཧཱ_100_,ཧཱ_100_,ཧཱ_100_,ཧཱ_100_
[། རིགས་_87_],། རིགས་_87_,། རིགས་_87_,།རིག་_12_,། རིགས་_87_,། རིགས་_87_,། རིགས་_87_,། རིགས་_87_
[བྱེད་_100_],བྱེད་_100_,བྱེད་_100_,བྱེད་_100_,བྱེད་_100_,བྱེད་_100_,བྱེད་_100_,བྱེད་_100_
[མའི་_100_],མའི་_100_,མའི་_100_,མའི་_100_,མའི་_100_,མའི་_100_,མའི་_100_,མའི་_100_
[སྒྲུབ་_100_],སྒྲུབ་_100_,སྒྲུབ་_100_,སྒྲུབ་_100_,སྒྲུབ་_100_,སྒྲུབ་_100_,སྒྲུབ་_100_,སྒྲུབ་_100_
[ཐབས་_100_],ཐབས་_100_,ཐབས་_100_,ཐབས་_100_,ཐབས་_100_,ཐབས་_100_,ཐབས་_100_,ཐབས་_100_
[རྫོགས་_100_],རྫོགས་_100_,རྫོགས་_100_,རྫོགས་_100_,རྫོགས་_100_,རྫོགས་_100_,རྫོགས་_100_,རྫོགས་_100_
[སོ། །​པཎྜི་ཏ་དོན་ཡོད་རྡོ་རྗེ་དང་། _75_],སོ། །​པཎྜི་ཏ་དོན་ཡོད་རྡོ་རྗེ་དང་། _75_,སོ། །​པཎྜི་ཏ་དོན་ཡོད་རྡོ་རྗེ་དང་། _75_,སོ། །​པཎྜི་ཏ་དོན་ཡོད་རྡོ་རྗེ་དང་། _75_,སོ།། །​།པཎྜི་ཏ་དོན་ཡོད་རྡོ་རྗེ་དང་། _12_,སོ། །​པཎྜི་ཏ་དོན་ཡོད་རྡོ་རྗེ་དང་། _75_,སོ།། །​།_12_,སོ། །​པཎྜི་ཏ་དོན་ཡོད་རྡོ་རྗེ་དང་། _75_
[ཁམས་_100_],ཁམས་_100_,ཁམས་_100_,ཁམས་_100_,ཁམས་_100_,ཁམས་_100_,ཁམས་_100_,ཁམས་_100_
[པ་ལོ་ཙཱ་_75_],པ་ལོ་ཙཱ་_75_,པ་ལོཙྪ་_25_,པ་ལོཙྪ་_25_,པ་ལོ་ཙཱ་_75_,པ་ལོ་ཙཱ་_75_,པ་ལོ་ཙཱ་_75_,པ་ལོ་ཙཱ་_75_
[བ་_100_],བ་_100_,བ་_100_,བ་_100_,བ་_100_,བ་_100_,བ་_100_,བ་_100_
[དགེ་_100_],དགེ་_100_,དགེ་_100_,དགེ་_100_,དགེ་_100_,དགེ་_100_,དགེ་_100_,དགེ་_100_
[སློང་_100_],སློང་_100_,སློང་_100_,སློང་_100_,སློང་_100_,སློང་_100_,སློང་_100_,སློང་_100_
[བ་_100_],བ་_100_,བ་_100_,བ་_100_,བ་_100_,བ་_100_,བ་_100_,བ་_100_
[རིས་_87_],རིས་_87_,རིས་_87_,རིས་_87_,རིས་_87_,རིས་_87_,རིས་པཎྜི་ཏ་དོན་ཡོད་རྡོ་རྗེ་དང་།_12_,རིས་_87_
[བསྒྱུར་_100_],བསྒྱུར་_100_,བསྒྱུར་_100_,བསྒྱུར་_100_,བསྒྱུར་_100_,བསྒྱུར་_100_,བསྒྱུར་_100_,བསྒྱུར་_100_
[བའོ_100_],བའོ_100_,བའོ_100_,བའོ_100_,བའོ_100_,བའོ_100_,བའོ_100_,བའོ_100_
[། །​ _50_],། །​ _50_,། །​ _50_,། །​ _50_,། །​_50_,། །​_50_,། །​_50_,། །​_50_
