[༄༅། །​མཆན་ཁུང་གི་སྦྱོར་བ།༄༅༅། །​_50_],༄༅། །​མཆན་ཁུང་གི་སྦྱོར་བ།༄༅༅། །​_50_,༄༅། །​མཆན་ཁུང་གི་སྦྱོར་བ།༄༅༅། །​_50_,༄༅། །​མཆན་ཁུང་གི་སྦྱོར་བ།༄༅༅། །​_50_,༄༅༅། །​_12_,༅༅། །​_12_,༄། །​_12_,༄༅། །​_12_
[རྒྱ་_100_],རྒྱ་_100_,རྒྱ་_100_,རྒྱ་_100_,རྒྱ་_100_,རྒྱ་_100_,རྒྱ་_100_,རྒྱ་_100_
[གར་_100_],གར་_100_,གར་_100_,གར་_100_,གར་_100_,གར་_100_,གར་_100_,གར་_100_
[སྐད་_100_],སྐད་_100_,སྐད་_100_,སྐད་_100_,སྐད་_100_,སྐད་_100_,སྐད་_100_,སྐད་_100_
[དུ_100_],དུ_100_,དུ_100_,དུ_100_,དུ_100_,དུ_100_,དུ_100_,དུ_100_
[། _87_],། _87_,། _87_,། _87_,། _87_,། _87_,། _87_,། :|:_12_
[ཀ་_100_],ཀ་_100_,ཀ་_100_,ཀ་_100_,ཀ་_100_,ཀ་_100_,ཀ་_100_,ཀ་_100_
[ཀྵ་_87_],ཀྵ་_87_,ཀྵ་_87_,ཀྵ་_87_,ཀྵ་_87_,ཀྵ་_87_,ཀྵ་_87_,ཀཱ་_12_
[པ་_100_],པ་_100_,པ་_100_,པ་_100_,པ་_100_,པ་_100_,པ་_100_,པ་_100_
[ཏ_100_],ཏ_100_,ཏ_100_,ཏ_100_,ཏ_100_,ཏ_100_,ཏ_100_,ཏ_100_
[། _100_],། _100_,། _100_,། _100_,། _100_,། _100_,། _100_,། _100_
[བོད་_100_],བོད་_100_,བོད་_100_,བོད་_100_,བོད་_100_,བོད་_100_,བོད་_100_,བོད་_100_
[སྐད་_100_],སྐད་_100_,སྐད་_100_,སྐད་_100_,སྐད་_100_,སྐད་_100_,སྐད་_100_,སྐད་_100_
[དུ_100_],དུ_100_,དུ_100_,དུ_100_,དུ_100_,དུ_100_,དུ_100_,དུ_100_
[། _87_],། _87_,། _87_,། _87_,། _87_,། _87_,། _87_,། །​ _12_
[མཆན་_100_],མཆན་_100_,མཆན་_100_,མཆན་_100_,མཆན་_100_,མཆན་_100_,མཆན་_100_,མཆན་_100_
[ཁུང་_100_],ཁུང་_100_,ཁུང་_100_,ཁུང་_100_,ཁུང་_100_,ཁུང་_100_,ཁུང་_100_,ཁུང་_100_
[གི་_100_],གི་_100_,གི་_100_,གི་_100_,གི་_100_,གི་_100_,གི་_100_,གི་_100_
[སྦྱོར་_100_],སྦྱོར་_100_,སྦྱོར་_100_,སྦྱོར་_100_,སྦྱོར་_100_,སྦྱོར་_100_,སྦྱོར་_100_,སྦྱོར་_100_
[བ_100_],བ_100_,བ_100_,བ_100_,བ_100_,བ_100_,བ_100_,བ_100_
[། _100_],། _100_,། _100_,། _100_,། _100_,། _100_,། _100_,། _100_
[རྡོ་_100_],རྡོ་_100_,རྡོ་_100_,རྡོ་_100_,རྡོ་_100_,རྡོ་_100_,རྡོ་_100_,རྡོ་_100_
[རྗེ་_100_],རྗེ་_100_,རྗེ་_100_,རྗེ་_100_,རྗེ་_100_,རྗེ་_100_,རྗེ་_100_,རྗེ་_100_
[མཁའ་_100_],མཁའ་_100_,མཁའ་_100_,མཁའ་_100_,མཁའ་_100_,མཁའ་_100_,མཁའ་_100_,མཁའ་_100_
[འགྲོ་_100_],འགྲོ་_100_,འགྲོ་_100_,འགྲོ་_100_,འགྲོ་_100_,འགྲོ་_100_,འགྲོ་_100_,འགྲོ་_100_
[མ་_100_],མ་_100_,མ་_100_,མ་_100_,མ་_100_,མ་_100_,མ་_100_,མ་_100_
[ལ་_100_],ལ་_100_,ལ་_100_,ལ་_100_,ལ་_100_,ལ་_100_,ལ་_100_,ལ་_100_
[ཕྱག་_100_],ཕྱག་_100_,ཕྱག་_100_,ཕྱག་_100_,ཕྱག་_100_,ཕྱག་_100_,ཕྱག་_100_,ཕྱག་_100_
[འཚལ་_100_],འཚལ་_100_,འཚལ་_100_,འཚལ་_100_,འཚལ་_100_,འཚལ་_100_,འཚལ་_100_,འཚལ་_100_
[ལོ_100_],ལོ_100_,ལོ_100_,ལོ_100_,ལོ_100_,ལོ_100_,ལོ_100_,ལོ_100_
[། །​_87_],། །​_87_,། །​_87_,། །​_87_,། །​_87_,། །​_87_,། །​_87_,། =། །​_12_
[རྒྱལ་_100_],རྒྱལ་_100_,རྒྱལ་_100_,རྒྱལ་_100_,རྒྱལ་_100_,རྒྱལ་_100_,རྒྱལ་_100_,རྒྱལ་_100_
[པོ་_100_],པོ་_100_,པོ་_100_,པོ་_100_,པོ་_100_,པོ་_100_,པོ་_100_,པོ་_100_
[ལྷན་_100_],ལྷན་_100_,ལྷན་_100_,ལྷན་_100_,ལྷན་_100_,ལྷན་_100_,ལྷན་_100_,ལྷན་_100_
[ཅིག་_100_],ཅིག་_100_,ཅིག་_100_,ཅིག་_100_,ཅིག་_100_,ཅིག་_100_,ཅིག་_100_,ཅིག་_100_
[གཙུག་_100_],གཙུག་_100_,གཙུག་_100_,གཙུག་_100_,གཙུག་_100_,གཙུག་_100_,གཙུག་_100_,གཙུག་_100_
[ཕུད་_100_],ཕུད་_100_,ཕུད་_100_,ཕུད་_100_,ཕུད་_100_,ཕུད་_100_,ཕུད་_100_,ཕུད་_100_
[ཛ་_100_],ཛ་_100_,ཛ་_100_,ཛ་_100_,ཛ་_100_,ཛ་_100_,ཛ་_100_,ཛ་_100_
[རི་_100_],རི་_100_,རི་_100_,རི་_100_,རི་_100_,རི་_100_,རི་_100_,རི་_100_
[ལགས། _62_],ལགས། _62_,ལག། _25_,ལག། _25_,ལགས། _62_,ལགས། །​_12_,ལགས། _62_,ལགས། _62_
[མགོ་_100_],མགོ་_100_,མགོ་_100_,མགོ་_100_,མགོ་_100_,མགོ་_100_,མགོ་_100_,མགོ་_100_
[དང་_100_],དང་_100_,དང་_100_,དང་_100_,དང་_100_,དང་_100_,དང་_100_,དང་_100_
[མཆི་_100_],མཆི་_100_,མཆི་_100_,མཆི་_100_,མཆི་_100_,མཆི་_100_,མཆི་_100_,མཆི་_100_
[མ་_100_],མ་_100_,མ་_100_,མ་_100_,མ་_100_,མ་_100_,མ་_100_,མ་_100_
[གཞོན་_100_],གཞོན་_100_,གཞོན་_100_,གཞོན་_100_,གཞོན་_100_,གཞོན་_100_,གཞོན་_100_,གཞོན་_100_
[ནུ་_100_],ནུ་_100_,ནུ་_100_,ནུ་_100_,ནུ་_100_,ནུ་_100_,ནུ་_100_,ནུ་_100_
[དང་_100_],དང་_100_,དང་_100_,དང་_100_,དང་_100_,དང་_100_,དང་_100_,དང་_100_
[། །​_87_],། །​_87_,། །​_87_,། །​_87_,། །​_87_,། །​_87_,། །​_87_,། །​ _12_
[ཉི་_100_],ཉི་_100_,ཉི་_100_,ཉི་_100_,ཉི་_100_,ཉི་_100_,ཉི་_100_,ཉི་_100_
[མ་_100_],མ་_100_,མ་_100_,མ་_100_,མ་_100_,མ་_100_,མ་_100_,མ་_100_
[རལ་_100_],རལ་_100_,རལ་_100_,རལ་_100_,རལ་_100_,རལ་_100_,རལ་_100_,རལ་_100_
[པ་_100_],པ་_100_,པ་_100_,པ་_100_,པ་_100_,པ་_100_,པ་_100_,པ་_100_
[འཇིགས་_100_],འཇིགས་_100_,འཇིགས་_100_,འཇིགས་_100_,འཇིགས་_100_,འཇིགས་_100_,འཇིགས་_100_,འཇིགས་_100_
[རྨོངས་_100_],རྨོངས་_100_,རྨོངས་_100_,རྨོངས་_100_,རྨོངས་_100_,རྨོངས་_100_,རྨོངས་_100_,རྨོངས་_100_
[དང་_100_],དང་_100_,དང་_100_,དང་_100_,དང་_100_,དང་_100_,དང་_100_,དང་_100_
[། །​_87_],། །​_87_,། །​_87_,། །​_87_,། །​_87_,། _12_,། །​_87_,། །​_87_
[དབང་_100_],དབང་_100_,དབང་_100_,དབང་_100_,དབང་_100_,དབང་_100_,དབང་_100_,དབང་_100_
[པོ་_100_],པོ་_100_,པོ་_100_,པོ་_100_,པོ་_100_,པོ་_100_,པོ་_100_,པོ་_100_
[དང་_100_],དང་_100_,དང་_100_,དང་_100_,དང་_100_,དང་_100_,དང་_100_,དང་_100_
[ནི་_100_],ནི་_100_,ནི་_100_,ནི་_100_,ནི་_100_,ནི་_100_,ནི་_100_,ནི་_100_
[རྡོ་_100_],རྡོ་_100_,རྡོ་_100_,རྡོ་_100_,རྡོ་_100_,རྡོ་_100_,རྡོ་_100_,རྡོ་_100_
[རྗེ་_100_],རྗེ་_100_,རྗེ་_100_,རྗེ་_100_,རྗེ་_100_,རྗེ་_100_,རྗེ་_100_,རྗེ་_100_
[རྣམས_100_],རྣམས_100_,རྣམས_100_,རྣམས_100_,རྣམས_100_,རྣམས_100_,རྣམས_100_,རྣམས_100_
[། །​_75_],། །​_75_,། །​_75_,། །​_75_,། །​ _12_,། །​_75_,། །​_75_,། ལ།_12_
[བཞི་_100_],བཞི་_100_,བཞི་_100_,བཞི་_100_,བཞི་_100_,བཞི་_100_,བཞི་_100_,བཞི་_100_
[ཆ་_100_],ཆ་_100_,ཆ་_100_,ཆ་_100_,ཆ་_100_,ཆ་_100_,ཆ་_100_,ཆ་_100_
[བཞི་_100_],བཞི་_100_,བཞི་_100_,བཞི་_100_,བཞི་_100_,བཞི་_100_,བཞི་_100_,བཞི་_100_
[རུ་_100_],རུ་_100_,རུ་_100_,རུ་_100_,རུ་_100_,རུ་_100_,རུ་_100_,རུ་_100_
[བྱས་_100_],བྱས་_100_,བྱས་_100_,བྱས་_100_,བྱས་_100_,བྱས་_100_,བྱས་_100_,བྱས་_100_
[པ་_100_],པ་_100_,པ་_100_,པ་_100_,པ་_100_,པ་_100_,པ་_100_,པ་_100_
[སྟེ_100_],སྟེ_100_,སྟེ_100_,སྟེ_100_,སྟེ_100_,སྟེ_100_,སྟེ_100_,སྟེ_100_
[། །​_87_],། །​_87_,། །​_87_,། །​_87_,། །​_87_,། །​_87_,། །​_87_,།  །​_12_
[ལྔ་_100_],ལྔ་_100_,ལྔ་_100_,ལྔ་_100_,ལྔ་_100_,ལྔ་_100_,ལྔ་_100_,ལྔ་_100_
[ཡི་_100_],ཡི་_100_,ཡི་_100_,ཡི་_100_,ཡི་_100_,ཡི་_100_,ཡི་_100_,ཡི་_100_
[ལུས་_100_],ལུས་_100_,ལུས་_100_,ལུས་_100_,ལུས་_100_,ལུས་_100_,ལུས་_100_,ལུས་_100_
[ཀྱི་_100_],ཀྱི་_100_,ཀྱི་_100_,ཀྱི་_100_,ཀྱི་_100_,ཀྱི་_100_,ཀྱི་_100_,ཀྱི་_100_
[ཡང་_100_],ཡང་_100_,ཡང་_100_,ཡང་_100_,ཡང་_100_,ཡང་_100_,ཡང་_100_,ཡང་_100_
[བསྲེས་_100_],བསྲེས་_100_,བསྲེས་_100_,བསྲེས་_100_,བསྲེས་_100_,བསྲེས་_100_,བསྲེས་_100_,བསྲེས་_100_
[ན_100_],ན_100_,ན_100_,ན_100_,ན_100_,ན_100_,ན_100_,ན_100_
[། །​_100_],། །​_100_,། །​_100_,། །​_100_,། །​_100_,། །​_100_,། །​_100_,། །​_100_
[སྐྱེས་_100_],སྐྱེས་_100_,སྐྱེས་_100_,སྐྱེས་_100_,སྐྱེས་_100_,སྐྱེས་_100_,སྐྱེས་_100_,སྐྱེས་_100_
[པ་_100_],པ་_100_,པ་_100_,པ་_100_,པ་_100_,པ་_100_,པ་_100_,པ་_100_
[བུད་_100_],བུད་_100_,བུད་_100_,བུད་_100_,བུད་_100_,བུད་_100_,བུད་_100_,བུད་_100_
[མེད་_100_],མེད་_100_,མེད་_100_,མེད་_100_,མེད་_100_,མེད་_100_,མེད་_100_,མེད་_100_
[དབང་_100_],དབང་_100_,དབང་_100_,དབང་_100_,དབང་_100_,དབང་_100_,དབང་_100_,དབང་_100_
[དུ་_100_],དུ་_100_,དུ་_100_,དུ་_100_,དུ་_100_,དུ་_100_,དུ་_100_,དུ་_100_
[བྱེད་_100_],བྱེད་_100_,བྱེད་_100_,བྱེད་_100_,བྱེད་_100_,བྱེད་_100_,བྱེད་_100_,བྱེད་_100_
[པ་_100_],པ་_100_,པ་_100_,པ་_100_,པ་_100_,པ་_100_,པ་_100_,པ་_100_
[སུམ་_100_],སུམ་_100_,སུམ་_100_,སུམ་_100_,སུམ་_100_,སུམ་_100_,སུམ་_100_,སུམ་_100_
[ཅུ་_100_],ཅུ་_100_,ཅུ་_100_,ཅུ་_100_,ཅུ་_100_,ཅུ་_100_,ཅུ་_100_,ཅུ་_100_
[རྩ་_100_],རྩ་_100_,རྩ་_100_,རྩ་_100_,རྩ་_100_,རྩ་_100_,རྩ་_100_,རྩ་_100_
[བཞི་_100_],བཞི་_100_,བཞི་_100_,བཞི་_100_,བཞི་_100_,བཞི་_100_,བཞི་_100_,བཞི་_100_
[ཆ། །​_87_],ཆ། །​_87_,ཆ། །​_87_,ཆ། །​_87_,ཆ། །​_87_,ཆ། །​_87_,ཆ། །​_87_,ཆོ།། །​_12_
[ས་_100_],ས་_100_,ས་_100_,ས་_100_,ས་_100_,ས་_100_,ས་_100_,ས་_100_
[བདག་_100_],བདག་_100_,བདག་_100_,བདག་_100_,བདག་_100_,བདག་_100_,བདག་_100_,བདག་_100_
[མིག་_100_],མིག་_100_,མིག་_100_,མིག་_100_,མིག་_100_,མིག་_100_,མིག་_100_,མིག་_100_
[དང་_100_],དང་_100_,དང་_100_,དང་_100_,དང་_100_,དང་_100_,དང་_100_,དང་_100_
[བཅུ་_100_],བཅུ་_100_,བཅུ་_100_,བཅུ་_100_,བཅུ་_100_,བཅུ་_100_,བཅུ་_100_,བཅུ་_100_
[གསུམ་_100_],གསུམ་_100_,གསུམ་_100_,གསུམ་_100_,གསུམ་_100_,གསུམ་_100_,གསུམ་_100_,གསུམ་_100_
[ཕྱོགས་_100_],ཕྱོགས་_100_,ཕྱོགས་_100_,ཕྱོགས་_100_,ཕྱོགས་_100_,ཕྱོགས་_100_,ཕྱོགས་_100_,ཕྱོགས་_100_
[དང་_100_],དང་_100_,དང་_100_,དང་_100_,དང་_100_,དང་_100_,དང་_100_,དང་_100_
[ཐུབ་_100_],ཐུབ་_100_,ཐུབ་_100_,ཐུབ་_100_,ཐུབ་_100_,ཐུབ་_100_,ཐུབ་_100_,ཐུབ་_100_
[པ་_100_],པ་_100_,པ་_100_,པ་_100_,པ་_100_,པ་_100_,པ་_100_,པ་_100_
[དྲག་_100_],དྲག་_100_,དྲག་_100_,དྲག་_100_,དྲག་_100_,དྲག་_100_,དྲག་_100_,དྲག་_100_
[པོ་_100_],པོ་_100_,པོ་_100_,པོ་_100_,པོ་_100_,པོ་_100_,པོ་_100_,པོ་_100_
[ཀླུ་_100_],ཀླུ་_100_,ཀླུ་_100_,ཀླུ་_100_,ཀླུ་_100_,ཀླུ་_100_,ཀླུ་_100_,ཀླུ་_100_
[དང་_100_],དང་_100_,དང་_100_,དང་_100_,དང་_100_,དང་_100_,དང་_100_,དང་_100_
[ནི_100_],ནི_100_,ནི_100_,ནི_100_,ནི_100_,ནི_100_,ནི_100_,ནི_100_
[། །​_100_],། །​_100_,། །​_100_,། །​_100_,། །​_100_,། །​_100_,། །​_100_,། །​_100_
[ཕྱོགས་_100_],ཕྱོགས་_100_,ཕྱོགས་_100_,ཕྱོགས་_100_,ཕྱོགས་_100_,ཕྱོགས་_100_,ཕྱོགས་_100_,ཕྱོགས་_100_
[བཅུ་_100_],བཅུ་_100_,བཅུ་_100_,བཅུ་_100_,བཅུ་_100_,བཅུ་_100_,བཅུ་_100_,བཅུ་_100_
[མདའ་_100_],མདའ་_100_,མདའ་_100_,མདའ་_100_,མདའ་_100_,མདའ་_100_,མདའ་_100_,མདའ་_100_
[དང་_100_],དང་_100_,དང་_100_,དང་_100_,དང་_100_,དང་_100_,དང་_100_,དང་_100_
[གཟའ་_100_],གཟའ་_100_,གཟའ་_100_,གཟའ་_100_,གཟའ་_100_,གཟའ་_100_,གཟའ་_100_,གཟའ་_100_
[དང་_100_],དང་_100_,དང་_100_,དང་_100_,དང་_100_,དང་_100_,དང་_100_,དང་_100_
[དུས་_100_],དུས་_100_,དུས་_100_,དུས་_100_,དུས་_100_,དུས་_100_,དུས་_100_,དུས་_100_
[དང་_100_],དང་_100_,དང་_100_,དང་_100_,དང་_100_,དང་_100_,དང་_100_,དང་_100_
[ནི_100_],ནི_100_,ནི_100_,ནི_100_,ནི_100_,ནི_100_,ནི_100_,ནི_100_
[། །​_100_],། །​_100_,། །​_100_,། །​_100_,། །​_100_,། །​_100_,། །​_100_,། །​_100_
[ཉི་_100_],ཉི་_100_,ཉི་_100_,ཉི་_100_,ཉི་_100_,ཉི་_100_,ཉི་_100_,ཉི་_100_
[མ་_100_],མ་_100_,མ་_100_,མ་_100_,མ་_100_,མ་_100_,མ་_100_,མ་_100_
[ཟླ་_100_],ཟླ་_100_,ཟླ་_100_,ཟླ་_100_,ཟླ་_100_,ཟླ་_100_,ཟླ་_100_,ཟླ་_100_
[བ་_100_],བ་_100_,བ་_100_,བ་_100_,བ་_100_,བ་_100_,བ་_100_,བ་_100_
[ཚེས་_100_],ཚེས་_100_,ཚེས་_100_,ཚེས་_100_,ཚེས་_100_,ཚེས་_100_,ཚེས་_100_,ཚེས་_100_
[ཀྱི་_100_],ཀྱི་_100_,ཀྱི་_100_,ཀྱི་_100_,ཀྱི་_100_,ཀྱི་_100_,ཀྱི་_100_,ཀྱི་_100_
[རིམ་_100_],རིམ་_100_,རིམ་_100_,རིམ་_100_,རིམ་_100_,རིམ་_100_,རིམ་_100_,རིམ་_100_
[པའི་_100_],པའི་_100_,པའི་_100_,པའི་_100_,པའི་_100_,པའི་_100_,པའི་_100_,པའི་_100_
[ཆ_100_],ཆ_100_,ཆ_100_,ཆ_100_,ཆ_100_,ཆ_100_,ཆ_100_,ཆ_100_
[། །​_87_],། །​_87_,། །​_87_,། །​_87_,། །​_87_,། །​_87_,། །​_87_,། ཌ་_12_
[དང་_100_],དང་_100_,དང་_100_,དང་_100_,དང་_100_,དང་_100_,དང་_100_,དང་_100_
[པོའི་_75_],པོའི་_75_,པོའི་_75_,པོའི་_75_,བོའི་_25_,པོའི་_75_,བོའི་_25_,པོའི་_75_
[མཚམས་_100_],མཚམས་_100_,མཚམས་_100_,མཚམས་_100_,མཚམས་_100_,མཚམས་_100_,མཚམས་_100_,མཚམས་_100_
[ཀྱི་_100_],ཀྱི་_100_,ཀྱི་_100_,ཀྱི་_100_,ཀྱི་_100_,ཀྱི་_100_,ཀྱི་_100_,ཀྱི་_100_
[བཞི་_100_],བཞི་_100_,བཞི་_100_,བཞི་_100_,བཞི་_100_,བཞི་_100_,བཞི་_100_,བཞི་_100_
[ནི་_100_],ནི་_100_,ནི་_100_,ནི་_100_,ནི་_100_,ནི་_100_,ནི་_100_,ནི་_100_
[ཡོངས་_100_],ཡོངས་_100_,ཡོངས་_100_,ཡོངས་_100_,ཡོངས་_100_,ཡོངས་_100_,ཡོངས་_100_,ཡོངས་_100_
[སུ་_100_],སུ་_100_,སུ་_100_,སུ་_100_,སུ་_100_,སུ་_100_,སུ་_100_,སུ་_100_
[བྱའོ_75_],བྱའོ_75_,བྱ_25_,བྱ_25_,བྱའོ_75_,བྱའོ_75_,བྱའོ_75_,བྱའོ_75_
[། །​_100_],། །​_100_,། །​_100_,། །​_100_,། །​_100_,། །​_100_,། །​_100_,། །​_100_
[གཉིས་_100_],གཉིས་_100_,གཉིས་_100_,གཉིས་_100_,གཉིས་_100_,གཉིས་_100_,གཉིས་_100_,གཉིས་_100_
[བས་_75_],བས་_75_,བས་_75_,བས་_75_,བས་_75_,པས་_25_,བས་_75_,པས་_25_
[ནི་_100_],ནི་_100_,ནི་_100_,ནི་_100_,ནི་_100_,ནི་_100_,ནི་_100_,ནི་_100_
[བྱུག་_100_],བྱུག་_100_,བྱུག་_100_,བྱུག་_100_,བྱུག་_100_,བྱུག་_100_,བྱུག་_100_,བྱུག་_100_
[པར་_100_],པར་_100_,པར་_100_,པར་_100_,པར་_100_,པར་_100_,པར་_100_,པར་_100_
[བྱའོ_100_],བྱའོ_100_,བྱའོ_100_,བྱའོ_100_,བྱའོ_100_,བྱའོ_100_,བྱའོ_100_,བྱའོ_100_
[། །​_100_],། །​_100_,། །​_100_,། །​_100_,། །​_100_,། །​_100_,། །​_100_,། །​_100_
[གསུམ་_100_],གསུམ་_100_,གསུམ་_100_,གསུམ་_100_,གསུམ་_100_,གསུམ་_100_,གསུམ་_100_,གསུམ་_100_
[པས་_100_],པས་_100_,པས་_100_,པས་_100_,པས་_100_,པས་_100_,པས་_100_,པས་_100_
[ནི་_100_],ནི་_100_,ནི་_100_,ནི་_100_,ནི་_100_,ནི་_100_,ནི་_100_,ནི་_100_
[བཟའ་_100_],བཟའ་_100_,བཟའ་_100_,བཟའ་_100_,བཟའ་_100_,བཟའ་_100_,བཟའ་_100_,བཟའ་_100_
[བར་_100_],བར་_100_,བར་_100_,བར་_100_,བར་_100_,བར་_100_,བར་_100_,བར་_100_
[བྱའོ_100_],བྱའོ_100_,བྱའོ_100_,བྱའོ_100_,བྱའོ_100_,བྱའོ_100_,བྱའོ_100_,བྱའོ_100_
[། །​_100_],། །​_100_,། །​_100_,། །​_100_,། །​_100_,། །​_100_,། །​_100_,། །​_100_
[བཞི་_100_],བཞི་_100_,བཞི་_100_,བཞི་_100_,བཞི་_100_,བཞི་_100_,བཞི་_100_,བཞི་_100_
[པས་_100_],པས་_100_,པས་_100_,པས་_100_,པས་_100_,པས་_100_,པས་_100_,པས་_100_
[ནི་_100_],ནི་_100_,ནི་_100_,ནི་_100_,ནི་_100_,ནི་_100_,ནི་_100_,ནི་_100_
[བདག་_100_],བདག་_100_,བདག་_100_,བདག་_100_,བདག་_100_,བདག་_100_,བདག་_100_,བདག་_100_
[གི་_100_],གི་_100_,གི་_100_,གི་_100_,གི་_100_,གི་_100_,གི་_100_,གི་_100_
[བསྐུ་_62_],བསྐུ་_62_,སྐུ་_25_,སྐུ་_25_,བསྐུ་_62_,བསྐུ་_62_,བསྐུ་_62_,བསྐུ་“_12_
[མཉེ་_100_],མཉེ་_100_,མཉེ་_100_,མཉེ་_100_,མཉེ་_100_,མཉེ་_100_,མཉེ་_100_,མཉེ་_100_
[བྱའོ_100_],བྱའོ_100_,བྱའོ_100_,བྱའོ_100_,བྱའོ_100_,བྱའོ_100_,བྱའོ_100_,བྱའོ_100_
[། །​_100_],། །​_100_,། །​_100_,། །​_100_,། །​_100_,། །​_100_,། །​_100_,། །​_100_
[རྒྱལ་_100_],རྒྱལ་_100_,རྒྱལ་_100_,རྒྱལ་_100_,རྒྱལ་_100_,རྒྱལ་_100_,རྒྱལ་_100_,རྒྱལ་_100_
[པོ་_100_],པོ་_100_,པོ་_100_,པོ་_100_,པོ་_100_,པོ་_100_,པོ་_100_,པོ་_100_
[ལ་_100_],ལ་_100_,ལ་_100_,ལ་_100_,ལ་_100_,ལ་_100_,ལ་_100_,ལ་_100_
[སོགས་_100_],སོགས་_100_,སོགས་_100_,སོགས་_100_,སོགས་_100_,སོགས་_100_,སོགས་_100_,སོགས་_100_
[པ་_100_],པ་_100_,པ་_100_,པ་_100_,པ་_100_,པ་_100_,པ་_100_,པ་_100_
[བཞིའི་_100_],བཞིའི་_100_,བཞིའི་_100_,བཞིའི་_100_,བཞིའི་_100_,བཞིའི་_100_,བཞིའི་_100_,བཞིའི་_100_
[གོ་_100_],གོ་_100_,གོ་_100_,གོ་_100_,གོ་_100_,གོ་_100_,གོ་_100_,གོ་_100_
[རིམ་_50_],རིམ་_50_,རིམ་_50_,རིམ་_50_,རིམས་_50_,རིམས་_50_,རིམས་_50_,རིམས་_50_
[ནི་_100_],ནི་_100_,ནི་_100_,ནི་_100_,ནི་_100_,ནི་_100_,ནི་_100_,ནི་_100_
[དབང་_100_],དབང་_100_,དབང་_100_,དབང་_100_,དབང་_100_,དབང་_100_,དབང་_100_,དབང་_100_
[གི་_100_],གི་_100_,གི་_100_,གི་_100_,གི་_100_,གི་_100_,གི་_100_,གི་_100_
[ལས་_75_],ལས་_75_,ལས་ལ་_25_,ལས་ལ་_25_,ལས་_75_,ལས་_75_,ལས་_75_,ལས་_75_
[ཤེས་_100_],ཤེས་_100_,ཤེས་_100_,ཤེས་_100_,ཤེས་_100_,ཤེས་_100_,ཤེས་_100_,ཤེས་_100_
[སོ_100_],སོ_100_,སོ_100_,སོ_100_,སོ_100_,སོ_100_,སོ_100_,སོ_100_
[། །​_100_],། །​_100_,། །​_100_,། །​_100_,། །​_100_,། །​_100_,། །​_100_,། །​_100_
[ཐུབ་_100_],ཐུབ་_100_,ཐུབ་_100_,ཐུབ་_100_,ཐུབ་_100_,ཐུབ་_100_,ཐུབ་_100_,ཐུབ་_100_
[པ་_100_],པ་_100_,པ་_100_,པ་_100_,པ་_100_,པ་_100_,པ་_100_,པ་_100_
[ལ་_100_],ལ་_100_,ལ་_100_,ལ་_100_,ལ་_100_,ལ་_100_,ལ་_100_,ལ་_100_
[སོགས་_100_],སོགས་_100_,སོགས་_100_,སོགས་_100_,སོགས་_100_,སོགས་_100_,སོགས་_100_,སོགས་_100_
[ལྷོ་_100_],ལྷོ་_100_,ལྷོ་_100_,ལྷོ་_100_,ལྷོ་_100_,ལྷོ་_100_,ལྷོ་_100_,ལྷོ་_100_
[ནི་_100_],ནི་_100_,ནི་_100_,ནི་_100_,ནི་_100_,ནི་_100_,ནི་_100_,ནི་_100_
[བྱུག་_100_],བྱུག་_100_,བྱུག་_100_,བྱུག་_100_,བྱུག་_100_,བྱུག་_100_,བྱུག་_100_,བྱུག་_100_
[པར་_100_],པར་_100_,པར་_100_,པར་_100_,པར་_100_,པར་_100_,པར་_100_,པར་_100_
[བཤད_100_],བཤད_100_,བཤད_100_,བཤད_100_,བཤད_100_,བཤད_100_,བཤད_100_,བཤད_100_
[། །​_100_],། །​_100_,། །​_100_,། །​_100_,། །​_100_,། །​_100_,། །​_100_,། །​_100_
[ན་_100_],ན་_100_,ན་_100_,ན་_100_,ན་_100_,ན་_100_,ན་_100_,ན་_100_
[བཟའ་ལ་_75_],བཟའ་ལ་_75_,བཟའ་ལ་_75_,བཟའ་ལ་_75_,བཟའ་_25_,བཟའ་ལ་_75_,བཟའ་_25_,བཟའ་ལ་_75_
[སོགས་_100_],སོགས་_100_,སོགས་_100_,སོགས་_100_,སོགས་_100_,སོགས་_100_,སོགས་_100_,སོགས་_100_
[བློ་_100_],བློ་_100_,བློ་_100_,བློ་_100_,བློ་_100_,བློ་_100_,བློ་_100_,བློ་_100_
[ནི་_100_],ནི་_100_,ནི་_100_,ནི་_100_,ནི་_100_,ནི་_100_,ནི་_100_,ནི་_100_
[བྱང་_100_],བྱང་_100_,བྱང་_100_,བྱང་_100_,བྱང་_100_,བྱང་_100_,བྱང་_100_,བྱང་_100_
[དུ་_100_],དུ་_100_,དུ་_100_,དུ་_100_,དུ་_100_,དུ་_100_,དུ་_100_,དུ་_100_
[བཤད_100_],བཤད_100_,བཤད_100_,བཤད_100_,བཤད_100_,བཤད_100_,བཤད_100_,བཤད_100_
[། །​_87_],། །​_87_,། །​_87_,། །​_87_,། །​ _12_,། །​_87_,། །​_87_,། །​_87_
[ཀླུ་_100_],ཀླུ་_100_,ཀླུ་_100_,ཀླུ་_100_,ཀླུ་_100_,ཀླུ་_100_,ཀླུ་_100_,ཀླུ་_100_
[ནི་_100_],ནི་_100_,ནི་_100_,ནི་_100_,ནི་_100_,ནི་_100_,ནི་_100_,ནི་_100_
[རྐང་_100_],རྐང་_100_,རྐང་_100_,རྐང་_100_,རྐང་_100_,རྐང་_100_,རྐང་_100_,རྐང་_100_
[པར་_100_],པར་_100_,པར་_100_,པར་_100_,པར་_100_,པར་_100_,པར་_100_,པར་_100_
[ཤེས་_100_],ཤེས་_100_,ཤེས་_100_,ཤེས་_100_,ཤེས་_100_,ཤེས་_100_,ཤེས་_100_,ཤེས་_100_
[བར་_75_],བར་_75_,བར་_75_,བར་_75_,བར་_75_,པར་_25_,བར་_75_,པར་_25_
[བྱ_100_],བྱ_100_,བྱ_100_,བྱ_100_,བྱ_100_,བྱ_100_,བྱ_100_,བྱ_100_
[། །​_100_],། །​_100_,། །​_100_,། །​_100_,། །​_100_,། །​_100_,། །​_100_,། །​_100_
[དབང་_100_],དབང་_100_,དབང་_100_,དབང་_100_,དབང་_100_,དབང་_100_,དབང་_100_,དབང་_100_
[ཕྱུག་_100_],ཕྱུག་_100_,ཕྱུག་_100_,ཕྱུག་_100_,ཕྱུག་_100_,ཕྱུག་_100_,ཕྱུག་_100_,ཕྱུག་_100_
[སྤྱི་_100_],སྤྱི་_100_,སྤྱི་_100_,སྤྱི་_100_,སྤྱི་_100_,སྤྱི་_100_,སྤྱི་_100_,སྤྱི་_100_
[བོར་_100_],བོར་_100_,བོར་_100_,བོར་_100_,བོར་_100_,བོར་_100_,བོར་_100_,བོར་_100_
[ཡང་_100_],ཡང་_100_,ཡང་_100_,ཡང་_100_,ཡང་_100_,ཡང་_100_,ཡང་_100_,ཡང་_100_
[དག་_100_],དག་_100_,དག་_100_,དག་_100_,དག་_100_,དག་_100_,དག་_100_,དག་_100_
[གནས_100_],གནས_100_,གནས_100_,གནས_100_,གནས_100_,གནས_100_,གནས_100_,གནས_100_
[། །​_87_],། །​_87_,། །​_87_,། །​_87_,། །​_87_,། །​_87_,། །​_87_,། །​ _12_
[ཉི་_100_],ཉི་_100_,ཉི་_100_,ཉི་_100_,ཉི་_100_,ཉི་_100_,ཉི་_100_,ཉི་_100_
[མ་_100_],མ་_100_,མ་_100_,མ་_100_,མ་_100_,མ་_100_,མ་_100_,མ་_100_
[ཟླ་_100_],ཟླ་_100_,ཟླ་_100_,ཟླ་_100_,ཟླ་_100_,ཟླ་_100_,ཟླ་_100_,ཟླ་_100_
[བ་_100_],བ་_100_,བ་_100_,བ་_100_,བ་_100_,བ་_100_,བ་_100_,བ་_100_
[དབུས་_100_],དབུས་_100_,དབུས་_100_,དབུས་_100_,དབུས་_100_,དབུས་_100_,དབུས་_100_,དབུས་_100_
[གནས་_100_],གནས་_100_,གནས་_100_,གནས་_100_,གནས་_100_,གནས་_100_,གནས་_100_,གནས་_100_
[པས_100_],པས_100_,པས_100_,པས_100_,པས_100_,པས_100_,པས_100_,པས_100_
[། །​_100_],། །​_100_,། །​_100_,། །​_100_,། །​_100_,། །​_100_,། །​_100_,། །​_100_
[དགོས་_100_],དགོས་_100_,དགོས་_100_,དགོས་_100_,དགོས་_100_,དགོས་_100_,དགོས་_100_,དགོས་_100_
[པ་_100_],པ་_100_,པ་_100_,པ་_100_,པ་_100_,པ་_100_,པ་_100_,པ་_100_
[ཐམས་_100_],ཐམས་_100_,ཐམས་_100_,ཐམས་_100_,ཐམས་_100_,ཐམས་_100_,ཐམས་_100_,ཐམས་_100_
[ཅད་_100_],ཅད་_100_,ཅད་_100_,ཅད་_100_,ཅད་_100_,ཅད་_100_,ཅད་_100_,ཅད་_100_
[རྟག་_100_],རྟག་_100_,རྟག་_100_,རྟག་_100_,རྟག་_100_,རྟག་_100_,རྟག་_100_,རྟག་_100_
[ཏུ་_100_],ཏུ་_100_,ཏུ་_100_,ཏུ་_100_,ཏུ་_100_,ཏུ་_100_,ཏུ་_100_,ཏུ་_100_
[བྱེད_100_],བྱེད_100_,བྱེད_100_,བྱེད_100_,བྱེད_100_,བྱེད_100_,བྱེད_100_,བྱེད_100_
[། །​_100_],། །​_100_,། །​_100_,། །​_100_,། །​_100_,། །​_100_,། །​_100_,། །​_100_
[དེ་_100_],དེ་_100_,དེ་_100_,དེ་_100_,དེ་_100_,དེ་_100_,དེ་_100_,དེ་_100_
[ལྟར་_100_],ལྟར་_100_,ལྟར་_100_,ལྟར་_100_,ལྟར་_100_,ལྟར་_100_,ལྟར་_100_,ལྟར་_100_
[བསྐུས་_100_],བསྐུས་_100_,བསྐུས་_100_,བསྐུས་_100_,བསྐུས་_100_,བསྐུས་_100_,བསྐུས་_100_,བསྐུས་_100_
[པའི་_100_],པའི་_100_,པའི་_100_,པའི་_100_,པའི་_100_,པའི་_100_,པའི་_100_,པའི་_100_
[ལུས་_100_],ལུས་_100_,ལུས་_100_,ལུས་_100_,ལུས་_100_,ལུས་_100_,ལུས་_100_,ལུས་_100_
[དེ་_100_],དེ་_100_,དེ་_100_,དེ་_100_,དེ་_100_,དེ་_100_,དེ་_100_,དེ་_100_
[ནི_100_],ནི_100_,ནི_100_,ནི_100_,ནི_100_,ནི_100_,ནི_100_,ནི_100_
[། །​_100_],། །​_100_,། །​_100_,། །​_100_,། །​_100_,། །​_100_,། །​_100_,། །​_100_
[སུམ་_100_],སུམ་_100_,སུམ་_100_,སུམ་_100_,སུམ་_100_,སུམ་_100_,སུམ་_100_,སུམ་_100_
[ཅུ་_100_],ཅུ་_100_,ཅུ་_100_,ཅུ་_100_,ཅུ་_100_,ཅུ་_100_,ཅུ་_100_,ཅུ་_100_
[པས་_100_],པས་_100_,པས་_100_,པས་_100_,པས་_100_,པས་_100_,པས་_100_,པས་_100_
[ཀྱང་_100_],ཀྱང་_100_,ཀྱང་_100_,ཀྱང་_100_,ཀྱང་_100_,ཀྱང་_100_,ཀྱང་_100_,ཀྱང་_100_
[མཆོད་_100_],མཆོད་_100_,མཆོད་_100_,མཆོད་_100_,མཆོད་_100_,མཆོད་_100_,མཆོད་_100_,མཆོད་_100_
[པར་_100_],པར་_100_,པར་_100_,པར་_100_,པར་_100_,པར་_100_,པར་_100_,པར་_100_
[འགྱུར_100_],འགྱུར_100_,འགྱུར_100_,འགྱུར_100_,འགྱུར_100_,འགྱུར_100_,འགྱུར_100_,འགྱུར_100_
[། །​_100_],། །​_100_,། །​_100_,། །​_100_,། །​_100_,། །​_100_,། །​_100_,། །​_100_
[བདུག་_100_],བདུག་_100_,བདུག་_100_,བདུག་_100_,བདུག་_100_,བདུག་_100_,བདུག་_100_,བདུག་_100_
[པ་_100_],པ་_100_,པ་_100_,པ་_100_,པ་_100_,པ་_100_,པ་_100_,པ་_100_
[བཅུ་_100_],བཅུ་_100_,བཅུ་_100_,བཅུ་_100_,བཅུ་_100_,བཅུ་_100_,བཅུ་_100_,བཅུ་_100_
[དྲུག་_100_],དྲུག་_100_,དྲུག་_100_,དྲུག་_100_,དྲུག་_100_,དྲུག་_100_,དྲུག་_100_,དྲུག་_100_
[པ་_100_],པ་_100_,པ་_100_,པ་_100_,པ་_100_,པ་_100_,པ་_100_,པ་_100_
[ལ་_100_],ལ་_100_,ལ་_100_,ལ་_100_,ལ་_100_,ལ་_100_,ལ་_100_,ལ་_100_
[སོགས_100_],སོགས_100_,སོགས_100_,སོགས_100_,སོགས_100_,སོགས_100_,སོགས_100_,སོགས_100_
[། །​_87_],། །​_87_,། །​_87_,། །​_87_,། །​_87_,། །​_87_,། །​_87_,། །​ _12_
[ས་_100_],ས་_100_,ས་_100_,ས་_100_,ས་_100_,ས་_100_,ས་_100_,ས་_100_
[བདག་_100_],བདག་_100_,བདག་_100_,བདག་_100_,བདག་_100_,བདག་_100_,བདག་_100_,བདག་_100_
[ཕྱག་_100_],ཕྱག་_100_,ཕྱག་_100_,ཕྱག་_100_,ཕྱག་_100_,ཕྱག་_100_,ཕྱག་_100_,ཕྱག་_100_
[འཚལ་_100_],འཚལ་_100_,འཚལ་_100_,འཚལ་_100_,འཚལ་_100_,འཚལ་_100_,འཚལ་_100_,འཚལ་_100_
[དགའ་_100_],དགའ་_100_,དགའ་_100_,དགའ་_100_,དགའ་_100_,དགའ་_100_,དགའ་_100_,དགའ་_100_
[བར་_100_],བར་_100_,བར་_100_,བར་_100_,བར་_100_,བར་_100_,བར་_100_,བར་_100_
[བྱེད_100_],བྱེད_100_,བྱེད_100_,བྱེད_100_,བྱེད_100_,བྱེད_100_,བྱེད_100_,བྱེད_100_
[། །​_75_],། །​_75_,། །​_75_,། །​_75_,། །​ _25_,། །​_75_,། །​ _25_,། །​_75_
[བཟའ་_100_],བཟའ་_100_,བཟའ་_100_,བཟའ་_100_,བཟའ་_100_,བཟའ་_100_,བཟའ་_100_,བཟའ་_100_
[སོགས་_100_],སོགས་_100_,སོགས་_100_,སོགས་_100_,སོགས་_100_,སོགས་_100_,སོགས་_100_,སོགས་_100_
[བསྐུ་_100_],བསྐུ་_100_,བསྐུ་_100_,བསྐུ་_100_,བསྐུ་_100_,བསྐུ་_100_,བསྐུ་_100_,བསྐུ་_100_
[མཉེ་_100_],མཉེ་_100_,མཉེ་_100_,མཉེ་_100_,མཉེ་_100_,མཉེ་_100_,མཉེ་_100_,མཉེ་_100_
[བྱ་_100_],བྱ་_100_,བྱ་_100_,བྱ་_100_,བྱ་_100_,བྱ་_100_,བྱ་_100_,བྱ་_100_
[བར་_100_],བར་_100_,བར་_100_,བར་_100_,བར་_100_,བར་_100_,བར་_100_,བར་_100_
[ཤེས_62_],ཤེས_62_,ཤེས_62_,ཤེས_62_,ཤིས_37_,ཤེས_62_,ཤིས_37_,ཤིས_37_
[། །​_100_],། །​_100_,། །​_100_,། །​_100_,། །​_100_,། །​_100_,། །​_100_,། །​_100_
[དུས་_100_],དུས་_100_,དུས་_100_,དུས་_100_,དུས་_100_,དུས་_100_,དུས་_100_,དུས་_100_
[སོགས་_100_],སོགས་_100_,སོགས་_100_,སོགས་_100_,སོགས་_100_,སོགས་_100_,སོགས་_100_,སོགས་_100_
[མིག་_100_],མིག་_100_,མིག་_100_,མིག་_100_,མིག་_100_,མིག་_100_,མིག་_100_,མིག་_100_
[སྨན་_100_],སྨན་_100_,སྨན་_100_,སྨན་_100_,སྨན་_100_,སྨན་_100_,སྨན་_100_,སྨན་_100_
[སྦྱར་_100_],སྦྱར་_100_,སྦྱར་_100_,སྦྱར་_100_,སྦྱར་_100_,སྦྱར་_100_,སྦྱར་_100_,སྦྱར་_100_
[བར་_100_],བར་_100_,བར་_100_,བར་_100_,བར་_100_,བར་_100_,བར་_100_,བར་_100_
[བཤད_100_],བཤད_100_,བཤད_100_,བཤད_100_,བཤད_100_,བཤད_100_,བཤད_100_,བཤད_100_
[། །​_100_],། །​_100_,། །​_100_,། །​_100_,། །​_100_,། །​_100_,། །​_100_,། །​_100_
[མདའ་_100_],མདའ་_100_,མདའ་_100_,མདའ་_100_,མདའ་_100_,མདའ་_100_,མདའ་_100_,མདའ་_100_
[ལ་_100_],ལ་_100_,ལ་_100_,ལ་_100_,ལ་_100_,ལ་_100_,ལ་_100_,ལ་_100_
[སོགས་_100_],སོགས་_100_,སོགས་_100_,སོགས་_100_,སོགས་_100_,སོགས་_100_,སོགས་_100_,སོགས་_100_
[པ་_100_],པ་_100_,པ་_100_,པ་_100_,པ་_100_,པ་_100_,པ་_100_,པ་_100_
[ཁྲུས་_100_],ཁྲུས་_100_,ཁྲུས་_100_,ཁྲུས་_100_,ཁྲུས་_100_,ཁྲུས་_100_,ཁྲུས་_100_,ཁྲུས་_100_
[ཀྱི་_100_],ཀྱི་_100_,ཀྱི་_100_,ཀྱི་_100_,ཀྱི་_100_,ཀྱི་_100_,ཀྱི་_100_,ཀྱི་_100_
[ལས_100_],ལས_100_,ལས_100_,ལས_100_,ལས_100_,ལས_100_,ལས_100_,ལས_100_
[། །​_100_],། །​_100_,། །​_100_,། །​_100_,། །​_100_,། །​_100_,། །​_100_,། །​_100_
[དྲག་_100_],དྲག་_100_,དྲག་_100_,དྲག་_100_,དྲག་_100_,དྲག་_100_,དྲག་_100_,དྲག་_100_
[པོ་_100_],པོ་_100_,པོ་_100_,པོ་_100_,པོ་_100_,པོ་_100_,པོ་_100_,པོ་_100_
[ལ་_100_],ལ་_100_,ལ་_100_,ལ་_100_,ལ་_100_,ལ་_100_,ལ་_100_,ལ་_100_
[སོགས་_100_],སོགས་_100_,སོགས་_100_,སོགས་_100_,སོགས་_100_,སོགས་_100_,སོགས་_100_,སོགས་_100_
[བཟའ་_100_],བཟའ་_100_,བཟའ་_100_,བཟའ་_100_,བཟའ་_100_,བཟའ་_100_,བཟའ་_100_,བཟའ་_100_
[བ་_100_],བ་_100_,བ་_100_,བ་_100_,བ་_100_,བ་_100_,བ་_100_,བ་_100_
[ཉིད_100_],ཉིད_100_,ཉིད_100_,ཉིད_100_,ཉིད_100_,ཉིད_100_,ཉིད_100_,ཉིད_100_
[། །​_100_],། །​_100_,། །​_100_,། །​_100_,། །​_100_,། །​_100_,། །​_100_,། །​_100_
[ཕྱོགས་_100_],ཕྱོགས་_100_,ཕྱོགས་_100_,ཕྱོགས་_100_,ཕྱོགས་_100_,ཕྱོགས་_100_,ཕྱོགས་_100_,ཕྱོགས་_100_
[གཞན་_100_],གཞན་_100_,གཞན་_100_,གཞན་_100_,གཞན་_100_,གཞན་_100_,གཞན་_100_,གཞན་_100_
[ལ་_100_],ལ་_100_,ལ་_100_,ལ་_100_,ལ་_100_,ལ་_100_,ལ་_100_,ལ་_100_
[ཡང་_100_],ཡང་_100_,ཡང་_100_,ཡང་_100_,ཡང་_100_,ཡང་_100_,ཡང་_100_,ཡང་_100_
[སྦྱར་_100_],སྦྱར་_100_,སྦྱར་_100_,སྦྱར་_100_,སྦྱར་_100_,སྦྱར་_100_,སྦྱར་_100_,སྦྱར་_100_
[བར་_100_],བར་_100_,བར་_100_,བར་_100_,བར་_100_,བར་_100_,བར་_100_,བར་_100_
[བྱ_100_],བྱ_100_,བྱ_100_,བྱ_100_,བྱ_100_,བྱ_100_,བྱ_100_,བྱ_100_
[། །​_87_],། །​_87_,། །​_87_,། །​_87_,། །​_87_,། །​_87_,། །​_87_,། །​ _12_
[ས་_100_],ས་_100_,ས་_100_,ས་_100_,ས་_100_,ས་_100_,ས་_100_,ས་_100_
[བདག་_100_],བདག་_100_,བདག་_100_,བདག་_100_,བདག་_100_,བདག་_100_,བདག་_100_,བདག་_100_
[དག་_100_],དག་_100_,དག་_100_,དག་_100_,དག་_100_,དག་_100_,དག་_100_,དག་_100_
[ནི་_100_],ནི་_100_,ནི་_100_,ནི་_100_,ནི་_100_,ནི་_100_,ནི་_100_,ནི་_100_
[གཟའ་_75_],གཟའ་_75_,བཟའ་_25_,བཟའ་_25_,གཟའ་_75_,གཟའ་_75_,གཟའ་_75_,གཟའ་_75_
[ཉིད་_100_],ཉིད་_100_,ཉིད་_100_,ཉིད་_100_,ཉིད་_100_,ཉིད་_100_,ཉིད་_100_,ཉིད་_100_
[དང་_100_],དང་_100_,དང་_100_,དང་_100_,དང་_100_,དང་_100_,དང་_100_,དང་_100_
[། །​_100_],། །​_100_,། །​_100_,། །​_100_,། །​_100_,། །​_100_,། །​_100_,། །​_100_
[དུས་_100_],དུས་_100_,དུས་_100_,དུས་_100_,དུས་_100_,དུས་_100_,དུས་_100_,དུས་_100_
[དང་_100_],དང་_100_,དང་_100_,དང་_100_,དང་_100_,དང་_100_,དང་_100_,དང་_100_
[མིག་_100_],མིག་_100_,མིག་_100_,མིག་_100_,མིག་_100_,མིག་_100_,མིག་_100_,མིག་_100_
[ཏུ་_100_],ཏུ་_100_,ཏུ་_100_,ཏུ་_100_,ཏུ་_100_,ཏུ་_100_,ཏུ་_100_,ཏུ་_100_
[སྦྱར་_100_],སྦྱར་_100_,སྦྱར་_100_,སྦྱར་_100_,སྦྱར་_100_,སྦྱར་_100_,སྦྱར་_100_,སྦྱར་_100_
[བ་_100_],བ་_100_,བ་_100_,བ་_100_,བ་_100_,བ་_100_,བ་_100_,བ་_100_
[ཡི_87_],ཡི_87_,ཡི_87_,ཡིས_12_,ཡི_87_,ཡི_87_,ཡི_87_,ཡི_87_
[། །​_100_],། །​_100_,། །​_100_,། །​_100_,། །​_100_,། །​_100_,། །​_100_,། །​_100_
[དེ་_100_],དེ་_100_,དེ་_100_,དེ་_100_,དེ་_100_,དེ་_100_,དེ་_100_,དེ་_100_
[ཡིས་_75_],ཡིས་_75_,ཡིས་_75_,ཡི་_12_,ཡིས་_75_,ཡིས་_75_,ཡིས་_75_,ཡིས་“ _12_
[ཐིག་_100_],ཐིག་_100_,ཐིག་_100_,ཐིག་_100_,ཐིག་_100_,ཐིག་_100_,ཐིག་_100_,ཐིག་_100_
[ལེར་_100_],ལེར་_100_,ལེར་_100_,ལེར་_100_,ལེར་_100_,ལེར་_100_,ལེར་_100_,ལེར་_100_
[བྱས་_100_],བྱས་_100_,བྱས་_100_,བྱས་_100_,བྱས་_100_,བྱས་_100_,བྱས་_100_,བྱས་_100_
[པ་_100_],པ་_100_,པ་_100_,པ་_100_,པ་_100_,པ་_100_,པ་_100_,པ་_100_
[ཡིན_100_],ཡིན_100_,ཡིན_100_,ཡིན_100_,ཡིན_100_,ཡིན_100_,ཡིན_100_,ཡིན_100_
[། །​_100_],། །​_100_,། །​_100_,། །​_100_,། །​_100_,། །​_100_,། །​_100_,། །​_100_
[འཇིག་_100_],འཇིག་_100_,འཇིག་_100_,འཇིག་_100_,འཇིག་_100_,འཇིག་_100_,འཇིག་_100_,འཇིག་_100_
[རྟེན་_100_],རྟེན་_100_,རྟེན་_100_,རྟེན་_100_,རྟེན་_100_,རྟེན་_100_,རྟེན་_100_,རྟེན་_100_
[གསུམ་_100_],གསུམ་_100_,གསུམ་_100_,གསུམ་_100_,གསུམ་_100_,གསུམ་_100_,གསུམ་_100_,གསུམ་_100_
[པོ་_100_],པོ་_100_,པོ་_100_,པོ་_100_,པོ་_100_,པོ་_100_,པོ་_100_,པོ་_100_
[དབང་_100_],དབང་_100_,དབང་_100_,དབང་_100_,དབང་_100_,དབང་_100_,དབང་_100_,དབང་_100_
[དུ་_100_],དུ་_100_,དུ་_100_,དུ་_100_,དུ་_100_,དུ་_100_,དུ་_100_,དུ་_100_
[བྱེད_100_],བྱེད_100_,བྱེད_100_,བྱེད_100_,བྱེད_100_,བྱེད_100_,བྱེད_100_,བྱེད_100_
[། །​_100_],། །​_100_,། །​_100_,། །​_100_,། །​_100_,། །​_100_,། །​_100_,། །​_100_
[ཉི་_100_],ཉི་_100_,ཉི་_100_,ཉི་_100_,ཉི་_100_,ཉི་_100_,ཉི་_100_,ཉི་_100_
[མ་_100_],མ་_100_,མ་_100_,མ་_100_,མ་_100_,མ་_100_,མ་_100_,མ་_100_
[བཅུ་_100_],བཅུ་_100_,བཅུ་_100_,བཅུ་_100_,བཅུ་_100_,བཅུ་_100_,བཅུ་_100_,བཅུ་_100_
[གསུམ་_100_],གསུམ་_100_,གསུམ་_100_,གསུམ་_100_,གསུམ་_100_,གསུམ་_100_,གསུམ་_100_,གསུམ་_100_
[ཕྱོགས་_100_],ཕྱོགས་_100_,ཕྱོགས་_100_,ཕྱོགས་_100_,ཕྱོགས་_100_,ཕྱོགས་_100_,ཕྱོགས་_100_,ཕྱོགས་_100_
[དང་_100_],དང་_100_,དང་_100_,དང་_100_,དང་_100_,དང་_100_,དང་_100_,དང་_100_
[ནི_100_],ནི_100_,ནི_100_,ནི_100_,ནི_100_,ནི_100_,ནི_100_,ནི_100_
[། །​_87_],། །​_87_,། །​_87_,། །​_87_,། །​_87_,། །​_87_,། །​_87_,༑ །​_12_
[ཐུབ་_100_],ཐུབ་_100_,ཐུབ་_100_,ཐུབ་_100_,ཐུབ་_100_,ཐུབ་_100_,ཐུབ་_100_,ཐུབ་_100_
[པ་_100_],པ་_100_,པ་_100_,པ་_100_,པ་_100_,པ་_100_,པ་_100_,པ་_100_
[དང་_100_],དང་_100_,དང་_100_,དང་_100_,དང་_100_,དང་_100_,དང་_100_,དང་_100_
[ནི་_100_],ནི་_100_,ནི་_100_,ནི་_100_,ནི་_100_,ནི་_100_,ནི་_100_,ནི་_100_
[སྔོན་_100_],སྔོན་_100_,སྔོན་_100_,སྔོན་_100_,སྔོན་_100_,སྔོན་_100_,སྔོན་_100_,སྔོན་_100_
[སྦྱར་_100_],སྦྱར་_100_,སྦྱར་_100_,སྦྱར་_100_,སྦྱར་_100_,སྦྱར་_100_,སྦྱར་_100_,སྦྱར་_100_
[བ_100_],བ_100_,བ_100_,བ_100_,བ_100_,བ_100_,བ_100_,བ_100_
[། །​_100_],། །​_100_,། །​_100_,། །​_100_,། །​_100_,། །​_100_,། །​_100_,། །​_100_
[སྟོབས་_100_],སྟོབས་_100_,སྟོབས་_100_,སྟོབས་_100_,སྟོབས་_100_,སྟོབས་_100_,སྟོབས་_100_,སྟོབས་_100_
[མེད་_100_],མེད་_100_,མེད་_100_,མེད་_100_,མེད་_100_,མེད་_100_,མེད་_100_,མེད་_100_
[སྐྱེ་_100_],སྐྱེ་_100_,སྐྱེ་_100_,སྐྱེ་_100_,སྐྱེ་_100_,སྐྱེ་_100_,སྐྱེ་_100_,སྐྱེ་_100_
[གནས་_100_],གནས་_100_,གནས་_100_,གནས་_100_,གནས་_100_,གནས་_100_,གནས་_100_,གནས་_100_
[གནས་_100_],གནས་_100_,གནས་_100_,གནས་_100_,གནས་_100_,གནས་_100_,གནས་_100_,གནས་_100_
[བཅུག་_100_],བཅུག་_100_,བཅུག་_100_,བཅུག་_100_,བཅུག་_100_,བཅུག་_100_,བཅུག་_100_,བཅུག་_100_
[ན_100_],ན_100_,ན_100_,ན_100_,ན_100_,ན_100_,ན_100_,ན_100_
[། །​_100_],། །​_100_,། །​_100_,། །​_100_,། །​_100_,། །​_100_,། །​_100_,། །​_100_
[བཅུ་_100_],བཅུ་_100_,བཅུ་_100_,བཅུ་_100_,བཅུ་_100_,བཅུ་_100_,བཅུ་_100_,བཅུ་_100_
[གཉིས་_100_],གཉིས་_100_,གཉིས་_100_,གཉིས་_100_,གཉིས་_100_,གཉིས་_100_,གཉིས་_100_,གཉིས་_100_
[ལོ་_100_],ལོ་_100_,ལོ་_100_,ལོ་_100_,ལོ་_100_,ལོ་_100_,ལོ་_100_,ལོ་_100_
[རུ་_100_],རུ་_100_,རུ་_100_,རུ་_100_,རུ་_100_,རུ་_100_,རུ་_100_,རུ་_100_
[མངག་_100_],མངག་_100_,མངག་_100_,མངག་_100_,མངག་_100_,མངག་_100_,མངག་_100_,མངག་_100_
[གཞུག་_100_],གཞུག་_100_,གཞུག་_100_,གཞུག་_100_,གཞུག་_100_,གཞུག་_100_,གཞུག་_100_,གཞུག་_100_
[བྱེད_100_],བྱེད_100_,བྱེད_100_,བྱེད_100_,བྱེད_100_,བྱེད_100_,བྱེད_100_,བྱེད_100_
[། །​_87_],། །​_87_,། །​_87_,། །​_87_,། །​_87_,། །​_87_,། །​_87_,། །​ _12_
[ཟླ་_100_],ཟླ་_100_,ཟླ་_100_,ཟླ་_100_,ཟླ་_100_,ཟླ་_100_,ཟླ་_100_,ཟླ་_100_
[བ་_100_],བ་_100_,བ་_100_,བ་_100_,བ་_100_,བ་_100_,བ་_100_,བ་_100_
[དབང་_100_],དབང་_100_,དབང་_100_,དབང་_100_,དབང་_100_,དབང་_100_,དབང་_100_,དབང་_100_
[པོ་_100_],པོ་_100_,པོ་_100_,པོ་_100_,པོ་_100_,པོ་_100_,པོ་_100_,པོ་_100_
[ཀླུ་_100_],ཀླུ་_100_,ཀླུ་_100_,ཀླུ་_100_,ཀླུ་_100_,ཀླུ་_100_,ཀླུ་_100_,ཀླུ་_100_
[དང་_100_],དང་_100_,དང་_100_,དང་_100_,དང་_100_,དང་_100_,དང་_100_,དང་_100_
[དྲག _100_],དྲག _100_,དྲག _100_,དྲག _100_,དྲག _100_,དྲག _100_,དྲག _100_,དྲག _100_
[།​_100_],།​_100_,།​_100_,།​_100_,།​_100_,།​_100_,།​_100_,།​_100_
[རྡོ་_100_],རྡོ་_100_,རྡོ་_100_,རྡོ་_100_,རྡོ་_100_,རྡོ་_100_,རྡོ་_100_,རྡོ་_100_
[རྗེ་_100_],རྗེ་_100_,རྗེ་_100_,རྗེ་_100_,རྗེ་_100_,རྗེ་_100_,རྗེ་_100_,རྗེ་_100_
[འདམ་_100_],འདམ་_100_,འདམ་_100_,འདམ་_100_,འདམ་_100_,འདམ་_100_,འདམ་_100_,འདམ་_100_
[དུ་_100_],དུ་_100_,དུ་_100_,དུ་_100_,དུ་_100_,དུ་_100_,དུ་_100_,དུ་_100_
[རབ་_100_],རབ་_100_,རབ་_100_,རབ་_100_,རབ་_100_,རབ་_100_,རབ་_100_,རབ་_100_
[ཏུ་_100_],ཏུ་_100_,ཏུ་_100_,ཏུ་_100_,ཏུ་_100_,ཏུ་_100_,ཏུ་_100_,ཏུ་_100_
[གྲགས_100_],གྲགས_100_,གྲགས_100_,གྲགས_100_,གྲགས_100_,གྲགས_100_,གྲགས_100_,གྲགས_100_
[། །​_100_],། །​_100_,། །​_100_,། །​_100_,། །​_100_,། །​_100_,། །​_100_,། །​_100_
[ཚེས་_100_],ཚེས་_100_,ཚེས་_100_,ཚེས་_100_,ཚེས་_100_,ཚེས་_100_,ཚེས་_100_,ཚེས་_100_
[གྲངས་_100_],གྲངས་_100_,གྲངས་_100_,གྲངས་_100_,གྲངས་_100_,གྲངས་_100_,གྲངས་_100_,གྲངས་_100_
[དུས་_100_],དུས་_100_,དུས་_100_,དུས་_100_,དུས་_100_,དུས་_100_,དུས་_100_,དུས་_100_
[དང་_100_],དང་_100_,དང་_100_,དང་_100_,དང་_100_,དང་_100_,དང་_100_,དང་_100_
[ཕྱོགས་_100_],ཕྱོགས་_100_,ཕྱོགས་_100_,ཕྱོགས་_100_,ཕྱོགས་_100_,ཕྱོགས་_100_,ཕྱོགས་_100_,ཕྱོགས་_100_
[མདའ་_100_],མདའ་_100_,མདའ་_100_,མདའ་_100_,མདའ་_100_,མདའ་_100_,མདའ་_100_,མདའ་_100_
[ཡི_100_],ཡི_100_,ཡི_100_,ཡི_100_,ཡི_100_,ཡི_100_,ཡི_100_,ཡི_100_
[། །​_87_],། །​_87_,། །​_87_,། །​_87_,། །​_87_,། །​_87_,། །​_87_,། །​ _12_
[རི་_100_],རི་_100_,རི་_100_,རི་_100_,རི་_100_,རི་_100_,རི་_100_,རི་_100_
[ལུ་_100_],ལུ་_100_,ལུ་_100_,ལུ་_100_,ལུ་_100_,ལུ་_100_,ལུ་_100_,ལུ་_100_
[ཡིས་_100_],ཡིས་_100_,ཡིས་_100_,ཡིས་_100_,ཡིས་_100_,ཡིས་_100_,ཡིས་_100_,ཡིས་_100_
[ནི་_100_],ནི་_100_,ནི་_100_,ནི་_100_,ནི་_100_,ནི་_100_,ནི་_100_,ནི་_100_
[དབང་_100_],དབང་_100_,དབང་_100_,དབང་_100_,དབང་_100_,དབང་_100_,དབང་_100_,དབང་_100_
[དུ་_100_],དུ་_100_,དུ་_100_,དུ་_100_,དུ་_100_,དུ་_100_,དུ་_100_,དུ་_100_
[བྱེད_100_],བྱེད_100_,བྱེད_100_,བྱེད_100_,བྱེད_100_,བྱེད_100_,བྱེད_100_,བྱེད_100_
[། །​_87_],། །​_87_,། །​_87_,། །​_87_,། །​_87_,། །​_87_,། །​_87_,། །​ _12_
[ས་_100_],ས་_100_,ས་_100_,ས་_100_,ས་_100_,ས་_100_,ས་_100_,ས་_100_
[བདག་_100_],བདག་_100_,བདག་_100_,བདག་_100_,བདག་_100_,བདག་_100_,བདག་_100_,བདག་_100_
[དང་_100_],དང་_100_,དང་_100_,དང་_100_,དང་_100_,དང་_100_,དང་_100_,དང་_100_
[ནི་_100_],ནི་_100_,ནི་_100_,ནི་_100_,ནི་_100_,ནི་_100_,ནི་_100_,ནི་_100_
[གཟའ་_75_],གཟའ་_75_,གཟའ་_75_,བཟའ་_12_,གཟའ་_75_,གཟའ་_75_,གཟའ་_75_,གཟའ་ _12_
[ཉིད་_100_],ཉིད་_100_,ཉིད་_100_,ཉིད་_100_,ཉིད་_100_,ཉིད་_100_,ཉིད་_100_,ཉིད་_100_
[དང་_100_],དང་_100_,དང་_100_,དང་_100_,དང་_100_,དང་_100_,དང་_100_,དང་_100_
[། །​_100_],། །​_100_,། །​_100_,། །​_100_,། །​_100_,། །​_100_,། །​_100_,། །​_100_
[ཕྱོགས་_100_],ཕྱོགས་_100_,ཕྱོགས་_100_,ཕྱོགས་_100_,ཕྱོགས་_100_,ཕྱོགས་_100_,ཕྱོགས་_100_,ཕྱོགས་_100_
[དང་_100_],དང་_100_,དང་_100_,དང་_100_,དང་_100_,དང་_100_,དང་_100_,དང་_100_
[ཐུབ་_100_],ཐུབ་_100_,ཐུབ་_100_,ཐུབ་_100_,ཐུབ་_100_,ཐུབ་_100_,ཐུབ་_100_,ཐུབ་_100_
[བར་_50_],བར་_50_,བར་_50_,བར་_50_,པར་_50_,པར་_50_,པར་_50_,པར་_50_
[ཡང་_100_],ཡང་_100_,ཡང་_100_,ཡང་_100_,ཡང་_100_,ཡང་_100_,ཡང་_100_,ཡང་_100_
[དག་_100_],དག་_100_,དག་_100_,དག་_100_,དག་_100_,དག་_100_,དག་_100_,དག་_100_
[ལྡན_100_],ལྡན_100_,ལྡན_100_,ལྡན_100_,ལྡན_100_,ལྡན_100_,ལྡན_100_,ལྡན_100_
[། །​_75_],། །​_75_,། །​_75_,། །​_75_,། །​_75_,། _12_,། །​_75_,། །​ །​_12_
[སྤྱི་_100_],སྤྱི་_100_,སྤྱི་_100_,སྤྱི་_100_,སྤྱི་_100_,སྤྱི་_100_,སྤྱི་_100_,སྤྱི་_100_
[བོའི་_100_],བོའི་_100_,བོའི་_100_,བོའི་_100_,བོའི་_100_,བོའི་_100_,བོའི་_100_,བོའི་_100_
[གཙུག་_100_],གཙུག་_100_,གཙུག་_100_,གཙུག་_100_,གཙུག་_100_,གཙུག་_100_,གཙུག་_100_,གཙུག་_100_
[ཏུ་_100_],ཏུ་_100_,ཏུ་_100_,ཏུ་_100_,ཏུ་_100_,ཏུ་_100_,ཏུ་_100_,ཏུ་_100_
[རྣམ་_100_],རྣམ་_100_,རྣམ་_100_,རྣམ་_100_,རྣམ་_100_,རྣམ་_100_,རྣམ་_100_,རྣམ་_100_
[བརྟགས་_100_],བརྟགས་_100_,བརྟགས་_100_,བརྟགས་_100_,བརྟགས་_100_,བརྟགས་_100_,བརྟགས་_100_,བརྟགས་_100_
[ནས_75_],ནས_75_,ན_25_,ན_25_,ནས_75_,ནས_75_,ནས_75_,ནས_75_
[། །​_100_],། །​_100_,། །​_100_,། །​_100_,། །​_100_,། །​_100_,། །​_100_,། །​_100_
[མེ་_100_],མེ་_100_,མེ་_100_,མེ་_100_,མེ་_100_,མེ་_100_,མེ་_100_,མེ་_100_
[ནི་_100_],ནི་_100_,ནི་_100_,ནི་_100_,ནི་_100_,ནི་_100_,ནི་_100_,ནི་_100_
[སྡོམ་_100_],སྡོམ་_100_,སྡོམ་_100_,སྡོམ་_100_,སྡོམ་_100_,སྡོམ་_100_,སྡོམ་_100_,སྡོམ་_100_
[པ་_100_],པ་_100_,པ་_100_,པ་_100_,པ་_100_,པ་_100_,པ་_100_,པ་_100_
[བྱེད་_100_],བྱེད་_100_,བྱེད་_100_,བྱེད་_100_,བྱེད་_100_,བྱེད་_100_,བྱེད་_100_,བྱེད་_100_
[པའི་_100_],པའི་_100_,པའི་_100_,པའི་_100_,པའི་_100_,པའི་_100_,པའི་_100_,པའི་_100_
[མཆོག _100_],མཆོག _100_,མཆོག _100_,མཆོག _100_,མཆོག _100_,མཆོག _100_,མཆོག _100_,མཆོག _100_
[།​_100_],།​_100_,།​_100_,།​_100_,།​_100_,།​_100_,།​_100_,།​_100_
[ཐུབ་_100_],ཐུབ་_100_,ཐུབ་_100_,ཐུབ་_100_,ཐུབ་_100_,ཐུབ་_100_,ཐུབ་_100_,ཐུབ་_100_
[པ་_100_],པ་_100_,པ་_100_,པ་_100_,པ་_100_,པ་_100_,པ་_100_,པ་_100_
[དང་_100_],དང་_100_,དང་_100_,དང་_100_,དང་_100_,དང་_100_,དང་_100_,དང་_100_
[ནི་_100_],ནི་_100_,ནི་_100_,ནི་_100_,ནི་_100_,ནི་_100_,ནི་_100_,ནི་_100_
[ཚེས་_100_],ཚེས་_100_,ཚེས་_100_,ཚེས་_100_,ཚེས་_100_,ཚེས་_100_,ཚེས་_100_,ཚེས་_100_
[ཉིད་_100_],ཉིད་_100_,ཉིད་_100_,ཉིད་_100_,ཉིད་_100_,ཉིད་_100_,ཉིད་_100_,ཉིད་_100_
[དང་_100_],དང་_100_,དང་_100_,དང་_100_,དང་_100_,དང་_100_,དང་_100_,དང་_100_
[། །​_87_],། །​_87_,། །​_87_,། །​_87_,། །​_87_,། །​_87_,། །​_87_,།ཚ།_12_
[དུས་_100_],དུས་_100_,དུས་_100_,དུས་_100_,དུས་_100_,དུས་_100_,དུས་_100_,དུས་_100_
[དང་_100_],དང་_100_,དང་_100_,དང་_100_,དང་_100_,དང་_100_,དང་_100_,དང་_100_
[གཟའ་_100_],གཟའ་_100_,གཟའ་_100_,གཟའ་_100_,གཟའ་_100_,གཟའ་_100_,གཟའ་_100_,གཟའ་_100_
[ནི་_100_],ནི་_100_,ནི་_100_,ནི་_100_,ནི་_100_,ནི་_100_,ནི་_100_,ནི་_100_
[ཀུན་_100_],ཀུན་_100_,ཀུན་_100_,ཀུན་_100_,ཀུན་_100_,ཀུན་_100_,ཀུན་_100_,ཀུན་_100_
[ནས་_100_],ནས་_100_,ནས་_100_,ནས་_100_,ནས་_100_,ནས་_100_,ནས་_100_,ནས་_100_
[ལྡན_100_],ལྡན_100_,ལྡན_100_,ལྡན_100_,ལྡན_100_,ལྡན_100_,ལྡན_100_,ལྡན_100_
[། །​_100_],། །​_100_,། །​_100_,། །​_100_,། །​_100_,། །​_100_,། །​_100_,། །​_100_
[ལུས་_100_],ལུས་_100_,ལུས་_100_,ལུས་_100_,ལུས་_100_,ལུས་_100_,ལུས་_100_,ལུས་_100_
[ཀུན་_100_],ཀུན་_100_,ཀུན་_100_,ཀུན་_100_,ཀུན་_100_,ཀུན་_100_,ཀུན་_100_,ཀུན་_100_
[ལ་_100_],ལ་_100_,ལ་_100_,ལ་_100_,ལ་_100_,ལ་_100_,ལ་_100_,ལ་_100_
[ནི་_100_],ནི་_100_,ནི་_100_,ནི་_100_,ནི་_100_,ནི་_100_,ནི་_100_,ནི་_100_
[བྱུགས་_100_],བྱུགས་_100_,བྱུགས་_100_,བྱུགས་_100_,བྱུགས་_100_,བྱུགས་_100_,བྱུགས་_100_,བྱུགས་_100_
[ནས་_100_],ནས་_100_,ནས་_100_,ནས་_100_,ནས་_100_,ནས་_100_,ནས་_100_,ནས་_100_
[ནི_100_],ནི_100_,ནི_100_,ནི_100_,ནི_100_,ནི_100_,ནི_100_,ནི_100_
[། །​_75_],། །​_75_,། །​_75_,། །​_75_,། །​ ༄༅། །​_12_,། །​_75_,། །​_75_,། ཏུ་།_12_
[ཉ་_100_],ཉ་_100_,ཉ་_100_,ཉ་_100_,ཉ་_100_,ཉ་_100_,ཉ་_100_,ཉ་_100_
[བཞིན་_100_],བཞིན་_100_,བཞིན་_100_,བཞིན་_100_,བཞིན་_100_,བཞིན་_100_,བཞིན་_100_,བཞིན་_100_
[དུ་_100_],དུ་_100_,དུ་_100_,དུ་_100_,དུ་_100_,དུ་_100_,དུ་_100_,དུ་_100_
[ནི་_100_],ནི་_100_,ནི་_100_,ནི་_100_,ནི་_100_,ནི་_100_,ནི་_100_,ནི་_100_
[ཆུ་_100_],ཆུ་_100_,ཆུ་_100_,ཆུ་_100_,ཆུ་_100_,ཆུ་_100_,ཆུ་_100_,ཆུ་_100_
[ལ་_100_],ལ་_100_,ལ་_100_,ལ་_100_,ལ་_100_,ལ་_100_,ལ་_100_,ལ་_100_
[རྒྱུ_100_],རྒྱུ_100_,རྒྱུ_100_,རྒྱུ_100_,རྒྱུ_100_,རྒྱུ_100_,རྒྱུ_100_,རྒྱུ_100_
[། །​_87_],། །​_87_,། །​_87_,། །​_87_,། །​_87_,། །​_87_,། །​_87_,། །​ ཀ།_12_
[མདའ་_100_],མདའ་_100_,མདའ་_100_,མདའ་_100_,མདའ་_100_,མདའ་_100_,མདའ་_100_,མདའ་_100_
[དང་_100_],དང་_100_,དང་_100_,དང་_100_,དང་_100_,དང་_100_,དང་_100_,དང་_100_
[དུས་_100_],དུས་_100_,དུས་_100_,དུས་_100_,དུས་_100_,དུས་_100_,དུས་_100_,དུས་_100_
[དང་_100_],དང་_100_,དང་_100_,དང་_100_,དང་_100_,དང་_100_,དང་_100_,དང་_100_
[མི་_100_],མི་_100_,མི་_100_,མི་_100_,མི་_100_,མི་_100_,མི་_100_,མི་_100_
[དང་_100_],དང་_100_,དང་_100_,དང་_100_,དང་_100_,དང་_100_,དང་_100_,དང་_100_
[དྲག _100_],དྲག _100_,དྲག _100_,དྲག _100_,དྲག _100_,དྲག _100_,དྲག _100_,དྲག _100_
[།​_100_],།​_100_,།​_100_,།​_100_,།​_100_,།​_100_,།​_100_,།​_100_
[རི་_100_],རི་_100_,རི་_100_,རི་_100_,རི་_100_,རི་_100_,རི་_100_,རི་_100_
[ལུ་_100_],ལུ་_100_,ལུ་_100_,ལུ་_100_,ལུ་_100_,ལུ་_100_,ལུ་_100_,ལུ་_100_
[བྱས་_100_],བྱས་_100_,བྱས་_100_,བྱས་_100_,བྱས་_100_,བྱས་_100_,བྱས་_100_,བྱས་_100_
[ཏེ་_100_],ཏེ་_100_,ཏེ་_100_,ཏེ་_100_,ཏེ་_100_,ཏེ་_100_,ཏེ་_100_,ཏེ་_100_
[ཁར་_100_],ཁར་_100_,ཁར་_100_,ཁར་_100_,ཁར་_100_,ཁར་_100_,ཁར་_100_,ཁར་_100_
[བཅུག་_100_],བཅུག་_100_,བཅུག་_100_,བཅུག་_100_,བཅུག་_100_,བཅུག་_100_,བཅུག་_100_,བཅུག་_100_
[ན_100_],ན_100_,ན_100_,ན_100_,ན_100_,ན_100_,ན_100_,ན_100_
[། །​_87_],། །​_87_,། །​_87_,། །​_87_,། །​_87_,། །​_87_,། །​_87_,། །​ །​_12_
[ལམ་_100_],ལམ་_100_,ལམ་_100_,ལམ་_100_,ལམ་_100_,ལམ་_100_,ལམ་_100_,ལམ་_100_
[དུ་_100_],དུ་_100_,དུ་_100_,དུ་_100_,དུ་_100_,དུ་_100_,དུ་_100_,དུ་_100_
[བགྲོད་_100_],བགྲོད་_100_,བགྲོད་_100_,བགྲོད་_100_,བགྲོད་_100_,བགྲོད་_100_,བགྲོད་_100_,བགྲོད་_100_
[ཀྱང་_100_],ཀྱང་_100_,ཀྱང་_100_,ཀྱང་_100_,ཀྱང་_100_,ཀྱང་_100_,ཀྱང་_100_,ཀྱང་_100_
[མི་_100_],མི་_100_,མི་_100_,མི་_100_,མི་_100_,མི་_100_,མི་_100_,མི་_100_
[ངལ་_100_],ངལ་_100_,ངལ་_100_,ངལ་_100_,ངལ་_100_,ངལ་_100_,ངལ་_100_,ངལ་_100_
[ཞིང་_100_],ཞིང་_100_,ཞིང་_100_,ཞིང་_100_,ཞིང་_100_,ཞིང་_100_,ཞིང་_100_,ཞིང་_100_
[། །​_87_],། །​_87_,། །​_87_,། །​_87_,། །​_87_,། །​_87_,། །​_87_,། ཁ་།_12_
[བཀྲེས་_100_],བཀྲེས་_100_,བཀྲེས་_100_,བཀྲེས་_100_,བཀྲེས་_100_,བཀྲེས་_100_,བཀྲེས་_100_,བཀྲེས་_100_
[དང་_100_],དང་_100_,དང་_100_,དང་_100_,དང་_100_,དང་_100_,དང་_100_,དང་_100_
[སྐོམ་_100_],སྐོམ་_100_,སྐོམ་_100_,སྐོམ་_100_,སྐོམ་_100_,སྐོམ་_100_,སྐོམ་_100_,སྐོམ་_100_
[པས་_100_],པས་_100_,པས་_100_,པས་_100_,པས་_100_,པས་_100_,པས་_100_,པས་_100_
[འཆི་_100_],འཆི་_100_,འཆི་_100_,འཆི་_100_,འཆི་_100_,འཆི་_100_,འཆི་_100_,འཆི་_100_
[མི་_100_],མི་_100_,མི་_100_,མི་_100_,མི་_100_,མི་_100_,མི་_100_,མི་_100_
[འགྱུར_100_],འགྱུར_100_,འགྱུར_100_,འགྱུར_100_,འགྱུར_100_,འགྱུར_100_,འགྱུར_100_,འགྱུར_100_
[། །​_100_],། །​_100_,། །​_100_,། །​_100_,། །​_100_,། །​_100_,། །​_100_,། །​_100_
[གསུམ་_100_],གསུམ་_100_,གསུམ་_100_,གསུམ་_100_,གསུམ་_100_,གསུམ་_100_,གསུམ་_100_,གསུམ་_100_
[དང་_100_],དང་_100_,དང་_100_,དང་_100_,དང་_100_,དང་_100_,དང་_100_,དང་_100_
[བཅུ་_100_],བཅུ་_100_,བཅུ་_100_,བཅུ་_100_,བཅུ་_100_,བཅུ་_100_,བཅུ་_100_,བཅུ་_100_
[དྲུག་_100_],དྲུག་_100_,དྲུག་_100_,དྲུག་_100_,དྲུག་_100_,དྲུག་_100_,དྲུག་_100_,དྲུག་_100_
[ཕྱོགས་_100_],ཕྱོགས་_100_,ཕྱོགས་_100_,ཕྱོགས་_100_,ཕྱོགས་_100_,ཕྱོགས་_100_,ཕྱོགས་_100_,ཕྱོགས་_100_
[དང་_100_],དང་_100_,དང་_100_,དང་_100_,དང་_100_,དང་_100_,དང་_100_,དང་_100_
[མདའ_100_],མདའ_100_,མདའ_100_,མདའ_100_,མདའ_100_,མདའ_100_,མདའ_100_,མདའ_100_
[། །​_100_],། །​_100_,། །​_100_,། །​_100_,། །​_100_,། །​_100_,། །​_100_,། །​_100_
[རབ་_100_],རབ་_100_,རབ་_100_,རབ་_100_,རབ་_100_,རབ་_100_,རབ་_100_,རབ་_100_
[མྱོས་_100_],མྱོས་_100_,མྱོས་_100_,མྱོས་_100_,མྱོས་_100_,མྱོས་_100_,མྱོས་_100_,མྱོས་_100_
[དུག་_100_],དུག་_100_,དུག་_100_,དུག་_100_,དུག་_100_,དུག་_100_,དུག་_100_,དུག་_100_
[དང་_100_],དང་_100_,དང་_100_,དང་_100_,དང་_100_,དང་_100_,དང་_100_,དང་_100_
[བྱུག་_100_],བྱུག་_100_,བྱུག་_100_,བྱུག་_100_,བྱུག་_100_,བྱུག་_100_,བྱུག་_100_,བྱུག་_100_
[པ་_100_],པ་_100_,པ་_100_,པ་_100_,པ་_100_,པ་_100_,པ་_100_,པ་_100_
[ཡིས_100_],ཡིས_100_,ཡིས_100_,ཡིས_100_,ཡིས_100_,ཡིས_100_,ཡིས_100_,ཡིས_100_
[། །​_100_],། །​_100_,། །​_100_,། །​_100_,། །​_100_,། །​_100_,། །​_100_,། །​_100_
[ཕན་_100_],ཕན་_100_,ཕན་_100_,ཕན་_100_,ཕན་_100_,ཕན་_100_,ཕན་_100_,ཕན་_100_
[ཚུན་_100_],ཚུན་_100_,ཚུན་_100_,ཚུན་_100_,ཚུན་_100_,ཚུན་_100_,ཚུན་_100_,ཚུན་_100_
[སྦྱོར་_100_],སྦྱོར་_100_,སྦྱོར་_100_,སྦྱོར་_100_,སྦྱོར་_100_,སྦྱོར་_100_,སྦྱོར་_100_,སྦྱོར་_100_
[བའི་_100_],བའི་_100_,བའི་_100_,བའི་_100_,བའི་_100_,བའི་_100_,བའི་_100_,བའི་_100_
[བློ་_100_],བློ་_100_,བློ་_100_,བློ་_100_,བློ་_100_,བློ་_100_,བློ་_100_,བློ་_100_
[ཡིས་_100_],ཡིས་_100_,ཡིས་_100_,ཡིས་_100_,ཡིས་_100_,ཡིས་_100_,ཡིས་_100_,ཡིས་_100_
[ནི_100_],ནི_100_,ནི_100_,ནི_100_,ནི_100_,ནི_100_,ནི_100_,ནི_100_
[། །​སྦྲུལ་_62_],། །​སྦྲུལ་_62_,། །​སྦྲུལ་_62_,། །​སྦྲུལ་_62_,། །​སྤྲུལ་_25_,། །​སྦྲུལ་_62_,། །​སྤྲུལ་_25_,། །​ '' །​སྦྲུལ་_12_
[དང་_100_],དང་_100_,དང་_100_,དང་_100_,དང་_100_,དང་_100_,དང་_100_,དང་_100_
[ལྷན་_100_],ལྷན་_100_,ལྷན་_100_,ལྷན་_100_,ལྷན་_100_,ལྷན་_100_,ལྷན་_100_,ལྷན་_100_
[ཅིག་_100_],ཅིག་_100_,ཅིག་_100_,ཅིག་_100_,ཅིག་_100_,ཅིག་_100_,ཅིག་_100_,ཅིག་_100_
[རྩེ་_100_],རྩེ་_100_,རྩེ་_100_,རྩེ་_100_,རྩེ་_100_,རྩེ་_100_,རྩེ་_100_,རྩེ་_100_
[བར་_100_],བར་_100_,བར་_100_,བར་_100_,བར་_100_,བར་_100_,བར་_100_,བར་_100_
[བྱེད_100_],བྱེད_100_,བྱེད_100_,བྱེད_100_,བྱེད_100_,བྱེད_100_,བྱེད_100_,བྱེད_100_
[། །​_100_],། །​_100_,། །​_100_,། །​_100_,། །​_100_,། །​_100_,། །​_100_,། །​_100_
[བཅུ་_100_],བཅུ་_100_,བཅུ་_100_,བཅུ་_100_,བཅུ་_100_,བཅུ་_100_,བཅུ་_100_,བཅུ་_100_
[གསུམ་_100_],གསུམ་_100_,གསུམ་_100_,གསུམ་_100_,གསུམ་_100_,གསུམ་_100_,གསུམ་_100_,གསུམ་_100_
[སྦྲུལ་_75_],སྦྲུལ་_75_,སྦྲུལ་_75_,སྦྲུལ་_75_,སྤྲུལ་_25_,སྦྲུལ་_75_,སྤྲུལ་_25_,སྦྲུལ་_75_
[དང་_100_],དང་_100_,དང་_100_,དང་_100_,དང་_100_,དང་_100_,དང་_100_,དང་_100_
[ཕྱོགས་_100_],ཕྱོགས་_100_,ཕྱོགས་_100_,ཕྱོགས་_100_,ཕྱོགས་_100_,ཕྱོགས་_100_,ཕྱོགས་_100_,ཕྱོགས་_100_
[མིག་_100_],མིག་_100_,མིག་_100_,མིག་_100_,མིག་_100_,མིག་_100_,མིག་_100_,མིག་_100_
[གིས_100_],གིས_100_,གིས_100_,གིས_100_,གིས_100_,གིས_100_,གིས_100_,གིས_100_
[། །​_87_],། །​_87_,། །​_87_,། །​_87_,། །​_87_,། །​_87_,། །​_87_,། = །​_12_
[རང་_100_],རང་_100_,རང་_100_,རང་_100_,རང་_100_,རང་_100_,རང་_100_,རང་_100_
[གི་_100_],གི་_100_,གི་_100_,གི་_100_,གི་_100_,གི་_100_,གི་_100_,གི་_100_
[ལུས་_100_],ལུས་_100_,ལུས་_100_,ལུས་_100_,ལུས་_100_,ལུས་_100_,ལུས་_100_,ལུས་_100_
[ལ་_100_],ལ་_100_,ལ་_100_,ལ་_100_,ལ་_100_,ལ་_100_,ལ་_100_,ལ་_100_
[བྱུགས་_100_],བྱུགས་_100_,བྱུགས་_100_,བྱུགས་_100_,བྱུགས་_100_,བྱུགས་_100_,བྱུགས་_100_,བྱུགས་_100_
[བྱས་_100_],བྱས་_100_,བྱས་_100_,བྱས་_100_,བྱས་_100_,བྱས་_100_,བྱས་_100_,བྱས་_100_
[ན_100_],ན_100_,ན_100_,ན_100_,ན_100_,ན_100_,ན_100_,ན_100_
[། །​_87_],། །​_87_,། །​_87_,། །​_87_,། །​_87_,། །​_87_,། །​_87_,། ཀཋ །​_12_
[གང་_100_],གང་_100_,གང་_100_,གང་_100_,གང་_100_,གང་_100_,གང་_100_,གང་_100_
[གིས་_100_],གིས་_100_,གིས་_100_,གིས་_100_,གིས་_100_,གིས་_100_,གིས་_100_,གིས་_100_
[འདི་_100_],འདི་_100_,འདི་_100_,འདི་_100_,འདི་_100_,འདི་_100_,འདི་_100_,འདི་_100_
[ནི་_100_],ནི་_100_,ནི་_100_,ནི་_100_,ནི་_100_,ནི་_100_,ནི་_100_,ནི་_100_
[བློ་_100_],བློ་_100_,བློ་_100_,བློ་_100_,བློ་_100_,བློ་_100_,བློ་_100_,བློ་_100_
[ལྡན་_100_],ལྡན་_100_,ལྡན་_100_,ལྡན་_100_,ལྡན་_100_,ལྡན་_100_,ལྡན་_100_,ལྡན་_100_
[པ_100_],པ_100_,པ_100_,པ_100_,པ_100_,པ_100_,པ_100_,པ_100_
[། །​_100_],། །​_100_,། །​_100_,། །​_100_,། །​_100_,། །​_100_,། །​_100_,། །​_100_
[སྦྲུལ་_100_],སྦྲུལ་_100_,སྦྲུལ་_100_,སྦྲུལ་_100_,སྦྲུལ་_100_,སྦྲུལ་_100_,སྦྲུལ་_100_,སྦྲུལ་_100_
[དང་_100_],དང་_100_,དང་_100_,དང་_100_,དང་_100_,དང་_100_,དང་_100_,དང་_100_
[ལྷན་_100_],ལྷན་_100_,ལྷན་_100_,ལྷན་_100_,ལྷན་_100_,ལྷན་_100_,ལྷན་_100_,ལྷན་_100_
[ཅིག་_100_],ཅིག་_100_,ཅིག་_100_,ཅིག་_100_,ཅིག་_100_,ཅིག་_100_,ཅིག་_100_,ཅིག་_100_
[ཕན་_100_],ཕན་_100_,ཕན་_100_,ཕན་_100_,ཕན་_100_,ཕན་_100_,ཕན་_100_,ཕན་_100_
[ཚུན་_100_],ཚུན་_100_,ཚུན་_100_,ཚུན་_100_,ཚུན་_100_,ཚུན་_100_,ཚུན་_100_,ཚུན་_100_
[རྩེ_100_],རྩེ_100_,རྩེ_100_,རྩེ_100_,རྩེ_100_,རྩེ_100_,རྩེ_100_,རྩེ_100_
[། །​_87_],། །​_87_,། །​_87_,། །​_87_,། །​_87_,། །​_87_,། །​_87_,༑ ་།_12_
[སུམ་_100_],སུམ་_100_,སུམ་_100_,སུམ་_100_,སུམ་_100_,སུམ་_100_,སུམ་_100_,སུམ་_100_
[ཅུ་_100_],ཅུ་_100_,ཅུ་_100_,ཅུ་_100_,ཅུ་_100_,ཅུ་_100_,ཅུ་_100_,ཅུ་_100_
[ཕྱོགས་_100_],ཕྱོགས་_100_,ཕྱོགས་_100_,ཕྱོགས་_100_,ཕྱོགས་_100_,ཕྱོགས་_100_,ཕྱོགས་_100_,ཕྱོགས་_100_
[དང་_100_],དང་_100_,དང་_100_,དང་_100_,དང་_100_,དང་_100_,དང་_100_,དང་_100_
[དྲག་_100_],དྲག་_100_,དྲག་_100_,དྲག་_100_,དྲག་_100_,དྲག་_100_,དྲག་_100_,དྲག་_100_
[པོ་_100_],པོ་_100_,པོ་_100_,པོ་_100_,པོ་_100_,པོ་_100_,པོ་_100_,པོ་_100_
[ཉིད_100_],ཉིད_100_,ཉིད_100_,ཉིད_100_,ཉིད_100_,ཉིད_100_,ཉིད_100_,ཉིད_100_
[། །​_87_],། །​_87_,། །​_87_,། །​_87_,། །​_87_,། །​_87_,། །​_87_,།  །​_12_
[ཀླུ་_100_],ཀླུ་_100_,ཀླུ་_100_,ཀླུ་_100_,ཀླུ་_100_,ཀླུ་_100_,ཀླུ་_100_,ཀླུ་_100_
[དང་_100_],དང་_100_,དང་_100_,དང་_100_,དང་_100_,དང་_100_,དང་_100_,དང་_100_
[ཡང་_100_],ཡང་_100_,ཡང་_100_,ཡང་_100_,ཡང་_100_,ཡང་_100_,ཡང་_100_,ཡང་_100_
[དག་_100_],དག་_100_,དག་_100_,དག་_100_,དག་_100_,དག་_100_,དག་_100_,དག་_100_
[ལྡན་_100_],ལྡན་_100_,ལྡན་_100_,ལྡན་_100_,ལྡན་_100_,ལྡན་_100_,ལྡན་_100_,ལྡན་_100_
[པ་_100_],པ་_100_,པ་_100_,པ་_100_,པ་_100_,པ་_100_,པ་_100_,པ་_100_
[ཡིས_100_],ཡིས_100_,ཡིས_100_,ཡིས_100_,ཡིས_100_,ཡིས_100_,ཡིས_100_,ཡིས_100_
[། །​_100_],། །​_100_,། །​_100_,། །​_100_,། །​_100_,། །​_100_,། །​_100_,། །​_100_
[མངལ་_100_],མངལ་_100_,མངལ་_100_,མངལ་_100_,མངལ་_100_,མངལ་_100_,མངལ་_100_,མངལ་_100_
[དང་_100_],དང་_100_,དང་_100_,དང་_100_,དང་_100_,དང་_100_,དང་_100_,དང་_100_
[བྷ་_100_],བྷ་_100_,བྷ་_100_,བྷ་_100_,བྷ་_100_,བྷ་_100_,བྷ་_100_,བྷ་_100_
[གར་_100_],གར་_100_,གར་_100_,གར་_100_,གར་_100_,གར་_100_,གར་_100_,གར་_100_
[བྱུགས་_87_],བྱུགས་_87_,བྱུགས་_87_,བྱུགས་_87_,བྱུགས་_87_,བྱུགས་_87_,བྱུགས་_87_,ཕྱུགས་_12_
[བྱས་_100_],བྱས་_100_,བྱས་_100_,བྱས་_100_,བྱས་_100_,བྱས་_100_,བྱས་_100_,བྱས་_100_
[ན_100_],ན_100_,ན_100_,ན_100_,ན_100_,ན_100_,ན_100_,ན_100_
[། །​_100_],། །​_100_,། །​_100_,། །​_100_,། །​_100_,། །​_100_,། །​_100_,། །​_100_
[བདེ་_100_],བདེ་_100_,བདེ་_100_,བདེ་_100_,བདེ་_100_,བདེ་_100_,བདེ་_100_,བདེ་_100_
[བར་_100_],བར་_100_,བར་_100_,བར་_100_,བར་_100_,བར་_100_,བར་_100_,བར་_100_
[བཙའ་_100_],བཙའ་_100_,བཙའ་_100_,བཙའ་_100_,བཙའ་_100_,བཙའ་_100_,བཙའ་_100_,བཙའ་_100_
[བར་_100_],བར་_100_,བར་_100_,བར་_100_,བར་_100_,བར་_100_,བར་_100_,བར་_100_
[འགྱུར་_100_],འགྱུར་_100_,འགྱུར་_100_,འགྱུར་_100_,འགྱུར་_100_,འགྱུར་_100_,འགྱུར་_100_,འགྱུར་_100_
[བའོ_100_],བའོ_100_,བའོ_100_,བའོ_100_,བའོ_100_,བའོ_100_,བའོ_100_,བའོ_100_
[། །​_100_],། །​_100_,། །​_100_,། །​_100_,། །​_100_,། །​_100_,། །​_100_,། །​_100_
[སྦྲུལ་_100_],སྦྲུལ་_100_,སྦྲུལ་_100_,སྦྲུལ་_100_,སྦྲུལ་_100_,སྦྲུལ་_100_,སྦྲུལ་_100_,སྦྲུལ་_100_
[དང་_100_],དང་_100_,དང་_100_,དང་_100_,དང་_100_,དང་_100_,དང་_100_,དང་_100_
[ཉི་_100_],ཉི་_100_,ཉི་_100_,ཉི་_100_,ཉི་_100_,ཉི་_100_,ཉི་_100_,ཉི་_100_
[དང་_100_],དང་_100_,དང་_100_,དང་_100_,དང་_100_,དང་_100_,དང་_100_,དང་_100_
[ཕྱོགས་_100_],ཕྱོགས་_100_,ཕྱོགས་_100_,ཕྱོགས་_100_,ཕྱོགས་_100_,ཕྱོགས་_100_,ཕྱོགས་_100_,ཕྱོགས་_100_
[དང་_100_],དང་_100_,དང་_100_,དང་_100_,དང་_100_,དང་_100_,དང་_100_,དང་_100_
[ནི_100_],ནི_100_,ནི_100_,ནི_100_,ནི_100_,ནི_100_,ནི_100_,ནི_100_
[། །​_100_],། །​_100_,། །​_100_,། །​_100_,། །​_100_,། །​_100_,། །​_100_,། །​_100_
[ཐུབ་_100_],ཐུབ་_100_,ཐུབ་_100_,ཐུབ་_100_,ཐུབ་_100_,ཐུབ་_100_,ཐུབ་_100_,ཐུབ་_100_
[པ་_100_],པ་_100_,པ་_100_,པ་_100_,པ་_100_,པ་_100_,པ་_100_,པ་_100_
[གཟའ་_100_],གཟའ་_100_,གཟའ་_100_,གཟའ་_100_,གཟའ་_100_,གཟའ་_100_,གཟའ་_100_,གཟའ་_100_
[ནི་_100_],ནི་_100_,ནི་_100_,ནི་_100_,ནི་_100_,ནི་_100_,ནི་_100_,ནི་_100_
[ཡང་_100_],ཡང་_100_,ཡང་_100_,ཡང་_100_,ཡང་_100_,ཡང་_100_,ཡང་_100_,ཡང་_100_
[དག་_100_],དག་_100_,དག་_100_,དག་_100_,དག་_100_,དག་_100_,དག་_100_,དག་_100_
[ལྡན_100_],ལྡན_100_,ལྡན_100_,ལྡན_100_,ལྡན_100_,ལྡན_100_,ལྡན_100_,ལྡན_100_
[། །​_87_],། །​_87_,། །​_87_,། །​_87_,། །​_87_,། །​_87_,། །​_87_,། ཌ །​_12_
[ལག་_100_],ལག་_100_,ལག་_100_,ལག་_100_,ལག་_100_,ལག་_100_,ལག་_100_,ལག་_100_
[པ་_100_],པ་_100_,པ་_100_,པ་_100_,པ་_100_,པ་_100_,པ་_100_,པ་_100_
[བྱུགས་_100_],བྱུགས་_100_,བྱུགས་_100_,བྱུགས་_100_,བྱུགས་_100_,བྱུགས་_100_,བྱུགས་_100_,བྱུགས་_100_
[པར་_100_],པར་_100_,པར་_100_,པར་_100_,པར་_100_,པར་_100_,པར་_100_,པར་_100_
[བྱས་_100_],བྱས་_100_,བྱས་_100_,བྱས་_100_,བྱས་_100_,བྱས་_100_,བྱས་_100_,བྱས་_100_
[པ་_100_],པ་_100_,པ་_100_,པ་_100_,པ་_100_,པ་_100_,པ་_100_,པ་_100_
[ཡིས_100_],ཡིས_100_,ཡིས_100_,ཡིས_100_,ཡིས_100_,ཡིས_100_,ཡིས_100_,ཡིས_100_
[། །​_87_],། །​_87_,། །​_87_,། །​_87_,། །​_87_,། །​_87_,། །​_87_,། །​ ཌོ་_12_
[ཆོ་_100_],ཆོ་_100_,ཆོ་_100_,ཆོ་_100_,ཆོ་_100_,ཆོ་_100_,ཆོ་_100_,ཆོ་_100_
[ལོ་_100_],ལོ་_100_,ལོ་_100_,ལོ་_100_,ལོ་_100_,ལོ་_100_,ལོ་_100_,ལོ་_100_
[རྩེ་_100_],རྩེ་_100_,རྩེ་_100_,རྩེ་_100_,རྩེ་_100_,རྩེ་_100_,རྩེ་_100_,རྩེ་_100_
[ན་_100_],ན་_100_,ན་_100_,ན་_100_,ན་_100_,ན་_100_,ན་_100_,ན་_100_
[གཞན་_100_],གཞན་_100_,གཞན་_100_,གཞན་_100_,གཞན་_100_,གཞན་_100_,གཞན་_100_,གཞན་_100_
[ལས་_100_],ལས་_100_,ལས་_100_,ལས་_100_,ལས་_100_,ལས་_100_,ལས་_100_,ལས་_100_
[རྒྱལ_100_],རྒྱལ_100_,རྒྱལ_100_,རྒྱལ_100_,རྒྱལ_100_,རྒྱལ_100_,རྒྱལ_100_,རྒྱལ_100_
[། །​_100_],། །​_100_,། །​_100_,། །​_100_,། །​_100_,། །​_100_,། །​_100_,། །​_100_
[དབང་_100_],དབང་_100_,དབང་_100_,དབང་_100_,དབང་_100_,དབང་_100_,དབང་_100_,དབང་_100_
[པོ་_100_],པོ་_100_,པོ་_100_,པོ་_100_,པོ་_100_,པོ་_100_,པོ་_100_,པོ་_100_
[དང་_100_],དང་_100_,དང་_100_,དང་_100_,དང་_100_,དང་_100_,དང་_100_,དང་_100_
[ནི་_100_],ནི་_100_,ནི་_100_,ནི་_100_,ནི་_100_,ནི་_100_,ནི་_100_,ནི་_100_
[བཅུ་_100_],བཅུ་_100_,བཅུ་_100_,བཅུ་_100_,བཅུ་_100_,བཅུ་_100_,བཅུ་_100_,བཅུ་_100_
[གསུམ་_100_],གསུམ་_100_,གསུམ་_100_,གསུམ་_100_,གསུམ་_100_,གསུམ་_100_,གསུམ་_100_,གསུམ་_100_
[དང་_100_],དང་_100_,དང་_100_,དང་_100_,དང་_100_,དང་_100_,དང་_100_,དང་_100_
[། །​_75_],། །​_75_,། །​_75_,། །​_75_,། །​_75_,། _12_,། །​_75_,། ཆ་།_12_
[མིག་_100_],མིག་_100_,མིག་_100_,མིག་_100_,མིག་_100_,མིག་_100_,མིག་_100_,མིག་_100_
[དང་_100_],དང་_100_,དང་_100_,དང་_100_,དང་_100_,དང་_100_,དང་_100_,དང་_100_
[དུས་_100_],དུས་_100_,དུས་_100_,དུས་_100_,དུས་_100_,དུས་_100_,དུས་_100_,དུས་_100_
[སུ་_100_],སུ་_100_,སུ་_100_,སུ་_100_,སུ་_100_,སུ་_100_,སུ་_100_,སུ་_100_
[ལྡན་_100_],ལྡན་_100_,ལྡན་_100_,ལྡན་_100_,ལྡན་_100_,ལྡན་_100_,ལྡན་_100_,ལྡན་_100_
[པ་_100_],པ་_100_,པ་_100_,པ་_100_,པ་_100_,པ་_100_,པ་_100_,པ་_100_
[ཡིས_100_],ཡིས_100_,ཡིས_100_,ཡིས_100_,ཡིས_100_,ཡིས_100_,ཡིས_100_,ཡིས_100_
[། །​_100_],། །​_100_,། །​_100_,། །​_100_,། །​_100_,། །​_100_,། །​_100_,། །​_100_
[སྦྱར་_100_],སྦྱར་_100_,སྦྱར་_100_,སྦྱར་_100_,སྦྱར་_100_,སྦྱར་_100_,སྦྱར་_100_,སྦྱར་_100_
[བའི་_100_],བའི་_100_,བའི་_100_,བའི་_100_,བའི་_100_,བའི་_100_,བའི་_100_,བའི་_100_
[རི་_100_],རི་_100_,རི་_100_,རི་_100_,རི་_100_,རི་_100_,རི་_100_,རི་_100_
[ལུ་_100_],ལུ་_100_,ལུ་_100_,ལུ་_100_,ལུ་_100_,ལུ་_100_,ལུ་_100_,ལུ་_100_
[ཁར་_100_],ཁར་_100_,ཁར་_100_,ཁར་_100_,ཁར་_100_,ཁར་_100_,ཁར་_100_,ཁར་_100_
[བཅུག་_100_],བཅུག་_100_,བཅུག་_100_,བཅུག་_100_,བཅུག་_100_,བཅུག་_100_,བཅུག་_100_,བཅུག་_100_
[ན_100_],ན_100_,ན_100_,ན_100_,ན_100_,ན_100_,ན_100_,ན_100_
[། །​_87_],། །​_87_,། །​_87_,། །​_87_,༑ །​_12_,། །​_87_,། །​_87_,། །​_87_
[མཚན་_100_],མཚན་_100_,མཚན་_100_,མཚན་_100_,མཚན་_100_,མཚན་_100_,མཚན་_100_,མཚན་_100_
[མོ་_100_],མོ་_100_,མོ་_100_,མོ་_100_,མོ་_100_,མོ་_100_,མོ་_100_,མོ་_100_
[འཇིགས་_100_],འཇིགས་_100_,འཇིགས་_100_,འཇིགས་_100_,འཇིགས་_100_,འཇིགས་_100_,འཇིགས་_100_,འཇིགས་_100_
[པའང་_100_],པའང་_100_,པའང་_100_,པའང་_100_,པའང་_100_,པའང་_100_,པའང་_100_,པའང་_100_
[འཇིགས་_100_],འཇིགས་_100_,འཇིགས་_100_,འཇིགས་_100_,འཇིགས་_100_,འཇིགས་_100_,འཇིགས་_100_,འཇིགས་_100_
[དང་_100_],དང་_100_,དང་_100_,དང་_100_,དང་_100_,དང་_100_,དང་_100_,དང་_100_
[བྲལ_100_],བྲལ_100_,བྲལ_100_,བྲལ_100_,བྲལ_100_,བྲལ_100_,བྲལ_100_,བྲལ_100_
[། །​_100_],། །​_100_,། །​_100_,། །​_100_,། །​_100_,། །​_100_,། །​_100_,། །​_100_
[མི་_100_],མི་_100_,མི་_100_,མི་_100_,མི་_100_,མི་_100_,མི་_100_,མི་_100_
[དང་_100_],དང་_100_,དང་_100_,དང་_100_,དང་_100_,དང་_100_,དང་_100_,དང་_100_
[ཐུབ་_100_],ཐུབ་_100_,ཐུབ་_100_,ཐུབ་_100_,ཐུབ་_100_,ཐུབ་_100_,ཐུབ་_100_,ཐུབ་_100_
[པ་_100_],པ་_100_,པ་_100_,པ་_100_,པ་_100_,པ་_100_,པ་_100_,པ་_100_
[ཕྱོགས་_100_],ཕྱོགས་_100_,ཕྱོགས་_100_,ཕྱོགས་_100_,ཕྱོགས་_100_,ཕྱོགས་_100_,ཕྱོགས་_100_,ཕྱོགས་_100_
[མིག་_100_],མིག་_100_,མིག་_100_,མིག་_100_,མིག་_100_,མིག་_100_,མིག་_100_,མིག་_100_
[དང་_100_],དང་_100_,དང་_100_,དང་_100_,དང་_100_,དང་_100_,དང་_100_,དང་_100_
[། །​_100_],། །​_100_,། །​_100_,། །​_100_,། །​_100_,། །​_100_,། །​_100_,། །​_100_
[ཡང་_100_],ཡང་_100_,ཡང་_100_,ཡང་_100_,ཡང་_100_,ཡང་_100_,ཡང་_100_,ཡང་_100_
[དག་_100_],དག་_100_,དག་_100_,དག་_100_,དག་_100_,དག་_100_,དག་_100_,དག་_100_
[ཏུ་_100_],ཏུ་_100_,ཏུ་_100_,ཏུ་_100_,ཏུ་_100_,ཏུ་_100_,ཏུ་_100_,ཏུ་_100_
[ནི་_100_],ནི་_100_,ནི་_100_,ནི་_100_,ནི་_100_,ནི་_100_,ནི་_100_,ནི་_100_
[ལྡན་_100_],ལྡན་_100_,ལྡན་_100_,ལྡན་_100_,ལྡན་_100_,ལྡན་_100_,ལྡན་_100_,ལྡན་_100_
[གྱུར་_100_],གྱུར་_100_,གྱུར་_100_,གྱུར་_100_,གྱུར་_100_,གྱུར་_100_,གྱུར་_100_,གྱུར་_100_
[པ_100_],པ_100_,པ_100_,པ_100_,པ_100_,པ_100_,པ_100_,པ_100_
[། །​_87_],། །​_87_,། །​_87_,། །​_87_,། །​_87_,། །​_87_,། །​_87_,། ཎ །​_12_
[བུད་_100_],བུད་_100_,བུད་_100_,བུད་_100_,བུད་_100_,བུད་_100_,བུད་_100_,བུད་_100_
[མེད་_100_],མེད་_100_,མེད་_100_,མེད་_100_,མེད་_100_,མེད་_100_,མེད་_100_,མེད་_100_
[ཀྱི་_100_],ཀྱི་_100_,ཀྱི་_100_,ཀྱི་_100_,ཀྱི་_100_,ཀྱི་_100_,ཀྱི་_100_,ཀྱི་_100_
[ནི་_100_],ནི་_100_,ནི་_100_,ནི་_100_,ནི་_100_,ནི་_100_,ནི་_100_,ནི་_100_
[མངལ་_100_],མངལ་_100_,མངལ་_100_,མངལ་_100_,མངལ་_100_,མངལ་_100_,མངལ་_100_,མངལ་_100_
[བཅོས་_100_],བཅོས་_100_,བཅོས་_100_,བཅོས་_100_,བཅོས་_100_,བཅོས་_100_,བཅོས་_100_,བཅོས་_100_
[སོ_100_],སོ_100_,སོ_100_,སོ_100_,སོ_100_,སོ_100_,སོ_100_,སོ_100_
[། །​_87_],། །​_87_,། །​_87_,། །​_87_,། །​_87_,། །​_87_,། །​_87_,། – །​_12_
[བདུན་_100_],བདུན་_100_,བདུན་_100_,བདུན་_100_,བདུན་_100_,བདུན་_100_,བདུན་_100_,བདུན་_100_
[ཉིད་_100_],ཉིད་_100_,ཉིད་_100_,ཉིད་_100_,ཉིད་_100_,ཉིད་_100_,ཉིད་_100_,ཉིད་_100_
[དང་_100_],དང་_100_,དང་_100_,དང་_100_,དང་_100_,དང་_100_,དང་_100_,དང་_100_
[ནི་_100_],ནི་_100_,ནི་_100_,ནི་_100_,ནི་_100_,ནི་_100_,ནི་_100_,ནི་_100_
[བཅུ་_100_],བཅུ་_100_,བཅུ་_100_,བཅུ་_100_,བཅུ་_100_,བཅུ་_100_,བཅུ་_100_,བཅུ་_100_
[གསུམ་_100_],གསུམ་_100_,གསུམ་_100_,གསུམ་_100_,གསུམ་_100_,གསུམ་_100_,གསུམ་_100_,གསུམ་_100_
[དང་_100_],དང་_100_,དང་_100_,དང་_100_,དང་_100_,དང་_100_,དང་_100_,དང་_100_
[། །​_100_],། །​_100_,། །​_100_,། །​_100_,། །​_100_,། །​_100_,། །​_100_,། །​_100_
[ཕྱོགས་_100_],ཕྱོགས་_100_,ཕྱོགས་_100_,ཕྱོགས་_100_,ཕྱོགས་_100_,ཕྱོགས་_100_,ཕྱོགས་_100_,ཕྱོགས་_100_
[དང་_100_],དང་_100_,དང་_100_,དང་_100_,དང་_100_,དང་_100_,དང་_100_,དང་_100_
[དུས་_100_],དུས་_100_,དུས་_100_,དུས་_100_,དུས་_100_,དུས་_100_,དུས་_100_,དུས་_100_
[དང་_100_],དང་_100_,དང་_100_,དང་_100_,དང་_100_,དང་_100_,དང་_100_,དང་_100_
[ཡང་_100_],ཡང་_100_,ཡང་_100_,ཡང་_100_,ཡང་_100_,ཡང་_100_,ཡང་_100_,ཡང་_100_
[དག་_100_],དག་_100_,དག་_100_,དག་_100_,དག་_100_,དག་_100_,དག་_100_,དག་_100_
[ལྡན_100_],ལྡན_100_,ལྡན_100_,ལྡན_100_,ལྡན_100_,ལྡན_100_,ལྡན_100_,ལྡན_100_
[། །​_100_],། །​_100_,། །​_100_,། །​_100_,། །​_100_,། །​_100_,། །​_100_,། །​_100_
[ཟླ་_100_],ཟླ་_100_,ཟླ་_100_,ཟླ་_100_,ཟླ་_100_,ཟླ་_100_,ཟླ་_100_,ཟླ་_100_
[མཚན་_100_],མཚན་_100_,མཚན་_100_,མཚན་_100_,མཚན་_100_,མཚན་_100_,མཚན་_100_,མཚན་_100_
[དུས་_100_],དུས་_100_,དུས་_100_,དུས་_100_,དུས་_100_,དུས་_100_,དུས་_100_,དུས་_100_
[ཀྱི་_100_],ཀྱི་_100_,ཀྱི་_100_,ཀྱི་_100_,ཀྱི་_100_,ཀྱི་_100_,ཀྱི་_100_,ཀྱི་_100_
[བུད་_100_],བུད་_100_,བུད་_100_,བུད་_100_,བུད་_100_,བུད་_100_,བུད་_100_,བུད་_100_
[མེད་_100_],མེད་_100_,མེད་_100_,མེད་_100_,མེད་_100_,མེད་_100_,མེད་_100_,མེད་_100_
[དེ_100_],དེ_100_,དེ_100_,དེ_100_,དེ_100_,དེ_100_,དེ_100_,དེ_100_
[། །​_100_],། །​_100_,། །​_100_,། །​_100_,། །​_100_,། །​_100_,། །​_100_,། །​_100_
[མཁས་_100_],མཁས་_100_,མཁས་_100_,མཁས་_100_,མཁས་_100_,མཁས་_100_,མཁས་_100_,མཁས་_100_
[པ་_75_],པ་_75_,པ་_75_,པ་_75_,བ་_25_,པ་_75_,བ་_25_,པ་_75_
[ཡིས་_100_],ཡིས་_100_,ཡིས་_100_,ཡིས་_100_,ཡིས་_100_,ཡིས་_100_,ཡིས་_100_,ཡིས་_100_
[ནི་_100_],ནི་_100_,ནི་_100_,ནི་_100_,ནི་_100_,ནི་_100_,ནི་_100_,ནི་_100_
[བྷ་_100_],བྷ་_100_,བྷ་_100_,བྷ་_100_,བྷ་_100_,བྷ་_100_,བྷ་_100_,བྷ་_100_
[གར་_100_],གར་_100_,གར་_100_,གར་_100_,གར་_100_,གར་_100_,གར་_100_,གར་_100_
[བྱུག །​_62_],བྱུག །​_62_,བྱུག །​_62_,བྱུག །​_62_,བྱུག་_25_,བྱུག །​ _12_,བྱུག་_25_,བྱུག །​_62_
[དེ་_100_],དེ་_100_,དེ་_100_,དེ་_100_,དེ་_100_,དེ་_100_,དེ་_100_,དེ་_100_
[ལ་_100_],ལ་_100_,ལ་_100_,ལ་_100_,ལ་_100_,ལ་_100_,ལ་_100_,ལ་_100_
[བུ་_100_],བུ་_100_,བུ་_100_,བུ་_100_,བུ་_100_,བུ་_100_,བུ་_100_,བུ་_100_
[ནི་_100_],ནི་_100_,ནི་_100_,ནི་_100_,ནི་_100_,ནི་_100_,ནི་_100_,ནི་_100_
[འབྱུང་_100_],འབྱུང་_100_,འབྱུང་_100_,འབྱུང་_100_,འབྱུང་_100_,འབྱུང་_100_,འབྱུང་_100_,འབྱུང་_100_
[བར་_100_],བར་_100_,བར་_100_,བར་_100_,བར་_100_,བར་_100_,བར་_100_,བར་_100_
[འགྱུར_100_],འགྱུར_100_,འགྱུར_100_,འགྱུར_100_,འགྱུར_100_,འགྱུར_100_,འགྱུར_100_,འགྱུར_100_
[། །​_100_],། །​_100_,། །​_100_,། །​_100_,། །​_100_,། །​_100_,། །​_100_,། །​_100_
[སྐྱེ་_100_],སྐྱེ་_100_,སྐྱེ་_100_,སྐྱེ་_100_,སྐྱེ་_100_,སྐྱེ་_100_,སྐྱེ་_100_,སྐྱེ་_100_
[བ་_100_],བ་_100_,བ་_100_,བ་_100_,བ་_100_,བ་_100_,བ་_100_,བ་_100_
[སྔ་_100_],སྔ་_100_,སྔ་_100_,སྔ་_100_,སྔ་_100_,སྔ་_100_,སྔ་_100_,སྔ་_100_
[མ་_100_],མ་_100_,མ་_100_,མ་_100_,མ་_100_,མ་_100_,མ་_100_,མ་_100_
[ཡང་_100_],ཡང་_100_,ཡང་_100_,ཡང་_100_,ཡང་_100_,ཡང་_100_,ཡང་_100_,ཡང་_100_
[དག་_100_],དག་_100_,དག་_100_,དག་_100_,དག་_100_,དག་_100_,དག་_100_,དག་_100_
[ལྡན_100_],ལྡན_100_,ལྡན_100_,ལྡན_100_,ལྡན_100_,ལྡན_100_,ལྡན_100_,ལྡན_100_
[། །​_100_],། །​_100_,། །​_100_,། །​_100_,། །​_100_,། །​_100_,། །​_100_,། །​_100_
[འདི་_100_],འདི་_100_,འདི་_100_,འདི་_100_,འདི་_100_,འདི་_100_,འདི་_100_,འདི་_100_
[ཡི་_100_],ཡི་_100_,ཡི་_100_,ཡི་_100_,ཡི་_100_,ཡི་_100_,ཡི་_100_,ཡི་_100_
[ཡན་_100_],ཡན་_100_,ཡན་_100_,ཡན་_100_,ཡན་_100_,ཡན་_100_,ཡན་_100_,ཡན་_100_
[ལག་_100_],ལག་_100_,ལག་_100_,ལག་_100_,ལག་_100_,ལག་_100_,ལག་_100_,ལག་_100_
[མཆོག་_100_],མཆོག་_100_,མཆོག་_100_,མཆོག་_100_,མཆོག་_100_,མཆོག་_100_,མཆོག་_100_,མཆོག་_100_
[བྱུགས་_100_],བྱུགས་_100_,བྱུགས་_100_,བྱུགས་_100_,བྱུགས་_100_,བྱུགས་_100_,བྱུགས་_100_,བྱུགས་_100_
[ན_100_],ན_100_,ན_100_,ན_100_,ན_100_,ན_100_,ན_100_,ན_100_
[། །​_100_],། །​_100_,། །​_100_,། །​_100_,། །​_100_,། །​_100_,། །​_100_,། །​_100_
[དེ་_100_],དེ་_100_,དེ་_100_,དེ་_100_,དེ་_100_,དེ་_100_,དེ་_100_,དེ་_100_
[ཡིས་_100_],ཡིས་_100_,ཡིས་_100_,ཡིས་_100_,ཡིས་_100_,ཡིས་_100_,ཡིས་_100_,ཡིས་_100_
[ནོར་_100_],ནོར་_100_,ནོར་_100_,ནོར་_100_,ནོར་_100_,ནོར་_100_,ནོར་_100_,ནོར་_100_
[རྣམས་_100_],རྣམས་_100_,རྣམས་_100_,རྣམས་_100_,རྣམས་_100_,རྣམས་_100_,རྣམས་_100_,རྣམས་_100_
[མང་_100_],མང་_100_,མང་_100_,མང་_100_,མང་_100_,མང་_100_,མང་_100_,མང་_100_
[པོར་_100_],པོར་_100_,པོར་_100_,པོར་_100_,པོར་_100_,པོར་_100_,པོར་_100_,པོར་_100_
[རྙེད_100_],རྙེད_100_,རྙེད_100_,རྙེད_100_,རྙེད_100_,རྙེད_100_,རྙེད_100_,རྙེད_100_
[། །​_87_],། །​_87_,། །​_87_,། །​_87_,། །​_87_,། །​_87_,། །​_87_,། ྋ །​_12_
[གང་_100_],གང་_100_,གང་_100_,གང་_100_,གང་_100_,གང་_100_,གང་_100_,གང་_100_
[ཞིག་_100_],ཞིག་_100_,ཞིག་_100_,ཞིག་_100_,ཞིག་_100_,ཞིག་_100_,ཞིག་_100_,ཞིག་_100_
[ཕན་_100_],ཕན་_100_,ཕན་_100_,ཕན་_100_,ཕན་_100_,ཕན་_100_,ཕན་_100_,ཕན་_100_
[པར་_100_],པར་_100_,པར་_100_,པར་_100_,པར་_100_,པར་_100_,པར་_100_,པར་_100_
[འདོད་_100_],འདོད་_100_,འདོད་_100_,འདོད་_100_,འདོད་_100_,འདོད་_100_,འདོད་_100_,འདོད་_100_
[པའི་_100_],པའི་_100_,པའི་_100_,པའི་_100_,པའི་_100_,པའི་_100_,པའི་_100_,པའི་_100_
[མི_100_],མི_100_,མི_100_,མི_100_,མི_100_,མི_100_,མི_100_,མི_100_
[། །​_100_],། །​_100_,། །​_100_,། །​_100_,། །​_100_,། །​_100_,། །​_100_,། །​_100_
[ཕྱོགས་_100_],ཕྱོགས་_100_,ཕྱོགས་_100_,ཕྱོགས་_100_,ཕྱོགས་_100_,ཕྱོགས་_100_,ཕྱོགས་_100_,ཕྱོགས་_100_
[དང་_100_],དང་_100_,དང་_100_,དང་_100_,དང་_100_,དང་_100_,དང་_100_,དང་_100_
[ཆོས་_100_],ཆོས་_100_,ཆོས་_100_,ཆོས་_100_,ཆོས་_100_,ཆོས་_100_,ཆོས་_100_,ཆོས་_100_
[དང་_100_],དང་_100_,དང་_100_,དང་_100_,དང་_100_,དང་_100_,དང་_100_,དང་_100_
[དུས་_100_],དུས་_100_,དུས་_100_,དུས་_100_,དུས་_100_,དུས་_100_,དུས་_100_,དུས་_100_
[དང་_100_],དང་_100_,དང་_100_,དང་_100_,དང་_100_,དང་_100_,དང་_100_,དང་_100_
[མིག _100_],མིག _100_,མིག _100_,མིག _100_,མིག _100_,མིག _100_,མིག _100_,མིག _100_
[།​_87_],།​_87_,།​_87_,།​_87_,།​_87_,།​_87_,།​_87_,།​ཀ།_12_
[འདི་_100_],འདི་_100_,འདི་_100_,འདི་_100_,འདི་_100_,འདི་_100_,འདི་_100_,འདི་_100_
[རྣམས་_100_],རྣམས་_100_,རྣམས་_100_,རྣམས་_100_,རྣམས་_100_,རྣམས་_100_,རྣམས་_100_,རྣམས་_100_
[རི་_100_],རི་_100_,རི་_100_,རི་_100_,རི་_100_,རི་_100_,རི་_100_,རི་_100_
[ལུ་_100_],ལུ་_100_,ལུ་_100_,ལུ་_100_,ལུ་_100_,ལུ་_100_,ལུ་_100_,ལུ་_100_
[ཁར་_100_],ཁར་_100_,ཁར་_100_,ཁར་_100_,ཁར་_100_,ཁར་_100_,ཁར་_100_,ཁར་_100_
[བཅུག་_100_],བཅུག་_100_,བཅུག་_100_,བཅུག་_100_,བཅུག་_100_,བཅུག་_100_,བཅུག་_100_,བཅུག་_100_
[ན_100_],ན_100_,ན_100_,ན_100_,ན_100_,ན_100_,ན_100_,ན_100_
[། །​_100_],། །​_100_,། །​_100_,། །​_100_,། །​_100_,། །​_100_,། །​_100_,། །​_100_
[ཇི་_100_],ཇི་_100_,ཇི་_100_,ཇི་_100_,ཇི་_100_,ཇི་_100_,ཇི་_100_,ཇི་_100_
[སྲིད་_100_],སྲིད་_100_,སྲིད་_100_,སྲིད་_100_,སྲིད་_100_,སྲིད་_100_,སྲིད་_100_,སྲིད་_100_
[འདོད་_100_],འདོད་_100_,འདོད་_100_,འདོད་_100_,འདོད་_100_,འདོད་_100_,འདོད་_100_,འདོད་_100_
[པའི་_100_],པའི་_100_,པའི་_100_,པའི་_100_,པའི་_100_,པའི་_100_,པའི་_100_,པའི་_100_
[བར་_100_],བར་_100_,བར་_100_,བར་_100_,བར་_100_,བར་_100_,བར་_100_,བར་_100_
[དུ་_100_],དུ་_100_,དུ་_100_,དུ་_100_,དུ་_100_,དུ་_100_,དུ་_100_,དུ་_100_
[ནི_100_],ནི_100_,ནི_100_,ནི_100_,ནི_100_,ནི_100_,ནི_100_,ནི_100_
[། །​_100_],། །​_100_,། །​_100_,། །​_100_,། །​_100_,། །​_100_,། །​_100_,། །​_100_
[ཁུ་_100_],ཁུ་_100_,ཁུ་_100_,ཁུ་_100_,ཁུ་_100_,ཁུ་_100_,ཁུ་_100_,ཁུ་_100_
[བ་_100_],བ་_100_,བ་_100_,བ་_100_,བ་_100_,བ་_100_,བ་_100_,བ་_100_
[སྡོམ་_100_],སྡོམ་_100_,སྡོམ་_100_,སྡོམ་_100_,སྡོམ་_100_,སྡོམ་_100_,སྡོམ་_100_,སྡོམ་_100_
[པར་_100_],པར་_100_,པར་_100_,པར་_100_,པར་_100_,པར་_100_,པར་_100_,པར་_100_
[བྱེད་_100_],བྱེད་_100_,བྱེད་_100_,བྱེད་_100_,བྱེད་_100_,བྱེད་_100_,བྱེད་_100_,བྱེད་_100_
[པའི་_100_],པའི་_100_,པའི་_100_,པའི་_100_,པའི་_100_,པའི་_100_,པའི་_100_,པའི་_100_
[མཆོག _100_],མཆོག _100_,མཆོག _100_,མཆོག _100_,མཆོག _100_,མཆོག _100_,མཆོག _100_,མཆོག _100_
[།​_100_],།​_100_,།​_100_,།​_100_,།​_100_,།​_100_,།​_100_,།​_100_
[བཅུ་_100_],བཅུ་_100_,བཅུ་_100_,བཅུ་_100_,བཅུ་_100_,བཅུ་_100_,བཅུ་_100_,བཅུ་_100_
[གསུམ་_100_],གསུམ་_100_,གསུམ་_100_,གསུམ་_100_,གསུམ་_100_,གསུམ་_100_,གསུམ་_100_,གསུམ་_100_
རང་།_25_,རང་།_25_,ཀྱི། །​_25_,ཀྱི། །​_25_,[རང་ནི་ཕྱོགས་མིག་ཀླུའི། །​འདི་རྣམས་ཉེ་བར་བསྡུས་ནས་ནི། །​ཕྱེ་མ་རང་གི་ལུས་བསྐུས་པས། །​ཕྱེ་མ་རུ་ནི་བྱས་ནས་སུ། །​སྭ་རྩི་དང་ནི་ཡང་དག་ལྡན། །​དབང་དུ་བྱ་བའི་དོན་དུ་ནི། །​བུད་མེད་རྣམས་ནི་ཐམས་ཅད་དུ། །​_37_],རང་ནི་ཕྱོགས་མིག་ཀླུའི། །​འདི་རྣམས་ཉེ་བར་བསྡུས་ནས་ནི། །​ཕྱེ་མ་རང་གི་ལུས་བསྐུས་པས། །​ཕྱེ་མ་རུ་ནི་བྱས་ནས་སུ། །​སྭ་རྩི་དང་ནི་ཡང་དག་ལྡན། །​དབང་དུ་བྱ་བའི་དོན་དུ་ནི། །​བུད་མེད་རྣམས་ནི་ཐམས་ཅད་དུ། །​_37_,རང་ནི་ཕྱོགས་མིག་ཀླུའི། །​འདི་རྣམས་ཉེ་བར་བསྡུས་ནས་ནི། །​ཕྱེ་མ་རང་གི་ལུས་བསྐུས་པས། །​ཕྱེ་མ་རུ་ནི་བྱས་ནས་སུ། །​སྭ་རྩི་དང་ནི་ཡང་དག་ལྡན། །​དབང་དུ་བྱ་བའི་དོན་དུ་ནི། །​བུད་མེད་རྣམས་ནི་ཐམས་ཅད་དུ། །​_37_,རང་”ནི་ཕྱོགས་མིག་ཀླུའི། །​འདི་རྣམས་ཉེ་བར་བསྡུས་ནས་ནི། །​ཕྱེ་མ་རང་གི་ལུས་བསྐུས་པས། །​ཕྱེ་མ་རུ་ནི་བྱས་ནས་སུ། །​ སཱ་རྩི་དང་ནི་ཡང་དག་ལྡན། །​དབང་དུ་བྱ་བའི་དོན་དུ་ནི། །​བུད་མེད་རྣམས་ནི་ཐམས་ཅད་དུ །​ །​ _12_
[སྨྱོ་_100_],སྨྱོ་_100_,སྨྱོ་_100_,སྨྱོ་_100_,སྨྱོ་_100_,སྨྱོ་_100_,སྨྱོ་_100_,སྨྱོ་_100_
[བར་_100_],བར་_100_,བར་_100_,བར་_100_,བར་_100_,བར་_100_,བར་_100_,བར་_100_
[བྱེད་_100_],བྱེད་_100_,བྱེད་_100_,བྱེད་_100_,བྱེད་_100_,བྱེད་_100_,བྱེད་_100_,བྱེད་_100_
[པ་_100_],པ་_100_,པ་_100_,པ་_100_,པ་_100_,པ་_100_,པ་_100_,པ་_100_
[མཆོག་_100_],མཆོག་_100_,མཆོག་_100_,མཆོག་_100_,མཆོག་_100_,མཆོག་_100_,མཆོག་_100_,མཆོག་_100_
[ཡིན་_100_],ཡིན་_100_,ཡིན་_100_,ཡིན་_100_,ཡིན་_100_,ཡིན་_100_,ཡིན་_100_,ཡིན་_100_
[ནོ_100_],ནོ_100_,ནོ_100_,ནོ_100_,ནོ_100_,ནོ_100_,ནོ_100_,ནོ_100_
[། །​_100_],། །​_100_,། །​_100_,། །​_100_,། །​_100_,། །​_100_,། །​_100_,། །​_100_
[མདའ་_100_],མདའ་_100_,མདའ་_100_,མདའ་_100_,མདའ་_100_,མདའ་_100_,མདའ་_100_,མདའ་_100_
[དང་_100_],དང་_100_,དང་_100_,དང་_100_,དང་_100_,དང་_100_,དང་_100_,དང་_100_
[དུས་_100_],དུས་_100_,དུས་_100_,དུས་_100_,དུས་_100_,དུས་_100_,དུས་_100_,དུས་_100_
[དང་_100_],དང་_100_,དང་_100_,དང་_100_,དང་_100_,དང་_100_,དང་_100_,དང་_100_
[གཟའ་_100_],གཟའ་_100_,གཟའ་_100_,གཟའ་_100_,གཟའ་_100_,གཟའ་_100_,གཟའ་_100_,གཟའ་_100_
[ས་_100_],ས་_100_,ས་_100_,ས་_100_,ས་_100_,ས་_100_,ས་_100_,ས་_100_
[བདག _100_],བདག _100_,བདག _100_,བདག _100_,བདག _100_,བདག _100_,བདག _100_,བདག _100_
[།​_100_],།​_100_,།​_100_,།​_100_,།​_100_,།​_100_,།​_100_,།​_100_
[ཕྱེ་_100_],ཕྱེ་_100_,ཕྱེ་_100_,ཕྱེ་_100_,ཕྱེ་_100_,ཕྱེ་_100_,ཕྱེ་_100_,ཕྱེ་_100_
[མར་_100_],མར་_100_,མར་_100_,མར་_100_,མར་_100_,མར་_100_,མར་_100_,མར་_100_
[ཉེ་_100_],ཉེ་_100_,ཉེ་_100_,ཉེ་_100_,ཉེ་_100_,ཉེ་_100_,ཉེ་_100_,ཉེ་_100_
[བར་_100_],བར་_100_,བར་_100_,བར་_100_,བར་_100_,བར་_100_,བར་_100_,བར་_100_
[བསྐུ་_100_],བསྐུ་_100_,བསྐུ་_100_,བསྐུ་_100_,བསྐུ་_100_,བསྐུ་_100_,བསྐུ་_100_,བསྐུ་_100_
[བ་_100_],བ་_100_,བ་_100_,བ་_100_,བ་_100_,བ་_100_,བ་_100_,བ་_100_
[དང་_100_],དང་_100_,དང་_100_,དང་_100_,དང་_100_,དང་_100_,དང་_100_,དང་_100_
[། །​_100_],། །​_100_,། །​_100_,། །​_100_,། །​_100_,། །​_100_,། །​_100_,། །​_100_
[ལག་_100_],ལག་_100_,ལག་_100_,ལག་_100_,ལག་_100_,ལག་_100_,ལག་_100_,ལག་_100_
[གཉིས་_100_],གཉིས་_100_,གཉིས་_100_,གཉིས་_100_,གཉིས་_100_,གཉིས་_100_,གཉིས་_100_,གཉིས་_100_
[སྟོབས་_100_],སྟོབས་_100_,སྟོབས་_100_,སྟོབས་_100_,སྟོབས་_100_,སྟོབས་_100_,སྟོབས་_100_,སྟོབས་_100_
[ཀྱིས་_100_],ཀྱིས་_100_,ཀྱིས་_100_,ཀྱིས་_100_,ཀྱིས་_100_,ཀྱིས་_100_,ཀྱིས་_100_,ཀྱིས་_100_
[མཉེས་_100_],མཉེས་_100_,མཉེས་_100_,མཉེས་_100_,མཉེས་_100_,མཉེས་_100_,མཉེས་_100_,མཉེས་_100_
[པ་_100_],པ་_100_,པ་_100_,པ་_100_,པ་_100_,པ་_100_,པ་_100_,པ་_100_
[ཡིས_100_],ཡིས_100_,ཡིས_100_,ཡིས_100_,ཡིས_100_,ཡིས_100_,ཡིས_100_,ཡིས_100_
[། །​_100_],། །​_100_,། །​_100_,། །​_100_,། །​_100_,། །​_100_,། །​_100_,། །​_100_
[མྱུར་_100_],མྱུར་_100_,མྱུར་_100_,མྱུར་_100_,མྱུར་_100_,མྱུར་_100_,མྱུར་_100_,མྱུར་_100_
[དུ་_100_],དུ་_100_,དུ་_100_,དུ་_100_,དུ་_100_,དུ་_100_,དུ་_100_,དུ་_100_
[དམག་_100_],དམག་_100_,དམག་_100_,དམག་_100_,དམག་_100_,དམག་_100_,དམག་_100_,དམག་_100_
[དང་_100_],དང་_100_,དང་_100_,དང་_100_,དང་_100_,དང་_100_,དང་_100_,དང་_100_
[རྐུན་_100_],རྐུན་_100_,རྐུན་_100_,རྐུན་_100_,རྐུན་_100_,རྐུན་_100_,རྐུན་_100_,རྐུན་_100_
[པོ་_100_],པོ་_100_,པོ་_100_,པོ་_100_,པོ་_100_,པོ་_100_,པོ་_100_,པོ་_100_
[འབྲོས_100_],འབྲོས_100_,འབྲོས_100_,འབྲོས_100_,འབྲོས_100_,འབྲོས_100_,འབྲོས_100_,འབྲོས_100_
[། །​_100_],། །​_100_,། །​_100_,། །​_100_,། །​_100_,། །​_100_,། །​_100_,། །​_100_
[ཕྱོགས་_100_],ཕྱོགས་_100_,ཕྱོགས་_100_,ཕྱོགས་_100_,ཕྱོགས་_100_,ཕྱོགས་_100_,ཕྱོགས་_100_,ཕྱོགས་_100_
[དང་_100_],དང་_100_,དང་_100_,དང་_100_,དང་_100_,དང་_100_,དང་_100_,དང་_100_
[དུས་_100_],དུས་_100_,དུས་_100_,དུས་_100_,དུས་_100_,དུས་_100_,དུས་_100_,དུས་_100_
[དང་_100_],དང་_100_,དང་_100_,དང་_100_,དང་_100_,དང་_100_,དང་_100_,དང་_100_
[ཚེས་_100_],ཚེས་_100_,ཚེས་_100_,ཚེས་_100_,ཚེས་_100_,ཚེས་_100_,ཚེས་_100_,ཚེས་_100_
[དང་_100_],དང་_100_,དང་_100_,དང་_100_,དང་_100_,དང་_100_,དང་_100_,དང་_100_
[མིག _100_],མིག _100_,མིག _100_,མིག _100_,མིག _100_,མིག _100_,མིག _100_,མིག _100_
[།​_100_],།​_100_,།​_100_,།​_100_,།​_100_,།​_100_,།​_100_,།​_100_
[རང་_100_],རང་_100_,རང་_100_,རང་_100_,རང་_100_,རང་_100_,རང་_100_,རང་_100_
[གི་_100_],གི་_100_,གི་_100_,གི་_100_,གི་_100_,གི་_100_,གི་_100_,གི་_100_
[དམར་_100_],དམར་_100_,དམར་_100_,དམར་_100_,དམར་_100_,དམར་_100_,དམར་_100_,དམར་_100_
[སྐྱེས་_100_],སྐྱེས་_100_,སྐྱེས་_100_,སྐྱེས་_100_,སྐྱེས་_100_,སྐྱེས་_100_,སྐྱེས་_100_,སྐྱེས་_100_
[དང་_100_],དང་_100_,དང་_100_,དང་_100_,དང་_100_,དང་_100_,དང་_100_,དང་_100_
[སྦྱར་_100_],སྦྱར་_100_,སྦྱར་_100_,སྦྱར་_100_,སྦྱར་_100_,སྦྱར་_100_,སྦྱར་_100_,སྦྱར་_100_
[ནས_100_],ནས_100_,ནས_100_,ནས_100_,ནས_100_,ནས_100_,ནས_100_,ནས_100_
[། །​_100_],། །​_100_,། །​_100_,། །​_100_,། །​_100_,། །​_100_,། །​_100_,། །​_100_
[དུས་_100_],དུས་_100_,དུས་_100_,དུས་_100_,དུས་_100_,དུས་_100_,དུས་_100_,དུས་_100_
[སུ་_100_],སུ་_100_,སུ་_100_,སུ་_100_,སུ་_100_,སུ་_100_,སུ་_100_,སུ་_100_
[ལག་_100_],ལག་_100_,ལག་_100_,ལག་_100_,ལག་_100_,ལག་_100_,ལག་_100_,ལག་_100_
[མཐིལ་_100_],མཐིལ་_100_,མཐིལ་_100_,མཐིལ་_100_,མཐིལ་_100_,མཐིལ་_100_,མཐིལ་_100_,མཐིལ་_100_
[བཟུང་_100_],བཟུང་_100_,བཟུང་_100_,བཟུང་_100_,བཟུང་_100_,བཟུང་_100_,བཟུང་_100_,བཟུང་_100_
[ན་_100_],ན་_100_,ན་_100_,ན་_100_,ན་_100_,ན་_100_,ན་_100_,ན་_100_
[ནི_100_],ནི_100_,ནི_100_,ནི_100_,ནི_100_,ནི_100_,ནི_100_,ནི_100_
[། །​_87_],། །​_87_,། །​_87_,། །​_87_,། །​_87_,། །​_87_,། །​_87_,། །​ _12_
[ལྕགས་_100_],ལྕགས་_100_,ལྕགས་_100_,ལྕགས་_100_,ལྕགས་_100_,ལྕགས་_100_,ལྕགས་_100_,ལྕགས་_100_
[བསྲེགས་_100_],བསྲེགས་_100_,བསྲེགས་_100_,བསྲེགས་_100_,བསྲེགས་_100_,བསྲེགས་_100_,བསྲེགས་_100_,བསྲེགས་_100_
[ཁ་_100_],ཁ་_100_,ཁ་_100_,ཁ་_100_,ཁ་_100_,ཁ་_100_,ཁ་_100_,ཁ་_100_
[བ་_100_],བ་_100_,བ་_100_,བ་_100_,བ་_100_,བ་_100_,བ་_100_,བ་_100_
[ལྟ་_100_],ལྟ་_100_,ལྟ་_100_,ལྟ་_100_,ལྟ་_100_,ལྟ་_100_,ལྟ་_100_,ལྟ་_100_
[བུར་_100_],བུར་_100_,བུར་_100_,བུར་_100_,བུར་_100_,བུར་_100_,བུར་_100_,བུར་_100_
[བསིལ_100_],བསིལ_100_,བསིལ_100_,བསིལ_100_,བསིལ_100_,བསིལ_100_,བསིལ_100_,བསིལ_100_
[། །​_100_],། །​_100_,། །​_100_,། །​_100_,། །​_100_,། །​_100_,། །​_100_,། །​_100_
[བཅུ་_100_],བཅུ་_100_,བཅུ་_100_,བཅུ་_100_,བཅུ་_100_,བཅུ་_100_,བཅུ་_100_,བཅུ་_100_
[གསུམ་_100_],གསུམ་_100_,གསུམ་_100_,གསུམ་_100_,གསུམ་_100_,གསུམ་_100_,གསུམ་_100_,གསུམ་_100_
[ཉི་_100_],ཉི་_100_,ཉི་_100_,ཉི་_100_,ཉི་_100_,ཉི་_100_,ཉི་_100_,ཉི་_100_
[མ་_100_],མ་_100_,མ་_100_,མ་_100_,མ་_100_,མ་_100_,མ་_100_,མ་_100_
[ཟླ་_100_],ཟླ་_100_,ཟླ་_100_,ཟླ་_100_,ཟླ་_100_,ཟླ་_100_,ཟླ་_100_,ཟླ་_100_
[བ་_100_],བ་_100_,བ་_100_,བ་_100_,བ་_100_,བ་_100_,བ་_100_,བ་_100_
[ཀླུ_100_],ཀླུ_100_,ཀླུ_100_,ཀླུ_100_,ཀླུ_100_,ཀླུ_100_,ཀླུ_100_,ཀླུ_100_
[། །​_100_],། །​_100_,། །​_100_,། །​_100_,། །​_100_,། །​_100_,། །​_100_,། །​_100_
[དམར་_100_],དམར་_100_,དམར་_100_,དམར་_100_,དམར་_100_,དམར་_100_,དམར་_100_,དམར་_100_
[སྐྱེས་_100_],སྐྱེས་_100_,སྐྱེས་_100_,སྐྱེས་_100_,སྐྱེས་_100_,སྐྱེས་_100_,སྐྱེས་_100_,སྐྱེས་_100_
[དང་_100_],དང་_100_,དང་_100_,དང་_100_,དང་_100_,དང་_100_,དང་_100_,དང་_100_
[ནི་_100_],ནི་_100_,ནི་_100_,ནི་_100_,ནི་_100_,ནི་_100_,ནི་_100_,ནི་_100_
[གཅིག་_100_],གཅིག་_100_,གཅིག་_100_,གཅིག་_100_,གཅིག་_100_,གཅིག་_100_,གཅིག་_100_,གཅིག་_100_
[ཏུ་_100_],ཏུ་_100_,ཏུ་_100_,ཏུ་_100_,ཏུ་_100_,ཏུ་_100_,ཏུ་_100_,ཏུ་_100_
[བྱས_100_],བྱས_100_,བྱས_100_,བྱས_100_,བྱས_100_,བྱས_100_,བྱས_100_,བྱས_100_
[། །​_87_],། །​_87_,། །​_87_,། །​_87_,། །​_87_,། །​_87_,། །​_87_,། །​ _12_
[ཀ་ར་ཉྫ་_75_],ཀ་ར་ཉྫ་_75_,ཀ་ར་ཉྫ་_75_,ཀ་ར་ཉྫ་_75_,ཀ་ར་ཉྫ་_75_,ཀ་རཉྫ་_12_,ཀ་ར་ཉྫ་_75_,ཀ་ར་ལྔ་_12_
[ཡི་_100_],ཡི་_100_,ཡི་_100_,ཡི་_100_,ཡི་_100_,ཡི་_100_,ཡི་_100_,ཡི་_100_
[རྡོག་_100_],རྡོག་_100_,རྡོག་_100_,རྡོག་_100_,རྡོག་_100_,རྡོག་_100_,རྡོག་_100_,རྡོག་_100_
[པོ་_100_],པོ་_100_,པོ་_100_,པོ་_100_,པོ་_100_,པོ་_100_,པོ་_100_,པོ་_100_
[ཙམ_100_],ཙམ_100_,ཙམ_100_,ཙམ_100_,ཙམ_100_,ཙམ_100_,ཙམ_100_,ཙམ_100_
[། །​_100_],། །​_100_,། །​_100_,། །​_100_,། །​_100_,། །​_100_,། །​_100_,། །​_100_
[མི་_100_],མི་_100_,མི་_100_,མི་_100_,མི་_100_,མི་_100_,མི་_100_,མི་_100_
[ཡི་_100_],ཡི་_100_,ཡི་_100_,ཡི་_100_,ཡི་_100_,ཡི་_100_,ཡི་_100_,ཡི་_100_
[ཁར་_100_],ཁར་_100_,ཁར་_100_,ཁར་_100_,ཁར་_100_,ཁར་_100_,ཁར་_100_,ཁར་_100_
[ནི་_100_],ནི་_100_,ནི་_100_,ནི་_100_,ནི་_100_,ནི་_100_,ནི་_100_,ནི་_100_
[བཅུག་_100_],བཅུག་_100_,བཅུག་_100_,བཅུག་_100_,བཅུག་_100_,བཅུག་_100_,བཅུག་_100_,བཅུག་_100_
[པ་_100_],པ་_100_,པ་_100_,པ་_100_,པ་_100_,པ་_100_,པ་_100_,པ་_100_
[ཡིས_100_],ཡིས_100_,ཡིས_100_,ཡིས_100_,ཡིས_100_,ཡིས_100_,ཡིས_100_,ཡིས_100_
[། །​_87_],། །​_87_,། །​_87_,། །​_87_,། །​_87_,། །​_87_,། །​_87_,། །​ །​_12_
[དུག་_100_],དུག་_100_,དུག་_100_,དུག་_100_,དུག་_100_,དུག་_100_,དུག་_100_,དུག་_100_
[ནི་_100_],ནི་_100_,ནི་_100_,ནི་_100_,ནི་_100_,ནི་_100_,ནི་_100_,ནི་_100_
[སྡོམ་_100_],སྡོམ་_100_,སྡོམ་_100_,སྡོམ་_100_,སྡོམ་_100_,སྡོམ་_100_,སྡོམ་_100_,སྡོམ་_100_
[པར་_100_],པར་_100_,པར་_100_,པར་_100_,པར་_100_,པར་_100_,པར་_100_,པར་_100_
[བྱེད་_100_],བྱེད་_100_,བྱེད་_100_,བྱེད་_100_,བྱེད་_100_,བྱེད་_100_,བྱེད་_100_,བྱེད་_100_
[པའི་_100_],པའི་_100_,པའི་_100_,པའི་_100_,པའི་_100_,པའི་_100_,པའི་_100_,པའི་_100_
[མཆོག _100_],མཆོག _100_,མཆོག _100_,མཆོག _100_,མཆོག _100_,མཆོག _100_,མཆོག _100_,མཆོག _100_
[།​_100_],།​_100_,།​_100_,།​_100_,།​_100_,།​_100_,།​_100_,།​_100_
[དྲག་_100_],དྲག་_100_,དྲག་_100_,དྲག་_100_,དྲག་_100_,དྲག་_100_,དྲག་_100_,དྲག་_100_
[པོ་_100_],པོ་_100_,པོ་_100_,པོ་_100_,པོ་_100_,པོ་_100_,པོ་_100_,པོ་_100_
[མདའ་_100_],མདའ་_100_,མདའ་_100_,མདའ་_100_,མདའ་_100_,མདའ་_100_,མདའ་_100_,མདའ་_100_
[དང་_100_],དང་_100_,དང་_100_,དང་_100_,དང་_100_,དང་_100_,དང་_100_,དང་_100_
[ས་_100_],ས་_100_,ས་_100_,ས་_100_,ས་_100_,ས་_100_,ས་_100_,ས་_100_
[བདག་_100_],བདག་_100_,བདག་_100_,བདག་_100_,བདག་_100_,བདག་_100_,བདག་_100_,བདག་_100_
[ཕྱོགས_100_],ཕྱོགས_100_,ཕྱོགས_100_,ཕྱོགས_100_,ཕྱོགས_100_,ཕྱོགས_100_,ཕྱོགས_100_,ཕྱོགས_100_
[། །​_100_],། །​_100_,། །​_100_,། །​_100_,། །​_100_,། །​_100_,། །​_100_,། །​_100_
[ལྷན་_100_],ལྷན་_100_,ལྷན་_100_,ལྷན་_100_,ལྷན་_100_,ལྷན་_100_,ལྷན་_100_,ལྷན་_100_
[ཅིག་_100_],ཅིག་_100_,ཅིག་_100_,ཅིག་_100_,ཅིག་_100_,ཅིག་_100_,ཅིག་_100_,ཅིག་_100_
[བྱུག་_100_],བྱུག་_100_,བྱུག་_100_,བྱུག་_100_,བྱུག་_100_,བྱུག་_100_,བྱུག་_100_,བྱུག་_100_
[དང་_100_],དང་_100_,དང་_100_,དང་_100_,དང་_100_,དང་_100_,དང་_100_,དང་_100_
[ལྕེ་_100_],ལྕེ་_100_,ལྕེ་_100_,ལྕེ་_100_,ལྕེ་_100_,ལྕེ་_100_,ལྕེ་_100_,ལྕེ་_100_
[ཡིས་_100_],ཡིས་_100_,ཡིས་_100_,ཡིས་_100_,ཡིས་_100_,ཡིས་_100_,ཡིས་_100_,ཡིས་_100_
[བཟའ_100_],བཟའ_100_,བཟའ_100_,བཟའ_100_,བཟའ_100_,བཟའ_100_,བཟའ_100_,བཟའ_100_
[། །​_100_],། །​_100_,། །​_100_,། །​_100_,། །​_100_,། །​_100_,། །​_100_,། །​_100_
[ལྷ་_100_],ལྷ་_100_,ལྷ་_100_,ལྷ་_100_,ལྷ་_100_,ལྷ་_100_,ལྷ་_100_,ལྷ་_100_
[ཡི་_100_],ཡི་_100_,ཡི་_100_,ཡི་_100_,ཡི་_100_,ཡི་_100_,ཡི་_100_,ཡི་_100_
[ལུས་_100_],ལུས་_100_,ལུས་_100_,ལུས་_100_,ལུས་_100_,ལུས་_100_,ལུས་_100_,ལུས་_100_
[དང་_100_],དང་_100_,དང་_100_,དང་_100_,དང་_100_,དང་_100_,དང་_100_,དང་_100_
[འདྲ་_100_],འདྲ་_100_,འདྲ་_100_,འདྲ་_100_,འདྲ་_100_,འདྲ་_100_,འདྲ་_100_,འདྲ་_100_
[བར་_100_],བར་_100_,བར་_100_,བར་_100_,བར་_100_,བར་_100_,བར་_100_,བར་_100_
[འགྱུར_100_],འགྱུར_100_,འགྱུར_100_,འགྱུར_100_,འགྱུར_100_,འགྱུར_100_,འགྱུར_100_,འགྱུར_100_
[། །​_87_],། །​_87_,། །​_87_,། །​_87_,། །​_87_,། །​_87_,། །​_87_,། །​ །​_12_
[དུས་_100_],དུས་_100_,དུས་_100_,དུས་_100_,དུས་_100_,དུས་_100_,དུས་_100_,དུས་_100_
[དང་_100_],དང་_100_,དང་_100_,དང་_100_,དང་_100_,དང་_100_,དང་_100_,དང་_100_
[ནམ་_100_],ནམ་_100_,ནམ་_100_,ནམ་_100_,ནམ་_100_,ནམ་_100_,ནམ་_100_,ནམ་_100_
[མཁའི་_100_],མཁའི་_100_,མཁའི་_100_,མཁའི་_100_,མཁའི་_100_,མཁའི་_100_,མཁའི་_100_,མཁའི་_100_
[མིག་_100_],མིག་_100_,མིག་_100_,མིག་_100_,མིག་_100_,མིག་_100_,མིག་_100_,མིག་_100_
[དང་_100_],དང་_100_,དང་_100_,དང་_100_,དང་_100_,དང་_100_,དང་_100_,དང་_100_
[ནི_100_],ནི_100_,ནི_100_,ནི_100_,ནི_100_,ནི_100_,ནི_100_,ནི_100_
[། །​_87_],། །​_87_,། །​_87_,། །​_87_,། །​_87_,། །​_87_,། །​_87_,། །​ །​_12_
[བཅུ་_100_],བཅུ་_100_,བཅུ་_100_,བཅུ་_100_,བཅུ་_100_,བཅུ་_100_,བཅུ་_100_,བཅུ་_100_
[གསུམ་_100_],གསུམ་_100_,གསུམ་_100_,གསུམ་_100_,གསུམ་_100_,གསུམ་_100_,གསུམ་_100_,གསུམ་_100_
[ཕྱེ་_100_],ཕྱེ་_100_,ཕྱེ་_100_,ཕྱེ་_100_,ཕྱེ་_100_,ཕྱེ་_100_,ཕྱེ་_100_,ཕྱེ་_100_
[མར་_100_],མར་_100_,མར་_100_,མར་_100_,མར་_100_,མར་_100_,མར་_100_,མར་_100_
[ཐུམ་_100_],ཐུམ་_100_,ཐུམ་_100_,ཐུམ་_100_,ཐུམ་_100_,ཐུམ་_100_,ཐུམ་_100_,ཐུམ་_100_
[བུ་_100_],བུ་_100_,བུ་_100_,བུ་_100_,བུ་_100_,བུ་_100_,བུ་_100_,བུ་_100_
[ནི_100_],ནི_100_,ནི_100_,ནི_100_,ནི_100_,ནི_100_,ནི_100_,ནི_100_
[། །​_100_],། །​_100_,། །​_100_,། །​_100_,། །​_100_,། །​_100_,། །​_100_,། །​_100_
[ཁྲོན་_100_],ཁྲོན་_100_,ཁྲོན་_100_,ཁྲོན་_100_,ཁྲོན་_100_,ཁྲོན་_100_,ཁྲོན་_100_,ཁྲོན་_100_
[པའི་_100_],པའི་_100_,པའི་_100_,པའི་_100_,པའི་_100_,པའི་_100_,པའི་_100_,པའི་_100_
[ནང་_100_],ནང་_100_,ནང་_100_,ནང་_100_,ནང་_100_,ནང་_100_,ནང་_100_,ནང་_100_
[དུ་_100_],དུ་_100_,དུ་_100_,དུ་_100_,དུ་_100_,དུ་_100_,དུ་_100_,དུ་_100_
[བཅུག་_100_],བཅུག་_100_,བཅུག་_100_,བཅུག་_100_,བཅུག་_100_,བཅུག་_100_,བཅུག་_100_,བཅུག་_100_
[བྱས་_100_],བྱས་_100_,བྱས་_100_,བྱས་_100_,བྱས་_100_,བྱས་_100_,བྱས་_100_,བྱས་_100_
[ན_100_],ན_100_,ན_100_,ན_100_,ན_100_,ན_100_,ན_100_,ན_100_
[། །​_87_],། །​_87_,། །​_87_,། །​_87_,། །​_87_,། །​_87_,། །​_87_,། །​ _12_
[ཆུ་_100_],ཆུ་_100_,ཆུ་_100_,ཆུ་_100_,ཆུ་_100_,ཆུ་_100_,ཆུ་_100_,ཆུ་_100_
[ལ་_100_],ལ་_100_,ལ་_100_,ལ་_100_,ལ་_100_,ལ་_100_,ལ་_100_,ལ་_100_
[ཉེ་_100_],ཉེ་_100_,ཉེ་_100_,ཉེ་_100_,ཉེ་_100_,ཉེ་_100_,ཉེ་_100_,ཉེ་_100_
[བར་_100_],བར་_100_,བར་_100_,བར་_100_,བར་_100_,བར་_100_,བར་_100_,བར་_100_
[ལོངས་_100_],ལོངས་_100_,ལོངས་_100_,ལོངས་_100_,ལོངས་_100_,ལོངས་_100_,ལོངས་_100_,ལོངས་_100_
[སྤྱོད་_100_],སྤྱོད་_100_,སྤྱོད་_100_,སྤྱོད་_100_,སྤྱོད་_100_,སྤྱོད་_100_,སྤྱོད་_100_,སྤྱོད་_100_
[ཅིང་_100_],ཅིང་_100_,ཅིང་_100_,ཅིང་_100_,ཅིང་_100_,ཅིང་_100_,ཅིང་_100_,ཅིང་_100_
[། །​_87_],། །​_87_,། །​_87_,། །​_87_,། །​_87_,། །​_87_,། །​_87_,། །​” _12_
[འགྲོ་_100_],འགྲོ་_100_,འགྲོ་_100_,འགྲོ་_100_,འགྲོ་_100_,འགྲོ་_100_,འགྲོ་_100_,འགྲོ་_100_
[བ་_100_],བ་_100_,བ་_100_,བ་_100_,བ་_100_,བ་_100_,བ་_100_,བ་_100_
[ཐམས་_100_],ཐམས་_100_,ཐམས་_100_,ཐམས་_100_,ཐམས་_100_,ཐམས་_100_,ཐམས་_100_,ཐམས་_100_
[ཅད་_100_],ཅད་_100_,ཅད་_100_,ཅད་_100_,ཅད་_100_,ཅད་_100_,ཅད་_100_,ཅད་_100_
[དབང་_100_],དབང་_100_,དབང་_100_,དབང་_100_,དབང་_100_,དབང་_100_,དབང་_100_,དབང་_100_
[དུ་_100_],དུ་_100_,དུ་_100_,དུ་_100_,དུ་_100_,དུ་_100_,དུ་_100_,དུ་_100_
[བྱེད_100_],བྱེད_100_,བྱེད_100_,བྱེད_100_,བྱེད_100_,བྱེད_100_,བྱེད_100_,བྱེད_100_
[། །​_87_],། །​_87_,། །​_87_,། །​_87_,། །​_87_,། །​_87_,། །​_87_,། །​ _12_
[ས་_100_],ས་_100_,ས་_100_,ས་_100_,ས་_100_,ས་_100_,ས་_100_,ས་_100_
[དང་_100_],དང་_100_,དང་_100_,དང་_100_,དང་_100_,དང་_100_,དང་_100_,དང་_100_
[ཉི་_100_],ཉི་_100_,ཉི་_100_,ཉི་_100_,ཉི་_100_,ཉི་_100_,ཉི་_100_,ཉི་_100_
[ཟླ་_100_],ཟླ་_100_,ཟླ་_100_,ཟླ་_100_,ཟླ་_100_,ཟླ་_100_,ཟླ་_100_,ཟླ་_100_
[ཐུབ་_100_],ཐུབ་_100_,ཐུབ་_100_,ཐུབ་_100_,ཐུབ་_100_,ཐུབ་_100_,ཐུབ་_100_,ཐུབ་_100_
[པ་_100_],པ་_100_,པ་_100_,པ་_100_,པ་_100_,པ་_100_,པ་_100_,པ་_100_
[ཡིས_100_],ཡིས_100_,ཡིས_100_,ཡིས_100_,ཡིས_100_,ཡིས_100_,ཡིས_100_,ཡིས_100_
[། །​_100_],། །​_100_,། །​_100_,། །​_100_,། །​_100_,། །​_100_,། །​_100_,། །​_100_
[རྐང་_100_],རྐང་_100_,རྐང་_100_,རྐང་_100_,རྐང་_100_,རྐང་_100_,རྐང་_100_,རྐང་_100_
[པའི་_100_],པའི་_100_,པའི་_100_,པའི་_100_,པའི་_100_,པའི་_100_,པའི་_100_,པའི་_100_
[མཐིལ་_100_],མཐིལ་_100_,མཐིལ་_100_,མཐིལ་_100_,མཐིལ་_100_,མཐིལ་_100_,མཐིལ་_100_,མཐིལ་_100_
[དུ་_100_],དུ་_100_,དུ་_100_,དུ་_100_,དུ་_100_,དུ་_100_,དུ་_100_,དུ་_100_
[བྱུགས་_100_],བྱུགས་_100_,བྱུགས་_100_,བྱུགས་_100_,བྱུགས་_100_,བྱུགས་_100_,བྱུགས་_100_,བྱུགས་_100_
[བྱས་_100_],བྱས་_100_,བྱས་_100_,བྱས་_100_,བྱས་_100_,བྱས་_100_,བྱས་_100_,བྱས་_100_
[ན_100_],ན_100_,ན_100_,ན_100_,ན_100_,ན_100_,ན_100_,ན_100_
[། །​_100_],། །​_100_,། །​_100_,། །​_100_,། །​_100_,། །​_100_,། །​_100_,། །​_100_
[སྐྱེས་_100_],སྐྱེས་_100_,སྐྱེས་_100_,སྐྱེས་_100_,སྐྱེས་_100_,སྐྱེས་_100_,སྐྱེས་_100_,སྐྱེས་_100_
[བུ་_100_],བུ་_100_,བུ་_100_,བུ་_100_,བུ་_100_,བུ་_100_,བུ་_100_,བུ་_100_
[ཆུ་_100_],ཆུ་_100_,ཆུ་_100_,ཆུ་_100_,ཆུ་_100_,ཆུ་_100_,ཆུ་_100_,ཆུ་_100_
[ནང་_100_],ནང་_100_,ནང་_100_,ནང་_100_,ནང་_100_,ནང་_100_,ནང་_100_,ནང་_100_
[ཞུགས་_100_],ཞུགས་_100_,ཞུགས་_100_,ཞུགས་_100_,ཞུགས་_100_,ཞུགས་_100_,ཞུགས་_100_,ཞུགས་_100_
[གྱུར་_100_],གྱུར་_100_,གྱུར་_100_,གྱུར་_100_,གྱུར་_100_,གྱུར་_100_,གྱུར་_100_,གྱུར་_100_
[ན_100_],ན_100_,ན_100_,ན_100_,ན_100_,ན_100_,ན_100_,ན_100_
[། །​_100_],། །​_100_,། །​_100_,། །​_100_,། །​_100_,། །​_100_,། །​_100_,། །​_100_
[རྟག་_100_],རྟག་_100_,རྟག་_100_,རྟག་_100_,རྟག་_100_,རྟག་_100_,རྟག་_100_,རྟག་_100_
[ཏུ་_100_],ཏུ་_100_,ཏུ་_100_,ཏུ་_100_,ཏུ་_100_,ཏུ་_100_,ཏུ་_100_,ཏུ་_100_
[ཐང་_100_],ཐང་_100_,ཐང་_100_,ཐང་_100_,ཐང་_100_,ཐང་_100_,ཐང་_100_,ཐང་_100_
[ལ་_100_],ལ་_100_,ལ་_100_,ལ་_100_,ལ་_100_,ལ་_100_,ལ་_100_,ལ་_100_
[འགྲོ་_100_],འགྲོ་_100_,འགྲོ་_100_,འགྲོ་_100_,འགྲོ་_100_,འགྲོ་_100_,འགྲོ་_100_,འགྲོ་_100_
[བཞིན་_100_],བཞིན་_100_,བཞིན་_100_,བཞིན་_100_,བཞིན་_100_,བཞིན་_100_,བཞིན་_100_,བཞིན་_100_
[རྒྱུ_100_],རྒྱུ_100_,རྒྱུ_100_,རྒྱུ_100_,རྒྱུ_100_,རྒྱུ_100_,རྒྱུ_100_,རྒྱུ_100_
[། །​_100_],། །​_100_,། །​_100_,། །​_100_,། །​_100_,། །​_100_,། །​_100_,། །​_100_
[ཕྱོགས་_100_],ཕྱོགས་_100_,ཕྱོགས་_100_,ཕྱོགས་_100_,ཕྱོགས་_100_,ཕྱོགས་_100_,ཕྱོགས་_100_,ཕྱོགས་_100_
[དང་_100_],དང་_100_,དང་_100_,དང་_100_,དང་_100_,དང་_100_,དང་_100_,དང་_100_
[ཀླུ་_100_],ཀླུ་_100_,ཀླུ་_100_,ཀླུ་_100_,ཀླུ་_100_,ཀླུ་_100_,ཀླུ་_100_,ཀླུ་_100_
[དང་_100_],དང་_100_,དང་_100_,དང་_100_,དང་_100_,དང་_100_,དང་_100_,དང་_100_
[ཐུབ་_100_],ཐུབ་_100_,ཐུབ་_100_,ཐུབ་_100_,ཐུབ་_100_,ཐུབ་_100_,ཐུབ་_100_,ཐུབ་_100_
[པ་_100_],པ་_100_,པ་_100_,པ་_100_,པ་_100_,པ་_100_,པ་_100_,པ་_100_
[མདའ_100_],མདའ_100_,མདའ_100_,མདའ_100_,མདའ_100_,མདའ_100_,མདའ_100_,མདའ_100_
[། །​_87_],། །​_87_,། །​_87_,། །​_87_,། །​_87_,། །​_87_,། །​_87_,། །​ །​_12_
[གང་_100_],གང་_100_,གང་_100_,གང་_100_,གང་_100_,གང་_100_,གང་_100_,གང་_100_
[གིས་_100_],གིས་_100_,གིས་_100_,གིས་_100_,གིས་_100_,གིས་_100_,གིས་_100_,གིས་_100_
[མངོན་_100_],མངོན་_100_,མངོན་_100_,མངོན་_100_,མངོན་_100_,མངོན་_100_,མངོན་_100_,མངོན་_100_
[དུ་_100_],དུ་_100_,དུ་_100_,དུ་_100_,དུ་_100_,དུ་_100_,དུ་_100_,དུ་_100_
[སྦྱོར་_100_],སྦྱོར་_100_,སྦྱོར་_100_,སྦྱོར་_100_,སྦྱོར་_100_,སྦྱོར་_100_,སྦྱོར་_100_,སྦྱོར་_100_
[བ་_100_],བ་_100_,བ་_100_,བ་_100_,བ་_100_,བ་_100_,བ་_100_,བ་_100_
[ཡིས_100_],ཡིས_100_,ཡིས_100_,ཡིས_100_,ཡིས_100_,ཡིས_100_,ཡིས_100_,ཡིས_100_
[། །​_100_],། །​_100_,། །​_100_,། །​_100_,། །​_100_,། །​_100_,། །​_100_,། །​_100_
[རིམས་_100_],རིམས་_100_,རིམས་_100_,རིམས་_100_,རིམས་_100_,རིམས་_100_,རིམས་_100_,རིམས་_100_
[དང་_100_],དང་_100_,དང་_100_,དང་_100_,དང་_100_,དང་_100_,དང་_100_,དང་_100_
[དབྱིག་_100_],དབྱིག་_100_,དབྱིག་_100_,དབྱིག་_100_,དབྱིག་_100_,དབྱིག་_100_,དབྱིག་_100_,དབྱིག་_100_
[དུག་_100_],དུག་_100_,དུག་_100_,དུག་_100_,དུག་_100_,དུག་_100_,དུག་_100_,དུག་_100_
[མ་_100_],མ་_100_,མ་_100_,མ་_100_,མ་_100_,མ་_100_,མ་_100_,མ་_100_
[ལུས་_100_],ལུས་_100_,ལུས་_100_,ལུས་_100_,ལུས་_100_,ལུས་_100_,ལུས་_100_,ལུས་_100_
[བཟློག །​_87_],བཟློག །​_87_,བཟློག །​_87_,བཟློག །​_87_,བཟློག །​_87_,བཟློག །​_87_,བཟློག །​_87_,བཟློག : །​_12_
[བཅུ་_100_],བཅུ་_100_,བཅུ་_100_,བཅུ་_100_,བཅུ་_100_,བཅུ་_100_,བཅུ་_100_,བཅུ་_100_
[པ་_100_],པ་_100_,པ་_100_,པ་_100_,པ་_100_,པ་_100_,པ་_100_,པ་_100_
[ཉི་_100_],ཉི་_100_,ཉི་_100_,ཉི་_100_,ཉི་_100_,ཉི་_100_,ཉི་_100_,ཉི་_100_
[མ་_100_],མ་_100_,མ་_100_,མ་_100_,མ་_100_,མ་_100_,མ་_100_,མ་_100_
[ཟླ་_100_],ཟླ་_100_,ཟླ་_100_,ཟླ་_100_,ཟླ་_100_,ཟླ་_100_,ཟླ་_100_,ཟླ་_100_
[བ་_100_],བ་_100_,བ་_100_,བ་_100_,བ་_100_,བ་_100_,བ་_100_,བ་_100_
[ཕྱོགས_100_],ཕྱོགས_100_,ཕྱོགས_100_,ཕྱོགས_100_,ཕྱོགས_100_,ཕྱོགས_100_,ཕྱོགས_100_,ཕྱོགས_100_
[། །​_100_],། །​_100_,། །​_100_,། །​_100_,། །​_100_,། །​_100_,། །​_100_,། །​_100_
[མཚོན་_100_],མཚོན་_100_,མཚོན་_100_,མཚོན་_100_,མཚོན་_100_,མཚོན་_100_,མཚོན་_100_,མཚོན་_100_
[དང་_100_],དང་_100_,དང་_100_,དང་_100_,དང་_100_,དང་_100_,དང་_100_,དང་_100_
[ཆར་_100_],ཆར་_100_,ཆར་_100_,ཆར་_100_,ཆར་_100_,ཆར་_100_,ཆར་_100_,ཆར་_100_
[པ་_100_],པ་_100_,པ་_100_,པ་_100_,པ་_100_,པ་_100_,པ་_100_,པ་_100_
[དམག་_100_],དམག་_100_,དམག་_100_,དམག་_100_,དམག་_100_,དམག་_100_,དམག་_100_,དམག་_100_
[ཆེན་_100_],ཆེན་_100_,ཆེན་_100_,ཆེན་_100_,ཆེན་_100_,ཆེན་_100_,ཆེན་_100_,ཆེན་_100_
[རྣམས_100_],རྣམས_100_,རྣམས_100_,རྣམས_100_,རྣམས_100_,རྣམས_100_,རྣམས_100_,རྣམས_100_
[། །​_100_],། །​_100_,། །​_100_,། །​_100_,། །​_100_,། །​_100_,། །​_100_,། །​_100_
[རིམ་_100_],རིམ་_100_,རིམ་_100_,རིམ་_100_,རིམ་_100_,རིམ་_100_,རིམ་_100_,རིམ་_100_
[པར་_100_],པར་_100_,པར་_100_,པར་_100_,པར་_100_,པར་_100_,པར་_100_,པར་_100_
[སྦྱར་_100_],སྦྱར་_100_,སྦྱར་_100_,སྦྱར་_100_,སྦྱར་_100_,སྦྱར་_100_,སྦྱར་_100_,སྦྱར་_100_
[བས་_100_],བས་_100_,བས་_100_,བས་_100_,བས་_100_,བས་_100_,བས་_100_,བས་_100_
[འཇོམས་_100_],འཇོམས་_100_,འཇོམས་_100_,འཇོམས་_100_,འཇོམས་_100_,འཇོམས་_100_,འཇོམས་_100_,འཇོམས་_100_
[པར་_100_],པར་_100_,པར་_100_,པར་_100_,པར་_100_,པར་_100_,པར་_100_,པར་_100_
[བྱེད_100_],བྱེད_100_,བྱེད_100_,བྱེད_100_,བྱེད_100_,བྱེད_100_,བྱེད_100_,བྱེད_100_
[། །​_100_],། །​_100_,། །​_100_,། །​_100_,། །​_100_,། །​_100_,། །​_100_,། །​_100_
[མདའ་_100_],མདའ་_100_,མདའ་_100_,མདའ་_100_,མདའ་_100_,མདའ་_100_,མདའ་_100_,མདའ་_100_
[དང་_87_],དང་_87_,དང་_87_,དང་_87_,དང་_87_,དང་_87_,དང་_87_,དང་།_12_
[དྲག་_100_],དྲག་_100_,དྲག་_100_,དྲག་_100_,དྲག་_100_,དྲག་_100_,དྲག་_100_,དྲག་_100_
[པོ་_100_],པོ་_100_,པོ་_100_,པོ་_100_,པོ་_100_,པོ་_100_,པོ་_100_,པོ་_100_
[ཕྱོགས་_100_],ཕྱོགས་_100_,ཕྱོགས་_100_,ཕྱོགས་_100_,ཕྱོགས་_100_,ཕྱོགས་_100_,ཕྱོགས་_100_,ཕྱོགས་_100_
[དང་_100_],དང་_100_,དང་_100_,དང་_100_,དང་_100_,དང་_100_,དང་_100_,དང་_100_
[ཀླུས_100_],ཀླུས_100_,ཀླུས_100_,ཀླུས_100_,ཀླུས_100_,ཀླུས_100_,ཀླུས_100_,ཀླུས_100_
[། །​_100_],། །​_100_,། །​_100_,། །​_100_,། །​_100_,། །​_100_,། །​_100_,། །​_100_
[སྣ་_100_],སྣ་_100_,སྣ་_100_,སྣ་_100_,སྣ་_100_,སྣ་_100_,སྣ་_100_,སྣ་_100_
[ཚོགས་_100_],ཚོགས་_100_,ཚོགས་_100_,ཚོགས་_100_,ཚོགས་_100_,ཚོགས་_100_,ཚོགས་_100_,ཚོགས་_100_
[ཀླུ་_100_],ཀླུ་_100_,ཀླུ་_100_,ཀླུ་_100_,ཀླུ་_100_,ཀླུ་_100_,ཀླུ་_100_,ཀླུ་_100_
[ཡི་_100_],ཡི་_100_,ཡི་_100_,ཡི་_100_,ཡི་_100_,ཡི་_100_,ཡི་_100_,ཡི་_100_
[ཆེ་_100_],ཆེ་_100_,ཆེ་_100_,ཆེ་_100_,ཆེ་_100_,ཆེ་_100_,ཆེ་_100_,ཆེ་_100_
[བ་_100_],བ་_100_,བ་_100_,བ་_100_,བ་_100_,བ་_100_,བ་_100_,བ་_100_
[དང་_100_],དང་_100_,དང་_100_,དང་_100_,དང་_100_,དང་_100_,དང་_100_,དང་_100_
[། །​_87_],། །​_87_,། །​_87_,། །​_87_,། །​_87_,། །​_87_,། །​_87_,། – །​_12_
[ཁྱད་_100_],ཁྱད་_100_,ཁྱད་_100_,ཁྱད་_100_,ཁྱད་_100_,ཁྱད་_100_,ཁྱད་_100_,ཁྱད་_100_
[པར་_100_],པར་_100_,པར་_100_,པར་_100_,པར་_100_,པར་_100_,པར་_100_,པར་_100_
[དུ་_100_],དུ་_100_,དུ་_100_,དུ་_100_,དུ་_100_,དུ་_100_,དུ་_100_,དུ་_100_
[ཡང་_100_],ཡང་_100_,ཡང་_100_,ཡང་_100_,ཡང་_100_,ཡང་_100_,ཡང་_100_,ཡང་_100_
[ཆུ་_100_],ཆུ་_100_,ཆུ་_100_,ཆུ་_100_,ཆུ་_100_,ཆུ་_100_,ཆུ་_100_,ཆུ་_100_
[སྲིན་_100_],སྲིན་_100_,སྲིན་_100_,སྲིན་_100_,སྲིན་_100_,སྲིན་_100_,སྲིན་_100_,སྲིན་_100_
[གྱི། །​_75_],གྱི། །​_75_,གྱི། །​_75_,གྱིས། །​_12_,གྱི། །​_75_,གྱི། །​_75_,གྱི། །​_75_,གྱིཀ །​_12_
[དུག་_100_],དུག་_100_,དུག་_100_,དུག་_100_,དུག་_100_,དུག་_100_,དུག་_100_,དུག་_100_
[ནི་_100_],ནི་_100_,ནི་_100_,ནི་_100_,ནི་_100_,ནི་_100_,ནི་_100_,ནི་_100_
[འཕྲོག་_100_],འཕྲོག་_100_,འཕྲོག་_100_,འཕྲོག་_100_,འཕྲོག་_100_,འཕྲོག་_100_,འཕྲོག་_100_,འཕྲོག་_100_
[པར་_100_],པར་_100_,པར་_100_,པར་_100_,པར་_100_,པར་_100_,པར་_100_,པར་_100_
[བྱེད་_100_],བྱེད་_100_,བྱེད་_100_,བྱེད་_100_,བྱེད་_100_,བྱེད་_100_,བྱེད་_100_,བྱེད་_100_
[པ་_100_],པ་_100_,པ་_100_,པ་_100_,པ་_100_,པ་_100_,པ་_100_,པ་_100_
[རྣམས_100_],རྣམས_100_,རྣམས_100_,རྣམས_100_,རྣམས_100_,རྣམས_100_,རྣམས_100_,རྣམས_100_
[། །​_87_],། །​_87_,། །​_87_,། །​_87_,། །​_87_,། །​_87_,། །​_87_,། །​ས །​_12_
[རྒྱལ་_100_],རྒྱལ་_100_,རྒྱལ་_100_,རྒྱལ་_100_,རྒྱལ་_100_,རྒྱལ་_100_,རྒྱལ་_100_,རྒྱལ་_100_
[པོ་_100_],པོ་_100_,པོ་_100_,པོ་_100_,པོ་_100_,པོ་_100_,པོ་_100_,པོ་_100_
[ལྷན་_100_],ལྷན་_100_,ལྷན་_100_,ལྷན་_100_,ལྷན་_100_,ལྷན་_100_,ལྷན་_100_,ལྷན་_100_
[ཅིག་_100_],ཅིག་_100_,ཅིག་_100_,ཅིག་_100_,ཅིག་_100_,ཅིག་_100_,ཅིག་_100_,ཅིག་_100_
[གཙུག་_100_],གཙུག་_100_,གཙུག་_100_,གཙུག་_100_,གཙུག་_100_,གཙུག་_100_,གཙུག་_100_,གཙུག་_100_
[ཕུད་_100_],ཕུད་_100_,ཕུད་_100_,ཕུད་_100_,ཕུད་_100_,ཕུད་_100_,ཕུད་_100_,ཕུད་_100_
[ལ་_100_],ལ་_100_,ལ་_100_,ལ་_100_,ལ་_100_,ལ་_100_,ལ་_100_,ལ་_100_
[སོགས་_100_],སོགས་_100_,སོགས་_100_,སོགས་_100_,སོགས་_100_,སོགས་_100_,སོགས་_100_,སོགས་_100_
[བཤད_100_],བཤད_100_,བཤད_100_,བཤད_100_,བཤད_100_,བཤད_100_,བཤད_100_,བཤད_100_
[། །​_100_],། །​_100_,། །​_100_,། །​_100_,། །​_100_,། །​_100_,། །​_100_,། །​_100_
[བཞི་_100_],བཞི་_100_,བཞི་_100_,བཞི་_100_,བཞི་_100_,བཞི་_100_,བཞི་_100_,བཞི་_100_
[པོས་_75_],པོས་_75_,ཡིས་_12_,ཡི་_12_,པོས་_75_,པོས་_75_,པོས་_75_,པོས་_75_
[ལྷག་_100_],ལྷག་_100_,ལྷག་_100_,ལྷག་_100_,ལྷག་_100_,ལྷག་_100_,ལྷག་_100_,ལྷག་_100_
[མའི་_75_],མའི་_75_,པའི་_25_,པའི་_25_,མའི་_75_,མའི་_75_,མའི་_75_,མའི་_75_
[སུམ་_100_],སུམ་_100_,སུམ་_100_,སུམ་_100_,སུམ་_100_,སུམ་_100_,སུམ་_100_,སུམ་_100_
[ཅུའི་_100_],ཅུའི་_100_,ཅུའི་_100_,ཅུའི་_100_,ཅུའི་_100_,ཅུའི་_100_,ཅུའི་_100_,ཅུའི་_100_
[སྦྱོར་_100_],སྦྱོར་_100_,སྦྱོར་_100_,སྦྱོར་_100_,སྦྱོར་_100_,སྦྱོར་_100_,སྦྱོར་_100_,སྦྱོར་_100_
[བསྐྱེད་_100_],བསྐྱེད་_100_,བསྐྱེད་_100_,བསྐྱེད་_100_,བསྐྱེད་_100_,བསྐྱེད་_100_,བསྐྱེད་_100_,བསྐྱེད་_100_
[པ_100_],པ_100_,པ_100_,པ_100_,པ_100_,པ_100_,པ_100_,པ_100_
[། །​_100_],། །​_100_,། །​_100_,། །​_100_,། །​_100_,། །​_100_,། །​_100_,། །​_100_
[སྐྱེས་_100_],སྐྱེས་_100_,སྐྱེས་_100_,སྐྱེས་_100_,སྐྱེས་_100_,སྐྱེས་_100_,སྐྱེས་_100_,སྐྱེས་_100_
[པ་_100_],པ་_100_,པ་_100_,པ་_100_,པ་_100_,པ་_100_,པ་_100_,པ་_100_
[བུད་_100_],བུད་_100_,བུད་_100_,བུད་_100_,བུད་_100_,བུད་_100_,བུད་_100_,བུད་_100_
[མེད་_100_],མེད་_100_,མེད་_100_,མེད་_100_,མེད་_100_,མེད་_100_,མེད་_100_,མེད་_100_
[མི་_100_],མི་_100_,མི་_100_,མི་_100_,མི་_100_,མི་_100_,མི་_100_,མི་_100_
[རྣམས་_100_],རྣམས་_100_,རྣམས་_100_,རྣམས་_100_,རྣམས་_100_,རྣམས་_100_,རྣམས་_100_,རྣམས་_100_
[རྗེས་_100_],རྗེས་_100_,རྗེས་_100_,རྗེས་_100_,རྗེས་_100_,རྗེས་_100_,རྗེས་_100_,རྗེས་_100_
[བཟུང་_75_],བཟུང་_75_,གཟུང་_25_,གཟུང་_25_,བཟུང་_75_,བཟུང་_75_,བཟུང་_75_,བཟུང་_75_
[བའི_100_],བའི_100_,བའི_100_,བའི_100_,བའི_100_,བའི_100_,བའི_100_,བའི_100_
[། །​_100_],། །​_100_,། །​_100_,། །​_100_,། །​_100_,། །​_100_,། །​_100_,། །​_100_
[ཆེད་_100_],ཆེད་_100_,ཆེད་_100_,ཆེད་_100_,ཆེད་_100_,ཆེད་_100_,ཆེད་_100_,ཆེད་_100_
[དུ་_100_],དུ་_100_,དུ་_100_,དུ་_100_,དུ་_100_,དུ་_100_,དུ་_100_,དུ་_100_
[འདི་_100_],འདི་_100_,འདི་_100_,འདི་_100_,འདི་_100_,འདི་_100_,འདི་_100_,འདི་_100_
[བྱས་_100_],བྱས་_100_,བྱས་_100_,བྱས་_100_,བྱས་_100_,བྱས་_100_,བྱས་_100_,བྱས་_100_
[ཐམས་_100_],ཐམས་_100_,ཐམས་_100_,ཐམས་_100_,ཐམས་_100_,ཐམས་_100_,ཐམས་_100_,ཐམས་_100_
[ཅད་_100_],ཅད་_100_,ཅད་_100_,ཅད་_100_,ཅད་_100_,ཅད་_100_,ཅད་_100_,ཅད་_100_
[དུས་_100_],དུས་_100_,དུས་_100_,དུས་_100_,དུས་_100_,དུས་_100_,དུས་_100_,དུས་_100_
[སུ་_100_],སུ་_100_,སུ་_100_,སུ་_100_,སུ་_100_,སུ་_100_,སུ་_100_,སུ་_100_
[བཟའ_100_],བཟའ_100_,བཟའ_100_,བཟའ_100_,བཟའ_100_,བཟའ_100_,བཟའ_100_,བཟའ_100_
[། །​_100_],། །​_100_,། །​_100_,། །​_100_,། །​_100_,། །​_100_,། །​_100_,། །​_100_
[སློབ་_100_],སློབ་_100_,སློབ་_100_,སློབ་_100_,སློབ་_100_,སློབ་_100_,སློབ་_100_,སློབ་_100_
[དཔོན་_100_],དཔོན་_100_,དཔོན་_100_,དཔོན་_100_,དཔོན་_100_,དཔོན་_100_,དཔོན་_100_,དཔོན་_100_
[ཀླུ་_100_],ཀླུ་_100_,ཀླུ་_100_,ཀླུ་_100_,ཀླུ་_100_,ཀླུ་_100_,ཀླུ་_100_,ཀླུ་_100_
[སྒྲུབ་_100_],སྒྲུབ་_100_,སྒྲུབ་_100_,སྒྲུབ་_100_,སྒྲུབ་_100_,སྒྲུབ་_100_,སྒྲུབ་_100_,སྒྲུབ་_100_
[ཀྱི་_100_],ཀྱི་_100_,ཀྱི་_100_,ཀྱི་_100_,ཀྱི་_100_,ཀྱི་_100_,ཀྱི་_100_,ཀྱི་_100_
[ཞལ་_100_],ཞལ་_100_,ཞལ་_100_,ཞལ་_100_,ཞལ་_100_,ཞལ་_100_,ཞལ་_100_,ཞལ་_100_
[སྔ་_100_],སྔ་_100_,སྔ་_100_,སྔ་_100_,སྔ་_100_,སྔ་_100_,སྔ་_100_,སྔ་_100_
[ནས་_100_],ནས་_100_,ནས་_100_,ནས་_100_,ནས་_100_,ནས་_100_,ནས་_100_,ནས་_100_
[མཛད་_100_],མཛད་_100_,མཛད་_100_,མཛད་_100_,མཛད་_100_,མཛད་_100_,མཛད་_100_,མཛད་_100_
[པ_100_],པ_100_,པ_100_,པ_100_,པ_100_,པ_100_,པ_100_,པ_100_
[། _87_],། _87_,། _87_,། _87_,། _87_,། _87_,། _87_,།  _12_
[མཆན་_100_],མཆན་_100_,མཆན་_100_,མཆན་_100_,མཆན་_100_,མཆན་_100_,མཆན་_100_,མཆན་_100_
[ཁུང་གི་_62_],ཁུང་གི་_62_,ཁུང་_25_,ཁུང་_25_,ཁུང་གི་_62_,ཁུང་གི་_62_,ཁུང་གི་_62_,ཁུང་གི“_12_
[སྦྱོར་_100_],སྦྱོར་_100_,སྦྱོར་_100_,སྦྱོར་_100_,སྦྱོར་_100_,སྦྱོར་_100_,སྦྱོར་_100_,སྦྱོར་_100_
[བ་_100_],བ་_100_,བ་_100_,བ་_100_,བ་_100_,བ་_100_,བ་_100_,བ་_100_
[ཞེས་_100_],ཞེས་_100_,ཞེས་_100_,ཞེས་_100_,ཞེས་_100_,ཞེས་_100_,ཞེས་_100_,ཞེས་_100_
[བྱ་_100_],བྱ་_100_,བྱ་_100_,བྱ་_100_,བྱ་_100_,བྱ་_100_,བྱ་_100_,བྱ་_100_
[བ་_100_],བ་_100_,བ་_100_,བ་_100_,བ་_100_,བ་_100_,བ་_100_,བ་_100_
[རྫོགས་_100_],རྫོགས་_100_,རྫོགས་_100_,རྫོགས་_100_,རྫོགས་_100_,རྫོགས་_100_,རྫོགས་_100_,རྫོགས་_100_
[སོ_100_],སོ_100_,སོ_100_,སོ_100_,སོ_100_,སོ_100_,སོ_100_,སོ_100_
[། །​ །​_75_],། །​ །​_75_,། །​ །​_75_,། །​ །​_75_,། །​ །​_75_,།། །​།_12_,། །​ །​_75_,། །​_12_
