[༄༅། །​སེང་ལྡེང་ནགས་ཀྱི་སྒྲོལ་མ་ལ་བསྟོད་པ།༄༅༅། །​_66_],༄༅། །​སེང་ལྡེང་ནགས་ཀྱི་སྒྲོལ་མ་ལ་བསྟོད་པ།༄༅༅། །​_66_,༄༅། །​སེང་ལྡེང་ནགས་ཀྱི་སྒྲོལ་མ་ལ་བསྟོད་པ།༄༅༅། །​_66_,༄༅། །​སེང་ལྡེང་ནགས་ཀྱི་སྒྲོལ་མ་ལ་བསྟོད་པ།༄༅༅། །​_66_,༄༅༅། །​_16_,༄༅། །​_16_
[རྒྱ་_100_],རྒྱ་_100_,རྒྱ་_100_,རྒྱ་_100_,རྒྱ་_100_,རྒྱ་_100_
[གར་_100_],གར་_100_,གར་_100_,གར་_100_,གར་_100_,གར་_100_
[སྐད་_100_],སྐད་_100_,སྐད་_100_,སྐད་_100_,སྐད་_100_,སྐད་_100_
[དུ_100_],དུ_100_,དུ_100_,དུ_100_,དུ_100_,དུ_100_
[། _100_],། _100_,། _100_,། _100_,། _100_,། _100_
[ཁ་_100_],ཁ་_100_,ཁ་_100_,ཁ་_100_,ཁ་_100_,ཁ་_100_
[དྷིར་_83_],དྷིར་_83_,དྷིར་_83_,དྷིར་_83_,དྷིར་_83_,དྷི་ར་_16_
[དྷ་_100_],དྷ་_100_,དྷ་_100_,དྷ་_100_,དྷ་_100_,དྷ་_100_
[ར་_100_],ར་_100_,ར་_100_,ར་_100_,ར་_100_,ར་_100_
[སྟོ་_100_],སྟོ་_100_,སྟོ་_100_,སྟོ་_100_,སྟོ་_100_,སྟོ་_100_
[ཏྲ_100_],ཏྲ_100_,ཏྲ_100_,ཏྲ_100_,ཏྲ_100_,ཏྲ_100_
[། _100_],། _100_,། _100_,། _100_,། _100_,། _100_
[བོད་_100_],བོད་_100_,བོད་_100_,བོད་_100_,བོད་_100_,བོད་_100_
[སྐད་_100_],སྐད་_100_,སྐད་_100_,སྐད་_100_,སྐད་_100_,སྐད་_100_
[དུ_100_],དུ_100_,དུ_100_,དུ_100_,དུ_100_,དུ_100_
[། _100_],། _100_,། _100_,། _100_,། _100_,། _100_
[སེང་_100_],སེང་_100_,སེང་_100_,སེང་_100_,སེང་_100_,སེང་_100_
[ལྡེང་_100_],ལྡེང་_100_,ལྡེང་_100_,ལྡེང་_100_,ལྡེང་_100_,ལྡེང་_100_
[ནགས་_100_],ནགས་_100_,ནགས་_100_,ནགས་_100_,ནགས་_100_,ནགས་_100_
[ཀྱི་_100_],ཀྱི་_100_,ཀྱི་_100_,ཀྱི་_100_,ཀྱི་_100_,ཀྱི་_100_
[སྒྲོལ་_100_],སྒྲོལ་_100_,སྒྲོལ་_100_,སྒྲོལ་_100_,སྒྲོལ་_100_,སྒྲོལ་_100_
[མ་_100_],མ་_100_,མ་_100_,མ་_100_,མ་_100_,མ་_100_
[ལ་_100_],ལ་_100_,ལ་_100_,ལ་_100_,ལ་_100_,ལ་_100_
[བསྟོད་_100_],བསྟོད་_100_,བསྟོད་_100_,བསྟོད་_100_,བསྟོད་_100_,བསྟོད་_100_
[པ_100_],པ_100_,པ_100_,པ_100_,པ_100_,པ_100_
[། _100_],། _100_,། _100_,། _100_,། _100_,། _100_
[འཕགས་_100_],འཕགས་_100_,འཕགས་_100_,འཕགས་_100_,འཕགས་_100_,འཕགས་_100_
[མ་_100_],མ་_100_,མ་_100_,མ་_100_,མ་_100_,མ་_100_
[སེང་_100_],སེང་_100_,སེང་_100_,སེང་_100_,སེང་_100_,སེང་_100_
[ལྡེང་_100_],ལྡེང་_100_,ལྡེང་_100_,ལྡེང་_100_,ལྡེང་_100_,ལྡེང་_100_
[ནགས་_100_],ནགས་_100_,ནགས་_100_,ནགས་_100_,ནགས་_100_,ནགས་_100_
[ཀྱི་_100_],ཀྱི་_100_,ཀྱི་_100_,ཀྱི་_100_,ཀྱི་_100_,ཀྱི་_100_
[སྒྲོལ་_100_],སྒྲོལ་_100_,སྒྲོལ་_100_,སྒྲོལ་_100_,སྒྲོལ་_100_,སྒྲོལ་_100_
[མ་_100_],མ་_100_,མ་_100_,མ་_100_,མ་_100_,མ་_100_
[ལ་_100_],ལ་_100_,ལ་_100_,ལ་_100_,ལ་_100_,ལ་_100_
[ཕྱག་_100_],ཕྱག་_100_,ཕྱག་_100_,ཕྱག་_100_,ཕྱག་_100_,ཕྱག་_100_
[འཚལ་_100_],འཚལ་_100_,འཚལ་_100_,འཚལ་_100_,འཚལ་_100_,འཚལ་_100_
[ལོ_100_],ལོ_100_,ལོ_100_,ལོ_100_,ལོ_100_,ལོ_100_
[། །​_100_],། །​_100_,། །​_100_,། །​_100_,། །​_100_,། །​_100_
[འཕགས་_100_],འཕགས་_100_,འཕགས་_100_,འཕགས་_100_,འཕགས་_100_,འཕགས་_100_
[མའི་_100_],མའི་_100_,མའི་_100_,མའི་_100_,མའི་_100_,མའི་_100_
[ཕོ་_100_],ཕོ་_100_,ཕོ་_100_,ཕོ་_100_,ཕོ་_100_,ཕོ་_100_
[བྲང་_100_],བྲང་_100_,བྲང་_100_,བྲང་_100_,བྲང་_100_,བྲང་_100_
[སེང་_100_],སེང་_100_,སེང་_100_,སེང་_100_,སེང་_100_,སེང་_100_
[ལྡེང་_100_],ལྡེང་_100_,ལྡེང་_100_,ལྡེང་_100_,ལྡེང་_100_,ལྡེང་_100_
[ནགས་_100_],ནགས་_100_,ནགས་_100_,ནགས་_100_,ནགས་_100_,ནགས་_100_
[ན་_100_],ན་_100_,ན་_100_,ན་_100_,ན་_100_,ན་_100_
[སྒྲོལ་_100_],སྒྲོལ་_100_,སྒྲོལ་_100_,སྒྲོལ་_100_,སྒྲོལ་_100_,སྒྲོལ་_100_
[མ་_100_],མ་_100_,མ་_100_,མ་_100_,མ་_100_,མ་_100_
[རྩེ_100_],རྩེ_100_,རྩེ_100_,རྩེ_100_,རྩེ_100_,རྩེ_100_
[། །​_100_],། །​_100_,། །​_100_,། །​_100_,། །​_100_,། །​_100_
[ཨུ་_100_],ཨུ་_100_,ཨུ་_100_,ཨུ་_100_,ཨུ་_100_,ཨུ་_100_
[དུམ་_100_],དུམ་_100_,དུམ་_100_,དུམ་_100_,དུམ་_100_,དུམ་_100_
[ཝ་_100_],ཝ་_100_,ཝ་_100_,ཝ་_100_,ཝ་_100_,ཝ་_100_
[ར་_100_],ར་_100_,ར་_100_,ར་_100_,ར་_100_,ར་_100_
[སེང་_100_],སེང་_100_,སེང་_100_,སེང་_100_,སེང་_100_,སེང་_100_
[ལྡེང་_100_],ལྡེང་_100_,ལྡེང་_100_,ལྡེང་_100_,ལྡེང་_100_,ལྡེང་_100_
[རྒྱ་_100_],རྒྱ་_100_,རྒྱ་_100_,རྒྱ་_100_,རྒྱ་_100_,རྒྱ་_100_
[ཤུག་_100_],ཤུག་_100_,ཤུག་_100_,ཤུག་_100_,ཤུག་_100_,ཤུག་_100_
[ནྱ་_100_],ནྱ་_100_,ནྱ་_100_,ནྱ་_100_,ནྱ་_100_,ནྱ་_100_
[གྲོ་_100_],གྲོ་_100_,གྲོ་_100_,གྲོ་_100_,གྲོ་_100_,གྲོ་_100_
[ཏ_100_],ཏ_100_,ཏ_100_,ཏ_100_,ཏ_100_,ཏ_100_
[། །​_100_],། །​_100_,། །​_100_,། །​_100_,། །​_100_,། །​_100_
[ཙན་_100_],ཙན་_100_,ཙན་_100_,ཙན་_100_,ཙན་_100_,ཙན་_100_
[དན་_100_],དན་_100_,དན་_100_,དན་_100_,དན་_100_,དན་_100_
[འབྲས་_100_],འབྲས་_100_,འབྲས་_100_,འབྲས་_100_,འབྲས་_100_,འབྲས་_100_
[བུ་_100_],བུ་_100_,བུ་_100_,བུ་_100_,བུ་_100_,བུ་_100_
[གསུམ་_100_],གསུམ་_100_,གསུམ་_100_,གསུམ་_100_,གསུམ་_100_,གསུམ་_100_
[སྟོང་_100_],སྟོང་_100_,སྟོང་_100_,སྟོང་_100_,སྟོང་_100_,སྟོང་_100_
[ཛ་_100_],ཛ་_100_,ཛ་_100_,ཛ་_100_,ཛ་_100_,ཛ་_100_
[ཏི་_100_],ཏི་_100_,ཏི་_100_,ཏི་_100_,ཏི་_100_,ཏི་_100_
[ལི་_100_],ལི་_100_,ལི་_100_,ལི་_100_,ལི་_100_,ལི་_100_
[ཤིའི་_100_],ཤིའི་_100_,ཤིའི་_100_,ཤིའི་_100_,ཤིའི་_100_,ཤིའི་_100_
[ཚལ_100_],ཚལ_100_,ཚལ_100_,ཚལ_100_,ཚལ_100_,ཚལ_100_
[། །​_100_],། །​_100_,། །​_100_,། །​_100_,། །​_100_,། །​_100_
[ཁ་_100_],ཁ་_100_,ཁ་_100_,ཁ་_100_,ཁ་_100_,ཁ་_100_
[ཟུམ་_100_],ཟུམ་_100_,ཟུམ་_100_,ཟུམ་_100_,ཟུམ་_100_,ཟུམ་_100_
[ཁ་_100_],ཁ་_100_,ཁ་_100_,ཁ་_100_,ཁ་_100_,ཁ་_100_
[བྱེ་_100_],བྱེ་_100_,བྱེ་_100_,བྱེ་_100_,བྱེ་_100_,བྱེ་_100_
[མེ་_100_],མེ་_100_,མེ་_100_,མེ་_100_,མེ་_100_,མེ་_100_
[ཏོག་_100_],ཏོག་_100_,ཏོག་_100_,ཏོག་_100_,ཏོག་_100_,ཏོག་_100_
[ཤིང་_100_],ཤིང་_100_,ཤིང་_100_,ཤིང་_100_,ཤིང་_100_,ཤིང་_100_
[ལོ་_100_],ལོ་_100_,ལོ་_100_,ལོ་_100_,ལོ་_100_,ལོ་_100_
[ཉམས་_100_],ཉམས་_100_,ཉམས་_100_,ཉམས་_100_,ཉམས་_100_,ཉམས་_100_
[དགའི་_100_],དགའི་_100_,དགའི་_100_,དགའི་_100_,དགའི་_100_,དགའི་_100_
[གནས_100_],གནས_100_,གནས_100_,གནས_100_,གནས_100_,གནས_100_
[། །​_100_],། །​_100_,། །​_100_,། །​_100_,། །​_100_,། །​_100_
[ལྗོན་_100_],ལྗོན་_100_,ལྗོན་_100_,ལྗོན་_100_,ལྗོན་_100_,ལྗོན་_100_
[ཤིང་_100_],ཤིང་_100_,ཤིང་_100_,ཤིང་_100_,ཤིང་_100_,ཤིང་_100_
[འབྲས་_100_],འབྲས་_100_,འབྲས་_100_,འབྲས་_100_,འབྲས་_100_,འབྲས་_100_
[བུ་_100_],བུ་_100_,བུ་_100_,བུ་_100_,བུ་_100_,བུ་_100_
[སྨིན་_100_],སྨིན་_100_,སྨིན་_100_,སྨིན་_100_,སྨིན་_100_,སྨིན་_100_
[དང་_100_],དང་_100_,དང་_100_,དང་_100_,དང་_100_,དང་_100_
[མ་_100_],མ་_100_,མ་_100_,མ་_100_,མ་_100_,མ་_100_
[སྨིན་_100_],སྨིན་_100_,སྨིན་_100_,སྨིན་_100_,སྨིན་_100_,སྨིན་_100_
[ཏཾ་_100_],ཏཾ་_100_,ཏཾ་_100_,ཏཾ་_100_,ཏཾ་_100_,ཏཾ་_100_
[པོ་_100_],པོ་_100_,པོ་_100_,པོ་_100_,པོ་_100_,པོ་_100_
[ལ_100_],ལ_100_,ལ_100_,ལ_100_,ལ_100_,ལ_100_
[། །​_100_],། །​_100_,། །​_100_,། །​_100_,། །​_100_,། །​_100_
[ཡན་_100_],ཡན་_100_,ཡན་_100_,ཡན་_100_,ཡན་_100_,ཡན་_100_
[ལག་_100_],ལག་_100_,ལག་_100_,ལག་_100_,ལག་_100_,ལག་_100_
[བརྒྱད་_100_],བརྒྱད་_100_,བརྒྱད་_100_,བརྒྱད་_100_,བརྒྱད་_100_,བརྒྱད་_100_
[ལྡན་_100_],ལྡན་_100_,ལྡན་_100_,ལྡན་_100_,ལྡན་_100_,ལྡན་_100_
[ཆུ་_100_],ཆུ་_100_,ཆུ་_100_,ཆུ་_100_,ཆུ་_100_,ཆུ་_100_
[ནི་_100_],ནི་_100_,ནི་_100_,ནི་_100_,ནི་_100_,ནི་_100_
[ལྷུང་_100_],ལྷུང་_100_,ལྷུང་_100_,ལྷུང་_100_,ལྷུང་_100_,ལྷུང་_100_
[ལྷུང་_100_],ལྷུང་_100_,ལྷུང་_100_,ལྷུང་_100_,ལྷུང་_100_,ལྷུང་_100_
[སྒྲ་_100_],སྒྲ་_100_,སྒྲ་_100_,སྒྲ་_100_,སྒྲ་_100_,སྒྲ་_100_
[སྙན་_100_],སྙན་_100_,སྙན་_100_,སྙན་_100_,སྙན་_100_,སྙན་_100_
[ལ_100_],ལ_100_,ལ_100_,ལ_100_,ལ_100_,ལ_100_
[། །​_100_],། །​_100_,། །​_100_,། །​_100_,། །​_100_,། །​_100_
[རྨ་_100_],རྨ་_100_,རྨ་_100_,རྨ་_100_,རྨ་_100_,རྨ་_100_
[བྱ་_100_],བྱ་_100_,བྱ་_100_,བྱ་_100_,བྱ་_100_,བྱ་_100_
[ནཻ་_83_],ནཻ་_83_,ནཻ་_83_,ནཻ་_83_,ནཻ་_83_,ནེ་_16_
[ཙོ་_100_],ཙོ་_100_,ཙོ་_100_,ཙོ་_100_,ཙོ་_100_,ཙོ་_100_
[ཁུ་_100_],ཁུ་_100_,ཁུ་_100_,ཁུ་_100_,ཁུ་_100_,ཁུ་_100_
[བྱུག་_100_],བྱུག་_100_,བྱུག་_100_,བྱུག་_100_,བྱུག་_100_,བྱུག་_100_
[བཞད་_100_],བཞད་_100_,བཞད་_100_,བཞད་_100_,བཞད་_100_,བཞད་_100_
[རྣམས་_100_],རྣམས་_100_,རྣམས་_100_,རྣམས་_100_,རྣམས་_100_,རྣམས་_100_
[སྒྲ་_100_],སྒྲ་_100_,སྒྲ་_100_,སྒྲ་_100_,སྒྲ་_100_,སྒྲ་_100_
[སྙན་_100_],སྙན་_100_,སྙན་_100_,སྙན་_100_,སྙན་_100_,སྙན་_100_
[སྒྲོགས_100_],སྒྲོགས_100_,སྒྲོགས_100_,སྒྲོགས_100_,སྒྲོགས_100_,སྒྲོགས_100_
[། །​_100_],། །​_100_,། །​_100_,། །​_100_,། །​_100_,། །​_100_
[སྟག་_100_],སྟག་_100_,སྟག་_100_,སྟག་_100_,སྟག་_100_,སྟག་_100_
[གཟིག་_100_],གཟིག་_100_,གཟིག་_100_,གཟིག་_100_,གཟིག་_100_,གཟིག་_100_
[རྒྱུག་_100_],རྒྱུག་_100_,རྒྱུག་_100_,རྒྱུག་_100_,རྒྱུག་_100_,རྒྱུག་_100_
[ཅིང་_100_],ཅིང་_100_,ཅིང་_100_,ཅིང་_100_,ཅིང་_100_,ཅིང་_100_
[ཨེ་_100_],ཨེ་_100_,ཨེ་_100_,ཨེ་_100_,ཨེ་_100_,ཨེ་_100_
[ནས་_100_],ནས་_100_,ནས་_100_,ནས་_100_,ནས་_100_,ནས་_100_
[གར་_100_],གར་_100_,གར་_100_,གར་_100_,གར་_100_,གར་_100_
[བྱེད་_100_],བྱེད་_100_,བྱེད་_100_,བྱེད་_100_,བྱེད་_100_,བྱེད་_100_
[དོམ་_100_],དོམ་_100_,དོམ་_100_,དོམ་_100_,དོམ་_100_,དོམ་_100_
[དྲེད་_100_],དྲེད་_100_,དྲེད་_100_,དྲེད་_100_,དྲེད་_100_,དྲེད་_100_
[མཚོངས། །​_83_],མཚོངས། །​_83_,མཚོངས། །​_83_,མཚོངས། །​_83_,མཚོངས། །​_83_,མཆོངས། །​ _16_
[ལྕེ་_100_],ལྕེ་_100_,ལྕེ་_100_,ལྕེ་_100_,ལྕེ་_100_,ལྕེ་_100_
[སྤྱང་_100_],སྤྱང་_100_,སྤྱང་_100_,སྤྱང་_100_,སྤྱང་_100_,སྤྱང་_100_
[གླུ་_100_],གླུ་_100_,གླུ་_100_,གླུ་_100_,གླུ་_100_,གླུ་_100_
[ལེན་_100_],ལེན་_100_,ལེན་_100_,ལེན་_100_,ལེན་_100_,ལེན་_100_
[སྤྲེ་སྤྲེ་_83_],སྤྲེ་སྤྲེ་_83_,སྤྲེ་སྤྲེ་_83_,སྤྲེ་སྤྲེ་_83_,སྤྲེ་སྤྲེ་_83_,སྤྲོ་སྤྲོ་_16_
[ཁྲི་_100_],ཁྲི་_100_,ཁྲི་_100_,ཁྲི་_100_,ཁྲི་_100_,ཁྲི་_100_
[སྙན་_100_],སྙན་_100_,སྙན་_100_,སྙན་_100_,སྙན་_100_,སྙན་_100_
[བཻའུ་སྣུན_83_],བཻའུ་སྣུན_83_,བཻའུ་སྣུན_83_,བཻའུ་སྣུན_83_,བཻའུ་སྣུན_83_,བེའུ་སྙན_16_
[། །​_100_],། །​_100_,། །​_100_,། །​_100_,། །​_100_,། །​_100_
[ལྷའི་_100_],ལྷའི་_100_,ལྷའི་_100_,ལྷའི་_100_,ལྷའི་_100_,ལྷའི་_100_
[བུ་_100_],བུ་_100_,བུ་_100_,བུ་_100_,བུ་_100_,བུ་_100_
[མོ་_100_],མོ་_100_,མོ་_100_,མོ་_100_,མོ་_100_,མོ་_100_
[གཞོན་_100_],གཞོན་_100_,གཞོན་_100_,གཞོན་_100_,གཞོན་_100_,གཞོན་_100_
[ནུ་_100_],ནུ་_100_,ནུ་_100_,ནུ་_100_,ནུ་_100_,ནུ་_100_
[ནགས་ན་_66_],ནགས་ན་_66_,ནགས་ན་_66_,ནགས་_33_,ནགས་_33_,ནགས་ན་_66_
[དྲུག་_100_],དྲུག་_100_,དྲུག་_100_,དྲུག་_100_,དྲུག་_100_,དྲུག་_100_
[ལྡན་_100_],ལྡན་_100_,ལྡན་_100_,ལྡན་_100_,ལྡན་_100_,ལྡན་_100_
[ལེན_100_],ལེན_100_,ལེན_100_,ལེན_100_,ལེན_100_,ལེན_100_
[། །​_100_],། །​_100_,། །​_100_,། །​_100_,། །​_100_,། །​_100_
[དགེ་_100_],དགེ་_100_,དགེ་_100_,དགེ་_100_,དགེ་_100_,དགེ་_100_
[སློང་_100_],སློང་_100_,སློང་_100_,སློང་_100_,སློང་_100_,སློང་_100_
[ཀླུ་_100_],ཀླུ་_100_,ཀླུ་_100_,ཀླུ་_100_,ཀླུ་_100_,ཀླུ་_100_
[གྲུབ་_100_],གྲུབ་_100_,གྲུབ་_100_,གྲུབ་_100_,གྲུབ་_100_,གྲུབ་_100_
[སེང་_100_],སེང་_100_,སེང་_100_,སེང་_100_,སེང་_100_,སེང་_100_
[ལྡེང་_100_],ལྡེང་_100_,ལྡེང་_100_,ལྡེང་_100_,ལྡེང་_100_,ལྡེང་_100_
[ནགས་_100_],ནགས་_100_,ནགས་_100_,ནགས་_100_,ནགས་_100_,ནགས་_100_
[ན་_100_],ན་_100_,ན་_100_,ན་_100_,ན་_100_,ན་_100_
[གྲུབ་_100_],གྲུབ་_100_,གྲུབ་_100_,གྲུབ་_100_,གྲུབ་_100_,གྲུབ་_100_
[ཆེན་_100_],ཆེན་_100_,ཆེན་_100_,ཆེན་_100_,ཆེན་_100_,ཆེན་_100_
[མཛད_100_],མཛད_100_,མཛད_100_,མཛད_100_,མཛད_100_,མཛད_100_
[། །​_100_],། །​_100_,། །​_100_,། །​_100_,། །​_100_,། །​_100_
[སྒྲོལ་_100_],སྒྲོལ་_100_,སྒྲོལ་_100_,སྒྲོལ་_100_,སྒྲོལ་_100_,སྒྲོལ་_100_
[མ་_100_],མ་_100_,མ་_100_,མ་_100_,མ་_100_,མ་_100_
[གཤེགས་_100_],གཤེགས་_100_,གཤེགས་_100_,གཤེགས་_100_,གཤེགས་_100_,གཤེགས་_100_
[བཞུད་_100_],བཞུད་_100_,བཞུད་_100_,བཞུད་_100_,བཞུད་_100_,བཞུད་_100_
[ཞིང་_100_],ཞིང་_100_,ཞིང་_100_,ཞིང་_100_,ཞིང་_100_,ཞིང་_100_
[ཁམས་_100_],ཁམས་_100_,ཁམས་_100_,ཁམས་_100_,ཁམས་_100_,ཁམས་_100_
[གནས་_100_],གནས་_100_,གནས་_100_,གནས་_100_,གནས་_100_,གནས་_100_
[ལ་_100_],ལ་_100_,ལ་_100_,ལ་_100_,ལ་_100_,ལ་_100_
[ཕྱག་_100_],ཕྱག་_100_,ཕྱག་_100_,ཕྱག་_100_,ཕྱག་_100_,ཕྱག་_100_
[འཚལ་_100_],འཚལ་_100_,འཚལ་_100_,འཚལ་_100_,འཚལ་_100_,འཚལ་_100_
[བསྟོད_100_],བསྟོད_100_,བསྟོད_100_,བསྟོད_100_,བསྟོད_100_,བསྟོད_100_
[། །​_100_],། །​_100_,། །​_100_,། །​_100_,། །​_100_,། །​_100_
[སྐྱེ་_100_],སྐྱེ་_100_,སྐྱེ་_100_,སྐྱེ་_100_,སྐྱེ་_100_,སྐྱེ་_100_
[མེད་_100_],མེད་_100_,མེད་_100_,མེད་_100_,མེད་_100_,མེད་_100_
[ཐུགས་_100_],ཐུགས་_100_,ཐུགས་_100_,ཐུགས་_100_,ཐུགས་_100_,ཐུགས་_100_
[རྗེའི་_100_],རྗེའི་_100_,རྗེའི་_100_,རྗེའི་_100_,རྗེའི་_100_,རྗེའི་_100_
[མཚོ་_100_],མཚོ་_100_,མཚོ་_100_,མཚོ་_100_,མཚོ་_100_,མཚོ་_100_
[ལས་_100_],ལས་_100_,ལས་_100_,ལས་_100_,ལས་_100_,ལས་_100_
[པདྨ་_83_],པདྨ་_83_,པདྨ་_83_,པདྨ་_83_,པདྨ་_83_,པད་མ་_16_
[མར་_100_],མར་_100_,མར་_100_,མར་_100_,མར་_100_,མར་_100_
[གད་_100_],གད་_100_,གད་_100_,གད་_100_,གད་_100_,གད་_100_
[མདོག _100_],མདོག _100_,མདོག _100_,མདོག _100_,མདོག _100_,མདོག _100_
[།​_100_],།​_100_,།​_100_,།​_100_,།​_100_,།​_100_
[མེ་_83_],མེ་_83_,མེ་_83_,མེ་_83_,མེ་_83_,མེ་སེང་ལྡེང་ནགས་ཀྱི་སྒྲོལ་མ་ལ་བསྟོད་པ། _16_
[ཏོག་_100_],ཏོག་_100_,ཏོག་_100_,ཏོག་_100_,ཏོག་_100_,ཏོག་_100_
[ཟླ་_100_],ཟླ་_100_,ཟླ་_100_,ཟླ་_100_,ཟླ་_100_,ཟླ་_100_
[མཛེས་_100_],མཛེས་_100_,མཛེས་_100_,མཛེས་_100_,མཛེས་_100_,མཛེས་_100_
[བུད་_100_],བུད་_100_,བུད་_100_,བུད་_100_,བུད་_100_,བུད་_100_
[མེད་_100_],མེད་_100_,མེད་_100_,མེད་_100_,མེད་_100_,མེད་_100_
[རིན་_100_],རིན་_100_,རིན་_100_,རིན་_100_,རིན་_100_,རིན་_100_
[ཆེན་_100_],ཆེན་_100_,ཆེན་_100_,ཆེན་_100_,ཆེན་_100_,ཆེན་_100_
[བཅུད་_100_],བཅུད་_100_,བཅུད་_100_,བཅུད་_100_,བཅུད་_100_,བཅུད་_100_
[ཀྱིས་_100_],ཀྱིས་_100_,ཀྱིས་_100_,ཀྱིས་_100_,ཀྱིས་_100_,ཀྱིས་_100_
[མཛེས_100_],མཛེས_100_,མཛེས_100_,མཛེས_100_,མཛེས_100_,མཛེས_100_
[། །​_100_],། །​_100_,། །​_100_,། །​_100_,། །​_100_,། །​_100_
[ངང་_100_],ངང་_100_,ངང་_100_,ངང་_100_,ངང་_100_,ངང་_100_
[པའི་_100_],པའི་_100_,པའི་_100_,པའི་_100_,པའི་_100_,པའི་_100_
[འགྲོས་_100_],འགྲོས་_100_,འགྲོས་_100_,འགྲོས་_100_,འགྲོས་_100_,འགྲོས་_100_
[ལྟར་_100_],ལྟར་_100_,ལྟར་_100_,ལྟར་_100_,ལྟར་_100_,ལྟར་_100_
[བགྱིད་_100_],བགྱིད་_100_,བགྱིད་_100_,བགྱིད་_100_,བགྱིད་_100_,བགྱིད་_100_
[ཞིང་_100_],ཞིང་_100_,ཞིང་_100_,ཞིང་_100_,ཞིང་_100_,ཞིང་_100_
[གཉིས་_100_],གཉིས་_100_,གཉིས་_100_,གཉིས་_100_,གཉིས་_100_,གཉིས་_100_
[འཐུང་_100_],འཐུང་_100_,འཐུང་_100_,འཐུང་_100_,འཐུང་_100_,འཐུང་_100_
[དྲེག་_100_],དྲེག་_100_,དྲེག་_100_,དྲེག་_100_,དྲེག་_100_,དྲེག་_100_
[བཞིན་_100_],བཞིན་_100_,བཞིན་_100_,བཞིན་_100_,བཞིན་_100_,བཞིན་_100_
[གཟིགས_100_],གཟིགས_100_,གཟིགས_100_,གཟིགས_100_,གཟིགས_100_,གཟིགས_100_
[། །​_100_],། །​_100_,། །​_100_,། །​_100_,། །​_100_,། །​_100_
[བདེ་_100_],བདེ་_100_,བདེ་_100_,བདེ་_100_,བདེ་_100_,བདེ་_100_
[གཤེགས་_100_],གཤེགས་_100_,གཤེགས་_100_,གཤེགས་_100_,གཤེགས་_100_,གཤེགས་_100_
[ཐུགས་_100_],ཐུགས་_100_,ཐུགས་_100_,ཐུགས་_100_,ཐུགས་_100_,ཐུགས་_100_
[རྗེའི་_100_],རྗེའི་_100_,རྗེའི་_100_,རྗེའི་_100_,རྗེའི་_100_,རྗེའི་_100_
[རླན་_100_],རླན་_100_,རླན་_100_,རླན་_100_,རླན་_100_,རླན་_100_
[གྱིས་_100_],གྱིས་_100_,གྱིས་_100_,གྱིས་_100_,གྱིས་_100_,གྱིས་_100_
[གང་_100_],གང་_100_,གང་_100_,གང་_100_,གང་_100_,གང་_100_
[མོས་_100_],མོས་_100_,མོས་_100_,མོས་_100_,མོས་_100_,མོས་_100_
[སྐུར་_100_],སྐུར་_100_,སྐུར་_100_,སྐུར་_100_,སྐུར་_100_,སྐུར་_100_
[སྟོན་_100_],སྟོན་_100_,སྟོན་_100_,སྟོན་_100_,སྟོན་_100_,སྟོན་_100_
[མ_100_],མ_100_,མ_100_,མ_100_,མ_100_,མ_100_
[། །​_100_],། །​_100_,། །​_100_,། །​_100_,། །​_100_,། །​_100_
[གསེར་_100_],གསེར་_100_,གསེར་_100_,གསེར་_100_,གསེར་_100_,གསེར་_100_
[གྱི་_100_],གྱི་_100_,གྱི་_100_,གྱི་_100_,གྱི་_100_,གྱི་_100_
[པདྨས་སྙན་རྒྱན་ཨུཏྤལ་_50_],པདྨས་སྙན་རྒྱན་ཨུཏྤལ་_50_,པདྨས་སྙན་རྒྱན་ཨུཏྤལ་_50_,པདྨས་སྙན་བརྒྱན་ཨུཏྤལ་_33_,པདྨས་སྙན་བརྒྱན་ཨུཏྤལ་_33_,པད་མས་སྙན་རྒྱན་ ཨུད་པལ་_16_
[དར་_100_],དར་_100_,དར་_100_,དར་_100_,དར་_100_,དར་_100_
[དཔྱངས་_100_],དཔྱངས་_100_,དཔྱངས་_100_,དཔྱངས་_100_,དཔྱངས་_100_,དཔྱངས་_100_
[ཅན_100_],ཅན_100_,ཅན_100_,ཅན_100_,ཅན_100_,ཅན_100_
[། །​_100_],། །​_100_,། །​_100_,། །​_100_,། །​_100_,། །​_100_
[རིན་_100_],རིན་_100_,རིན་_100_,རིན་_100_,རིན་_100_,རིན་_100_
[ཆེན་_100_],ཆེན་_100_,ཆེན་_100_,ཆེན་_100_,ཆེན་_100_,ཆེན་_100_
[རྩེ་_100_],རྩེ་_100_,རྩེ་_100_,རྩེ་_100_,རྩེ་_100_,རྩེ་_100_
[བྲན་_100_],བྲན་_100_,བྲན་_100_,བྲན་_100_,བྲན་_100_,བྲན་_100_
[དབུ་_100_],དབུ་_100_,དབུ་_100_,དབུ་_100_,དབུ་_100_,དབུ་_100_
[ལ་_100_],ལ་_100_,ལ་_100_,ལ་_100_,ལ་_100_,ལ་_100_
[དོན་_100_],དོན་_100_,དོན་_100_,དོན་_100_,དོན་_100_,དོན་_100_
[གྲུབ་_100_],གྲུབ་_100_,གྲུབ་_100_,གྲུབ་_100_,གྲུབ་_100_,གྲུབ་_100_
[ཅོད་_100_],ཅོད་_100_,ཅོད་_100_,ཅོད་_100_,ཅོད་_100_,ཅོད་_100_
[པན་_100_],པན་_100_,པན་_100_,པན་_100_,པན་_100_,པན་_100_
[བཞུགས_100_],བཞུགས_100_,བཞུགས_100_,བཞུགས_100_,བཞུགས_100_,བཞུགས_100_
[། །​_100_],། །​_100_,། །​_100_,། །​_100_,། །​_100_,། །​_100_
[མུ་_100_],མུ་_100_,མུ་_100_,མུ་_100_,མུ་_100_,མུ་_100_
[ཏིག་_100_],ཏིག་_100_,ཏིག་_100_,ཏིག་_100_,ཏིག་_100_,ཏིག་_100_
[བཙོ་_100_],བཙོ་_100_,བཙོ་_100_,བཙོ་_100_,བཙོ་_100_,བཙོ་_100_
[མ་_100_],མ་_100_,མ་_100_,མ་_100_,མ་_100_,མ་_100_
[བྱུ་_100_],བྱུ་_100_,བྱུ་_100_,བྱུ་_100_,བྱུ་_100_,བྱུ་_100_
[རུའི་_100_],རུའི་_100_,རུའི་_100_,རུའི་_100_,རུའི་_100_,རུའི་_100_
[ཆུན་_100_],ཆུན་_100_,ཆུན་_100_,ཆུན་_100_,ཆུན་_100_,ཆུན་_100_
[འཕྱངས་_100_],འཕྱངས་_100_,འཕྱངས་_100_,འཕྱངས་_100_,འཕྱངས་_100_,འཕྱངས་_100_
[འགུར་_100_],འགུར་_100_,འགུར་_100_,འགུར་_100_,འགུར་_100_,འགུར་_100_
[ཆུ་_100_],ཆུ་_100_,ཆུ་_100_,ཆུ་_100_,ཆུ་_100_,ཆུ་_100_
[མཛེས_100_],མཛེས_100_,མཛེས_100_,མཛེས_100_,མཛེས_100_,མཛེས_100_
[། །​_100_],། །​_100_,། །​_100_,། །​_100_,། །​_100_,། །​_100_
[ཕྱག་_100_],ཕྱག་_100_,ཕྱག་_100_,ཕྱག་_100_,ཕྱག་_100_,ཕྱག་_100_
[ཞབས་_100_],ཞབས་_100_,ཞབས་_100_,ཞབས་_100_,ཞབས་_100_,ཞབས་_100_
[གདུ་_100_],གདུ་_100_,གདུ་_100_,གདུ་_100_,གདུ་_100_,གདུ་_100_
[གུ་_100_],གུ་_100_,གུ་_100_,གུ་_100_,གུ་_100_,གུ་_100_
[དཔུང་_100_],དཔུང་_100_,དཔུང་_100_,དཔུང་_100_,དཔུང་_100_,དཔུང་_100_
[རྒྱན་_100_],རྒྱན་_100_,རྒྱན་_100_,རྒྱན་_100_,རྒྱན་_100_,རྒྱན་_100_
[སྐུ་_100_],སྐུ་_100_,སྐུ་_100_,སྐུ་_100_,སྐུ་_100_,སྐུ་_100_
[རེག་_100_],རེག་_100_,རེག་_100_,རེག་_100_,རེག་_100_,རེག་_100_
[དར་_100_],དར་_100_,དར་_100_,དར་_100_,དར་_100_,དར་_100_
[སྒེག་_100_],སྒེག་_100_,སྒེག་_100_,སྒེག་_100_,སྒེག་_100_,སྒེག་_100_
[མ_100_],མ_100_,མ_100_,མ_100_,མ_100_,མ_100_
[། །​_100_],། །​_100_,། །​_100_,། །​_100_,། །​_100_,། །​_100_
[ཐུགས་_100_],ཐུགས་_100_,ཐུགས་_100_,ཐུགས་_100_,ཐུགས་_100_,ཐུགས་_100_
[རྗེ་_100_],རྗེ་_100_,རྗེ་_100_,རྗེ་_100_,རྗེ་_100_,རྗེ་_100_
[འཁོར་_100_],འཁོར་_100_,འཁོར་_100_,འཁོར་_100_,འཁོར་_100_,འཁོར་_100_
[བ་_100_],བ་_100_,བ་_100_,བ་_100_,བ་_100_,བ་_100_
[ལས་_100_],ལས་_100_,ལས་_100_,ལས་_100_,ལས་_100_,ལས་_100_
[སྒོལ་_83_],སྒོལ་_83_,སྒོལ་_83_,སྒོལ་_83_,སྒོལ་_83_,སྒྲོལ་_16_
[ཕྱག་_100_],ཕྱག་_100_,ཕྱག་_100_,ཕྱག་_100_,ཕྱག་_100_,ཕྱག་_100_
[ན་_100_],ན་_100_,ན་_100_,ན་_100_,ན་_100_,ན་_100_
[པདྨོ་_83_],པདྨོ་_83_,པདྨོ་_83_,པདྨོ་_83_,པདྨོ་_83_,པད་མོ་_16_
[ཡིས_100_],ཡིས_100_,ཡིས_100_,ཡིས_100_,ཡིས_100_,ཡིས_100_
[། །​_100_],། །​_100_,། །​_100_,། །​_100_,། །​_100_,། །​_100_
[སྤྱན་_100_],སྤྱན་_100_,སྤྱན་_100_,སྤྱན་_100_,སྤྱན་_100_,སྤྱན་_100_
[གྱི་_100_],གྱི་_100_,གྱི་_100_,གྱི་_100_,གྱི་_100_,གྱི་_100_
[ཆབ་_100_],ཆབ་_100_,ཆབ་_100_,ཆབ་_100_,ཆབ་_100_,ཆབ་_100_
[ལས་_100_],ལས་_100_,ལས་_100_,ལས་_100_,ལས་_100_,ལས་_100_
[ལྷ་_100_],ལྷ་_100_,ལྷ་_100_,ལྷ་_100_,ལྷ་_100_,ལྷ་_100_
[མོ་_100_],མོ་_100_,མོ་_100_,མོ་_100_,མོ་_100_,མོ་_100_
[སྐུ་_100_],སྐུ་_100_,སྐུ་_100_,སྐུ་_100_,སྐུ་_100_,སྐུ་_100_
[འཁྲུངས་_100_],འཁྲུངས་_100_,འཁྲུངས་_100_,འཁྲུངས་_100_,འཁྲུངས་_100_,འཁྲུངས་_100_
[འོད་_100_],འོད་_100_,འོད་_100_,འོད་_100_,འོད་_100_,འོད་_100_
[དཔག་_100_],དཔག་_100_,དཔག་_100_,དཔག་_100_,དཔག་_100_,དཔག་_100_
[མེད_100_],མེད_100_,མེད_100_,མེད_100_,མེད_100_,མེད_100_
[། །​_100_],། །​_100_,། །​_100_,། །​_100_,། །​_100_,། །​_100_
[སྨོན་_100_],སྨོན་_100_,སྨོན་_100_,སྨོན་_100_,སྨོན་_100_,སྨོན་_100_
[ལམ་_100_],ལམ་_100_,ལམ་_100_,ལམ་_100_,ལམ་_100_,ལམ་_100_
[མཐུ་_100_],མཐུ་_100_,མཐུ་_100_,མཐུ་_100_,མཐུ་_100_,མཐུ་_100_
[ཡིས་_100_],ཡིས་_100_,ཡིས་_100_,ཡིས་_100_,ཡིས་_100_,ཡིས་_100_
[བརྩེ་_100_],བརྩེ་_100_,བརྩེ་_100_,བརྩེ་_100_,བརྩེ་_100_,བརྩེ་_100_
[ཆེན་_100_],ཆེན་_100_,ཆེན་_100_,ཆེན་_100_,ཆེན་_100_,ཆེན་_100_
[གཞན་_100_],གཞན་_100_,གཞན་_100_,གཞན་_100_,གཞན་_100_,གཞན་_100_
[གྱི་_100_],གྱི་_100_,གྱི་_100_,གྱི་_100_,གྱི་_100_,གྱི་_100_
[དོན་_100_],དོན་_100_,དོན་_100_,དོན་_100_,དོན་_100_,དོན་_100_
[ལ་_100_],ལ་_100_,ལ་_100_,ལ་_100_,ལ་_100_,ལ་_100_
[བརྩོན_100_],བརྩོན_100_,བརྩོན_100_,བརྩོན_100_,བརྩོན_100_,བརྩོན_100_
[། །​_100_],། །​_100_,། །​_100_,། །​_100_,། །​_100_,། །​_100_
[ཞིང་_100_],ཞིང་_100_,ཞིང་_100_,ཞིང་_100_,ཞིང་_100_,ཞིང་_100_
[མཆོག་_100_],མཆོག་_100_,མཆོག་_100_,མཆོག་_100_,མཆོག་_100_,མཆོག་_100_
[རྣམ་_100_],རྣམ་_100_,རྣམ་_100_,རྣམ་_100_,རྣམ་_100_,རྣམ་_100_
[དག་_100_],དག་_100_,དག་_100_,དག་_100_,དག་_100_,དག་_100_
[སེང་_100_],སེང་_100_,སེང་_100_,སེང་_100_,སེང་_100_,སེང་_100_
[ལྡེང་_100_],ལྡེང་_100_,ལྡེང་_100_,ལྡེང་_100_,ལྡེང་_100_,ལྡེང་_100_
[ནགས་_100_],ནགས་_100_,ནགས་_100_,ནགས་_100_,ནགས་_100_,ནགས་_100_
[ཀྱི་_100_],ཀྱི་_100_,ཀྱི་_100_,ཀྱི་_100_,ཀྱི་_100_,ཀྱི་_100_
[གཞོན་_100_],གཞོན་_100_,གཞོན་_100_,གཞོན་_100_,གཞོན་_100_,གཞོན་_100_
[ནུ་_100_],ནུ་_100_,ནུ་_100_,ནུ་_100_,ནུ་_100_,ནུ་_100_
[མ_100_],མ_100_,མ_100_,མ_100_,མ_100_,མ_100_
[། །​_100_],། །​_100_,། །​_100_,། །​_100_,། །​_100_,། །​_100_
[ཞལ་_100_],ཞལ་_100_,ཞལ་_100_,ཞལ་_100_,ཞལ་_100_,ཞལ་_100_
[གྱི་_100_],གྱི་_100_,གྱི་_100_,གྱི་_100_,གྱི་_100_,གྱི་_100_
[པད་_100_],པད་_100_,པད་_100_,པད་_100_,པད་_100_,པད་_100_
[མ་_100_],མ་_100_,མ་_100_,མ་_100_,མ་_100_,མ་_100_
[ཡིད་_100_],ཡིད་_100_,ཡིད་_100_,ཡིད་_100_,ཡིད་_100_,ཡིད་_100_
[འོང་_100_],འོང་_100_,འོང་_100_,འོང་_100_,འོང་_100_,འོང་_100_
[བཞིན་_100_],བཞིན་_100_,བཞིན་_100_,བཞིན་_100_,བཞིན་_100_,བཞིན་_100_
[ནི་_100_],ནི་_100_,ནི་_100_,ནི་_100_,ནི་_100_,ནི་_100_
[ཟླ་_100_],ཟླ་_100_,ཟླ་_100_,ཟླ་_100_,ཟླ་_100_,ཟླ་_100_
[ལྟར་_100_],ལྟར་_100_,ལྟར་_100_,ལྟར་_100_,ལྟར་_100_,ལྟར་_100_
[རྒྱས_100_],རྒྱས_100_,རྒྱས_100_,རྒྱས_100_,རྒྱས_100_,རྒྱས_100_
[། །​_100_],། །​_100_,། །​_100_,། །​_100_,། །​_100_,། །​_100_
[ཆུ་_100_],ཆུ་_100_,ཆུ་_100_,ཆུ་_100_,ཆུ་_100_,ཆུ་_100_
[སྐྱེས་_100_],སྐྱེས་_100_,སྐྱེས་_100_,སྐྱེས་_100_,སྐྱེས་_100_,སྐྱེས་_100_
[སྦྱན་_83_],སྦྱན་_83_,སྦྱན་_83_,སྦྱན་_83_,སྦྱན་_83_,སྤྱན་_16_
[མཛེས་_100_],མཛེས་_100_,མཛེས་_100_,མཛེས་_100_,མཛེས་_100_,མཛེས་_100_
[དཀྱུས་_100_],དཀྱུས་_100_,དཀྱུས་_100_,དཀྱུས་_100_,དཀྱུས་_100_,དཀྱུས་_100_
[རིང་_100_],རིང་_100_,རིང་_100_,རིང་_100_,རིང་_100_,རིང་_100_
[དཀར་_100_],དཀར་_100_,དཀར་_100_,དཀར་_100_,དཀར་_100_,དཀར་_100_
[ནག་_100_],ནག་_100_,ནག་_100_,ནག་_100_,ནག་_100_,ནག་_100_
[མདངས་_100_],མདངས་_100_,མདངས་_100_,མདངས་_100_,མདངས་_100_,མདངས་_100_
[གསལ་_100_],གསལ་_100_,གསལ་_100_,གསལ་_100_,གསལ་_100_,གསལ་_100_
[བ_100_],བ_100_,བ_100_,བ_100_,བ_100_,བ_100_
[། །​_100_],། །​_100_,། །​_100_,། །​_100_,། །​_100_,། །​_100_
[མགོར་_100_],མགོར་_100_,མགོར་_100_,མགོར་_100_,མགོར་_100_,མགོར་_100_
[སྐྱེས་_100_],སྐྱེས་_100_,སྐྱེས་_100_,སྐྱེས་_100_,སྐྱེས་_100_,སྐྱེས་_100_
[ཁྱར་_83_],ཁྱར་_83_,ཁྱར་_83_,ཁྱར་_83_,ཁྱར་_83_,ཁུར་_16_
[བུ་_100_],བུ་_100_,བུ་_100_,བུ་_100_,བུ་_100_,བུ་_100_
[གསེར་_100_],གསེར་_100_,གསེར་_100_,གསེར་_100_,གསེར་_100_,གསེར་_100_
[གྱིས་_100_],གྱིས་_100_,གྱིས་_100_,གྱིས་_100_,གྱིས་_100_,གྱིས་_100_
[སྒྲ་_100_],སྒྲ་_100_,སྒྲ་_100_,སྒྲ་_100_,སྒྲ་_100_,སྒྲ་_100_
[བརྒྱན་_100_],བརྒྱན་_100_,བརྒྱན་_100_,བརྒྱན་_100_,བརྒྱན་_100_,བརྒྱན་_100_
[བུང་_100_],བུང་_100_,བུང་_100_,བུང་_100_,བུང་_100_,བུང་_100_
[ལྟར་_100_],ལྟར་_100_,ལྟར་_100_,ལྟར་_100_,ལྟར་_100_,ལྟར་_100_
[གནག _100_],གནག _100_,གནག _100_,གནག _100_,གནག _100_,གནག _100_
[།​_100_],།​_100_,།​_100_,།​_100_,།​_100_,།​_100_
[བིའི་_100_],བིའི་_100_,བིའི་_100_,བིའི་_100_,བིའི་_100_,བིའི་_100_
[རྫི་_100_],རྫི་_100_,རྫི་_100_,རྫི་_100_,རྫི་_100_,རྫི་_100_
[འདྲ་_100_],འདྲ་_100_,འདྲ་_100_,འདྲ་_100_,འདྲ་_100_,འདྲ་_100_
[སྣུམ་_100_],སྣུམ་_100_,སྣུམ་_100_,སྣུམ་_100_,སྣུམ་_100_,སྣུམ་_100_
[ཞིང་_100_],ཞིང་_100_,ཞིང་_100_,ཞིང་_100_,ཞིང་_100_,ཞིང་_100_
[མཛོད་_100_],མཛོད་_100_,མཛོད་_100_,མཛོད་_100_,མཛོད་_100_,མཛོད་_100_
[སྤུ་_100_],སྤུ་_100_,སྤུ་_100_,སྤུ་_100_,སྤུ་_100_,སྤུ་_100_
[དུང་_100_],དུང་_100_,དུང་_100_,དུང་_100_,དུང་_100_,དུང་_100_
[འཁྱིལ་_100_],འཁྱིལ་_100_,འཁྱིལ་_100_,འཁྱིལ་_100_,འཁྱིལ་_100_,འཁྱིལ་_100_
[མ_100_],མ_100_,མ_100_,མ_100_,མ_100_,མ_100_
[། །​_83_],། །​_83_,། །​_83_,། །​_83_,། །​_83_,། །​ །​_16_
[བདེན་_100_],བདེན་_100_,བདེན་_100_,བདེན་_100_,བདེན་_100_,བདེན་_100_
[གཉིས་_100_],གཉིས་_100_,གཉིས་_100_,གཉིས་_100_,གཉིས་_100_,གཉིས་_100_
[ཕྱག་_100_],ཕྱག་_100_,ཕྱག་_100_,ཕྱག་_100_,ཕྱག་_100_,ཕྱག་_100_
[ནི་_100_],ནི་_100_,ནི་_100_,ནི་_100_,ནི་_100_,ནི་_100_
[ཨུཏྤལ་_83_],ཨུཏྤལ་_83_,ཨུཏྤལ་_83_,ཨུཏྤལ་_83_,ཨུཏྤལ་_83_,ཨུད་པལ་_16_
[ཁ་_100_],ཁ་_100_,ཁ་_100_,ཁ་_100_,ཁ་_100_,ཁ་_100_
[འབྱེད་_100_],འབྱེད་_100_,འབྱེད་_100_,འབྱེད་_100_,འབྱེད་_100_,འབྱེད་_100_
[བདག་_100_],བདག་_100_,བདག་_100_,བདག་_100_,བདག་_100_,བདག་_100_
[སོགས་_100_],སོགས་_100_,སོགས་_100_,སོགས་_100_,སོགས་_100_,སོགས་_100_
[ཀྱི_100_],ཀྱི_100_,ཀྱི_100_,ཀྱི_100_,ཀྱི_100_,ཀྱི_100_
[། །​_100_],། །​_100_,། །​_100_,། །​_100_,། །​_100_,། །​_100_
[གཏི་_100_],གཏི་_100_,གཏི་_100_,གཏི་_100_,གཏི་_100_,གཏི་_100_
[མུག་_100_],མུག་_100_,མུག་_100_,མུག་_100_,མུག་_100_,མུག་_100_
[མུན་_100_],མུན་_100_,མུན་_100_,མུན་_100_,མུན་_100_,མུན་_100_
[སེལ་_83_],སེལ་_83_,སེལ་_83_,སེལ་_83_,སེལ་_83_,སེལ་ཨུད་པལ་གཡོན་བསྣམས་ཡེ་ཤེས་རྒྱས་མཛད་_16_
[སྙིང་_100_],སྙིང་_100_,སྙིང་_100_,སྙིང་_100_,སྙིང་_100_,སྙིང་_100_
[གི་_100_],གི་_100_,གི་_100_,གི་_100_,གི་_100_,གི་_100_
[ཆུ་_100_],ཆུ་_100_,ཆུ་_100_,ཆུ་_100_,ཆུ་_100_,ཆུ་_100_
[སྐྱེས་_100_],སྐྱེས་_100_,སྐྱེས་_100_,སྐྱེས་_100_,སྐྱེས་_100_,སྐྱེས་_100_
[ཁ་_100_],ཁ་_100_,ཁ་_100_,ཁ་_100_,ཁ་_100_,ཁ་_100_
[དབུས་_100_],དབུས་_100_,དབུས་_100_,དབུས་_100_,དབུས་_100_,དབུས་_100_
[ན_100_],ན_100_,ན_100_,ན_100_,ན_100_,ན_100_
[། །​ཨུཏྤལ་གཡོན་བསྣམས་ཡེ་ཤེས་རྒྱས་མཛད་_83_],། །​ཨུཏྤལ་གཡོན་བསྣམས་ཡེ་ཤེས་རྒྱས་མཛད་_83_,། །​ཨུཏྤལ་གཡོན་བསྣམས་ཡེ་ཤེས་རྒྱས་མཛད་_83_,། །​ཨུཏྤལ་གཡོན་བསྣམས་ཡེ་ཤེས་རྒྱས་མཛད་_83_,། །​ཨུཏྤལ་གཡོན་བསྣམས་ཡེ་ཤེས་རྒྱས་མཛད་_83_,། །​_16_
[གཡས་_100_],གཡས་_100_,གཡས་_100_,གཡས་_100_,གཡས་_100_,གཡས་_100_
[པ་_100_],པ་_100_,པ་_100_,པ་_100_,པ་_100_,པ་_100_
[ཡིས_100_],ཡིས_100_,ཡིས_100_,ཡིས_100_,ཡིས_100_,ཡིས_100_
[། །​_100_],། །​_100_,། །​_100_,། །​_100_,། །​_100_,། །​_100_
[འགྲོ་_100_],འགྲོ་_100_,འགྲོ་_100_,འགྲོ་_100_,འགྲོ་_100_,འགྲོ་_100_
[རྣམས་_100_],རྣམས་_100_,རྣམས་_100_,རྣམས་_100_,རྣམས་_100_,རྣམས་_100_
[བུང་_100_],བུང་_100_,བུང་_100_,བུང་_100_,བུང་_100_,བུང་_100_
[བའི་_100_],བའི་_100_,བའི་_100_,བའི་_100_,བའི་_100_,བའི་_100_
[མེ་_100_],མེ་_100_,མེ་_100_,མེ་_100_,མེ་_100_,མེ་_100_
[ཏོག་_100_],ཏོག་_100_,ཏོག་_100_,ཏོག་_100_,ཏོག་_100_,ཏོག་_100_
[སྔོན་_100_],སྔོན་_100_,སྔོན་_100_,སྔོན་_100_,སྔོན་_100_,སྔོན་_100_
[པོ་_100_],པོ་_100_,པོ་_100_,པོ་_100_,པོ་_100_,པོ་_100_
[ཁ་_100_],ཁ་_100_,ཁ་_100_,ཁ་_100_,ཁ་_100_,ཁ་_100_
[འབྱེད་_100_],འབྱེད་_100_,འབྱེད་_100_,འབྱེད་_100_,འབྱེད་_100_,འབྱེད་_100_
[མ_100_],མ_100_,མ_100_,མ_100_,མ_100_,མ_100_
[། །​_100_],། །​_100_,། །​_100_,། །​_100_,། །​_100_,། །​_100_
[སྲིད་_100_],སྲིད་_100_,སྲིད་_100_,སྲིད་_100_,སྲིད་_100_,སྲིད་_100_
[པར་_100_],པར་_100_,པར་_100_,པར་_100_,པར་_100_,པར་_100_
[ལྷུངས་_66_],ལྷུངས་_66_,ལྷུངས་_66_,ལྷུང་། _33_,ལྷུང་། _33_,ལྷུངས་_66_
[ནས་_100_],ནས་_100_,ནས་_100_,ནས་_100_,ནས་_100_,ནས་_100_
[མྱ་_100_],མྱ་_100_,མྱ་_100_,མྱ་_100_,མྱ་_100_,མྱ་_100_
[ངན་_100_],ངན་_100_,ངན་_100_,ངན་_100_,ངན་_100_,ངན་_100_
[སྨྲེ་_100_],སྨྲེ་_100_,སྨྲེ་_100_,སྨྲེ་_100_,སྨྲེ་_100_,སྨྲེ་_100_
[སྔགས་_100_],སྔགས་_100_,སྔགས་_100_,སྔགས་_100_,སྔགས་_100_,སྔགས་_100_
[འདོན་_100_],འདོན་_100_,འདོན་_100_,འདོན་_100_,འདོན་_100_,འདོན་_100_
[པ་_100_],པ་_100_,པ་_100_,པ་_100_,པ་_100_,པ་_100_
[ལ_100_],ལ_100_,ལ_100_,ལ_100_,ལ_100_,ལ_100_
[། །​_100_],། །​_100_,། །​_100_,། །​_100_,། །​_100_,། །​_100_
[སེམས་_100_],སེམས་_100_,སེམས་_100_,སེམས་_100_,སེམས་_100_,སེམས་_100_
[ཅན་_100_],ཅན་_100_,ཅན་_100_,ཅན་_100_,ཅན་_100_,ཅན་_100_
[དོན་_100_],དོན་_100_,དོན་_100_,དོན་_100_,དོན་_100_,དོན་_100_
[མཛད་_100_],མཛད་_100_,མཛད་_100_,མཛད་_100_,མཛད་_100_,མཛད་_100_
[སེང་_100_],སེང་_100_,སེང་_100_,སེང་_100_,སེང་_100_,སེང་_100_
[ལྡེང་_100_],ལྡེང་_100_,ལྡེང་_100_,ལྡེང་_100_,ལྡེང་_100_,ལྡེང་_100_
[ནགས་_100_],ནགས་_100_,ནགས་_100_,ནགས་_100_,ནགས་_100_,ནགས་_100_
[ནས་_100_],ནས་_100_,ནས་_100_,ནས་_100_,ནས་_100_,ནས་_100_
[བཞེངས་_100_],བཞེངས་_100_,བཞེངས་_100_,བཞེངས་_100_,བཞེངས་_100_,བཞེངས་_100_
[ལ་_100_],ལ་_100_,ལ་_100_,ལ་_100_,ལ་_100_,ལ་_100_
[གཤེགས_100_],གཤེགས_100_,གཤེགས_100_,གཤེགས_100_,གཤེགས_100_,གཤེགས_100_
[། །​_100_],། །​_100_,། །​_100_,། །​_100_,། །​_100_,། །​_100_
[ལང་_100_],ལང་_100_,ལང་_100_,ལང་_100_,ལང་_100_,ལང་_100_
[ཙོ་_100_],ཙོ་_100_,ཙོ་_100_,ཙོ་_100_,ཙོ་_100_,ཙོ་_100_
[དར་_100_],དར་_100_,དར་_100_,དར་_100_,དར་_100_,དར་_100_
[བབ་_100_],བབ་_100_,བབ་_100_,བབ་_100_,བབ་_100_,བབ་_100_
[འོ་_100_],འོ་_100_,འོ་_100_,འོ་_100_,འོ་_100_,འོ་_100_
[མ་_100_],མ་_100_,མ་_100_,མ་_100_,མ་_100_,མ་_100_
[རྒྱས་_100_],རྒྱས་_100_,རྒྱས་_100_,རྒྱས་_100_,རྒྱས་_100_,རྒྱས་_100_
[པའི་_100_],པའི་_100_,པའི་_100_,པའི་_100_,པའི་_100_,པའི་_100_
[ནུ་_100_],ནུ་_100_,ནུ་_100_,ནུ་_100_,ནུ་_100_,ནུ་_100_
[འབུར་_100_],འབུར་_100_,འབུར་_100_,འབུར་_100_,འབུར་_100_,འབུར་_100_
[ཅན_100_],ཅན_100_,ཅན_100_,ཅན_100_,ཅན_100_,ཅན_100_
[། །​_83_],། །​_83_,། །​_83_,། །​_83_,། །​_83_,། །​ _16_
[སྣ་_100_],སྣ་_100_,སྣ་_100_,སྣ་_100_,སྣ་_100_,སྣ་_100_
[ཚོགས་_100_],ཚོགས་_100_,ཚོགས་_100_,ཚོགས་_100_,ཚོགས་_100_,ཚོགས་_100_
[ཐབས་_100_],ཐབས་_100_,ཐབས་_100_,ཐབས་_100_,ཐབས་_100_,ཐབས་_100_
[ཀྱིས་_100_],ཀྱིས་_100_,ཀྱིས་_100_,ཀྱིས་_100_,ཀྱིས་_100_,ཀྱིས་_100_
[སྲིད་_100_],སྲིད་_100_,སྲིད་_100_,སྲིད་_100_,སྲིད་_100_,སྲིད་_100_
[ཞི་_100_],ཞི་_100_,ཞི་_100_,ཞི་_100_,ཞི་_100_,ཞི་_100_
[གཡོ་_100_],གཡོ་_100_,གཡོ་_100_,གཡོ་_100_,གཡོ་_100_,གཡོ་_100_
[ཞིང་_100_],ཞིང་_100_,ཞིང་_100_,ཞིང་_100_,ཞིང་_100_,ཞིང་_100_
[བསྐྱོད་_100_],བསྐྱོད་_100_,བསྐྱོད་_100_,བསྐྱོད་_100_,བསྐྱོད་_100_,བསྐྱོད་_100_
[མཛད་_100_],མཛད་_100_,མཛད་_100_,མཛད་_100_,མཛད་_100_,མཛད་_100_
[མ_100_],མ_100_,མ_100_,མ_100_,མ_100_,མ_100_
[། །​_83_],། །​_83_,། །​_83_,། །​_83_,། །​_83_,། །​ _16_
[ཁྱུ་_100_],ཁྱུ་_100_,ཁྱུ་_100_,ཁྱུ་_100_,ཁྱུ་_100_,ཁྱུ་_100_
[མཆོག་_100_],མཆོག་_100_,མཆོག་_100_,མཆོག་_100_,མཆོག་_100_,མཆོག་_100_
[སྤྱང་_100_],སྤྱང་_100_,སྤྱང་_100_,སྤྱང་_100_,སྤྱང་_100_,སྤྱང་_100_
[མོ་_100_],མོ་_100_,མོ་_100_,མོ་_100_,མོ་_100_,མོ་_100_
[འགྱིང་_100_],འགྱིང་_100_,འགྱིང་_100_,འགྱིང་_100_,འགྱིང་_100_,འགྱིང་_100_
[བག་_100_],བག་_100_,བག་_100_,བག་_100_,བག་_100_,བག་_100_
[ལྟེ་_100_],ལྟེ་_100_,ལྟེ་_100_,ལྟེ་_100_,ལྟེ་_100_,ལྟེ་_100_
[བ་_100_],བ་_100_,བ་_100_,བ་_100_,བ་_100_,བ་_100_
[པདྨ་_83_],པདྨ་_83_,པདྨ་_83_,པདྨ་_83_,པདྨ་_83_,པད་མ་_16_
[ཅན_100_],ཅན_100_,ཅན_100_,ཅན_100_,ཅན_100_,ཅན_100_
[། །​_100_],། །​_100_,། །​_100_,། །​_100_,། །​_100_,། །​_100_
[ཛ་_100_],ཛ་_100_,ཛ་_100_,ཛ་_100_,ཛ་_100_,ཛ་_100_
[ཏི་_100_],ཏི་_100_,ཏི་_100_,ཏི་_100_,ཏི་_100_,ཏི་_100_
[ཙམ་_100_],ཙམ་_100_,ཙམ་_100_,ཙམ་_100_,ཙམ་_100_,ཙམ་_100_
[པ་_100_],པ་_100_,པ་_100_,པ་_100_,པ་_100_,པ་_100_
[ལི་_100_],ལི་_100_,ལི་_100_,ལི་_100_,ལི་_100_,ལི་_100_
[ཤི་_100_],ཤི་_100_,ཤི་_100_,ཤི་_100_,ཤི་_100_,ཤི་_100_
[དྲི་_100_],དྲི་_100_,དྲི་_100_,དྲི་_100_,དྲི་_100_,དྲི་_100_
[ངད་_100_],ངད་_100_,ངད་_100_,ངད་_100_,ངད་_100_,ངད་_100_
[བཟང་_100_],བཟང་_100_,བཟང་_100_,བཟང་_100_,བཟང་_100_,བཟང་_100_
[པོར་_100_],པོར་_100_,པོར་_100_,པོར་_100_,པོར་_100_,པོར་_100_
[ལྡན_100_],ལྡན_100_,ལྡན_100_,ལྡན_100_,ལྡན_100_,ལྡན_100_
[། །​_100_],། །​_100_,། །​_100_,། །​_100_,། །​_100_,། །​_100_
[ཕྱག་_100_],ཕྱག་_100_,ཕྱག་_100_,ཕྱག་_100_,ཕྱག་_100_,ཕྱག་_100_
[ཞབས་_100_],ཞབས་_100_,ཞབས་_100_,ཞབས་_100_,ཞབས་_100_,ཞབས་_100_
[པདྨ་_83_],པདྨ་_83_,པདྨ་_83_,པདྨ་_83_,པདྨ་_83_,པད་མ་_16_
[ལྟར་_100_],ལྟར་_100_,ལྟར་_100_,ལྟར་_100_,ལྟར་_100_,ལྟར་_100_
[དམར་_100_],དམར་_100_,དམར་_100_,དམར་_100_,དམར་_100_,དམར་_100_
[འཁོར་_100_],འཁོར་_100_,འཁོར་_100_,འཁོར་_100_,འཁོར་_100_,འཁོར་_100_
[བའི་_100_],བའི་_100_,བའི་_100_,བའི་_100_,བའི་_100_,བའི་_100_
[སྐྱོན་_100_],སྐྱོན་_100_,སྐྱོན་_100_,སྐྱོན་_100_,སྐྱོན་_100_,སྐྱོན་_100_
[མ་_100_],མ་_100_,མ་_100_,མ་_100_,མ་_100_,མ་_100_
[གོས_100_],གོས_100_,གོས_100_,གོས_100_,གོས_100_,གོས_100_
[། །​_100_],། །​_100_,། །​_100_,། །​_100_,། །​_100_,། །​_100_
[པན་_100_],པན་_100_,པན་_100_,པན་_100_,པན་_100_,པན་_100_
[ཙ་_100_],ཙ་_100_,ཙ་_100_,ཙ་_100_,ཙ་_100_,ཙ་_100_
[ལི་_100_],ལི་_100_,ལི་_100_,ལི་_100_,ལི་_100_,ལི་_100_
[ག་_100_],ག་_100_,ག་_100_,ག་_100_,ག་_100_,ག་_100_
[ལྷ་_100_],ལྷ་_100_,ལྷ་_100_,ལྷ་_100_,ལྷ་_100_,ལྷ་_100_
[དར་_100_],དར་_100_,དར་_100_,དར་_100_,དར་_100_,དར་_100_
[སྟོད་_100_],སྟོད་_100_,སྟོད་_100_,སྟོད་_100_,སྟོད་_100_,སྟོད་_100_
[སྨད་_100_],སྨད་_100_,སྨད་_100_,སྨད་_100_,སྨད་_100_,སྨད་_100_
[བརྒྱན་_100_],བརྒྱན་_100_,བརྒྱན་_100_,བརྒྱན་_100_,བརྒྱན་_100_,བརྒྱན་_100_
[བྱས་_100_],བྱས་_100_,བྱས་_100_,བྱས་_100_,བྱས་_100_,བྱས་_100_
[མ_100_],མ_100_,མ_100_,མ_100_,མ_100_,མ_100_
[། །​_83_],། །​_83_,། །​_83_,། །​_83_,། །​_83_,། །​ _16_
[ཉི་_100_],ཉི་_100_,ཉི་_100_,ཉི་_100_,ཉི་_100_,ཉི་_100_
[ཚེའི་_100_],ཚེའི་_100_,ཚེའི་_100_,ཚེའི་_100_,ཚེའི་_100_,ཚེའི་_100_
[སྐུ་_100_],སྐུ་_100_,སྐུ་_100_,སྐུ་_100_,སྐུ་_100_,སྐུ་_100_
[མིན་_100_],མིན་_100_,མིན་_100_,མིན་_100_,མིན་_100_,མིན་_100_
[ཁྱབ་_100_],ཁྱབ་_100_,ཁྱབ་_100_,ཁྱབ་_100_,ཁྱབ་_100_,ཁྱབ་_100_
[པས་_100_],པས་_100_,པས་_100_,པས་_100_,པས་_100_,པས་_100_
[ཐུགས་_100_],ཐུགས་_100_,ཐུགས་_100_,ཐུགས་_100_,ཐུགས་_100_,ཐུགས་_100_
[རྗེའི་_100_],རྗེའི་_100_,རྗེའི་_100_,རྗེའི་_100_,རྗེའི་_100_,རྗེའི་_100_
[འཕྲིན་_100_],འཕྲིན་_100_,འཕྲིན་_100_,འཕྲིན་_100_,འཕྲིན་_100_,འཕྲིན་_100_
[ལས་_100_],ལས་_100_,ལས་_100_,ལས་_100_,ལས་_100_,ལས་_100_
[སྐུ_100_],སྐུ_100_,སྐུ_100_,སྐུ_100_,སྐུ_100_,སྐུ_100_
[། །​_100_],། །​_100_,། །​_100_,། །​_100_,། །​_100_,། །​_100_
[ཐུབ་_100_],ཐུབ་_100_,ཐུབ་_100_,ཐུབ་_100_,ཐུབ་_100_,ཐུབ་_100_
[པས་_100_],པས་_100_,པས་_100_,པས་_100_,པས་_100_,པས་_100_
[རྒྱ་_100_],རྒྱ་_100_,རྒྱ་_100_,རྒྱ་_100_,རྒྱ་_100_,རྒྱ་_100_
[མཚོར་_100_],མཚོར་_100_,མཚོར་_100_,མཚོར་_100_,མཚོར་_100_,མཚོར་_100_
[གསུངས་_100_],གསུངས་_100_,གསུངས་_100_,གསུངས་_100_,གསུངས་_100_,གསུངས་_100_
[པ་_100_],པ་_100_,པ་_100_,པ་_100_,པ་_100_,པ་_100_
[གྲུ་_83_],གྲུ་_83_,གྲུ་_83_,གྲུ་_83_,གྲུ་_83_,ཀླུ་_16_
[གྲུབ་_100_],གྲུབ་_100_,གྲུབ་_100_,གྲུབ་_100_,གྲུབ་_100_,གྲུབ་_100_
[སྙིང་_100_],སྙིང་_100_,སྙིང་_100_,སྙིང་_100_,སྙིང་_100_,སྙིང་_100_
[པོ་_100_],པོ་_100_,པོ་_100_,པོ་_100_,པོ་_100_,པོ་_100_
[ཡིས_100_],ཡིས_100_,ཡིས_100_,ཡིས_100_,ཡིས_100_,ཡིས_100_
[། །​_100_],། །​_100_,། །​_100_,། །​_100_,། །​_100_,། །​_100_
[ནགས་_100_],ནགས་_100_,ནགས་_100_,ནགས་_100_,ནགས་_100_,ནགས་_100_
[སུ་_83_],སུ་_83_,སུ་_83_,སུ་_83_,སུ་_83_,བསྟན་འགྱུར། རྒྱུད། ཧུ ༩༠སུ་_16_
[གཟིགས་_100_],གཟིགས་_100_,གཟིགས་_100_,གཟིགས་_100_,གཟིགས་_100_,གཟིགས་_100_
[སོ་_100_],སོ་_100_,སོ་_100_,སོ་_100_,སོ་_100_,སོ་_100_
[སེམས་_100_],སེམས་_100_,སེམས་_100_,སེམས་_100_,སེམས་_100_,སེམས་_100_
[ཅན་_100_],ཅན་_100_,ཅན་_100_,ཅན་_100_,ཅན་_100_,ཅན་_100_
[དལ་_100_],དལ་_100_,དལ་_100_,དལ་_100_,དལ་_100_,དལ་_100_
[གྱིས་_100_],གྱིས་_100_,གྱིས་_100_,གྱིས་_100_,གྱིས་_100_,གྱིས་_100_
[ཁུར་_100_],ཁུར་_100_,ཁུར་_100_,ཁུར་_100_,ཁུར་_100_,ཁུར་_100_
[ཆེན་_100_],ཆེན་_100_,ཆེན་_100_,ཆེན་_100_,ཆེན་_100_,ཆེན་_100_
[ཁྱེར_100_],ཁྱེར_100_,ཁྱེར_100_,ཁྱེར_100_,ཁྱེར_100_,ཁྱེར_100_
[། །​_100_],། །​_100_,། །​_100_,། །​_100_,། །​_100_,། །​_100_
[ཚངས་_100_],ཚངས་_100_,ཚངས་_100_,ཚངས་_100_,ཚངས་_100_,ཚངས་_100_
[ཚིངས་_100_],ཚིངས་_100_,ཚིངས་_100_,ཚིངས་_100_,ཚིངས་_100_,ཚིངས་_100_
[སྲིད་_100_],སྲིད་_100_,སྲིད་_100_,སྲིད་_100_,སྲིད་_100_,སྲིད་_100_
[པའི་_100_],པའི་_100_,པའི་_100_,པའི་_100_,པའི་_100_,པའི་_100_
[ནགས་_100_],ནགས་_100_,ནགས་_100_,ནགས་_100_,ནགས་_100_,ནགས་_100_
[ནས་_100_],ནས་_100_,ནས་_100_,ནས་_100_,ནས་_100_,ནས་_100_
[ཞི་_100_],ཞི་_100_,ཞི་_100_,ཞི་_100_,ཞི་_100_,ཞི་_100_
[བར་_100_],བར་_100_,བར་_100_,བར་_100_,བར་_100_,བར་_100_
[སྒྲོལ་_100_],སྒྲོལ་_100_,སྒྲོལ་_100_,སྒྲོལ་_100_,སྒྲོལ་_100_,སྒྲོལ་_100_
[མཛད་_100_],མཛད་_100_,མཛད་_100_,མཛད་_100_,མཛད་_100_,མཛད་_100_
[མ_100_],མ_100_,མ_100_,མ_100_,མ_100_,མ_100_
[། །​_100_],། །​_100_,། །​_100_,། །​_100_,། །​_100_,། །​_100_
[བསྒྲེས་_100_],བསྒྲེས་_100_,བསྒྲེས་_100_,བསྒྲེས་_100_,བསྒྲེས་_100_,བསྒྲེས་_100_
[མོ་_100_],མོ་_100_,མོ་_100_,མོ་_100_,མོ་_100_,མོ་_100_
[གཞོན་_100_],གཞོན་_100_,གཞོན་_100_,གཞོན་_100_,གཞོན་_100_,གཞོན་_100_
[ནུའི་_100_],ནུའི་_100_,ནུའི་_100_,ནུའི་_100_,ནུའི་_100_,ནུའི་_100_
[ཚུལ་_100_],ཚུལ་_100_,ཚུལ་_100_,ཚུལ་_100_,ཚུལ་_100_,ཚུལ་_100_
[འཛིན་_100_],འཛིན་_100_,འཛིན་_100_,འཛིན་_100_,འཛིན་_100_,འཛིན་_100_
[སངས་_100_],སངས་_100_,སངས་_100_,སངས་_100_,སངས་_100_,སངས་_100_
[རྒྱས་_100_],རྒྱས་_100_,རྒྱས་_100_,རྒྱས་_100_,རྒྱས་_100_,རྒྱས་_100_
[ཀུན་_100_],ཀུན་_100_,ཀུན་_100_,ཀུན་_100_,ཀུན་_100_,ཀུན་_100_
[གྱི་_100_],གྱི་_100_,གྱི་_100_,གྱི་_100_,གྱི་_100_,གྱི་_100_
[ཕྱི_100_],ཕྱི_100_,ཕྱི_100_,ཕྱི_100_,ཕྱི_100_,ཕྱི_100_
[། །​_100_],། །​_100_,། །​_100_,། །​_100_,། །​_100_,། །​_100_
[མིང་_100_],མིང་_100_,མིང་_100_,མིང་_100_,མིང་_100_,མིང་_100_
[ཙམ་_100_],ཙམ་_100_,ཙམ་_100_,ཙམ་_100_,ཙམ་_100_,ཙམ་_100_
[དྲན་_100_],དྲན་_100_,དྲན་_100_,དྲན་_100_,དྲན་_100_,དྲན་_100_
[པ་_100_],པ་_100_,པ་_100_,པ་_100_,པ་_100_,པ་_100_
[ཉིད་_100_],ཉིད་_100_,ཉིད་_100_,ཉིད་_100_,ཉིད་_100_,ཉིད་_100_
[ཀྱིས་_100_],ཀྱིས་_100_,ཀྱིས་_100_,ཀྱིས་_100_,ཀྱིས་_100_,ཀྱིས་_100_
[འཇིགས་_100_],འཇིགས་_100_,འཇིགས་_100_,འཇིགས་_100_,འཇིགས་_100_,འཇིགས་_100_
[ལས་_100_],ལས་_100_,ལས་_100_,ལས་_100_,ལས་_100_,ལས་_100_
[བསྐྱོབ་_100_],བསྐྱོབ་_100_,བསྐྱོབ་_100_,བསྐྱོབ་_100_,བསྐྱོབ་_100_,བསྐྱོབ་_100_
[མཛད་_100_],མཛད་_100_,མཛད་_100_,མཛད་_100_,མཛད་_100_,མཛད་_100_
[མ_100_],མ_100_,མ_100_,མ_100_,མ_100_,མ_100_
[། །​_100_],། །​_100_,། །​_100_,། །​_100_,། །​_100_,། །​_100_
[ཡུན་_100_],ཡུན་_100_,ཡུན་_100_,ཡུན་_100_,ཡུན་_100_,ཡུན་_100_
[རིང་_100_],རིང་_100_,རིང་_100_,རིང་_100_,རིང་_100_,རིང་_100_
[འཁོར་_100_],འཁོར་_100_,འཁོར་_100_,འཁོར་_100_,འཁོར་_100_,འཁོར་_100_
[བར་_100_],བར་_100_,བར་_100_,བར་_100_,བར་_100_,བར་_100_
[མི་_100_],མི་_100_,མི་_100_,མི་_100_,མི་_100_,མི་_100_
[སྐྱོ་_100_],སྐྱོ་_100_,སྐྱོ་_100_,སྐྱོ་_100_,སྐྱོ་_100_,སྐྱོ་_100_
[ཞི་_100_],ཞི་_100_,ཞི་_100_,ཞི་_100_,ཞི་_100_,ཞི་_100_
[བར་_100_],བར་_100_,བར་_100_,བར་_100_,བར་_100_,བར་_100_
[མི་_100_],མི་_100_,མི་_100_,མི་_100_,མི་_100_,མི་_100_
[གནས་_100_],གནས་_100_,གནས་_100_,གནས་_100_,གནས་_100_,གནས་_100_
[པའི_100_],པའི_100_,པའི_100_,པའི_100_,པའི_100_,པའི_100_
[། །​_83_],། །​_83_,། །​_83_,། །​_83_,། །​_83_,། །​ _16_
[ས་_100_],ས་_100_,ས་_100_,ས་_100_,ས་_100_,ས་_100_
[བཅུའི་_100_],བཅུའི་_100_,བཅུའི་_100_,བཅུའི་_100_,བཅུའི་_100_,བཅུའི་_100_
[དབང་_100_],དབང་_100_,དབང་_100_,དབང་_100_,དབང་_100_,དབང་_100_
[ཕྱུག་_100_],ཕྱུག་_100_,ཕྱུག་_100_,ཕྱུག་_100_,ཕྱུག་_100_,ཕྱུག་_100_
[རྒྱལ་_100_],རྒྱལ་_100_,རྒྱལ་_100_,རྒྱལ་_100_,རྒྱལ་_100_,རྒྱལ་_100_
[སྲས་_100_],སྲས་_100_,སྲས་_100_,སྲས་_100_,སྲས་_100_,སྲས་_100_
[རྣམས་_100_],རྣམས་_100_,རྣམས་_100_,རྣམས་_100_,རྣམས་_100_,རྣམས་_100_
[ཀྱི་_100_],ཀྱི་_100_,ཀྱི་_100_,ཀྱི་_100_,ཀྱི་_100_,ཀྱི་_100_
[ཐུགས་_100_],ཐུགས་_100_,ཐུགས་_100_,ཐུགས་_100_,ཐུགས་_100_,ཐུགས་_100_
[རྫེ་_83_],རྫེ་_83_,རྫེ་_83_,རྫེ་_83_,རྫེ་_83_,རྗེ་_16_
[མ_100_],མ_100_,མ_100_,མ_100_,མ_100_,མ_100_
[། །​_100_],། །​_100_,། །​_100_,། །​_100_,། །​_100_,། །​_100_
[རྗེ་_100_],རྗེ་_100_,རྗེ་_100_,རྗེ་_100_,རྗེ་_100_,རྗེ་_100_
[བཙུན་_100_],བཙུན་_100_,བཙུན་_100_,བཙུན་_100_,བཙུན་_100_,བཙུན་_100_
[ཡོན་_100_],ཡོན་_100_,ཡོན་_100_,ཡོན་_100_,ཡོན་_100_,ཡོན་_100_
[ཏན་_100_],ཏན་_100_,ཏན་_100_,ཏན་_100_,ཏན་_100_,ཏན་_100_
[མཐའ་_100_],མཐའ་_100_,མཐའ་_100_,མཐའ་_100_,མཐའ་_100_,མཐའ་_100_
[ཡས་_100_],ཡས་_100_,ཡས་_100_,ཡས་_100_,ཡས་_100_,ཡས་_100_
[བདག་_100_],བདག་_100_,བདག་_100_,བདག་_100_,བདག་_100_,བདག་_100_
[གིས་_100_],གིས་_100_,གིས་_100_,གིས་_100_,གིས་_100_,གིས་_100_
[བརྗོད་_100_],བརྗོད་_100_,བརྗོད་_100_,བརྗོད་_100_,བརྗོད་_100_,བརྗོད་_100_
[མི་_100_],མི་_100_,མི་_100_,མི་_100_,མི་_100_,མི་_100_
[ནུས_100_],ནུས_100_,ནུས_100_,ནུས_100_,ནུས_100_,ནུས_100_
[། །​_100_],། །​_100_,། །​_100_,། །​_100_,། །​_100_,། །​_100_
[ཀུན་_100_],ཀུན་_100_,ཀུན་_100_,ཀུན་_100_,ཀུན་_100_,ཀུན་_100_
[ཏུ་_100_],ཏུ་_100_,ཏུ་_100_,ཏུ་_100_,ཏུ་_100_,ཏུ་_100_
[རྟོགས་_100_],རྟོགས་_100_,རྟོགས་_100_,རྟོགས་_100_,རྟོགས་_100_,རྟོགས་_100_
[སྤངས་_100_],སྤངས་_100_,སྤངས་_100_,སྤངས་_100_,སྤངས་_100_,སྤངས་_100_
[ཡེ་_100_],ཡེ་_100_,ཡེ་_100_,ཡེ་_100_,ཡེ་_100_,ཡེ་_100_
[ཤེས་_100_],ཤེས་_100_,ཤེས་_100_,ཤེས་_100_,ཤེས་_100_,ཤེས་_100_
[མངའ་_100_],མངའ་_100_,མངའ་_100_,མངའ་_100_,མངའ་_100_,མངའ་_100_
[བརྙེས་_100_],བརྙེས་_100_,བརྙེས་_100_,བརྙེས་_100_,བརྙེས་_100_,བརྙེས་_100_
[ཆོས་_100_],ཆོས་_100_,ཆོས་_100_,ཆོས་_100_,ཆོས་_100_,ཆོས་_100_
[ཀྱི་_100_],ཀྱི་_100_,ཀྱི་_100_,ཀྱི་_100_,ཀྱི་_100_,ཀྱི་_100_
[སྐུ_100_],སྐུ_100_,སྐུ_100_,སྐུ_100_,སྐུ_100_,སྐུ_100_
[། །​_100_],། །​_100_,། །​_100_,། །​_100_,། །​_100_,། །​_100_
[གཞན་_100_],གཞན་_100_,གཞན་_100_,གཞན་_100_,གཞན་_100_,གཞན་_100_
[གྱི་_100_],གྱི་_100_,གྱི་_100_,གྱི་_100_,གྱི་_100_,གྱི་_100_
[དོན་_100_],དོན་_100_,དོན་_100_,དོན་_100_,དོན་_100_,དོན་_100_
[ཕྱིར་_100_],ཕྱིར་_100_,ཕྱིར་_100_,ཕྱིར་_100_,ཕྱིར་_100_,ཕྱིར་_100_
[སྐུ་_100_],སྐུ་_100_,སྐུ་_100_,སྐུ་_100_,སྐུ་_100_,སྐུ་_100_
[ནི་_100_],ནི་_100_,ནི་_100_,ནི་_100_,ནི་_100_,ནི་_100_
[སེང་_100_],སེང་_100_,སེང་_100_,སེང་_100_,སེང་_100_,སེང་_100_
[ལྡེང་_100_],ལྡེང་_100_,ལྡེང་_100_,ལྡེང་_100_,ལྡེང་_100_,ལྡེང་_100_
[ནགས་_100_],ནགས་_100_,ནགས་_100_,ནགས་_100_,ནགས་_100_,ནགས་_100_
[ན་_100_],ན་_100_,ན་_100_,ན་_100_,ན་_100_,ན་_100_
[གཤེགས་_100_],གཤེགས་_100_,གཤེགས་_100_,གཤེགས་_100_,གཤེགས་_100_,གཤེགས་_100_
[བཞུད་_100_],བཞུད་_100_,བཞུད་_100_,བཞུད་_100_,བཞུད་_100_,བཞུད་_100_
[མཛད_100_],མཛད_100_,མཛད_100_,མཛད_100_,མཛད_100_,མཛད_100_
[། །​_100_],། །​_100_,། །​_100_,། །​_100_,། །​_100_,། །​_100_
[སྲིད་_100_],སྲིད་_100_,སྲིད་_100_,སྲིད་_100_,སྲིད་_100_,སྲིད་_100_
[ལས་_100_],ལས་_100_,ལས་_100_,ལས་_100_,ལས་_100_,ལས་_100_
[བདག་_100_],བདག་_100_,བདག་_100_,བདག་_100_,བདག་_100_,བདག་_100_
[གྲོལ་_100_],གྲོལ་_100_,གྲོལ་_100_,གྲོལ་_100_,གྲོལ་_100_,གྲོལ་_100_
[ནགས་_100_],ནགས་_100_,ནགས་_100_,ནགས་_100_,ནགས་_100_,ནགས་_100_
[ཀྱི་_100_],ཀྱི་_100_,ཀྱི་_100_,ཀྱི་_100_,ཀྱི་_100_,ཀྱི་_100_
[བུ་_100_],བུ་_100_,བུ་_100_,བུ་_100_,བུ་_100_,བུ་_100_
[མོ་_100_],མོ་_100_,མོ་_100_,མོ་_100_,མོ་_100_,མོ་_100_
[ཕྱག་_100_],ཕྱག་_100_,ཕྱག་_100_,ཕྱག་_100_,ཕྱག་_100_,ཕྱག་_100_
[འཚལ་_100_],འཚལ་_100_,འཚལ་_100_,འཚལ་_100_,འཚལ་_100_,འཚལ་_100_
[བསྟོད_100_],བསྟོད_100_,བསྟོད_100_,བསྟོད_100_,བསྟོད_100_,བསྟོད_100_
[། །​_100_],། །​_100_,། །​_100_,། །​_100_,། །​_100_,། །​_100_
[འོད་_100_],འོད་_100_,འོད་_100_,འོད་_100_,འོད་_100_,འོད་_100_
[ཟེར་_100_],ཟེར་_100_,ཟེར་_100_,ཟེར་_100_,ཟེར་_100_,ཟེར་_100_
[རལ་_100_],རལ་_100_,རལ་_100_,རལ་_100_,རལ་_100_,རལ་_100_
[ཅིག་_100_],ཅིག་_100_,ཅིག་_100_,ཅིག་_100_,ཅིག་_100_,ཅིག་_100_
[སེར་_100_],སེར་_100_,སེར་_100_,སེར་_100_,སེར་_100_,སེར་_100_
[སྔོ་_100_],སྔོ་_100_,སྔོ་_100_,སྔོ་_100_,སྔོ་_100_,སྔོ་_100_
[གཡས་_100_],གཡས་_100_,གཡས་_100_,གཡས་_100_,གཡས་_100_,གཡས་_100_
[གཡོན་_100_],གཡོན་_100_,གཡོན་_100_,གཡོན་_100_,གཡོན་_100_,གཡོན་_100_
[ཕྱོགས་_100_],ཕྱོགས་_100_,ཕྱོགས་_100_,ཕྱོགས་_100_,ཕྱོགས་_100_,ཕྱོགས་_100_
[ཆར་_100_],ཆར་_100_,ཆར་_100_,ཆར་_100_,ཆར་_100_,ཆར་_100_
[གཤེགས_100_],གཤེགས_100_,གཤེགས_100_,གཤེགས_100_,གཤེགས_100_,གཤེགས_100_
[། །​_83_],། །​_83_,། །​_83_,། །​_83_,། །​_83_,། །​ _16_
[ཞི་_100_],ཞི་_100_,ཞི་_100_,ཞི་_100_,ཞི་_100_,ཞི་_100_
[ཁྲོའི་_100_],ཁྲོའི་_100_,ཁྲོའི་_100_,ཁྲོའི་_100_,ཁྲོའི་_100_,ཁྲོའི་_100_
[ཕྱག་_100_],ཕྱག་_100_,ཕྱག་_100_,ཕྱག་_100_,ཕྱག་_100_,ཕྱག་_100_
[གཉིས་_100_],གཉིས་_100_,གཉིས་_100_,གཉིས་_100_,གཉིས་_100_,གཉིས་_100_
[རྡོ་_100_],རྡོ་_100_,རྡོ་_100_,རྡོ་_100_,རྡོ་_100_,རྡོ་_100_
[རྗེ་_100_],རྗེ་_100_,རྗེ་_100_,རྗེ་_100_,རྗེ་_100_,རྗེ་_100_
[ཨ་_100_],ཨ་_100_,ཨ་_100_,ཨ་_100_,ཨ་_100_,ཨ་_100_
[ཤོ་_100_],ཤོ་_100_,ཤོ་_100_,ཤོ་_100_,ཤོ་_100_,ཤོ་_100_
[གྲི་_100_],གྲི་_100_,གྲི་_100_,གྲི་_100_,གྲི་_100_,གྲི་_100_
[ཁུག་_100_],ཁུག་_100_,ཁུག་_100_,ཁུག་_100_,ཁུག་_100_,ཁུག་_100_
[ཐོགས_100_],ཐོགས_100_,ཐོགས_100_,ཐོགས_100_,ཐོགས_100_,ཐོགས_100_
[། །​_100_],། །​_100_,། །​_100_,། །​_100_,། །​_100_,། །​_100_
[སྔ་_100_],སྔ་_100_,སྔ་_100_,སྔ་_100_,སྔ་_100_,སྔ་_100_
[ཕྱིར་_100_],ཕྱིར་_100_,ཕྱིར་_100_,ཕྱིར་_100_,ཕྱིར་_100_,ཕྱིར་_100_
[བཞུད་_100_],བཞུད་_100_,བཞུད་_100_,བཞུད་_100_,བཞུད་_100_,བཞུད་_100_
[ཅིང་_100_],ཅིང་_100_,ཅིང་_100_,ཅིང་_100_,ཅིང་_100_,ཅིང་_100_
[དཔེ་_100_],དཔེ་_100_,དཔེ་_100_,དཔེ་_100_,དཔེ་_100_,དཔེ་_100_
[མེད་_100_],མེད་_100_,མེད་_100_,མེད་_100_,མེད་_100_,མེད་_100_
[གུས་_100_],གུས་_100_,གུས་_100_,གུས་_100_,གུས་_100_,གུས་_100_
[ལྡན་_100_],ལྡན་_100_,ལྡན་_100_,ལྡན་_100_,ལྡན་_100_,ལྡན་_100_
[བསྙེན་_100_],བསྙེན་_100_,བསྙེན་_100_,བསྙེན་_100_,བསྙེན་_100_,བསྙེན་_100_
[བཀུར་_66_],བཀུར་_66_,བཀུར་_66_,བསྐུར། _33_,བསྐུར། _33_,བཀུར་_66_
[མཛད_100_],མཛད_100_,མཛད_100_,མཛད_100_,མཛད_100_,མཛད_100_
[། །​_100_],། །​_100_,། །​_100_,། །​_100_,། །​_100_,། །​_100_
[མཛེས་_100_],མཛེས་_100_,མཛེས་_100_,མཛེས་_100_,མཛེས་_100_,མཛེས་_100_
[མ་_100_],མ་_100_,མ་_100_,མ་_100_,མ་_100_,མ་_100_
[ཉེ་_100_],ཉེ་_100_,ཉེ་_100_,ཉེ་_100_,ཉེ་_100_,ཉེ་_100_
[འཁོར་_100_],འཁོར་_100_,འཁོར་_100_,འཁོར་_100_,འཁོར་_100_,འཁོར་_100_
[འོད་_100_],འོད་_100_,འོད་_100_,འོད་_100_,འོད་_100_,འོད་_100_
[ཟེར་_100_],ཟེར་_100_,ཟེར་_100_,ཟེར་_100_,ཟེར་_100_,ཟེར་_100_
[རལ་_100_],རལ་_100_,རལ་_100_,རལ་_100_,རལ་_100_,རལ་_100_
[ཅིག་_100_],ཅིག་_100_,ཅིག་_100_,ཅིག་_100_,ཅིག་_100_,ཅིག་_100_
[ཕྱག་_100_],ཕྱག་_100_,ཕྱག་_100_,ཕྱག་_100_,ཕྱག་_100_,ཕྱག་_100_
[འཚལ་_100_],འཚལ་_100_,འཚལ་_100_,འཚལ་_100_,འཚལ་_100_,འཚལ་_100_
[བསྟོད_100_],བསྟོད_100_,བསྟོད_100_,བསྟོད_100_,བསྟོད_100_,བསྟོད_100_
[། །​_100_],། །​_100_,། །​_100_,། །​_100_,། །​_100_,། །​_100_
[སྔོན་_100_],སྔོན་_100_,སྔོན་_100_,སྔོན་_100_,སྔོན་_100_,སྔོན་_100_
[མཆོད་_100_],མཆོད་_100_,མཆོད་_100_,མཆོད་_100_,མཆོད་_100_,མཆོད་_100_
[ཕྱི་_100_],ཕྱི་_100_,ཕྱི་_100_,ཕྱི་_100_,ཕྱི་_100_,ཕྱི་_100_
[ནས་_100_],ནས་_100_,ནས་_100_,ནས་_100_,ནས་_100_,ནས་_100_
[གདུགས་_100_],གདུགས་_100_,གདུགས་_100_,གདུགས་_100_,གདུགས་_100_,གདུགས་_100_
[ཁུར་_100_],ཁུར་_100_,ཁུར་_100_,ཁུར་_100_,ཁུར་_100_,ཁུར་_100_
[རིགས་_100_],རིགས་_100_,རིགས་_100_,རིགས་_100_,རིགས་_100_,རིགས་_100_
[རྒྱལ་_100_],རྒྱལ་_100_,རྒྱལ་_100_,རྒྱལ་_100_,རྒྱལ་_100_,རྒྱལ་_100_
[བུ་_100_],བུ་_100_,བུ་_100_,བུ་_100_,བུ་_100_,བུ་_100_
[མོའི་_66_],མོའི་_66_,མོའི་_66_,མོ། _33_,མོ། _33_,མོའི་_66_
[ཚོགས_100_],ཚོགས_100_,ཚོགས_100_,ཚོགས_100_,ཚོགས_100_,ཚོགས_100_
[། །​_100_],། །​_100_,། །​_100_,། །​_100_,། །​_100_,། །​_100_
[རྔ་_100_],རྔ་_100_,རྔ་_100_,རྔ་_100_,རྔ་_100_,རྔ་_100_
[ཡབ་_100_],ཡབ་_100_,ཡབ་_100_,ཡབ་_100_,ཡབ་_100_,ཡབ་_100_
[ཏིང་_100_],ཏིང་_100_,ཏིང་_100_,ཏིང་_100_,ཏིང་_100_,ཏིང་_100_
[ཤག་_100_],ཤག་_100_,ཤག་_100_,ཤག་_100_,ཤག་_100_,ཤག་_100_
[རྔ་_100_],རྔ་_100_,རྔ་_100_,རྔ་_100_,རྔ་_100_,རྔ་_100_
[གླིང་_100_],གླིང་_100_,གླིང་_100_,གླིང་_100_,གླིང་_100_,གླིང་_100_
[པི་_83_],པི་_83_,པི་_83_,པི་_83_,པི་_83_,པ་_16_
[བང་_100_],བང་_100_,བང་_100_,བང་_100_,བང་_100_,བང་_100_
[གླུ་_100_],གླུ་_100_,གླུ་_100_,གླུ་_100_,གླུ་_100_,གླུ་_100_
[གར་_100_],གར་_100_,གར་_100_,གར་_100_,གར་_100_,གར་_100_
[འགེངས_100_],འགེངས_100_,འགེངས_100_,འགེངས_100_,འགེངས_100_,འགེངས_100_
[། །​_100_],། །​_100_,། །​_100_,། །​_100_,། །​_100_,། །​_100_
[ལྷའི་_100_],ལྷའི་_100_,ལྷའི་_100_,ལྷའི་_100_,ལྷའི་_100_,ལྷའི་_100_
[བུ་_100_],བུ་_100_,བུ་_100_,བུ་_100_,བུ་_100_,བུ་_100_
[མོ་_100_],མོ་_100_,མོ་_100_,མོ་_100_,མོ་_100_,མོ་_100_
[བཅོ་_100_],བཅོ་_100_,བཅོ་_100_,བཅོ་_100_,བཅོ་_100_,བཅོ་_100_
[ལྔ་_100_],ལྔ་_100_,ལྔ་_100_,ལྔ་_100_,ལྔ་_100_,ལྔ་_100_
[རྒྱན་_100_],རྒྱན་_100_,རྒྱན་_100_,རྒྱན་_100_,རྒྱན་_100_,རྒྱན་_100_
[ལྡན་_100_],ལྡན་_100_,ལྡན་_100_,ལྡན་_100_,ལྡན་_100_,ལྡན་_100_
[ན་_100_],ན་_100_,ན་_100_,ན་_100_,ན་_100_,ན་_100_
[བཟའ་_100_],བཟའ་_100_,བཟའ་_100_,བཟའ་_100_,བཟའ་_100_,བཟའ་_100_
[མཛེས_100_],མཛེས_100_,མཛེས_100_,མཛེས_100_,མཛེས_100_,མཛེས_100_
[། །​_100_],། །​_100_,། །​_100_,། །​_100_,། །​_100_,། །​_100_
[སྣ་_100_],སྣ་_100_,སྣ་_100_,སྣ་_100_,སྣ་_100_,སྣ་_100_
[ཚོགས་_100_],ཚོགས་_100_,ཚོགས་_100_,ཚོགས་_100_,ཚོགས་_100_,ཚོགས་_100_
[སྐུ་_100_],སྐུ་_100_,སྐུ་_100_,སྐུ་_100_,སྐུ་_100_,སྐུ་_100_
[ཡིས་_100_],ཡིས་_100_,ཡིས་_100_,ཡིས་_100_,ཡིས་_100_,ཡིས་_100_
[མཆོད་_100_],མཆོད་_100_,མཆོད་_100_,མཆོད་_100_,མཆོད་_100_,མཆོད་_100_
[བསྣམས་_100_],བསྣམས་_100_,བསྣམས་_100_,བསྣམས་_100_,བསྣམས་_100_,བསྣམས་_100_
[རོལ་_100_],རོལ་_100_,རོལ་_100_,རོལ་_100_,རོལ་_100_,རོལ་_100_
[ལ་_100_],ལ་_100_,ལ་_100_,ལ་_100_,ལ་_100_,ལ་_100_
[ཕྱག་_100_],ཕྱག་_100_,ཕྱག་_100_,ཕྱག་_100_,ཕྱག་_100_,ཕྱག་_100_
[འཚལ་_100_],འཚལ་_100_,འཚལ་_100_,འཚལ་_100_,འཚལ་_100_,འཚལ་_100_
[བསྟོད_100_],བསྟོད_100_,བསྟོད_100_,བསྟོད_100_,བསྟོད_100_,བསྟོད_100_
[། །​_100_],། །​_100_,། །​_100_,། །​_100_,། །​_100_,། །​_100_
[ནགས་_100_],ནགས་_100_,ནགས་_100_,ནགས་_100_,ནགས་_100_,ནགས་_100_
[ཚལ་_100_],ཚལ་_100_,ཚལ་_100_,ཚལ་_100_,ཚལ་_100_,ཚལ་_100_
[ལྷ་_100_],ལྷ་_100_,ལྷ་_100_,ལྷ་_100_,ལྷ་_100_,ལྷ་_100_
[མོ་_100_],མོ་_100_,མོ་_100_,མོ་_100_,མོ་_100_,མོ་_100_
[སྐུ་_100_],སྐུ་_100_,སྐུ་_100_,སྐུ་_100_,སྐུ་_100_,སྐུ་_100_
[མཛེས་_100_],མཛེས་_100_,མཛེས་_100_,མཛེས་_100_,མཛེས་_100_,མཛེས་_100_
[དགེ་_100_],དགེ་_100_,དགེ་_100_,དགེ་_100_,དགེ་_100_,དགེ་_100_
[མ་_100_],མ་_100_,མ་_100_,མ་_100_,མ་_100_,མ་_100_
[འཁོར་_100_],འཁོར་_100_,འཁོར་_100_,འཁོར་_100_,འཁོར་_100_,འཁོར་_100_
[བཅས་_100_],བཅས་_100_,བཅས་_100_,བཅས་_100_,བཅས་_100_,བཅས་_100_
[ལ_100_],ལ_100_,ལ_100_,ལ_100_,ལ_100_,ལ_100_
[། །​_83_],། །​_83_,། །​_83_,། །​_83_,། །​_83_,། །​ _16_
[བདག་_100_],བདག་_100_,བདག་_100_,བདག་_100_,བདག་_100_,བདག་_100_
[གིས་_100_],གིས་_100_,གིས་_100_,གིས་_100_,གིས་_100_,གིས་_100_
[བསྟོད་_100_],བསྟོད་_100_,བསྟོད་_100_,བསྟོད་_100_,བསྟོད་_100_,བསྟོད་_100_
[བགྱིས་_100_],བགྱིས་_100_,བགྱིས་_100_,བགྱིས་_100_,བགྱིས་_100_,བགྱིས་_100_
[མི་_100_],མི་_100_,མི་_100_,མི་_100_,མི་_100_,མི་_100_
[བཟད་_100_],བཟད་_100_,བཟད་_100_,བཟད་_100_,བཟད་_100_,བཟད་_100_
[དགེ་_100_],དགེ་_100_,དགེ་_100_,དགེ་_100_,དགེ་_100_,དགེ་_100_
[བ་_100_],བ་_100_,བ་_100_,བ་_100_,བ་_100_,བ་_100_
[བཟང་_100_],བཟང་_100_,བཟང་_100_,བཟང་_100_,བཟང་_100_,བཟང་_100_
[པོ་_100_],པོ་_100_,པོ་_100_,པོ་_100_,པོ་_100_,པོ་_100_
[དེས_100_],དེས_100_,དེས_100_,དེས_100_,དེས_100_,དེས_100_
[། །​_100_],། །​_100_,། །​_100_,། །​_100_,། །​_100_,། །​_100_
[འགྲོ་_100_],འགྲོ་_100_,འགྲོ་_100_,འགྲོ་_100_,འགྲོ་_100_,འགྲོ་_100_
[བ་_100_],བ་_100_,བ་_100_,བ་_100_,བ་_100_,བ་_100_
[ཀུན་_100_],ཀུན་_100_,ཀུན་_100_,ཀུན་_100_,ཀུན་_100_,ཀུན་_100_
[ལ་_100_],ལ་_100_,ལ་_100_,ལ་_100_,ལ་_100_,ལ་_100_
[ཐུགས་_100_],ཐུགས་_100_,ཐུགས་_100_,ཐུགས་_100_,ཐུགས་_100_,ཐུགས་_100_
[རྗེའི་_100_],རྗེའི་_100_,རྗེའི་_100_,རྗེའི་_100_,རྗེའི་_100_,རྗེའི་_100_
[ཆུའི་_100_],ཆུའི་_100_,ཆུའི་_100_,ཆུའི་_100_,ཆུའི་_100_,ཆུའི་_100_
[ཉོན་_100_],ཉོན་_100_,ཉོན་_100_,ཉོན་_100_,ཉོན་_100_,ཉོན་_100_
[མོངས་_100_],མོངས་_100_,མོངས་_100_,མོངས་_100_,མོངས་_100_,མོངས་_100_
[ཀུན་_100_],ཀུན་_100_,ཀུན་_100_,ཀུན་_100_,ཀུན་_100_,ཀུན་_100_
[དག་_100_],དག་_100_,དག་_100_,དག་_100_,དག་_100_,དག་_100_
[ནས_100_],ནས_100_,ནས_100_,ནས_100_,ནས_100_,ནས_100_
[། །​_100_],། །​_100_,། །​_100_,། །​_100_,། །​_100_,། །​_100_
[སྲིད་_100_],སྲིད་_100_,སྲིད་_100_,སྲིད་_100_,སྲིད་_100_,སྲིད་_100_
[པའི་_100_],པའི་_100_,པའི་_100_,པའི་_100_,པའི་_100_,པའི་_100_
[ནགས་_100_],ནགས་_100_,ནགས་_100_,ནགས་_100_,ནགས་_100_,ནགས་_100_
[ནས་_100_],ནས་_100_,ནས་_100_,ནས་_100_,ནས་_100_,ནས་_100_
[ཞི་_100_],ཞི་_100_,ཞི་_100_,ཞི་_100_,ཞི་_100_,ཞི་_100_
[བའི་_100_],བའི་_100_,བའི་_100_,བའི་_100_,བའི་_100_,བའི་_100_
[ཚལ་_100_],ཚལ་_100_,ཚལ་_100_,ཚལ་_100_,ཚལ་_100_,ཚལ་_100_
[དུ་_100_],དུ་_100_,དུ་_100_,དུ་_100_,དུ་_100_,དུ་_100_
[ཕྱིན་_100_],ཕྱིན་_100_,ཕྱིན་_100_,ཕྱིན་_100_,ཕྱིན་_100_,ཕྱིན་_100_
[པར་ཤོག ་_50_],པར་ཤོག ་_50_,པར་ཤོག ་_50_,པར། །​ །​་_16_,པར།། །​།_16_,པར་ཤོག །​_16_
[གཞོན་_100_],གཞོན་_100_,གཞོན་_100_,གཞོན་_100_,གཞོན་_100_,གཞོན་_100_
[ནུ་_100_],ནུ་_100_,ནུ་_100_,ནུ་_100_,ནུ་_100_,ནུ་_100_
[ཁ་_100_],ཁ་_100_,ཁ་_100_,ཁ་_100_,ཁ་_100_,ཁ་_100_
[ཏི་_100_],ཏི་_100_,ཏི་_100_,ཏི་_100_,ཏི་_100_,ཏི་_100_
[ཏ་_100_],ཏ་_100_,ཏ་_100_,ཏ་_100_,ཏ་_100_,ཏ་_100_
[རེ་_100_],རེ་_100_,རེ་_100_,རེ་_100_,རེ་_100_,རེ་_100_
[མ་_100_],མ་_100_,མ་_100_,མ་_100_,མ་_100_,མ་_100_
[ལ་_100_],ལ་_100_,ལ་_100_,ལ་_100_,ལ་_100_,ལ་_100_
[བསྟོད་_100_],བསྟོད་_100_,བསྟོད་_100_,བསྟོད་_100_,བསྟོད་_100_,བསྟོད་_100_
[པ་_100_],པ་_100_,པ་_100_,པ་_100_,པ་_100_,པ་_100_
[ཚིགས་_100_],ཚིགས་_100_,ཚིགས་_100_,ཚིགས་_100_,ཚིགས་_100_,ཚིགས་_100_
[སུ་_100_],སུ་_100_,སུ་_100_,སུ་_100_,སུ་_100_,སུ་_100_
[བཅད་_100_],བཅད་_100_,བཅད་_100_,བཅད་_100_,བཅད་_100_,བཅད་_100_
[པ་_100_],པ་_100_,པ་_100_,པ་_100_,པ་_100_,པ་_100_
[བཅུ་_100_],བཅུ་_100_,བཅུ་_100_,བཅུ་_100_,བཅུ་_100_,བཅུ་_100_
[དྲུག་_100_],དྲུག་_100_,དྲུག་_100_,དྲུག་_100_,དྲུག་_100_,དྲུག་_100_
[པ_100_],པ_100_,པ_100_,པ_100_,པ_100_,པ_100_
[། །​_83_],། །​_83_,། །​_83_,། །​_83_,། །​_83_,། _16_
[སློབ་_100_],སློབ་_100_,སློབ་_100_,སློབ་_100_,སློབ་_100_,སློབ་_100_
[དཔོན་_100_],དཔོན་_100_,དཔོན་_100_,དཔོན་_100_,དཔོན་_100_,དཔོན་_100_
[འཕགས་_100_],འཕགས་_100_,འཕགས་_100_,འཕགས་_100_,འཕགས་_100_,འཕགས་_100_
[པ་_100_],པ་_100_,པ་_100_,པ་_100_,པ་_100_,པ་_100_
[ཀླུ་_100_],ཀླུ་_100_,ཀླུ་_100_,ཀླུ་_100_,ཀླུ་_100_,ཀླུ་_100_
[གྲུབ་_100_],གྲུབ་_100_,གྲུབ་_100_,གྲུབ་_100_,གྲུབ་_100_,གྲུབ་_100_
[ཀྱིས་_100_],ཀྱིས་_100_,ཀྱིས་_100_,ཀྱིས་_100_,ཀྱིས་_100_,ཀྱིས་_100_
[མཛད་_100_],མཛད་_100_,མཛད་_100_,མཛད་_100_,མཛད་_100_,མཛད་_100_
[པ་_100_],པ་_100_,པ་_100_,པ་_100_,པ་_100_,པ་_100_
[རྫོགས་_100_],རྫོགས་_100_,རྫོགས་_100_,རྫོགས་_100_,རྫོགས་_100_,རྫོགས་_100_
[སོ།། །​།_66_],སོ།། །​།_66_,སོ།། །​།_66_,སོ། །​སརྦ་མངྒ་ལཾ། །​ །​་_16_,སོ། །​སརྦ་མངྒ་ལཾ།། །​།_16_,སོ།། །​།_66_
