[༄༅། །​_100_],༄༅། །​_100_,༄༅། །​_100_,༄༅། །​_100_,༄༅། །​_100_,༄༅། །​_100_
[ཐམས་_100_],ཐམས་_100_,ཐམས་_100_,ཐམས་_100_,ཐམས་_100_,ཐམས་_100_
[ཅད་_100_],ཅད་_100_,ཅད་_100_,ཅད་_100_,ཅད་_100_,ཅད་_100_
[གྲུབ་_100_],གྲུབ་_100_,གྲུབ་_100_,གྲུབ་_100_,གྲུབ་_100_,གྲུབ་_100_
[པ་_100_],པ་_100_,པ་_100_,པ་_100_,པ་_100_,པ་_100_
[དཔལ་_100_],དཔལ་_100_,དཔལ་_100_,དཔལ་_100_,དཔལ་_100_,དཔལ་_100_
[འཕེལ་_100_],འཕེལ་_100_,འཕེལ་_100_,འཕེལ་_100_,འཕེལ་_100_,འཕེལ་_100_
[ལྷ་_100_],ལྷ་_100_,ལྷ་_100_,ལྷ་_100_,ལྷ་_100_,ལྷ་_100_
[མོ་_100_],མོ་_100_,མོ་_100_,མོ་_100_,མོ་_100_,མོ་_100_
[ལ་_100_],ལ་_100_,ལ་_100_,ལ་_100_,ལ་_100_,ལ་_100_
[སློབ་_100_],སློབ་_100_,སློབ་_100_,སློབ་_100_,སློབ་_100_,སློབ་_100_
[དཔོན་_100_],དཔོན་_100_,དཔོན་_100_,དཔོན་_100_,དཔོན་_100_,དཔོན་_100_
[ཀླུ་_100_],ཀླུ་_100_,ཀླུ་_100_,ཀླུ་_100_,ཀླུ་_100_,ཀླུ་_100_
[སྒྲུབ་_100_],སྒྲུབ་_100_,སྒྲུབ་_100_,སྒྲུབ་_100_,སྒྲུབ་_100_,སྒྲུབ་_100_
[ཀྱིས་_100_],ཀྱིས་_100_,ཀྱིས་_100_,ཀྱིས་_100_,ཀྱིས་_100_,ཀྱིས་_100_
[བསྟོད་_100_],བསྟོད་_100_,བསྟོད་_100_,བསྟོད་_100_,བསྟོད་_100_,བསྟོད་_100_
[པ་_100_],པ་_100_,པ་_100_,པ་_100_,པ་_100_,པ་_100_
[བཞུགས་_100_],བཞུགས་_100_,བཞུགས་_100_,བཞུགས་_100_,བཞུགས་_100_,བཞུགས་_100_
[སོ_100_],སོ_100_,སོ_100_,སོ_100_,སོ_100_,སོ_100_
[། །​༄༅༅།ཨོཾ་_83_],། །​༄༅༅།ཨོཾ་_83_,། །​༄༅༅།ཨོཾ་_83_,། །​༄༅༅།ཨོཾ་_83_,། །​༄༅༅།ཨོཾ་_83_,། །​༄༅། །​ ཨོ་_16_
[ཐམས་_100_],ཐམས་_100_,ཐམས་_100_,ཐམས་_100_,ཐམས་_100_,ཐམས་_100_
[ཅད་_100_],ཅད་_100_,ཅད་_100_,ཅད་_100_,ཅད་_100_,ཅད་_100_
[གྲུབ་_100_],གྲུབ་_100_,གྲུབ་_100_,གྲུབ་_100_,གྲུབ་_100_,གྲུབ་_100_
[པ་_100_],པ་_100_,པ་_100_,པ་_100_,པ་_100_,པ་_100_
[དཔལ་_100_],དཔལ་_100_,དཔལ་_100_,དཔལ་_100_,དཔལ་_100_,དཔལ་_100_
[འཕེལ་_100_],འཕེལ་_100_,འཕེལ་_100_,འཕེལ་_100_,འཕེལ་_100_,འཕེལ་_100_
[ལྷ་_100_],ལྷ་_100_,ལྷ་_100_,ལྷ་_100_,ལྷ་_100_,ལྷ་_100_
[མོ་_100_],མོ་_100_,མོ་_100_,མོ་_100_,མོ་_100_,མོ་_100_
[ཁྱོད་_100_],ཁྱོད་_100_,ཁྱོད་_100_,ཁྱོད་_100_,ཁྱོད་_100_,ཁྱོད་_100_
[ལགས་_100_],ལགས་_100_,ལགས་_100_,ལགས་_100_,ལགས་_100_,ལགས་_100_
[ཀྱེ_100_],ཀྱེ_100_,ཀྱེ_100_,ཀྱེ_100_,ཀྱེ_100_,ཀྱེ_100_
[། །​_83_],། །​_83_,། །​_83_,། །​_83_,། །​_83_,། བད །​ །​_16_
[རྣམ་_100_],རྣམ་_100_,རྣམ་_100_,རྣམ་_100_,རྣམ་_100_,རྣམ་_100_
[ཐར་_100_],ཐར་_100_,ཐར་_100_,ཐར་_100_,ཐར་_100_,ཐར་_100_
[ཡོངས་_100_],ཡོངས་_100_,ཡོངས་_100_,ཡོངས་_100_,ཡོངས་_100_,ཡོངས་_100_
[རྫོགས་_100_],རྫོགས་_100_,རྫོགས་_100_,རྫོགས་_100_,རྫོགས་_100_,རྫོགས་_100_
[དྲི་_100_],དྲི་_100_,དྲི་_100_,དྲི་_100_,དྲི་_100_,དྲི་_100_
[མེད་_100_],མེད་_100_,མེད་_100_,མེད་_100_,མེད་_100_,མེད་_100_
[ཤེས་_100_],ཤེས་_100_,ཤེས་_100_,ཤེས་_100_,ཤེས་_100_,ཤེས་_100_
[རབ་_100_],རབ་_100_,རབ་_100_,རབ་_100_,རབ་_100_,རབ་_100_
[ཕ་_100_],ཕ་_100_,ཕ་_100_,ཕ་_100_,ཕ་_100_,ཕ་_100_
[རོལ་_100_],རོལ་_100_,རོལ་_100_,རོལ་_100_,རོལ་_100_,རོལ་_100_
[ཕྱིན_100_],ཕྱིན_100_,ཕྱིན_100_,ཕྱིན_100_,ཕྱིན_100_,ཕྱིན_100_
[། །​_100_],། །​_100_,། །​_100_,། །​_100_,། །​_100_,། །​_100_
[ཀུན་_100_],ཀུན་_100_,ཀུན་_100_,ཀུན་_100_,ཀུན་_100_,ཀུན་_100_
[ལ་_100_],ལ་_100_,ལ་_100_,ལ་_100_,ལ་_100_,ལ་_100_
[མངའ་_100_],མངའ་_100_,མངའ་_100_,མངའ་_100_,མངའ་_100_,མངའ་_100_
[མཛད་_100_],མཛད་_100_,མཛད་_100_,མཛད་_100_,མཛད་_100_,མཛད་_100_
[བསྡུ་_100_],བསྡུ་_100_,བསྡུ་_100_,བསྡུ་_100_,བསྡུ་_100_,བསྡུ་_100_
[བའི་_100_],བའི་_100_,བའི་_100_,བའི་_100_,བའི་_100_,བའི་_100_
[ཏོག་_100_],ཏོག་_100_,ཏོག་_100_,ཏོག་_100_,ཏོག་_100_,ཏོག་_100_
[ལྟར་_100_],ལྟར་_100_,ལྟར་_100_,ལྟར་_100_,ལྟར་_100_,ལྟར་_100_
[མཛེས_100_],མཛེས_100_,མཛེས_100_,མཛེས_100_,མཛེས_100_,མཛེས_100_
[། །​_100_],། །​_100_,། །​_100_,། །​_100_,། །​_100_,། །​_100_
[ཞབས་_100_],ཞབས་_100_,ཞབས་_100_,ཞབས་_100_,ཞབས་_100_,ཞབས་_100_
[གཉིས་_100_],གཉིས་_100_,གཉིས་_100_,གཉིས་_100_,གཉིས་_100_,གཉིས་_100_
[རོལ་_100_],རོལ་_100_,རོལ་_100_,རོལ་_100_,རོལ་_100_,རོལ་_100_
[པས་_100_],པས་_100_,པས་_100_,པས་_100_,པས་_100_,པས་_100_
[གཞན་_100_],གཞན་_100_,གཞན་_100_,གཞན་_100_,གཞན་_100_,གཞན་_100_
[དོན་_100_],དོན་_100_,དོན་_100_,དོན་_100_,དོན་_100_,དོན་_100_
[མཛད་_100_],མཛད་_100_,མཛད་_100_,མཛད་_100_,མཛད་_100_,མཛད་_100_
[ལ་_100_],ལ་_100_,ལ་_100_,ལ་_100_,ལ་_100_,ལ་_100_
[ཕྱག་_100_],ཕྱག་_100_,ཕྱག་_100_,ཕྱག་_100_,ཕྱག་_100_,ཕྱག་_100_
[འཚལ་_100_],འཚལ་_100_,འཚལ་_100_,འཚལ་_100_,འཚལ་_100_,འཚལ་_100_
[བསྟོད_100_],བསྟོད_100_,བསྟོད_100_,བསྟོད_100_,བསྟོད_100_,བསྟོད_100_
[། །​_100_],། །​_100_,། །​_100_,། །​_100_,། །​_100_,། །​_100_
[ཚད་_100_],ཚད་_100_,ཚད་_100_,ཚད་_100_,ཚད་_100_,ཚད་_100_
[མེད་_100_],མེད་_100_,མེད་_100_,མེད་_100_,མེད་_100_,མེད་_100_
[བཞིའི་_100_],བཞིའི་_100_,བཞིའི་_100_,བཞིའི་_100_,བཞིའི་_100_,བཞིའི་_100_
[བདུད་_100_],བདུད་_100_,བདུད་_100_,བདུད་_100_,བདུད་_100_,བདུད་_100_
[བཞིའི་_100_],བཞིའི་_100_,བཞིའི་_100_,བཞིའི་_100_,བཞིའི་_100_,བཞིའི་_100_
[དཔུང་_100_],དཔུང་_100_,དཔུང་_100_,དཔུང་_100_,དཔུང་_100_,དཔུང་_100_
[རྣམས་_100_],རྣམས་_100_,རྣམས་_100_,རྣམས་_100_,རྣམས་_100_,རྣམས་_100_
[བཅོམ་_100_],བཅོམ་_100_,བཅོམ་_100_,བཅོམ་_100_,བཅོམ་_100_,བཅོམ་_100_
[པ་_100_],པ་_100_,པ་_100_,པ་_100_,པ་_100_,པ་_100_
[ཀྱེ_100_],ཀྱེ_100_,ཀྱེ_100_,ཀྱེ_100_,ཀྱེ_100_,ཀྱེ_100_
[། །​_100_],། །​_100_,། །​_100_,། །​_100_,། །​_100_,། །​_100_
[གང་_100_],གང་_100_,གང་_100_,གང་_100_,གང་_100_,གང་_100_
[གིས་_100_],གིས་_100_,གིས་_100_,གིས་_100_,གིས་_100_,གིས་_100_
[འདོད་_100_],འདོད་_100_,འདོད་_100_,འདོད་_100_,འདོད་_100_,འདོད་_100_
[དོན་_100_],དོན་_100_,དོན་_100_,དོན་_100_,དོན་_100_,དོན་_100_
[གསོལ་_100_],གསོལ་_100_,གསོལ་_100_,གསོལ་_100_,གསོལ་_100_,གསོལ་_100_
[བ་_100_],བ་_100_,བ་_100_,བ་_100_,བ་_100_,བ་_100_
[དེ་_100_],དེ་_100_,དེ་_100_,དེ་_100_,དེ་_100_,དེ་_100_
[དག་_100_],དག་_100_,དག་_100_,དག་_100_,དག་_100_,དག་_100_
[གྲུབ་_100_],གྲུབ་_100_,གྲུབ་_100_,གྲུབ་_100_,གྲུབ་_100_,གྲུབ་_100_
[པ་_100_],པ་_100_,པ་_100_,པ་_100_,པ་_100_,པ་_100_
[ཀྱེ_100_],ཀྱེ_100_,ཀྱེ_100_,ཀྱེ_100_,ཀྱེ_100_,ཀྱེ_100_
[། །​_100_],། །​_100_,། །​_100_,། །​_100_,། །​_100_,། །​_100_
[སྐུ་_100_],སྐུ་_100_,སྐུ་_100_,སྐུ་_100_,སྐུ་_100_,སྐུ་_100_
[དང་_100_],དང་_100_,དང་_100_,དང་_100_,དང་_100_,དང་_100_
[ཕྱག་_100_],ཕྱག་_100_,ཕྱག་_100_,ཕྱག་_100_,ཕྱག་_100_,ཕྱག་_100_
[ཞབས་_100_],ཞབས་_100_,ཞབས་_100_,ཞབས་_100_,ཞབས་_100_,ཞབས་_100_
[རིན་_100_],རིན་_100_,རིན་_100_,རིན་_100_,རིན་_100_,རིན་_100_
[ཆེན་_100_],ཆེན་_100_,ཆེན་_100_,ཆེན་_100_,ཆེན་_100_,ཆེན་_100_
[དུ་_100_],དུ་_100_,དུ་_100_,དུ་_100_,དུ་_100_,དུ་_100_
[མས་རྣམ་_50_],མས་རྣམ་_50_,མས་རྣམ་_50_,མས་_33_,མས་_33_,མས་རྣམ་“_16_
[བརྒྱན་_100_],བརྒྱན་_100_,བརྒྱན་_100_,བརྒྱན་_100_,བརྒྱན་_100_,བརྒྱན་_100_
[ཀྱེ_100_],ཀྱེ_100_,ཀྱེ_100_,ཀྱེ_100_,ཀྱེ_100_,ཀྱེ_100_
[། །​_100_],། །​_100_,། །​_100_,། །​_100_,། །​_100_,། །​_100_
[བསྡུ་_100_],བསྡུ་_100_,བསྡུ་_100_,བསྡུ་_100_,བསྡུ་_100_,བསྡུ་_100_
[བ་_100_],བ་_100_,བ་_100_,བ་_100_,བ་_100_,བ་_100_
[དངོས་_100_],དངོས་_100_,དངོས་_100_,དངོས་_100_,དངོས་_100_,དངོས་_100_
[པོ་_100_],པོ་_100_,པོ་_100_,པོ་_100_,པོ་_100_,པོ་_100_
[བཞི་_100_],བཞི་_100_,བཞི་_100_,བཞི་_100_,བཞི་_100_,བཞི་_100_
[ལྡན་_100_],ལྡན་_100_,ལྡན་_100_,ལྡན་_100_,ལྡན་_100_,ལྡན་_100_
[ཁྱོད་_100_],ཁྱོད་_100_,ཁྱོད་_100_,ཁྱོད་_100_,ཁྱོད་_100_,ཁྱོད་_100_
[ལ་_100_],ལ་_100_,ལ་_100_,ལ་_100_,ལ་_100_,ལ་_100_
[ཕྱག་_100_],ཕྱག་_100_,ཕྱག་_100_,ཕྱག་_100_,ཕྱག་_100_,ཕྱག་_100_
[འཚལ་_100_],འཚལ་_100_,འཚལ་_100_,འཚལ་_100_,འཚལ་_100_,འཚལ་_100_
[བསྟོད_100_],བསྟོད_100_,བསྟོད_100_,བསྟོད_100_,བསྟོད_100_,བསྟོད_100_
[། །​_83_],། །​_83_,། །​_83_,། །​_83_,། །​_83_,། །​ །​_16_
[དཔའ་_100_],དཔའ་_100_,དཔའ་_100_,དཔའ་_100_,དཔའ་_100_,དཔའ་_100_
[མོ་_100_],མོ་_100_,མོ་_100_,མོ་_100_,མོ་_100_,མོ་_100_
[རབ་_100_],རབ་_100_,རབ་_100_,རབ་_100_,རབ་_100_,རབ་_100_
[བརྗིད་_100_],བརྗིད་_100_,བརྗིད་_100_,བརྗིད་_100_,བརྗིད་_100_,བརྗིད་_100_
[དུས་_100_],དུས་_100_,དུས་_100_,དུས་_100_,དུས་_100_,དུས་_100_
[གསུམ་_100_],གསུམ་_100_,གསུམ་_100_,གསུམ་_100_,གསུམ་_100_,གསུམ་_100_
[ས་_100_],ས་_100_,ས་_100_,ས་_100_,ས་_100_,ས་_100_
[ལེར་_100_],ལེར་_100_,ལེར་_100_,ལེར་_100_,ལེར་_100_,ལེར་_100_
[མཁྱེན་_100_],མཁྱེན་_100_,མཁྱེན་_100_,མཁྱེན་_100_,མཁྱེན་_100_,མཁྱེན་_100_
[པ་_100_],པ་_100_,པ་_100_,པ་_100_,པ་_100_,པ་_100_
[ཀྱེ_100_],ཀྱེ_100_,ཀྱེ_100_,ཀྱེ_100_,ཀྱེ_100_,ཀྱེ_100_
[། །​_100_],། །​_100_,། །​_100_,། །​_100_,། །​_100_,། །​_100_
[འཁོར་_100_],འཁོར་_100_,འཁོར་_100_,འཁོར་_100_,འཁོར་_100_,འཁོར་_100_
[བའི་_100_],བའི་_100_,བའི་_100_,བའི་_100_,བའི་_100_,བའི་_100_
[འདམ་_100_],འདམ་_100_,འདམ་_100_,འདམ་_100_,འདམ་_100_,འདམ་_100_
[ནས་_100_],ནས་_100_,ནས་_100_,ནས་_100_,ནས་_100_,ནས་_100_
[འགྲོ་_100_],འགྲོ་_100_,འགྲོ་_100_,འགྲོ་_100_,འགྲོ་_100_,འགྲོ་_100_
[བ་_100_],བ་_100_,བ་_100_,བ་_100_,བ་_100_,བ་_100_
[མ་_100_],མ་_100_,མ་_100_,མ་_100_,མ་_100_,མ་_100_
[ལུས་_100_],ལུས་_100_,ལུས་_100_,ལུས་_100_,ལུས་_100_,ལུས་_100_
[འདྲེན་_100_],འདྲེན་_100_,འདྲེན་_100_,འདྲེན་_100_,འདྲེན་_100_,འདྲེན་_100_
[མཛད་_100_],མཛད་_100_,མཛད་_100_,མཛད་_100_,མཛད་_100_,མཛད་_100_
[མ_100_],མ_100_,མ_100_,མ_100_,མ_100_,མ_100_
[། །​_100_],། །​_100_,། །​_100_,། །​_100_,། །​_100_,། །​_100_
[ཧྲི་_100_],ཧྲི་_100_,ཧྲི་_100_,ཧྲི་_100_,ཧྲི་_100_,ཧྲི་_100_
[དང་_100_],དང་_100_,དང་_100_,དང་_100_,དང་_100_,དང་_100_
[ཧཱུཾ་_83_],ཧཱུཾ་_83_,ཧཱུཾ་_83_,ཧཱུཾ་_83_,ཧཱུཾ་_83_,ཧཱུྃ་_16_
[ཕཊ་_100_],ཕཊ་_100_,ཕཊ་_100_,ཕཊ་_100_,ཕཊ་_100_,ཕཊ་_100_
[རབ་_100_],རབ་_100_,རབ་_100_,རབ་_100_,རབ་_100_,རབ་_100_
[སྒྲོགས་_100_],སྒྲོགས་_100_,སྒྲོགས་_100_,སྒྲོགས་_100_,སྒྲོགས་_100_,སྒྲོགས་_100_
[དུས་_100_],དུས་_100_,དུས་_100_,དུས་_100_,དུས་_100_,དུས་_100_
[གསུམ་_100_],གསུམ་_100_,གསུམ་_100_,གསུམ་_100_,གསུམ་_100_,གསུམ་_100_
[དབང་_100_],དབང་_100_,དབང་_100_,དབང་_100_,དབང་_100_,དབང་_100_
[ཕྱུག་_100_],ཕྱུག་_100_,ཕྱུག་_100_,ཕྱུག་_100_,ཕྱུག་_100_,ཕྱུག་_100_
[མ_100_],མ_100_,མ_100_,མ_100_,མ_100_,མ_100_
[། །​_100_],། །​_100_,། །​_100_,། །​_100_,། །​_100_,། །​_100_
[བགེགས་_100_],བགེགས་_100_,བགེགས་_100_,བགེགས་_100_,བགེགས་_100_,བགེགས་_100_
[ཀྱི་_100_],ཀྱི་_100_,ཀྱི་_100_,ཀྱི་_100_,ཀྱི་_100_,ཀྱི་_100_
[ཚོགས་_100_],ཚོགས་_100_,ཚོགས་_100_,ཚོགས་_100_,ཚོགས་_100_,ཚོགས་_100_
[རྣམས་_100_],རྣམས་_100_,རྣམས་_100_,རྣམས་_100_,རྣམས་_100_,རྣམས་_100_
[མྱུར་_100_],མྱུར་_100_,མྱུར་_100_,མྱུར་_100_,མྱུར་_100_,མྱུར་_100_
[སྒྲོལ་_100_],སྒྲོལ་_100_,སྒྲོལ་_100_,སྒྲོལ་_100_,སྒྲོལ་_100_,སྒྲོལ་_100_
[ཁྱོད་_100_],ཁྱོད་_100_,ཁྱོད་_100_,ཁྱོད་_100_,ཁྱོད་_100_,ཁྱོད་_100_
[ལ་_100_],ལ་_100_,ལ་_100_,ལ་_100_,ལ་_100_,ལ་_100_
[ཕྱག་_100_],ཕྱག་_100_,ཕྱག་_100_,ཕྱག་_100_,ཕྱག་_100_,ཕྱག་_100_
[འཚལ་_100_],འཚལ་_100_,འཚལ་_100_,འཚལ་_100_,འཚལ་_100_,འཚལ་_100_
[བསྟོད_100_],བསྟོད_100_,བསྟོད_100_,བསྟོད_100_,བསྟོད_100_,བསྟོད_100_
[། །​_100_],། །​_100_,། །​_100_,། །​_100_,། །​_100_,། །​_100_
[རྣམ་_100_],རྣམ་_100_,རྣམ་_100_,རྣམ་_100_,རྣམ་_100_,རྣམ་_100_
[དག་_100_],དག་_100_,དག་_100_,དག་_100_,དག་_100_,དག་_100_
[སྤྱན་_100_],སྤྱན་_100_,སྤྱན་_100_,སྤྱན་_100_,སྤྱན་_100_,སྤྱན་_100_
[གྱིས་_100_],གྱིས་_100_,གྱིས་_100_,གྱིས་_100_,གྱིས་_100_,གྱིས་_100_
[ཡུལ་_100_],ཡུལ་_100_,ཡུལ་_100_,ཡུལ་_100_,ཡུལ་_100_,ཡུལ་_100_
[ཀུན་_100_],ཀུན་_100_,ཀུན་_100_,ཀུན་_100_,ཀུན་_100_,ཀུན་_100_
[དུས་_100_],དུས་_100_,དུས་_100_,དུས་_100_,དུས་_100_,དུས་_100_
[ཀུན་_100_],ཀུན་_100_,ཀུན་_100_,ཀུན་_100_,ཀུན་_100_,ཀུན་_100_
[གཟིགས་_100_],གཟིགས་_100_,གཟིགས་_100_,གཟིགས་_100_,གཟིགས་_100_,གཟིགས་_100_
[པ་_100_],པ་_100_,པ་_100_,པ་_100_,པ་_100_,པ་_100_
[ཀྱེ_100_],ཀྱེ_100_,ཀྱེ_100_,ཀྱེ_100_,ཀྱེ_100_,ཀྱེ_100_
[། །​_100_],། །​_100_,། །​_100_,། །​_100_,། །​_100_,། །​_100_
[སྤྲུལ་_100_],སྤྲུལ་_100_,སྤྲུལ་_100_,སྤྲུལ་_100_,སྤྲུལ་_100_,སྤྲུལ་_100_
[པའི་_100_],པའི་_100_,པའི་_100_,པའི་_100_,པའི་_100_,པའི་_100_
[ཚོགས་_100_],ཚོགས་_100_,ཚོགས་_100_,ཚོགས་_100_,ཚོགས་_100_,ཚོགས་_100_
[ཀྱིས་_100_],ཀྱིས་_100_,ཀྱིས་_100_,ཀྱིས་_100_,ཀྱིས་_100_,ཀྱིས་_100_
[སྲིད་_100_],སྲིད་_100_,སྲིད་_100_,སྲིད་_100_,སྲིད་_100_,སྲིད་_100_
[པའི་_100_],པའི་_100_,པའི་_100_,པའི་_100_,པའི་_100_,པའི་_100_
[འཇིགས་_100_],འཇིགས་_100_,འཇིགས་_100_,འཇིགས་_100_,འཇིགས་_100_,འཇིགས་_100_
[ཆེན་_100_],ཆེན་_100_,ཆེན་_100_,ཆེན་_100_,ཆེན་_100_,ཆེན་_100_
[འཇོམས_100_],འཇོམས_100_,འཇོམས_100_,འཇོམས_100_,འཇོམས_100_,འཇོམས_100_
[། །​_100_],། །​_100_,། །​_100_,། །​_100_,། །​_100_,། །​_100_
[ཐུགས་_100_],ཐུགས་_100_,ཐུགས་_100_,ཐུགས་_100_,ཐུགས་_100_,ཐུགས་_100_
[སྐྱོ་_100_],སྐྱོ་_100_,སྐྱོ་_100_,སྐྱོ་_100_,སྐྱོ་_100_,སྐྱོ་_100_
[མི་_100_],མི་_100_,མི་_100_,མི་_100_,མི་_100_,མི་_100_
[མངའ་_100_],མངའ་_100_,མངའ་_100_,མངའ་_100_,མངའ་_100_,མངའ་_100_
[རིན་_100_],རིན་_100_,རིན་_100_,རིན་_100_,རིན་_100_,རིན་_100_
[ཆེན་_100_],ཆེན་_100_,ཆེན་_100_,ཆེན་_100_,ཆེན་_100_,ཆེན་_100_
[ནོར་_100_],ནོར་_100_,ནོར་_100_,ནོར་_100_,ནོར་_100_,ནོར་_100_
[འདྲ་_100_],འདྲ་_100_,འདྲ་_100_,འདྲ་_100_,འདྲ་_100_,འདྲ་_100_
[མ་_100_],མ་_100_,མ་_100_,མ་_100_,མ་_100_,མ་_100_
[སྲིང་_100_],སྲིང་_100_,སྲིང་_100_,སྲིང་_100_,སྲིང་_100_,སྲིང་_100_
[ཚུལ_100_],ཚུལ_100_,ཚུལ_100_,ཚུལ_100_,ཚུལ_100_,ཚུལ_100_
[། །​_100_],། །​_100_,། །​_100_,། །​_100_,། །​_100_,། །​_100_
[ཐུགས་_100_],ཐུགས་_100_,ཐུགས་_100_,ཐུགས་_100_,ཐུགས་_100_,ཐུགས་_100_
[རྗེའི་_100_],རྗེའི་_100_,རྗེའི་_100_,རྗེའི་_100_,རྗེའི་_100_,རྗེའི་_100_
[དབང་_100_],དབང་_100_,དབང་_100_,དབང་_100_,དབང་_100_,དབང་_100_
[ཉིད་_100_],ཉིད་_100_,ཉིད་_100_,ཉིད་_100_,ཉིད་_100_,ཉིད་_100_
[སྒྲོལ་_100_],སྒྲོལ་_100_,སྒྲོལ་_100_,སྒྲོལ་_100_,སྒྲོལ་_100_,སྒྲོལ་_100_
[མ་_100_],མ་_100_,མ་_100_,མ་_100_,མ་_100_,མ་_100_
[ཁྱོད་_100_],ཁྱོད་_100_,ཁྱོད་_100_,ཁྱོད་_100_,ཁྱོད་_100_,ཁྱོད་_100_
[ལ་_100_],ལ་_100_,ལ་_100_,ལ་_100_,ལ་_100_,ལ་_100_
[ཕྱག་_100_],ཕྱག་_100_,ཕྱག་_100_,ཕྱག་_100_,ཕྱག་_100_,ཕྱག་_100_
[འཚལ་_100_],འཚལ་_100_,འཚལ་_100_,འཚལ་_100_,འཚལ་_100_,འཚལ་_100_
[ལོ_100_],ལོ_100_,ལོ_100_,ལོ_100_,ལོ_100_,ལོ_100_
[། །​_100_],། །​_100_,། །​_100_,། །​_100_,། །​_100_,། །​_100_
[མཁར་_100_],མཁར་_100_,མཁར་_100_,མཁར་_100_,མཁར་_100_,མཁར་_100_
[གནས་_100_],གནས་_100_,གནས་_100_,གནས་_100_,གནས་_100_,གནས་_100_
[ཟླ་_100_],ཟླ་_100_,ཟླ་_100_,ཟླ་_100_,ཟླ་_100_,ཟླ་_100_
[བ་_100_],བ་_100_,བ་_100_,བ་_100_,བ་_100_,བ་_100_
[ཉ་_100_],ཉ་_100_,ཉ་_100_,ཉ་_100_,ཉ་_100_,ཉ་_100_
[འདྲ་_100_],འདྲ་_100_,འདྲ་_100_,འདྲ་_100_,འདྲ་_100_,འདྲ་_100_
[བསིལ་_100_],བསིལ་_100_,བསིལ་_100_,བསིལ་_100_,བསིལ་_100_,བསིལ་_100_
[བའི་_100_],བའི་_100_,བའི་_100_,བའི་_100_,བའི་_100_,བའི་_100_
[འོད་_100_],འོད་_100_,འོད་_100_,འོད་_100_,འོད་_100_,འོད་_100_
[ལྡན་_100_],ལྡན་_100_,ལྡན་_100_,ལྡན་_100_,ལྡན་_100_,ལྡན་_100_
[ཀྱེ_100_],ཀྱེ_100_,ཀྱེ_100_,ཀྱེ_100_,ཀྱེ_100_,ཀྱེ_100_
[། །​_100_],། །​_100_,། །​_100_,། །​_100_,། །​_100_,། །​_100_
[རིམས་_100_],རིམས་_100_,རིམས་_100_,རིམས་_100_,རིམས་_100_,རིམས་_100_
[སྩོགས་_100_],སྩོགས་_100_,སྩོགས་_100_,སྩོགས་_100_,སྩོགས་_100_,སྩོགས་_100_
[ཉོན་_100_],ཉོན་_100_,ཉོན་_100_,ཉོན་_100_,ཉོན་_100_,ཉོན་_100_
[མོངས་_100_],མོངས་_100_,མོངས་_100_,མོངས་_100_,མོངས་_100_,མོངས་_100_
[གདུང་_100_],གདུང་_100_,གདུང་_100_,གདུང་_100_,གདུང་_100_,གདུང་_100_
[བ་_100_],བ་_100_,བ་_100_,བ་_100_,བ་_100_,བ་_100_
[ཀུན་_100_],ཀུན་_100_,ཀུན་_100_,ཀུན་_100_,ཀུན་_100_,ཀུན་_100_
[སེལ་_100_],སེལ་_100_,སེལ་_100_,སེལ་_100_,སེལ་_100_,སེལ་_100_
[ཅིང་_100_],ཅིང་_100_,ཅིང་_100_,ཅིང་_100_,ཅིང་_100_,ཅིང་_100_
[། །​_100_],། །​_100_,། །​_100_,། །​_100_,། །​_100_,། །​_100_
[གང་_100_],གང་_100_,གང་_100_,གང་_100_,གང་_100_,གང་_100_
[གིས་_100_],གིས་_100_,གིས་_100_,གིས་_100_,གིས་_100_,གིས་_100_
[བསམ་_100_],བསམ་_100_,བསམ་_100_,བསམ་_100_,བསམ་_100_,བསམ་_100_
[པའི་_100_],པའི་_100_,པའི་_100_,པའི་_100_,པའི་_100_,པའི་_100_
[དོན་_100_],དོན་_100_,དོན་_100_,དོན་_100_,དོན་_100_,དོན་_100_
[འགྲུབ་_83_],འགྲུབ་_83_,འགྲུབ་_83_,འགྲུབ་_83_,འགྲུབ་_83_,གྲུབ་_16_
[ཐམས་_100_],ཐམས་_100_,ཐམས་_100_,ཐམས་_100_,ཐམས་_100_,ཐམས་_100_
[ཅད་_100_],ཅད་_100_,ཅད་_100_,ཅད་_100_,ཅད་_100_,ཅད་_100_
[རྩོལ་_100_],རྩོལ་_100_,རྩོལ་_100_,རྩོལ་_100_,རྩོལ་_100_,རྩོལ་_100_
[མཛད་_100_],མཛད་_100_,མཛད་_100_,མཛད་_100_,མཛད་_100_,མཛད་_100_
[མ_100_],མ_100_,མ_100_,མ_100_,མ_100_,མ_100_
[། །​_100_],། །​_100_,། །​_100_,། །​_100_,། །​_100_,། །​_100_
[ཡིད་_100_],ཡིད་_100_,ཡིད་_100_,ཡིད་_100_,ཡིད་_100_,ཡིད་_100_
[བཞིན་_100_],བཞིན་_100_,བཞིན་_100_,བཞིན་_100_,བཞིན་_100_,བཞིན་_100_
[རིན་_100_],རིན་_100_,རིན་_100_,རིན་_100_,རིན་_100_,རིན་_100_
[ཆེན་_100_],ཆེན་_100_,ཆེན་_100_,ཆེན་_100_,ཆེན་_100_,ཆེན་_100_
[སྒྲོལ་_100_],སྒྲོལ་_100_,སྒྲོལ་_100_,སྒྲོལ་_100_,སྒྲོལ་_100_,སྒྲོལ་_100_
[མ་_100_],མ་_100_,མ་_100_,མ་_100_,མ་_100_,མ་_100_
[ཁྱོད་_100_],ཁྱོད་_100_,ཁྱོད་_100_,ཁྱོད་_100_,ཁྱོད་_100_,ཁྱོད་_100_
[ལ་_100_],ལ་_100_,ལ་_100_,ལ་_100_,ལ་_100_,ལ་_100_
[ཕྱག་_100_],ཕྱག་_100_,ཕྱག་_100_,ཕྱག་_100_,ཕྱག་_100_,ཕྱག་_100_
[འཚལ་_100_],འཚལ་_100_,འཚལ་_100_,འཚལ་_100_,འཚལ་_100_,འཚལ་_100_
[བསྟོད_100_],བསྟོད_100_,བསྟོད_100_,བསྟོད_100_,བསྟོད_100_,བསྟོད_100_
[། །​_100_],། །​_100_,། །​_100_,། །​_100_,། །​_100_,། །​_100_
[ཐམས་_100_],ཐམས་_100_,ཐམས་_100_,ཐམས་_100_,ཐམས་_100_,ཐམས་_100_
[ཅད་_100_],ཅད་_100_,ཅད་_100_,ཅད་_100_,ཅད་_100_,ཅད་_100_
[ཀུན་_100_],ཀུན་_100_,ཀུན་_100_,ཀུན་_100_,ཀུན་_100_,ཀུན་_100_
[ལ་_100_],ལ་_100_,ལ་_100_,ལ་_100_,ལ་_100_,ལ་_100_
[དབང་_100_],དབང་_100_,དབང་_100_,དབང་_100_,དབང་_100_,དབང་_100_
[བསྒྱུར་_66_],བསྒྱུར་_66_,བསྒྱུར་_66_,སྒྱུར་_33_,སྒྱུར་_33_,བསྒྱུར་_66_
[ཡེ་_100_],ཡེ་_100_,ཡེ་_100_,ཡེ་_100_,ཡེ་_100_,ཡེ་_100_
[ཤེས་_100_],ཤེས་_100_,ཤེས་_100_,ཤེས་_100_,ཤེས་_100_,ཤེས་_100_
[འོད་_100_],འོད་_100_,འོད་_100_,འོད་_100_,འོད་_100_,འོད་_100_
[འབར་_100_],འབར་_100_,འབར་_100_,འབར་_100_,འབར་_100_,འབར་_100_
[ཀྱེ_100_],ཀྱེ_100_,ཀྱེ_100_,ཀྱེ_100_,ཀྱེ_100_,ཀྱེ_100_
[། །​_100_],། །​_100_,། །​_100_,། །​_100_,། །​_100_,། །​_100_
[སྲིད་_100_],སྲིད་_100_,སྲིད་_100_,སྲིད་_100_,སྲིད་_100_,སྲིད་_100_
[གསུམ་_100_],གསུམ་_100_,གསུམ་_100_,གསུམ་_100_,གསུམ་_100_,གསུམ་_100_
[སྐྱེ་_100_],སྐྱེ་_100_,སྐྱེ་_100_,སྐྱེ་_100_,སྐྱེ་_100_,སྐྱེ་_100_
[འགྲོ་_100_],འགྲོ་_100_,འགྲོ་_100_,འགྲོ་_100_,འགྲོ་_100_,འགྲོ་_100_
[མ་_100_],མ་_100_,མ་_100_,མ་_100_,མ་_100_,མ་_100_
[ལུས་_100_],ལུས་_100_,ལུས་_100_,ལུས་_100_,ལུས་_100_,ལུས་_100_
[སྨིན་_100_],སྨིན་_100_,སྨིན་_100_,སྨིན་_100_,སྨིན་_100_,སྨིན་_100_
[གྲོལ་_100_],གྲོལ་_100_,གྲོལ་_100_,གྲོལ་_100_,གྲོལ་_100_,གྲོལ་_100_
[མཛད་_100_],མཛད་_100_,མཛད་_100_,མཛད་_100_,མཛད་_100_,མཛད་_100_
[པ་_100_],པ་_100_,པ་_100_,པ་_100_,པ་_100_,པ་_100_
[ནི_100_],ནི_100_,ནི_100_,ནི_100_,ནི_100_,ནི_100_
[། །​_100_],། །​_100_,། །​_100_,། །​_100_,། །​_100_,། །​_100_
[ཡིད་_100_],ཡིད་_100_,ཡིད་_100_,ཡིད་_100_,ཡིད་_100_,ཡིད་_100_
[བཞིན་_100_],བཞིན་_100_,བཞིན་_100_,བཞིན་_100_,བཞིན་_100_,བཞིན་_100_
[འཕྲིན་_100_],འཕྲིན་_100_,འཕྲིན་_100_,འཕྲིན་_100_,འཕྲིན་_100_,འཕྲིན་_100_
[ལས་_100_],ལས་_100_,ལས་_100_,ལས་_100_,ལས་_100_,ལས་_100_
[བཞིའི་_100_],བཞིའི་_100_,བཞིའི་_100_,བཞིའི་_100_,བཞིའི་_100_,བཞིའི་_100_
[ཡལ་_100_],ཡལ་_100_,ཡལ་_100_,ཡལ་_100_,ཡལ་_100_,ཡལ་_100_
[བར་_100_],བར་_100_,བར་_100_,བར་_100_,བར་_100_,བར་_100_
[མི་_100_],མི་_100_,མི་_100_,མི་_100_,མི་_100_,མི་_100_
[འདོར་_100_],འདོར་_100_,འདོར་_100_,འདོར་_100_,འདོར་_100_,འདོར་_100_
[ཅིང་_100_],ཅིང་_100_,ཅིང་_100_,ཅིང་_100_,ཅིང་_100_,ཅིང་_100_
[། །​_100_],། །​_100_,། །​_100_,། །​_100_,། །​_100_,། །​_100_
[མཁྱེན་_100_],མཁྱེན་_100_,མཁྱེན་_100_,མཁྱེན་_100_,མཁྱེན་_100_,མཁྱེན་_100_
[བརྩེ་_100_],བརྩེ་_100_,བརྩེ་_100_,བརྩེ་_100_,བརྩེ་_100_,བརྩེ་_100_
[མཐུ་_100_],མཐུ་_100_,མཐུ་_100_,མཐུ་_100_,མཐུ་_100_,མཐུ་_100_
[ལྡན་_100_],ལྡན་_100_,ལྡན་_100_,ལྡན་_100_,ལྡན་_100_,ལྡན་_100_
[མ་_100_],མ་_100_,མ་_100_,མ་_100_,མ་_100_,མ་_100_
[ཅིག་_100_],ཅིག་_100_,ཅིག་_100_,ཅིག་_100_,ཅིག་_100_,ཅིག་_100_
[ཁྱོད་_100_],ཁྱོད་_100_,ཁྱོད་_100_,ཁྱོད་_100_,ཁྱོད་_100_,ཁྱོད་_100_
[ལ་_100_],ལ་_100_,ལ་_100_,ལ་_100_,ལ་_100_,ལ་_100_
[ཕྱག་_100_],ཕྱག་_100_,ཕྱག་_100_,ཕྱག་_100_,ཕྱག་_100_,ཕྱག་_100_
[འཚལ་_100_],འཚལ་_100_,འཚལ་_100_,འཚལ་_100_,འཚལ་_100_,འཚལ་_100_
[བསྟོད_100_],བསྟོད_100_,བསྟོད_100_,བསྟོད_100_,བསྟོད_100_,བསྟོད_100_
[། །​_100_],། །​_100_,། །​_100_,། །​_100_,། །​_100_,། །​_100_
[ཕྱག་_100_],ཕྱག་_100_,ཕྱག་_100_,ཕྱག་_100_,ཕྱག་_100_,ཕྱག་_100_
[བཞི་_100_],བཞི་_100_,བཞི་_100_,བཞི་_100_,བཞི་_100_,བཞི་_100_
[མདའ་_100_],མདའ་_100_,མདའ་_100_,མདའ་_100_,མདའ་_100_,མདའ་_100_
[གཞུ་_100_],གཞུ་_100_,གཞུ་_100_,གཞུ་_100_,གཞུ་_100_,གཞུ་_100_
[ལྕགས་_100_],ལྕགས་_100_,ལྕགས་_100_,ལྕགས་_100_,ལྕགས་_100_,ལྕགས་_100_
[ཀྱུ་_100_],ཀྱུ་_100_,ཀྱུ་_100_,ཀྱུ་_100_,ཀྱུ་_100_,ཀྱུ་_100_
[ཨུཏྤལ་_83_],ཨུཏྤལ་_83_,ཨུཏྤལ་_83_,ཨུཏྤལ་_83_,ཨུཏྤལ་_83_,ཨུད་པལ་_16_
[འཛིན་_100_],འཛིན་_100_,འཛིན་_100_,འཛིན་_100_,འཛིན་_100_,འཛིན་_100_
[པ་_100_],པ་_100_,པ་_100_,པ་_100_,པ་_100_,པ་_100_
[ཀྱེ_100_],ཀྱེ_100_,ཀྱེ_100_,ཀྱེ_100_,ཀྱེ_100_,ཀྱེ_100_
[། །​_100_],། །​_100_,། །​_100_,། །​_100_,། །​_100_,། །​_100_
[བདག་_100_],བདག་_100_,བདག་_100_,བདག་_100_,བདག་_100_,བདག་_100_
[གི་_100_],གི་_100_,གི་_100_,གི་_100_,གི་_100_,གི་_100_
[ལས་_100_],ལས་_100_,ལས་_100_,ལས་_100_,ལས་_100_,ལས་_100_
[སྒྲིབ་_100_],སྒྲིབ་_100_,སྒྲིབ་_100_,སྒྲིབ་_100_,སྒྲིབ་_100_,སྒྲིབ་_100_
[སྡུག་_100_],སྡུག་_100_,སྡུག་_100_,སྡུག་_100_,སྡུག་_100_,སྡུག་_100_
[བསྔལ་_100_],བསྔལ་_100_,བསྔལ་_100_,བསྔལ་_100_,བསྔལ་_100_,བསྔལ་_100_
[ཞི་_100_],ཞི་_100_,ཞི་_100_,ཞི་_100_,ཞི་_100_,ཞི་_100_
[བར་_100_],བར་_100_,བར་_100_,བར་_100_,བར་_100_,བར་_100_
[མཛད་_100_],མཛད་_100_,མཛད་_100_,མཛད་_100_,མཛད་_100_,མཛད་_100_
[པ་_100_],པ་_100_,པ་_100_,པ་_100_,པ་_100_,པ་_100_
[དང་_100_],དང་_100_,དང་_100_,དང་_100_,དང་_100_,དང་_100_
[། །​_100_],། །​_100_,། །​_100_,། །​_100_,། །​_100_,། །​_100_
[འདོད་_100_],འདོད་_100_,འདོད་_100_,འདོད་_100_,འདོད་_100_,འདོད་_100_
[དོན་_100_],དོན་_100_,དོན་_100_,དོན་_100_,དོན་_100_,དོན་_100_
[གང་_100_],གང་_100_,གང་_100_,གང་_100_,གང་_100_,གང་_100_
[གསོལ་_100_],གསོལ་_100_,གསོལ་_100_,གསོལ་_100_,གསོལ་_100_,གསོལ་_100_
[མྱུར་_100_],མྱུར་_100_,མྱུར་_100_,མྱུར་_100_,མྱུར་_100_,མྱུར་_100_
[དུ་_100_],དུ་_100_,དུ་_100_,དུ་_100_,དུ་_100_,དུ་_100_
[འགྲུབ་_100_],འགྲུབ་_100_,འགྲུབ་_100_,འགྲུབ་_100_,འགྲུབ་_100_,འགྲུབ་_100_
[ཅིང་_100_],ཅིང་_100_,ཅིང་_100_,ཅིང་_100_,ཅིང་_100_,ཅིང་_100_
[དཔལ་_100_],དཔལ་_100_,དཔལ་_100_,དཔལ་_100_,དཔལ་_100_,དཔལ་_100_
[ལ་_100_],ལ་_100_,ལ་_100_,ལ་_100_,ལ་_100_,ལ་_100_
[སོགས_100_],སོགས_100_,སོགས_100_,སོགས_100_,སོགས_100_,སོགས_100_
[། །​_100_],། །​_100_,། །​_100_,། །​_100_,། །​_100_,། །​_100_
[འཕེལ་_100_],འཕེལ་_100_,འཕེལ་_100_,འཕེལ་_100_,འཕེལ་_100_,འཕེལ་_100_
[བར་_100_],བར་_100_,བར་_100_,བར་_100_,བར་_100_,བར་_100_
[མཛད་_100_],མཛད་_100_,མཛད་_100_,མཛད་_100_,མཛད་_100_,མཛད་_100_
[ཅིང་_100_],ཅིང་_100_,ཅིང་_100_,ཅིང་_100_,ཅིང་_100_,ཅིང་_100_
[ཞབས་_100_],ཞབས་_100_,ཞབས་_100_,ཞབས་_100_,ཞབས་_100_,ཞབས་_100_
[ལ་_100_],ལ་_100_,ལ་_100_,ལ་_100_,ལ་_100_,ལ་_100_
[གསོལ་_100_],གསོལ་_100_,གསོལ་_100_,གསོལ་_100_,གསོལ་_100_,གསོལ་_100_
[འདེབས་_100_],འདེབས་_100_,འདེབས་_100_,འདེབས་_100_,འདེབས་_100_,འདེབས་_100_
[ཕྱག་_100_],ཕྱག་_100_,ཕྱག་_100_,ཕྱག་_100_,ཕྱག་_100_,ཕྱག་_100_
[འཚལ་_100_],འཚལ་_100_,འཚལ་_100_,འཚལ་_100_,འཚལ་_100_,འཚལ་_100_
[བསྟོད_100_],བསྟོད_100_,བསྟོད_100_,བསྟོད_100_,བསྟོད_100_,བསྟོད_100_
[། །​_100_],། །​_100_,། །​_100_,། །​_100_,། །​_100_,། །​_100_
[ནམ་_100_],ནམ་_100_,ནམ་_100_,ནམ་_100_,ནམ་_100_,ནམ་_100_
[མཁའ་_100_],མཁའ་_100_,མཁའ་_100_,མཁའ་_100_,མཁའ་_100_,མཁའ་_100_
[ལྟ་_100_],ལྟ་_100_,ལྟ་_100_,ལྟ་_100_,ལྟ་_100_,ལྟ་_100_
[བུ་_100_],བུ་_100_,བུ་_100_,བུ་_100_,བུ་_100_,བུ་_100_
[རྒྱལ་_100_],རྒྱལ་_100_,རྒྱལ་_100_,རྒྱལ་_100_,རྒྱལ་_100_,རྒྱལ་_100_
[ཡུམ་_100_],ཡུམ་_100_,ཡུམ་_100_,ཡུམ་_100_,ཡུམ་_100_,ཡུམ་_100_
[རིག་_100_],རིག་_100_,རིག་_100_,རིག་_100_,རིག་_100_,རིག་_100_
[པ་_100_],པ་_100_,པ་_100_,པ་_100_,པ་_100_,པ་_100_
[འཛིན་_100_],འཛིན་_100_,འཛིན་_100_,འཛིན་_100_,འཛིན་_100_,འཛིན་_100_
[མ་_100_],མ་_100_,མ་_100_,མ་_100_,མ་_100_,མ་_100_
[ཀྱེ_100_],ཀྱེ_100_,ཀྱེ_100_,ཀྱེ_100_,ཀྱེ_100_,ཀྱེ_100_
[། །​_100_],། །​_100_,། །​_100_,། །​_100_,། །​_100_,། །​_100_
[འཕྲིན་_100_],འཕྲིན་_100_,འཕྲིན་_100_,འཕྲིན་_100_,འཕྲིན་_100_,འཕྲིན་_100_
[ལས་_100_],ལས་_100_,ལས་_100_,ལས་_100_,ལས་_100_,ལས་_100_
[བཞི་_100_],བཞི་_100_,བཞི་_100_,བཞི་_100_,བཞི་_100_,བཞི་_100_
[མཛད་_100_],མཛད་_100_,མཛད་_100_,མཛད་_100_,མཛད་_100_,མཛད་_100_
[ཁྱེད་_100_],ཁྱེད་_100_,ཁྱེད་_100_,ཁྱེད་_100_,ཁྱེད་_100_,ཁྱེད་_100_
[ཞབས་_100_],ཞབས་_100_,ཞབས་_100_,ཞབས་_100_,ཞབས་_100_,ཞབས་_100_
[ལྷ་_100_],ལྷ་_100_,ལྷ་_100_,ལྷ་_100_,ལྷ་_100_,ལྷ་_100_
[དང་_100_],དང་_100_,དང་_100_,དང་_100_,དང་_100_,དང་_100_
[ལྷ་_100_],ལྷ་_100_,ལྷ་_100_,ལྷ་_100_,ལྷ་_100_,ལྷ་_100_
[མིན་_100_],མིན་_100_,མིན་_100_,མིན་_100_,མིན་_100_,མིན་_100_
[གྱིས_100_],གྱིས_100_,གྱིས_100_,གྱིས_100_,གྱིས_100_,གྱིས_100_
[། །​_100_],། །​_100_,། །​_100_,། །​_100_,། །​_100_,། །​_100_
[ཚོགས་_100_],ཚོགས་_100_,ཚོགས་_100_,ཚོགས་_100_,ཚོགས་_100_,ཚོགས་_100_
[ཀྱིས་_100_],ཀྱིས་_100_,ཀྱིས་_100_,ཀྱིས་_100_,ཀྱིས་_100_,ཀྱིས་_100_
[བཏུད་_100_],བཏུད་_100_,བཏུད་_100_,བཏུད་_100_,བཏུད་_100_,བཏུད་_100_
[ཅིང་_100_],ཅིང་_100_,ཅིང་_100_,ཅིང་_100_,ཅིང་_100_,ཅིང་_100_
[ཀུན་_100_],ཀུན་_100_,ཀུན་_100_,ཀུན་_100_,ཀུན་_100_,ཀུན་_100_
[ལ་_100_],ལ་_100_,ལ་_100_,ལ་_100_,ལ་_100_,ལ་_100_
[དབང་_100_],དབང་_100_,དབང་_100_,དབང་_100_,དབང་_100_,དབང་_100_
[བསྐུར་_100_],བསྐུར་_100_,བསྐུར་_100_,བསྐུར་_100_,བསྐུར་_100_,བསྐུར་_100_
[མཁའ་_100_],མཁའ་_100_,མཁའ་_100_,མཁའ་_100_,མཁའ་_100_,མཁའ་_100_
[འགྲོ་_100_],འགྲོ་_100_,འགྲོ་_100_,འགྲོ་_100_,འགྲོ་_100_,འགྲོ་_100_
[མ_100_],མ_100_,མ_100_,མ_100_,མ_100_,མ_100_
[། །​_83_],། །​_83_,། །​_83_,། །​_83_,། །​_83_,༑ །​_16_
[ས་_100_],ས་_100_,ས་_100_,ས་_100_,ས་_100_,ས་_100_
[གཞི་_100_],གཞི་_100_,གཞི་_100_,གཞི་_100_,གཞི་_100_,གཞི་_100_
[ལྟ་_100_],ལྟ་_100_,ལྟ་_100_,ལྟ་_100_,ལྟ་_100_,ལྟ་_100_
[བུའི་_100_],བུའི་_100_,བུའི་_100_,བུའི་_100_,བུའི་_100_,བུའི་_100_
[མཐུ་_100_],མཐུ་_100_,མཐུ་_100_,མཐུ་_100_,མཐུ་_100_,མཐུ་_100_
[མངའ་_100_],མངའ་_100_,མངའ་_100_,མངའ་_100_,མངའ་_100_,མངའ་_100_
[ཁྱོད་_100_],ཁྱོད་_100_,ཁྱོད་_100_,ཁྱོད་_100_,ཁྱོད་_100_,ཁྱོད་_100_
[ལ་_100_],ལ་_100_,ལ་_100_,ལ་_100_,ལ་_100_,ལ་_100_
[ཕྱག་_100_],ཕྱག་_100_,ཕྱག་_100_,ཕྱག་_100_,ཕྱག་_100_,ཕྱག་_100_
[འཚལ་_100_],འཚལ་_100_,འཚལ་_100_,འཚལ་_100_,འཚལ་_100_,འཚལ་_100_
[བསྟོད_100_],བསྟོད_100_,བསྟོད_100_,བསྟོད_100_,བསྟོད_100_,བསྟོད_100_
[། །​_100_],། །​_100_,། །​_100_,། །​_100_,། །​_100_,། །​_100_
[སློབ་_100_],སློབ་_100_,སློབ་_100_,སློབ་_100_,སློབ་_100_,སློབ་_100_
[དཔོན་_100_],དཔོན་_100_,དཔོན་_100_,དཔོན་_100_,དཔོན་_100_,དཔོན་_100_
[ཀླུ་_100_],ཀླུ་_100_,ཀླུ་_100_,ཀླུ་_100_,ཀླུ་_100_,ཀླུ་_100_
[གྲུབ་_100_],གྲུབ་_100_,གྲུབ་_100_,གྲུབ་_100_,གྲུབ་_100_,གྲུབ་_100_
[ཀྱིས་_100_],ཀྱིས་_100_,ཀྱིས་_100_,ཀྱིས་_100_,ཀྱིས་_100_,ཀྱིས་_100_
[བསྟོད་_100_],བསྟོད་_100_,བསྟོད་_100_,བསྟོད་_100_,བསྟོད་_100_,བསྟོད་_100_
[པའོ_100_],པའོ_100_,པའོ_100_,པའོ_100_,པའོ_100_,པའོ_100_
[།། །​།_83_],།། །​།_83_,།། །​།_83_,།། །​།_83_,།། །​།_83_,།། །​།ཐམས་ཅད་གྲུབ་པ་དཔལ་འཕེལ་ལྷ་མོ་ལ་སློབ་དཔོན་ཀླུ་སྒྲུབ་ཀྱིས་བསྟོད་པ་བཞུགས་སོ། །​_16_
