[༄༅། །​འཇམ་དཔལ་རྡོ་རྗེ་བློ་གྲོས་འཕེལ་བ།༄༅༅། །​_50_],༄༅། །​འཇམ་དཔལ་རྡོ་རྗེ་བློ་གྲོས་འཕེལ་བ།༄༅༅། །​_50_,༄༅། །​འཇམ་དཔལ་རྡོ་རྗེ་བློ་གྲོས་འཕེལ་བ།༄༅༅། །​_50_,༄༅། །​འཇམ་དཔལ་རྡོ་རྗེ་བློ་གྲོས་འཕེལ་བ།༄༅༅། །​_50_,། །​༄༅༅། །​_25_,_12_,། །​༄༅༅། །​_25_,།_12_
[རྒྱ་_100_],རྒྱ་_100_,རྒྱ་_100_,རྒྱ་_100_,རྒྱ་_100_,རྒྱ་_100_,རྒྱ་_100_,རྒྱ་_100_
[གར་_100_],གར་_100_,གར་_100_,གར་_100_,གར་_100_,གར་_100_,གར་_100_,གར་_100_
[སྐད་_100_],སྐད་_100_,སྐད་_100_,སྐད་_100_,སྐད་_100_,སྐད་_100_,སྐད་_100_,སྐད་_100_
[དུ_100_],དུ_100_,དུ_100_,དུ_100_,དུ_100_,དུ_100_,དུ_100_,དུ_100_
[། _100_],། _100_,། _100_,། _100_,། _100_,། _100_,། _100_,། _100_
[མཉྫུ་_87_],མཉྫུ་_87_,མཉྫུ་_87_,མཉྫུ་_87_,མཉྫུ་_87_,མཉྫུ་_87_,མཉྫུ་_87_,མཉྫ་_12_
[ཤྲཱི་_100_],ཤྲཱི་_100_,ཤྲཱི་_100_,ཤྲཱི་_100_,ཤྲཱི་_100_,ཤྲཱི་_100_,ཤྲཱི་_100_,ཤྲཱི་_100_
[བཛྲ་_100_],བཛྲ་_100_,བཛྲ་_100_,བཛྲ་_100_,བཛྲ་_100_,བཛྲ་_100_,བཛྲ་_100_,བཛྲ་_100_
[པྲཛྙཱ་_100_],པྲཛྙཱ་_100_,པྲཛྙཱ་_100_,པྲཛྙཱ་_100_,པྲཛྙཱ་_100_,པྲཛྙཱ་_100_,པྲཛྙཱ་_100_,པྲཛྙཱ་_100_
[བརྡྷ་ན་ནཱ་_75_],བརྡྷ་ན་ནཱ་_75_,བརྡྷ་ན་ནཱ་_75_,བརྡྷ་ནི་སྭཱ་ཧཱ་ན་_12_,བརྡྷ་ན་ནཱ་_75_,བརྡྷ་ན་ནཱ་_75_,བརྡྷ་ན་ནཱ་_75_,བཛྷ་ན་ནཱ་_12_
[མ_100_],མ_100_,མ_100_,མ_100_,མ_100_,མ_100_,མ_100_,མ_100_
[། _100_],། _100_,། _100_,། _100_,། _100_,། _100_,། _100_,། _100_
[བོད་_100_],བོད་_100_,བོད་_100_,བོད་_100_,བོད་_100_,བོད་_100_,བོད་_100_,བོད་_100_
[སྐད་_100_],སྐད་_100_,སྐད་_100_,སྐད་_100_,སྐད་_100_,སྐད་_100_,སྐད་_100_,སྐད་_100_
[དུ_100_],དུ_100_,དུ_100_,དུ_100_,དུ_100_,དུ_100_,དུ_100_,དུ_100_
[། _100_],། _100_,། _100_,། _100_,། _100_,། _100_,། _100_,། _100_
[འཇམ་_100_],འཇམ་_100_,འཇམ་_100_,འཇམ་_100_,འཇམ་_100_,འཇམ་_100_,འཇམ་_100_,འཇམ་_100_
[དཔལ་_100_],དཔལ་_100_,དཔལ་_100_,དཔལ་_100_,དཔལ་_100_,དཔལ་_100_,དཔལ་_100_,དཔལ་_100_
[རྡོ་_100_],རྡོ་_100_,རྡོ་_100_,རྡོ་_100_,རྡོ་_100_,རྡོ་_100_,རྡོ་_100_,རྡོ་_100_
[རྗེ་_100_],རྗེ་_100_,རྗེ་_100_,རྗེ་_100_,རྗེ་_100_,རྗེ་_100_,རྗེ་_100_,རྗེ་_100_
[བློ་_100_],བློ་_100_,བློ་_100_,བློ་_100_,བློ་_100_,བློ་_100_,བློ་_100_,བློ་_100_
[གྲོས་_100_],གྲོས་_100_,གྲོས་_100_,གྲོས་_100_,གྲོས་_100_,གྲོས་_100_,གྲོས་_100_,གྲོས་_100_
[འཕེལ་བ་_75_],འཕེལ་བ་_75_,འཕེལ་_25_,འཕེལ་_25_,འཕེལ་བ་_75_,འཕེལ་བ་_75_,འཕེལ་བ་_75_,འཕེལ་བ་_75_
[ཞེས་_100_],ཞེས་_100_,ཞེས་_100_,ཞེས་_100_,ཞེས་_100_,ཞེས་_100_,ཞེས་_100_,ཞེས་_100_
[བྱ་_100_],བྱ་_100_,བྱ་_100_,བྱ་_100_,བྱ་_100_,བྱ་_100_,བྱ་_100_,བྱ་_100_
[བ_100_],བ_100_,བ_100_,བ_100_,བ_100_,བ_100_,བ_100_,བ_100_
[། _100_],། _100_,། _100_,། _100_,། _100_,། _100_,། _100_,། _100_
[བཅོམ་_100_],བཅོམ་_100_,བཅོམ་_100_,བཅོམ་_100_,བཅོམ་_100_,བཅོམ་_100_,བཅོམ་_100_,བཅོམ་_100_
[ལྡན་_100_],ལྡན་_100_,ལྡན་_100_,ལྡན་_100_,ལྡན་_100_,ལྡན་_100_,ལྡན་_100_,ལྡན་_100_
[འདས་_100_],འདས་_100_,འདས་_100_,འདས་_100_,འདས་_100_,འདས་_100_,འདས་_100_,འདས་_100_
[འཇམ་_100_],འཇམ་_100_,འཇམ་_100_,འཇམ་_100_,འཇམ་_100_,འཇམ་_100_,འཇམ་_100_,འཇམ་_100_
[པའི་_87_],པའི་_87_,དཔལ་_12_,པའི་_87_,པའི་_87_,པའི་_87_,པའི་_87_,པའི་_87_
[མགོན་_100_],མགོན་_100_,མགོན་_100_,མགོན་_100_,མགོན་_100_,མགོན་_100_,མགོན་_100_,མགོན་_100_
[ལ་_100_],ལ་_100_,ལ་_100_,ལ་_100_,ལ་_100_,ལ་_100_,ལ་_100_,ལ་_100_
[ཕྱག་_100_],ཕྱག་_100_,ཕྱག་_100_,ཕྱག་_100_,ཕྱག་_100_,ཕྱག་_100_,ཕྱག་_100_,ཕྱག་_100_
[འཚལ་_100_],འཚལ་_100_,འཚལ་_100_,འཚལ་_100_,འཚལ་_100_,འཚལ་_100_,འཚལ་_100_,འཚལ་_100_
[ལོ_100_],ལོ_100_,ལོ_100_,ལོ_100_,ལོ_100_,ལོ_100_,ལོ_100_,ལོ_100_
[། །​_100_],། །​_100_,། །​_100_,། །​_100_,། །​_100_,། །​_100_,། །​_100_,། །​_100_
[ཤེས་_100_],ཤེས་_100_,ཤེས་_100_,ཤེས་_100_,ཤེས་_100_,ཤེས་_100_,ཤེས་_100_,ཤེས་_100_
[རབ་_100_],རབ་_100_,རབ་_100_,རབ་_100_,རབ་_100_,རབ་_100_,རབ་_100_,རབ་_100_
[འཕེལ་_100_],འཕེལ་_100_,འཕེལ་_100_,འཕེལ་_100_,འཕེལ་_100_,འཕེལ་_100_,འཕེལ་_100_,འཕེལ་_100_
[བར་_100_],བར་_100_,བར་_100_,བར་_100_,བར་_100_,བར་_100_,བར་_100_,བར་_100_
[འདོད་_100_],འདོད་_100_,འདོད་_100_,འདོད་_100_,འདོད་_100_,འདོད་_100_,འདོད་_100_,འདོད་_100_
[པས་_100_],པས་_100_,པས་_100_,པས་_100_,པས་_100_,པས་_100_,པས་_100_,པས་_100_
[གནས་_100_],གནས་_100_,གནས་_100_,གནས་_100_,གནས་_100_,གནས་_100_,གནས་_100_,གནས་_100_
[ཁང་_100_],ཁང་_100_,ཁང་_100_,ཁང་_100_,ཁང་_100_,ཁང་_100_,ཁང་_100_,ཁང་_100_
[དབེན་_100_],དབེན་_100_,དབེན་_100_,དབེན་_100_,དབེན་_100_,དབེན་_100_,དབེན་_100_,དབེན་_100_
[ཞིང་_100_],ཞིང་_100_,ཞིང་_100_,ཞིང་_100_,ཞིང་_100_,ཞིང་_100_,ཞིང་_100_,ཞིང་_100_
[ཉམས་_100_],ཉམས་_100_,ཉམས་_100_,ཉམས་_100_,ཉམས་_100_,ཉམས་_100_,ཉམས་_100_,ཉམས་_100_
[དགའ་_100_],དགའ་_100_,དགའ་_100_,དགའ་_100_,དགའ་_100_,དགའ་_100_,དགའ་_100_,དགའ་_100_
[བར་_100_],བར་_100_,བར་_100_,བར་_100_,བར་_100_,བར་_100_,བར་_100_,བར་_100_
[གཙང་_100_],གཙང་_100_,གཙང་_100_,གཙང་_100_,གཙང་_100_,གཙང་_100_,གཙང་_100_,གཙང་_100_
[བ་_100_],བ་_100_,བ་_100_,བ་_100_,བ་_100_,བ་_100_,བ་_100_,བ་_100_
[དྲི་_100_],དྲི་_100_,དྲི་_100_,དྲི་_100_,དྲི་_100_,དྲི་_100_,དྲི་_100_,དྲི་_100_
[ཞིམ་_100_],ཞིམ་_100_,ཞིམ་_100_,ཞིམ་_100_,ཞིམ་_100_,ཞིམ་_100_,ཞིམ་_100_,ཞིམ་_100_
[པོའི་_100_],པོའི་_100_,པོའི་_100_,པོའི་_100_,པོའི་_100_,པོའི་_100_,པོའི་_100_,པོའི་_100_
[ཆུས་_100_],ཆུས་_100_,ཆུས་_100_,ཆུས་_100_,ཆུས་_100_,ཆུས་_100_,ཆུས་_100_,ཆུས་_100_
[ཆག་_100_],ཆག་_100_,ཆག་_100_,ཆག་_100_,ཆག་_100_,ཆག་_100_,ཆག་_100_,ཆག་_100_
[ཆག་_100_],ཆག་_100_,ཆག་_100_,ཆག་_100_,ཆག་_100_,ཆག་_100_,ཆག་_100_,ཆག་_100_
[བཏབ་_100_],བཏབ་_100_,བཏབ་_100_,བཏབ་_100_,བཏབ་_100_,བཏབ་_100_,བཏབ་_100_,བཏབ་_100_
[ལ_100_],ལ_100_,ལ_100_,ལ_100_,ལ_100_,ལ_100_,ལ_100_,ལ_100_
[། _100_],། _100_,། _100_,། _100_,། _100_,། _100_,། _100_,། _100_
[མཎྜལ་_100_],མཎྜལ་_100_,མཎྜལ་_100_,མཎྜལ་_100_,མཎྜལ་_100_,མཎྜལ་_100_,མཎྜལ་_100_,མཎྜལ་_100_
[ཁྲུ་_100_],ཁྲུ་_100_,ཁྲུ་_100_,ཁྲུ་_100_,ཁྲུ་_100_,ཁྲུ་_100_,ཁྲུ་_100_,ཁྲུ་_100_
[གང་_100_],གང་_100_,གང་_100_,གང་_100_,གང་_100_,གང་_100_,གང་_100_,གང་_100_
[བ་ཅིག་_75_],བ་ཅིག་_75_,པ་ཞིག་_12_,པ་གཅིག་_12_,བ་ཅིག་_75_,བ་ཅིག་_75_,བ་ཅིག་_75_,བ་ཅིག་_75_
[བྱས་_100_],བྱས་_100_,བྱས་_100_,བྱས་_100_,བྱས་_100_,བྱས་_100_,བྱས་_100_,བྱས་_100_
[ཏེ_100_],ཏེ_100_,ཏེ_100_,ཏེ_100_,ཏེ_100_,ཏེ_100_,ཏེ_100_,ཏེ_100_
[། _100_],། _100_,། _100_,། _100_,། _100_,། _100_,། _100_,། _100_
[དེའི་_100_],དེའི་_100_,དེའི་_100_,དེའི་_100_,དེའི་_100_,དེའི་_100_,དེའི་_100_,དེའི་_100_
[དབུས་_100_],དབུས་_100_,དབུས་_100_,དབུས་_100_,དབུས་_100_,དབུས་_100_,དབུས་_100_,དབུས་_100_
[སུ་_100_],སུ་_100_,སུ་_100_,སུ་_100_,སུ་_100_,སུ་_100_,སུ་_100_,སུ་_100_
[པདྨ་_100_],པདྨ་_100_,པདྨ་_100_,པདྨ་_100_,པདྨ་_100_,པདྨ་_100_,པདྨ་_100_,པདྨ་_100_
[འདབ་_100_],འདབ་_100_,འདབ་_100_,འདབ་_100_,འདབ་_100_,འདབ་_100_,འདབ་_100_,འདབ་_100_
[མ་_100_],མ་_100_,མ་_100_,མ་_100_,མ་_100_,མ་_100_,མ་_100_,མ་_100_
[བརྒྱད་_100_],བརྒྱད་_100_,བརྒྱད་_100_,བརྒྱད་_100_,བརྒྱད་_100_,བརྒྱད་_100_,བརྒྱད་_100_,བརྒྱད་_100_
[པ་_100_],པ་_100_,པ་_100_,པ་_100_,པ་_100_,པ་_100_,པ་_100_,པ་_100_
[སེར་_100_],སེར་_100_,སེར་_100_,སེར་_100_,སེར་_100_,སེར་_100_,སེར་_100_,སེར་_100_
[པོ་_100_],པོ་_100_,པོ་_100_,པོ་_100_,པོ་_100_,པོ་_100_,པོ་_100_,པོ་_100_
[དབུས་_100_],དབུས་_100_,དབུས་_100_,དབུས་_100_,དབུས་_100_,དབུས་_100_,དབུས་_100_,དབུས་_100_
[དཀར་_100_],དཀར་_100_,དཀར་_100_,དཀར་_100_,དཀར་_100_,དཀར་_100_,དཀར་_100_,དཀར་_100_
[པོར་_100_],པོར་_100_,པོར་_100_,པོར་_100_,པོར་_100_,པོར་_100_,པོར་_100_,པོར་_100_
[བྱས་_100_],བྱས་_100_,བྱས་_100_,བྱས་_100_,བྱས་_100_,བྱས་_100_,བྱས་_100_,བྱས་_100_
[ལ_100_],ལ_100_,ལ_100_,ལ_100_,ལ_100_,ལ_100_,ལ_100_,ལ_100_
[། _100_],། _100_,། _100_,། _100_,། _100_,། _100_,། _100_,། _100_
[དེའི་_100_],དེའི་_100_,དེའི་_100_,དེའི་_100_,དེའི་_100_,དེའི་_100_,དེའི་_100_,དེའི་_100_
[སྟེང་_100_],སྟེང་_100_,སྟེང་_100_,སྟེང་_100_,སྟེང་_100_,སྟེང་_100_,སྟེང་_100_,སྟེང་_100_
[དུ་_100_],དུ་_100_,དུ་_100_,དུ་_100_,དུ་_100_,དུ་_100_,དུ་_100_,དུ་_100_
[ལྷུང་_100_],ལྷུང་_100_,ལྷུང་_100_,ལྷུང་_100_,ལྷུང་_100_,ལྷུང་_100_,ལྷུང་_100_,ལྷུང་_100_
[བཟེད་_100_],བཟེད་_100_,བཟེད་_100_,བཟེད་_100_,བཟེད་_100_,བཟེད་_100_,བཟེད་_100_,བཟེད་_100_
[དུ་_100_],དུ་_100_,དུ་_100_,དུ་_100_,དུ་_100_,དུ་_100_,དུ་_100_,དུ་_100_
[ཤེས་_100_],ཤེས་_100_,ཤེས་_100_,ཤེས་_100_,ཤེས་_100_,ཤེས་_100_,ཤེས་_100_,ཤེས་_100_
[རབ་_100_],རབ་_100_,རབ་_100_,རབ་_100_,རབ་_100_,རབ་_100_,རབ་_100_,རབ་_100_
[འཕེལ་_100_],འཕེལ་_100_,འཕེལ་_100_,འཕེལ་_100_,འཕེལ་_100_,འཕེལ་_100_,འཕེལ་_100_,འཕེལ་_100_
[བར་_100_],བར་_100_,བར་_100_,བར་_100_,བར་_100_,བར་_100_,བར་_100_,བར་_100_
[བྱེད་_100_],བྱེད་_100_,བྱེད་_100_,བྱེད་_100_,བྱེད་_100_,བྱེད་_100_,བྱེད་_100_,བྱེད་_100_
[པའི་_100_],པའི་_100_,པའི་_100_,པའི་_100_,པའི་_100_,པའི་_100_,པའི་_100_,པའི་_100_
[རྫས_100_],རྫས_100_,རྫས_100_,རྫས_100_,རྫས_100_,རྫས_100_,རྫས_100_,རྫས_100_
[། _87_],། _87_,། _87_,། _87_,། _87_,། _87_,། _87_,། །​ _12_
[དབང་_100_],དབང་_100_,དབང་_100_,དབང་_100_,དབང་_100_,དབང་_100_,དབང་_100_,དབང་_100_
[པོ་_100_],པོ་_100_,པོ་_100_,པོ་_100_,པོ་_100_,པོ་_100_,པོ་_100_,པོ་_100_
[ལག་_100_],ལག་_100_,ལག་_100_,ལག་_100_,ལག་_100_,ལག་_100_,ལག་_100_,ལག་_100_
[པ། _75_],པ། _75_,ན། _12_,པ། _75_,པ། _75_,པ། _75_,པ། _75_,པ །​ _12_
[གླ་_100_],གླ་_100_,གླ་_100_,གླ་_100_,གླ་_100_,གླ་_100_,གླ་_100_,གླ་_100_
[རྩི_100_],རྩི_100_,རྩི_100_,རྩི_100_,རྩི_100_,རྩི_100_,རྩི_100_,རྩི_100_
[། _100_],། _100_,། _100_,། _100_,། _100_,། _100_,། _100_,། _100_
[གི་_100_],གི་_100_,གི་_100_,གི་_100_,གི་_100_,གི་_100_,གི་_100_,གི་_100_
[ཝང་_100_],ཝང་_100_,ཝང་_100_,ཝང་_100_,ཝང་_100_,ཝང་_100_,ཝང་_100_,ཝང་_100_
[། _87_],། _87_,། _87_,། _87_,། _87_,། _87_,། _87_,།_12_
[སྤང་_100_],སྤང་_100_,སྤང་_100_,སྤང་_100_,སྤང་_100_,སྤང་_100_,སྤང་_100_,སྤང་_100_
[རྒྱན་_100_],རྒྱན་_100_,རྒྱན་_100_,རྒྱན་_100_,རྒྱན་_100_,རྒྱན་_100_,རྒྱན་_100_,རྒྱན་_100_
[དཀར་_100_],དཀར་_100_,དཀར་_100_,དཀར་_100_,དཀར་_100_,དཀར་_100_,དཀར་_100_,དཀར་_100_
[པོ_100_],པོ_100_,པོ_100_,པོ_100_,པོ_100_,པོ_100_,པོ_100_,པོ_100_
[། _87_],། _87_,། _87_,། _87_,། _87_,། _87_,། _87_,།་_12_
[ཙནྡན་_100_],ཙནྡན་_100_,ཙནྡན་_100_,ཙནྡན་_100_,ཙནྡན་_100_,ཙནྡན་_100_,ཙནྡན་_100_,ཙནྡན་_100_
[དཀར་_100_],དཀར་_100_,དཀར་_100_,དཀར་_100_,དཀར་_100_,དཀར་_100_,དཀར་_100_,དཀར་_100_
[པོ་_100_],པོ་_100_,པོ་_100_,པོ་_100_,པོ་_100_,པོ་_100_,པོ་_100_,པོ་_100_
[རྣམས་_100_],རྣམས་_100_,རྣམས་_100_,རྣམས་_100_,རྣམས་_100_,རྣམས་_100_,རྣམས་_100_,རྣམས་_100_
[བ་_87_],བ་_87_,བ་_87_,བ་_87_,བ་_87_,པ་_12_,བ་_87_,བ་_87_
[དམར་_100_],དམར་_100_,དམར་_100_,དམར་_100_,དམར་_100_,དམར་_100_,དམར་_100_,དམར་_100_
[པོའི་_75_],པོའི་_75_,མོའི་_25_,མོའི་_25_,པོའི་_75_,པོའི་_75_,པོའི་_75_,པོའི་_75_
[འོ་_100_],འོ་_100_,འོ་_100_,འོ་_100_,འོ་_100_,འོ་_100_,འོ་_100_,འོ་_100_
[མས་_100_],མས་_100_,མས་_100_,མས་_100_,མས་_100_,མས་_100_,མས་_100_,མས་_100_
[སྦྲུས་_100_],སྦྲུས་_100_,སྦྲུས་_100_,སྦྲུས་_100_,སྦྲུས་_100_,སྦྲུས་_100_,སྦྲུས་_100_,སྦྲུས་_100_
[ཏེ_100_],ཏེ_100_,ཏེ_100_,ཏེ_100_,ཏེ_100_,ཏེ_100_,ཏེ_100_,ཏེ_100_
[། _87_],། _87_,། _87_,། _87_,། _87_,། _87_,། _87_,། །​_12_
[རིལ་_100_],རིལ་_100_,རིལ་_100_,རིལ་_100_,རིལ་_100_,རིལ་_100_,རིལ་_100_,རིལ་_100_
[བུ་_100_],བུ་_100_,བུ་_100_,བུ་_100_,བུ་_100_,བུ་_100_,བུ་_100_,བུ་_100_
[སྲན་_100_],སྲན་_100_,སྲན་_100_,སྲན་_100_,སྲན་_100_,སྲན་_100_,སྲན་_100_,སྲན་_100_
[མ་_100_],མ་_100_,མ་_100_,མ་_100_,མ་_100_,མ་_100_,མ་_100_,མ་_100_
[ཙམ་_100_],ཙམ་_100_,ཙམ་_100_,ཙམ་_100_,ཙམ་_100_,ཙམ་_100_,ཙམ་_100_,ཙམ་_100_
[བྱའོ_100_],བྱའོ_100_,བྱའོ_100_,བྱའོ_100_,བྱའོ_100_,བྱའོ_100_,བྱའོ_100_,བྱའོ_100_
[། །​_87_],། །​_87_,། །​_87_,། །​_87_,། །​_87_,། །​_87_,། །​_87_,། །​ང་།_12_
[དེའི་_100_],དེའི་_100_,དེའི་_100_,དེའི་_100_,དེའི་_100_,དེའི་_100_,དེའི་_100_,དེའི་_100_
[སྟེང་_100_],སྟེང་_100_,སྟེང་_100_,སྟེང་_100_,སྟེང་_100_,སྟེང་_100_,སྟེང་_100_,སྟེང་_100_
[དུ་_100_],དུ་_100_,དུ་_100_,དུ་_100_,དུ་_100_,དུ་_100_,དུ་_100_,དུ་_100_
[འཇམ་_100_],འཇམ་_100_,འཇམ་_100_,འཇམ་_100_,འཇམ་_100_,འཇམ་_100_,འཇམ་_100_,འཇམ་_100_
[དཔལ་_100_],དཔལ་_100_,དཔལ་_100_,དཔལ་_100_,དཔལ་_100_,དཔལ་_100_,དཔལ་_100_,དཔལ་_100_
[དང་_100_],དང་_100_,དང་_100_,དང་_100_,དང་_100_,དང་_100_,དང་_100_,དང་_100_
[དབྱངས་_100_],དབྱངས་_100_,དབྱངས་_100_,དབྱངས་_100_,དབྱངས་_100_,དབྱངས་_100_,དབྱངས་_100_,དབྱངས་_100_
[ཅན་_100_],ཅན་_100_,ཅན་_100_,ཅན་_100_,ཅན་_100_,ཅན་_100_,ཅན་_100_,ཅན་_100_
[མ་_100_],མ་_100_,མ་_100_,མ་_100_,མ་_100_,མ་_100_,མ་_100_,མ་_100_
[གཉིས་_100_],གཉིས་_100_,གཉིས་_100_,གཉིས་_100_,གཉིས་_100_,གཉིས་_100_,གཉིས་_100_,གཉིས་_100_
[ཞལ་_100_],ཞལ་_100_,ཞལ་_100_,ཞལ་_100_,ཞལ་_100_,ཞལ་_100_,ཞལ་_100_,ཞལ་_100_
[སྦྱོར་_100_],སྦྱོར་_100_,སྦྱོར་_100_,སྦྱོར་_100_,སྦྱོར་_100_,སྦྱོར་_100_,སྦྱོར་_100_,སྦྱོར་_100_
[གྱི་ཙ་ཀ་_87_],གྱི་ཙ་ཀ་_87_,གྱི་ཙ་ཀ་_87_,གྱི་ཙ་ཀ་_87_,གྱི་ཙ་ཀ་_87_,གྱི་ཙ་ཀ་_87_,གྱི་ཙཀ་_12_,གྱི་ཙ་ཀ་_87_
[ལི་ཅིག་_62_],ལི་ཅིག་_62_,ལི་གཅིག་_25_,ལི་གཅིག་_25_,ལི་ཅིག་_62_,ལི་མེ་ཅིག་_12_,ལི་ཅིག་_62_,ལི་ཅིག་_62_
[བཞུགས་_100_],བཞུགས་_100_,བཞུགས་_100_,བཞུགས་_100_,བཞུགས་_100_,བཞུགས་_100_,བཞུགས་_100_,བཞུགས་_100_
[པར་_100_],པར་_100_,པར་_100_,པར་_100_,པར་_100_,པར་_100_,པར་_100_,པར་_100_
[བྱའོ_100_],བྱའོ_100_,བྱའོ_100_,བྱའོ_100_,བྱའོ_100_,བྱའོ_100_,བྱའོ_100_,བྱའོ_100_
[། །​_100_],། །​_100_,། །​_100_,། །​_100_,། །​_100_,། །​_100_,། །​_100_,། །​_100_
[དེ་_100_],དེ་_100_,དེ་_100_,དེ་_100_,དེ་_100_,དེ་_100_,དེ་_100_,དེ་_100_
[ནས་_100_],ནས་_100_,ནས་_100_,ནས་_100_,ནས་_100_,ནས་_100_,ནས་_100_,ནས་_100_
[ཨོཾ་_100_],ཨོཾ་_100_,ཨོཾ་_100_,ཨོཾ་_100_,ཨོཾ་_100_,ཨོཾ་_100_,ཨོཾ་_100_,ཨོཾ་_100_
[སྭ་_62_],སྭ་_62_,སྭཱ་_25_,སྭཱ་_25_,སྭ་_62_,སཱ་_12_,སྭ་_62_,སྭ་_62_
[བྷཱ་_100_],བྷཱ་_100_,བྷཱ་_100_,བྷཱ་_100_,བྷཱ་_100_,བྷཱ་_100_,བྷཱ་_100_,བྷཱ་_100_
[བ་_100_],བ་_100_,བ་_100_,བ་_100_,བ་_100_,བ་_100_,བ་_100_,བ་_100_
[བི་_100_],བི་_100_,བི་_100_,བི་_100_,བི་_100_,བི་_100_,བི་_100_,བི་_100_
[ཤུདྡྡྷཿསརྦ་དྷརྨཱཿསྭ་བྷཱ་བ་བི་ཤུདྡྷོ྅ཧཾ་_50_],ཤུདྡྡྷཿསརྦ་དྷརྨཱཿསྭ་བྷཱ་བ་བི་ཤུདྡྷོ྅ཧཾ་_50_,ཤུདྡྷཿསརྦ་དྷརྨཱཿསྭ་བྷཱ་བ་བི་ཤུདྡྷོ྅ཧཾ་_12_,ཤུད་དྷ་སརྦ་དྷརྨཱ་སྭཱ་བྷ་བ་བི་ཤུད་དྷོ་ཧཾ་_12_,ཤུདྡྡྷཿསརྦ་དྷརྨཱཿསྭ་བྷཱ་བ་བི་ཤུདྡྷོ྅ཧཾ་_50_,ཤུདྡྡྷཿ་སརྦ་དྷ་རྨཱཿ་སྭ་བྷཱ་བ་བི་ཤུདྡྷོཉ྄ཧཾ་_12_,ཤུདྡྡྷཿསརྦ་དྷརྨཱཿསྭ་བྷཱ་བ་བི་ཤུདྡྷོ྅ཧཾ་_50_,ཤུདྡྷསརྦ་དྷརྨཱསཱ་བྷཱ་བ་བི་ཤུདྡྷོཉཧཾ་_12_
[གི་_100_],གི་_100_,གི་_100_,གི་_100_,གི་_100_,གི་_100_,གི་_100_,གི་_100_
[སྔགས་_100_],སྔགས་_100_,སྔགས་_100_,སྔགས་_100_,སྔགས་_100_,སྔགས་_100_,སྔགས་_100_,སྔགས་_100_
[ཀྱིས་_100_],ཀྱིས་_100_,ཀྱིས་_100_,ཀྱིས་_100_,ཀྱིས་_100_,ཀྱིས་_100_,ཀྱིས་_100_,ཀྱིས་_100_
[ཆོས་_100_],ཆོས་_100_,ཆོས་_100_,ཆོས་_100_,ཆོས་_100_,ཆོས་_100_,ཆོས་_100_,ཆོས་_100_
[ཐམས་_100_],ཐམས་_100_,ཐམས་_100_,ཐམས་_100_,ཐམས་_100_,ཐམས་_100_,ཐམས་_100_,ཐམས་_100_
[ཅད་_100_],ཅད་_100_,ཅད་_100_,ཅད་_100_,ཅད་_100_,ཅད་_100_,ཅད་_100_,ཅད་_100_
[སྟོང་_100_],སྟོང་_100_,སྟོང་_100_,སྟོང་_100_,སྟོང་_100_,སྟོང་_100_,སྟོང་_100_,སྟོང་_100_
[པ་_100_],པ་_100_,པ་_100_,པ་_100_,པ་_100_,པ་_100_,པ་_100_,པ་_100_
[ཉིད་_100_],ཉིད་_100_,ཉིད་_100_,ཉིད་_100_,ཉིད་_100_,ཉིད་_100_,ཉིད་_100_,ཉིད་_100_
[དུ་_100_],དུ་_100_,དུ་_100_,དུ་_100_,དུ་_100_,དུ་_100_,དུ་_100_,དུ་_100_
[བསྒོམ་_100_],བསྒོམ་_100_,བསྒོམ་_100_,བསྒོམ་_100_,བསྒོམ་_100_,བསྒོམ་_100_,བསྒོམ་_100_,བསྒོམ་_100_
[པར་_100_],པར་_100_,པར་_100_,པར་_100_,པར་_100_,པར་_100_,པར་_100_,པར་_100_
[བྱའོ_100_],བྱའོ_100_,བྱའོ_100_,བྱའོ_100_,བྱའོ_100_,བྱའོ_100_,བྱའོ_100_,བྱའོ_100_
[། །​_100_],། །​_100_,། །​_100_,། །​_100_,། །​_100_,། །​_100_,། །​_100_,། །​_100_
[དེའི་_100_],དེའི་_100_,དེའི་_100_,དེའི་_100_,དེའི་_100_,དེའི་_100_,དེའི་_100_,དེའི་_100_
[ངང་_87_],ངང་_87_,ངང་_87_,ངང་_87_,ངང་_87_,དང་_12_,ངང་_87_,ངང་_87_
[ལས་_100_],ལས་_100_,ལས་_100_,ལས་_100_,ལས་_100_,ལས་_100_,ལས་_100_,ལས་_100_
[པདྨ་_100_],པདྨ་_100_,པདྨ་_100_,པདྨ་_100_,པདྨ་_100_,པདྨ་_100_,པདྨ་_100_,པདྨ་_100_
[དམར་_100_],དམར་_100_,དམར་_100_,དམར་_100_,དམར་_100_,དམར་_100_,དམར་_100_,དམར་_100_
[པོ་_100_],པོ་_100_,པོ་_100_,པོ་_100_,པོ་_100_,པོ་_100_,པོ་_100_,པོ་_100_
[འདབ་_100_],འདབ་_100_,འདབ་_100_,འདབ་_100_,འདབ་_100_,འདབ་_100_,འདབ་_100_,འདབ་_100_
[མ་_100_],མ་_100_,མ་_100_,མ་_100_,མ་_100_,མ་_100_,མ་_100_,མ་_100_
[བརྒྱད་_100_],བརྒྱད་_100_,བརྒྱད་_100_,བརྒྱད་_100_,བརྒྱད་_100_,བརྒྱད་_100_,བརྒྱད་_100_,བརྒྱད་_100_
[པ་_100_],པ་_100_,པ་_100_,པ་_100_,པ་_100_,པ་_100_,པ་_100_,པ་_100_
[ཅིག་_75_],ཅིག་_75_,ཞིག་_12_,གཅིག་_12_,ཅིག་_75_,ཅིག་_75_,ཅིག་_75_,ཅིག་_75_
[བསམ_100_],བསམ_100_,བསམ_100_,བསམ_100_,བསམ_100_,བསམ_100_,བསམ_100_,བསམ_100_
[། _87_],། _87_,། _87_,། _87_,། _87_,། _87_,། _87_,༑ _12_
[དེའི་_100_],དེའི་_100_,དེའི་_100_,དེའི་_100_,དེའི་_100_,དེའི་_100_,དེའི་_100_,དེའི་_100_
[སྟེང་_100_],སྟེང་_100_,སྟེང་_100_,སྟེང་_100_,སྟེང་_100_,སྟེང་_100_,སྟེང་_100_,སྟེང་_100_
[དུ་_100_],དུ་_100_,དུ་_100_,དུ་_100_,དུ་_100_,དུ་_100_,དུ་_100_,དུ་_100_
[ཨ་_100_],ཨ་_100_,ཨ་_100_,ཨ་_100_,ཨ་_100_,ཨ་_100_,ཨ་_100_,ཨ་_100_
[ལས་_100_],ལས་_100_,ལས་_100_,ལས་_100_,ལས་_100_,ལས་_100_,ལས་_100_,ལས་_100_
[ཟླ་_100_],ཟླ་_100_,ཟླ་_100_,ཟླ་_100_,ཟླ་_100_,ཟླ་_100_,ཟླ་_100_,ཟླ་_100_
[བའི་_100_],བའི་_100_,བའི་_100_,བའི་_100_,བའི་_100_,བའི་_100_,བའི་_100_,བའི་_100_
[དཀྱིལ་_100_],དཀྱིལ་_100_,དཀྱིལ་_100_,དཀྱིལ་_100_,དཀྱིལ་_100_,དཀྱིལ་_100_,དཀྱིལ་_100_,དཀྱིལ་_100_
[འཁོར་_100_],འཁོར་_100_,འཁོར་_100_,འཁོར་_100_,འཁོར་_100_,འཁོར་_100_,འཁོར་_100_,འཁོར་_100_
[གྱི་_100_],གྱི་_100_,གྱི་_100_,གྱི་_100_,གྱི་_100_,གྱི་_100_,གྱི་_100_,གྱི་_100_
[སྟེང་_100_],སྟེང་_100_,སྟེང་_100_,སྟེང་_100_,སྟེང་_100_,སྟེང་_100_,སྟེང་_100_,སྟེང་_100_
[དུ་_100_],དུ་_100_,དུ་_100_,དུ་_100_,དུ་_100_,དུ་_100_,དུ་_100_,དུ་_100_
[དྷཱིཿསེར་_50_],དྷཱིཿསེར་_50_,དྷིཿ་སེར་_12_,དྷི་སེར་_12_,དྷཱིཿསེར་_50_,དྷཱིཿ་སེར་_12_,དྷཱིཿསེར་_50_,དྷཱི སེར་_12_
[པོ་_100_],པོ་_100_,པོ་_100_,པོ་_100_,པོ་_100_,པོ་_100_,པོ་_100_,པོ་_100_
[གུར་_100_],གུར་_100_,གུར་_100_,གུར་_100_,གུར་_100_,གུར་_100_,གུར་_100_,གུར་_100_
[གུམ་_100_],གུམ་_100_,གུམ་_100_,གུམ་_100_,གུམ་_100_,གུམ་_100_,གུམ་_100_,གུམ་_100_
[གྱི་_100_],གྱི་_100_,གྱི་_100_,གྱི་_100_,གྱི་_100_,གྱི་_100_,གྱི་_100_,གྱི་_100_
[མདོག་_100_],མདོག་_100_,མདོག་_100_,མདོག་_100_,མདོག་_100_,མདོག་_100_,མདོག་_100_,མདོག་_100_
[ཅན་_100_],ཅན་_100_,ཅན་_100_,ཅན་_100_,ཅན་_100_,ཅན་_100_,ཅན་_100_,ཅན་_100_
[ཅིག་_75_],ཅིག་_75_,ཞིག་_12_,གཅིག་_12_,ཅིག་_75_,ཅིག་_75_,ཅིག་_75_,ཅིག་_75_
[བསམ_100_],བསམ_100_,བསམ_100_,བསམ_100_,བསམ_100_,བསམ_100_,བསམ_100_,བསམ_100_
[། _100_],། _100_,། _100_,། _100_,། _100_,། _100_,། _100_,། _100_
[དེ་_100_],དེ་_100_,དེ་_100_,དེ་_100_,དེ་_100_,དེ་_100_,དེ་_100_,དེ་_100_
[ཡོངས་_100_],ཡོངས་_100_,ཡོངས་_100_,ཡོངས་_100_,ཡོངས་_100_,ཡོངས་_100_,ཡོངས་_100_,ཡོངས་_100_
[སུ་_100_],སུ་_100_,སུ་_100_,སུ་_100_,སུ་_100_,སུ་_100_,སུ་_100_,སུ་_100_
[གྱུར་_100_],གྱུར་_100_,གྱུར་_100_,གྱུར་_100_,གྱུར་_100_,གྱུར་_100_,གྱུར་_100_,གྱུར་_100_
[པ་_100_],པ་_100_,པ་_100_,པ་_100_,པ་_100_,པ་_100_,པ་_100_,པ་_100_
[ལས་_100_],ལས་_100_,ལས་_100_,ལས་_100_,ལས་_100_,ལས་_100_,ལས་_100_,ལས་_100_
[བདག་_100_],བདག་_100_,བདག་_100_,བདག་_100_,བདག་_100_,བདག་_100_,བདག་_100_,བདག་_100_
[ཉིད་_100_],ཉིད་_100_,ཉིད་_100_,ཉིད་_100_,ཉིད་_100_,ཉིད་_100_,ཉིད་_100_,ཉིད་_100_
[འཕགས་_100_],འཕགས་_100_,འཕགས་_100_,འཕགས་_100_,འཕགས་_100_,འཕགས་_100_,འཕགས་_100_,འཕགས་_100_
[པ་_100_],པ་_100_,པ་_100_,པ་_100_,པ་_100_,པ་_100_,པ་_100_,པ་_100_
[འཇམ་_100_],འཇམ་_100_,འཇམ་_100_,འཇམ་_100_,འཇམ་_100_,འཇམ་_100_,འཇམ་_100_,འཇམ་_100_
[དཔལ་_100_],དཔལ་_100_,དཔལ་_100_,དཔལ་_100_,དཔལ་_100_,དཔལ་_100_,དཔལ་_100_,དཔལ་_100_
[སྐུ་_100_],སྐུ་_100_,སྐུ་_100_,སྐུ་_100_,སྐུ་_100_,སྐུ་_100_,སྐུ་_100_,སྐུ་_100_
[མདོག་_100_],མདོག་_100_,མདོག་_100_,མདོག་_100_,མདོག་_100_,མདོག་_100_,མདོག་_100_,མདོག་_100_
[དམར་_100_],དམར་_100_,དམར་_100_,དམར་_100_,དམར་_100_,དམར་_100_,དམར་_100_,དམར་_100_
[པོ་_100_],པོ་_100_,པོ་_100_,པོ་_100_,པོ་_100_,པོ་_100_,པོ་_100_,པོ་_100_
[ཕྱག་_100_],ཕྱག་_100_,ཕྱག་_100_,ཕྱག་_100_,ཕྱག་_100_,ཕྱག་_100_,ཕྱག་_100_,ཕྱག་_100_
[གཡས་_100_],གཡས་_100_,གཡས་_100_,གཡས་_100_,གཡས་_100_,གཡས་_100_,གཡས་_100_,གཡས་_100_
[ན་_100_],ན་_100_,ན་_100_,ན་_100_,ན་_100_,ན་_100_,ན་_100_,ན་_100_
[ཤེས་_100_],ཤེས་_100_,ཤེས་_100_,ཤེས་_100_,ཤེས་_100_,ཤེས་_100_,ཤེས་_100_,ཤེས་_100_
[རབ་_100_],རབ་_100_,རབ་_100_,རབ་_100_,རབ་_100_,རབ་_100_,རབ་_100_,རབ་_100_
[ཀྱི་_100_],ཀྱི་_100_,ཀྱི་_100_,ཀྱི་_100_,ཀྱི་_100_,ཀྱི་_100_,ཀྱི་_100_,ཀྱི་_100_
[རལ་_100_],རལ་_100_,རལ་_100_,རལ་_100_,རལ་_100_,རལ་_100_,རལ་_100_,རལ་_100_
[གྲི་_100_],གྲི་_100_,གྲི་_100_,གྲི་_100_,གྲི་_100_,གྲི་_100_,གྲི་_100_,གྲི་_100_
[གཡོན་_100_],གཡོན་_100_,གཡོན་_100_,གཡོན་_100_,གཡོན་_100_,གཡོན་_100_,གཡོན་_100_,གཡོན་_100_
[ན་_100_],ན་_100_,ན་_100_,ན་_100_,ན་_100_,ན་_100_,ན་_100_,ན་_100_
[ཤེས་_100_],ཤེས་_100_,ཤེས་_100_,ཤེས་_100_,ཤེས་_100_,ཤེས་_100_,ཤེས་_100_,ཤེས་_100_
[རབ་_100_],རབ་_100_,རབ་_100_,རབ་_100_,རབ་_100_,རབ་_100_,རབ་_100_,རབ་_100_
[ཀྱི་པུ་སྟི་_75_],ཀྱི་པུ་སྟི་_75_,ཀྱི་པུ་སྟི་_75_,ཀྱི་པུ་སྟི་_75_,ཀྱི་པུ་སྟི་_75_,ཀྱི་པུ་སྟི་_75_,ཀྱི་པུསྟི་_25_,ཀྱི་པུསྟི་_25_
[བསྣམས་_100_],བསྣམས་_100_,བསྣམས་_100_,བསྣམས་_100_,བསྣམས་_100_,བསྣམས་_100_,བསྣམས་_100_,བསྣམས་_100_
[པ_87_],པ_87_,པ_87_,པ_87_,པ_87_,བ_12_,པ_87_,པ_87_
[། _100_],། _100_,། _100_,། _100_,། _100_,། _100_,། _100_,། _100_
[རིན་_100_],རིན་_100_,རིན་_100_,རིན་_100_,རིན་_100_,རིན་_100_,རིན་_100_,རིན་_100_
[པོ་_100_],པོ་_100_,པོ་_100_,པོ་_100_,པོ་_100_,པོ་_100_,པོ་_100_,པོ་_100_
[ཆེའི་_100_],ཆེའི་_100_,ཆེའི་_100_,ཆེའི་_100_,ཆེའི་_100_,ཆེའི་_100_,ཆེའི་_100_,ཆེའི་_100_
[རྒྱན་_100_],རྒྱན་_100_,རྒྱན་_100_,རྒྱན་_100_,རྒྱན་_100_,རྒྱན་_100_,རྒྱན་_100_,རྒྱན་_100_
[སྣ་_100_],སྣ་_100_,སྣ་_100_,སྣ་_100_,སྣ་_100_,སྣ་_100_,སྣ་_100_,སྣ་_100_
[ཚོགས་_100_],ཚོགས་_100_,ཚོགས་_100_,ཚོགས་_100_,ཚོགས་_100_,ཚོགས་_100_,ཚོགས་_100_,ཚོགས་_100_
[ཀྱིས་_100_],ཀྱིས་_100_,ཀྱིས་_100_,ཀྱིས་_100_,ཀྱིས་_100_,ཀྱིས་_100_,ཀྱིས་_100_,ཀྱིས་_100_
[བརྒྱན་_100_],བརྒྱན་_100_,བརྒྱན་_100_,བརྒྱན་_100_,བརྒྱན་_100_,བརྒྱན་_100_,བརྒྱན་_100_,བརྒྱན་_100_
[པ_100_],པ_100_,པ_100_,པ_100_,པ_100_,པ_100_,པ_100_,པ_100_
[། _100_],། _100_,། _100_,། _100_,། _100_,། _100_,། _100_,། _100_
[ཞལ་_100_],ཞལ་_100_,ཞལ་_100_,ཞལ་_100_,ཞལ་_100_,ཞལ་_100_,ཞལ་_100_,ཞལ་_100_
[འཛུམ་_100_],འཛུམ་_100_,འཛུམ་_100_,འཛུམ་_100_,འཛུམ་_100_,འཛུམ་_100_,འཛུམ་_100_,འཛུམ་_100_
[བག་_100_],བག་_100_,བག་_100_,བག་_100_,བག་_100_,བག་_100_,བག་_100_,བག་_100_
[དང་_100_],དང་_100_,དང་_100_,དང་_100_,དང་_100_,དང་_100_,དང་_100_,དང་_100_
[ལྡན་_100_],ལྡན་_100_,ལྡན་_100_,ལྡན་_100_,ལྡན་_100_,ལྡན་_100_,ལྡན་_100_,ལྡན་_100_
[པ་_100_],པ་_100_,པ་_100_,པ་_100_,པ་_100_,པ་_100_,པ་_100_,པ་_100_
[བསྒོམ་_100_],བསྒོམ་_100_,བསྒོམ་_100_,བསྒོམ་_100_,བསྒོམ་_100_,བསྒོམ་_100_,བསྒོམ་_100_,བསྒོམ་_100_
[པར་_100_],པར་_100_,པར་_100_,པར་_100_,པར་_100_,པར་_100_,པར་_100_,པར་_100_
[བྱའོ_100_],བྱའོ_100_,བྱའོ_100_,བྱའོ_100_,བྱའོ_100_,བྱའོ_100_,བྱའོ_100_,བྱའོ_100_
[། །​_100_],། །​_100_,། །​_100_,། །​_100_,། །​_100_,། །​_100_,། །​_100_,། །​_100_
[མདུན་_100_],མདུན་_100_,མདུན་_100_,མདུན་_100_,མདུན་_100_,མདུན་_100_,མདུན་_100_,མདུན་_100_
[གྱི་_100_],གྱི་_100_,གྱི་_100_,གྱི་_100_,གྱི་_100_,གྱི་_100_,གྱི་_100_,གྱི་_100_
[ལྷུང་_100_],ལྷུང་_100_,ལྷུང་_100_,ལྷུང་_100_,ལྷུང་_100_,ལྷུང་_100_,ལྷུང་_100_,ལྷུང་_100_
[བཟེད་_100_],བཟེད་_100_,བཟེད་_100_,བཟེད་_100_,བཟེད་_100_,བཟེད་_100_,བཟེད་_100_,བཟེད་_100_
[ཀྱི་_100_],ཀྱི་_100_,ཀྱི་_100_,ཀྱི་_100_,ཀྱི་_100_,ཀྱི་_100_,ཀྱི་_100_,ཀྱི་_100_
[ནང་_100_],ནང་_100_,ནང་_100_,ནང་_100_,ནང་_100_,ནང་_100_,ནང་_100_,ནང་_100_
[དུ་_100_],དུ་_100_,དུ་_100_,དུ་_100_,དུ་_100_,དུ་_100_,དུ་_100_,དུ་_100_
[ཧྲཱིཿདཀར་_62_],ཧྲཱིཿདཀར་_62_,ཧྲཱིཿདཀར་_62_,ཧྲི་དཀར་_12_,ཧྲཱིཿདཀར་_62_,ཧྲཱིཿ་དཀར་_12_,ཧྲཱིཿདཀར་_62_,ཧིདཀར་_12_
[པོ་_100_],པོ་_100_,པོ་_100_,པོ་_100_,པོ་_100_,པོ་_100_,པོ་_100_,པོ་_100_
[ཡོངས་_100_],ཡོངས་_100_,ཡོངས་_100_,ཡོངས་_100_,ཡོངས་_100_,ཡོངས་_100_,ཡོངས་_100_,ཡོངས་_100_
[སུ་_100_],སུ་_100_,སུ་_100_,སུ་_100_,སུ་_100_,སུ་_100_,སུ་_100_,སུ་_100_
[གྱུར་_100_],གྱུར་_100_,གྱུར་_100_,གྱུར་_100_,གྱུར་_100_,གྱུར་_100_,གྱུར་_100_,གྱུར་_100_
[པ་_100_],པ་_100_,པ་_100_,པ་_100_,པ་_100_,པ་_100_,པ་_100_,པ་_100_
[ལས་_100_],ལས་_100_,ལས་_100_,ལས་_100_,ལས་_100_,ལས་_100_,ལས་_100_,ལས་_100_
[པདྨ་_100_],པདྨ་_100_,པདྨ་_100_,པདྨ་_100_,པདྨ་_100_,པདྨ་_100_,པདྨ་_100_,པདྨ་_100_
[དང་_100_],དང་_100_,དང་_100_,དང་_100_,དང་_100_,དང་_100_,དང་_100_,དང་_100_
[ཟླ་_100_],ཟླ་_100_,ཟླ་_100_,ཟླ་_100_,ཟླ་_100_,ཟླ་_100_,ཟླ་_100_,ཟླ་_100_
[བའི་_100_],བའི་_100_,བའི་_100_,བའི་_100_,བའི་_100_,བའི་_100_,བའི་_100_,བའི་_100_
[སྟེང་_100_],སྟེང་_100_,སྟེང་_100_,སྟེང་_100_,སྟེང་_100_,སྟེང་_100_,སྟེང་_100_,སྟེང་_100_
[དུ_100_],དུ_100_,དུ_100_,དུ_100_,དུ_100_,དུ_100_,དུ_100_,དུ_100_
[། _100_],། _100_,། _100_,། _100_,། _100_,། _100_,། _100_,། _100_
[དབྱངས་_87_],དབྱངས་_87_,དབྱངས་_87_,དབྱངས་_87_,དབྱངས་_87_,དབྱང་_12_,དབྱངས་_87_,དབྱངས་_87_
[ཅན་མ་_87_],ཅན་_12_,ཅན་མ་_87_,ཅན་མ་_87_,ཅན་མ་_87_,ཅན་མ་_87_,ཅན་མ་_87_,ཅན་མ་_87_
[དཀར་_100_],དཀར་_100_,དཀར་_100_,དཀར་_100_,དཀར་_100_,དཀར་_100_,དཀར་_100_,དཀར་_100_
[མོ་_100_],མོ་_100_,མོ་_100_,མོ་_100_,མོ་_100_,མོ་_100_,མོ་_100_,མོ་_100_
[གཡས་_100_],གཡས་_100_,གཡས་_100_,གཡས་_100_,གཡས་_100_,གཡས་_100_,གཡས་_100_,གཡས་_100_
[ན་_100_],ན་_100_,ན་_100_,ན་_100_,ན་_100_,ན་_100_,ན་_100_,ན་_100_
[རལ་_100_],རལ་_100_,རལ་_100_,རལ་_100_,རལ་_100_,རལ་_100_,རལ་_100_,རལ་_100_
[གྲི་_100_],གྲི་_100_,གྲི་_100_,གྲི་_100_,གྲི་_100_,གྲི་_100_,གྲི་_100_,གྲི་_100_
[གཡོན་_100_],གཡོན་_100_,གཡོན་_100_,གཡོན་_100_,གཡོན་_100_,གཡོན་_100_,གཡོན་_100_,གཡོན་_100_
[ན་པུ་སྟི་_75_],ན་པུ་སྟི་_75_,ན་པུ་སྟི་_75_,ན་པུ་སྟི་_75_,ན་པུ་སྟི་_75_,ན་པུ་སྟི་_75_,ན་པུསྟི་_25_,ན་པུསྟི་_25_
[བསྣམས་_100_],བསྣམས་_100_,བསྣམས་_100_,བསྣམས་_100_,བསྣམས་_100_,བསྣམས་_100_,བསྣམས་_100_,བསྣམས་_100_
[པ_100_],པ_100_,པ_100_,པ_100_,པ_100_,པ_100_,པ_100_,པ_100_
[། _100_],། _100_,། _100_,། _100_,། _100_,། _100_,། _100_,། _100_
[རིན་_100_],རིན་_100_,རིན་_100_,རིན་_100_,རིན་_100_,རིན་_100_,རིན་_100_,རིན་_100_
[པོ་_100_],པོ་_100_,པོ་_100_,པོ་_100_,པོ་_100_,པོ་_100_,པོ་_100_,པོ་_100_
[ཆེའི་_100_],ཆེའི་_100_,ཆེའི་_100_,ཆེའི་_100_,ཆེའི་_100_,ཆེའི་_100_,ཆེའི་_100_,ཆེའི་_100_
[རྒྱན་_100_],རྒྱན་_100_,རྒྱན་_100_,རྒྱན་_100_,རྒྱན་_100_,རྒྱན་_100_,རྒྱན་_100_,རྒྱན་_100_
[དང་_100_],དང་_100_,དང་_100_,དང་_100_,དང་_100_,དང་_100_,དང་_100_,དང་_100_
[བཅས་_100_],བཅས་_100_,བཅས་_100_,བཅས་_100_,བཅས་_100_,བཅས་_100_,བཅས་_100_,བཅས་_100_
[པ་_100_],པ་_100_,པ་_100_,པ་_100_,པ་_100_,པ་_100_,པ་_100_,པ་_100_
[ཞལ་_100_],ཞལ་_100_,ཞལ་_100_,ཞལ་_100_,ཞལ་_100_,ཞལ་_100_,ཞལ་_100_,ཞལ་_100_
[འཛུམ་_100_],འཛུམ་_100_,འཛུམ་_100_,འཛུམ་_100_,འཛུམ་_100_,འཛུམ་_100_,འཛུམ་_100_,འཛུམ་_100_
[བག་_100_],བག་_100_,བག་_100_,བག་_100_,བག་_100_,བག་_100_,བག་_100_,བག་_100_
[དང་_100_],དང་_100_,དང་_100_,དང་_100_,དང་_100_,དང་_100_,དང་_100_,དང་_100_
[ལྡན་_100_],ལྡན་_100_,ལྡན་_100_,ལྡན་_100_,ལྡན་_100_,ལྡན་_100_,ལྡན་_100_,ལྡན་_100_
[པ་_100_],པ་_100_,པ་_100_,པ་_100_,པ་_100_,པ་_100_,པ་_100_,པ་_100_
[དག་_87_],དག་_87_,དག་_87_,དག་_87_,དག་_87_,བདག་_12_,དག་_87_,དག་_87_
[བསྒོམ་_100_],བསྒོམ་_100_,བསྒོམ་_100_,བསྒོམ་_100_,བསྒོམ་_100_,བསྒོམ་_100_,བསྒོམ་_100_,བསྒོམ་_100_
[པར་_100_],པར་_100_,པར་_100_,པར་_100_,པར་_100_,པར་_100_,པར་_100_,པར་_100_
[བྱའོ_100_],བྱའོ_100_,བྱའོ_100_,བྱའོ_100_,བྱའོ_100_,བྱའོ_100_,བྱའོ_100_,བྱའོ_100_
[། །​_100_],། །​_100_,། །​_100_,། །​_100_,། །​_100_,། །​_100_,། །​_100_,། །​_100_
[དེ་_100_],དེ་_100_,དེ་_100_,དེ་_100_,དེ་_100_,དེ་_100_,དེ་_100_,དེ་_100_
[ནས་_100_],ནས་_100_,ནས་_100_,ནས་_100_,ནས་_100_,ནས་_100_,ནས་_100_,ནས་_100_
[ས་_100_],ས་_100_,ས་_100_,ས་_100_,ས་_100_,ས་_100_,ས་_100_,ས་_100_
[བོན་_100_],བོན་_100_,བོན་_100_,བོན་_100_,བོན་_100_,བོན་_100_,བོན་_100_,བོན་_100_
[གཉིས་_100_],གཉིས་_100_,གཉིས་_100_,གཉིས་_100_,གཉིས་_100_,གཉིས་_100_,གཉིས་_100_,གཉིས་_100_
[ལས་_100_],ལས་_100_,ལས་_100_,ལས་_100_,ལས་_100_,ལས་_100_,ལས་_100_,ལས་_100_
[འོད་_87_],འོད་_87_,འོད་_87_,འོད་_87_,འོད་_87_,འདོ་_12_,འོད་_87_,འོད་_87_
[འཕྲོས་_100_],འཕྲོས་_100_,འཕྲོས་_100_,འཕྲོས་_100_,འཕྲོས་_100_,འཕྲོས་_100_,འཕྲོས་_100_,འཕྲོས་_100_
[པས་_100_],པས་_100_,པས་_100_,པས་_100_,པས་_100_,པས་_100_,པས་_100_,པས་_100_
[རང་_100_],རང་_100_,རང་_100_,རང་_100_,རང་_100_,རང་_100_,རང་_100_,རང་_100_
[བཞིན་_100_],བཞིན་_100_,བཞིན་_100_,བཞིན་_100_,བཞིན་_100_,བཞིན་_100_,བཞིན་_100_,བཞིན་_100_
[གྱི་_100_],གྱི་_100_,གྱི་_100_,གྱི་_100_,གྱི་_100_,གྱི་_100_,གྱི་_100_,གྱི་_100_
[གནས་_100_],གནས་_100_,གནས་_100_,གནས་_100_,གནས་_100_,གནས་_100_,གནས་_100_,གནས་_100_
[ནས_100_],ནས_100_,ནས_100_,ནས_100_,ནས_100_,ནས_100_,ནས_100_,ནས_100_
[། _100_],། _100_,། _100_,། _100_,། _100_,། _100_,། _100_,། _100_
[ཡེ་_100_],ཡེ་_100_,ཡེ་_100_,ཡེ་_100_,ཡེ་_100_,ཡེ་_100_,ཡེ་_100_,ཡེ་_100_
[ཤེས་_100_],ཤེས་_100_,ཤེས་_100_,ཤེས་_100_,ཤེས་_100_,ཤེས་_100_,ཤེས་_100_,ཤེས་_100_
[སེམས་_100_],སེམས་_100_,སེམས་_100_,སེམས་_100_,སེམས་_100_,སེམས་_100_,སེམས་_100_,སེམས་_100_
[དཔའ་_100_],དཔའ་_100_,དཔའ་_100_,དཔའ་_100_,དཔའ་_100_,དཔའ་_100_,དཔའ་_100_,དཔའ་_100_
[སྤྱན་_100_],སྤྱན་_100_,སྤྱན་_100_,སྤྱན་_100_,སྤྱན་_100_,སྤྱན་_100_,སྤྱན་_100_,སྤྱན་_100_
[དྲངས་_100_],དྲངས་_100_,དྲངས་_100_,དྲངས་_100_,དྲངས་_100_,དྲངས་_100_,དྲངས་_100_,དྲངས་_100_
[ནས་_100_],ནས་_100_,ནས་_100_,ནས་_100_,ནས་_100_,ནས་_100_,ནས་_100_,ནས་_100_
[སོ་_100_],སོ་_100_,སོ་_100_,སོ་_100_,སོ་_100_,སོ་_100_,སོ་_100_,སོ་_100_
[སོར་_100_],སོར་_100_,སོར་_100_,སོར་_100_,སོར་_100_,སོར་_100_,སོར་_100_,སོར་_100_
[བསྟིམ་_100_],བསྟིམ་_100_,བསྟིམ་_100_,བསྟིམ་_100_,བསྟིམ་_100_,བསྟིམ་_100_,བསྟིམ་_100_,བསྟིམ་_100_
[མོ_100_],མོ_100_,མོ_100_,མོ_100_,མོ_100_,མོ_100_,མོ_100_,མོ_100_
[། །​_100_],། །​_100_,། །​_100_,། །​_100_,། །​_100_,། །​_100_,། །​_100_,། །​_100_
[ཡང་_87_],ཡང་_87_,ཡང་ན་_12_,ཡང་_87_,ཡང་_87_,ཡང་_87_,ཡང་_87_,ཡང་_87_
[འོད་_100_],འོད་_100_,འོད་_100_,འོད་_100_,འོད་_100_,འོད་_100_,འོད་_100_,འོད་_100_
[ཟེར་_100_],ཟེར་_100_,ཟེར་_100_,ཟེར་_100_,ཟེར་_100_,ཟེར་_100_,ཟེར་_100_,ཟེར་_100_
[འཕྲོས་_100_],འཕྲོས་_100_,འཕྲོས་_100_,འཕྲོས་_100_,འཕྲོས་_100_,འཕྲོས་_100_,འཕྲོས་_100_,འཕྲོས་_100_
[པས་_100_],པས་_100_,པས་_100_,པས་_100_,པས་_100_,པས་_100_,པས་_100_,པས་_100_
[སངས་_100_],སངས་_100_,སངས་_100_,སངས་_100_,སངས་_100_,སངས་_100_,སངས་_100_,སངས་_100_
[རྒྱས་_100_],རྒྱས་_100_,རྒྱས་_100_,རྒྱས་_100_,རྒྱས་_100_,རྒྱས་_100_,རྒྱས་_100_,རྒྱས་_100_
[དང་_100_],དང་_100_,དང་_100_,དང་_100_,དང་_100_,དང་_100_,དང་_100_,དང་_100_
[བྱང་_100_],བྱང་_100_,བྱང་_100_,བྱང་_100_,བྱང་_100_,བྱང་_100_,བྱང་_100_,བྱང་_100_
[ཆུབ་_100_],ཆུབ་_100_,ཆུབ་_100_,ཆུབ་_100_,ཆུབ་_100_,ཆུབ་_100_,ཆུབ་_100_,ཆུབ་_100_
[སེམས་_100_],སེམས་_100_,སེམས་_100_,སེམས་_100_,སེམས་_100_,སེམས་_100_,སེམས་_100_,སེམས་_100_
[དཔའ་_100_],དཔའ་_100_,དཔའ་_100_,དཔའ་_100_,དཔའ་_100_,དཔའ་_100_,དཔའ་_100_,དཔའ་_100_
[རྣམས་_100_],རྣམས་_100_,རྣམས་_100_,རྣམས་_100_,རྣམས་_100_,རྣམས་_100_,རྣམས་_100_,རྣམས་_100_
[ཀྱི་_100_],ཀྱི་_100_,ཀྱི་_100_,ཀྱི་_100_,ཀྱི་_100_,ཀྱི་_100_,ཀྱི་_100_,ཀྱི་_100_
[ཤེས་_100_],ཤེས་_100_,ཤེས་_100_,ཤེས་_100_,ཤེས་_100_,ཤེས་_100_,ཤེས་_100_,ཤེས་_100_
[རབ་_100_],རབ་_100_,རབ་_100_,རབ་_100_,རབ་_100_,རབ་_100_,རབ་_100_,རབ་_100_
[དང་_100_],དང་_100_,དང་_100_,དང་_100_,དང་_100_,དང་_100_,དང་_100_,དང་_100_
[མཐུ་_100_],མཐུ་_100_,མཐུ་_100_,མཐུ་_100_,མཐུ་_100_,མཐུ་_100_,མཐུ་_100_,མཐུ་_100_
[དང་_100_],དང་_100_,དང་_100_,དང་_100_,དང་_100_,དང་_100_,དང་_100_,དང་_100_
[ནུས་_100_],ནུས་_100_,ནུས་_100_,ནུས་_100_,ནུས་_100_,ནུས་_100_,ནུས་_100_,ནུས་_100_
[པ་_100_],པ་_100_,པ་_100_,པ་_100_,པ་_100_,པ་_100_,པ་_100_,པ་_100_
[ཐམས་_100_],ཐམས་_100_,ཐམས་_100_,ཐམས་_100_,ཐམས་_100_,ཐམས་_100_,ཐམས་_100_,ཐམས་_100_
[ཅད་_100_],ཅད་_100_,ཅད་_100_,ཅད་_100_,ཅད་_100_,ཅད་_100_,ཅད་_100_,ཅད་_100_
[བསྡུས་_100_],བསྡུས་_100_,བསྡུས་_100_,བསྡུས་_100_,བསྡུས་_100_,བསྡུས་_100_,བསྡུས་_100_,བསྡུས་_100_
[ནས་_100_],ནས་_100_,ནས་_100_,ནས་_100_,ནས་_100_,ནས་_100_,ནས་_100_,ནས་_100_
[རང་_100_],རང་_100_,རང་_100_,རང་_100_,རང་_100_,རང་_100_,རང་_100_,རང་_100_
[དང་_100_],དང་_100_,དང་_100_,དང་_100_,དང་_100_,དང་_100_,དང་_100_,དང་_100_
[རྫས་_100_],རྫས་_100_,རྫས་_100_,རྫས་_100_,རྫས་_100_,རྫས་_100_,རྫས་_100_,རྫས་_100_
[ལ་_100_],ལ་_100_,ལ་_100_,ལ་_100_,ལ་_100_,ལ་_100_,ལ་_100_,ལ་_100_
[བསྟིམ་_100_],བསྟིམ་_100_,བསྟིམ་_100_,བསྟིམ་_100_,བསྟིམ་_100_,བསྟིམ་_100_,བསྟིམ་_100_,བསྟིམ་_100_
[པར་_100_],པར་_100_,པར་_100_,པར་_100_,པར་_100_,པར་_100_,པར་_100_,པར་_100_
[བྱའོ_100_],བྱའོ_100_,བྱའོ_100_,བྱའོ_100_,བྱའོ_100_,བྱའོ_100_,བྱའོ_100_,བྱའོ_100_
[། །​_87_],། །​_87_,། །​_87_,། །​_87_,། །​_87_,། །​_87_,། །​_87_,།།_12_
[དེ་_100_],དེ་_100_,དེ་_100_,དེ་_100_,དེ་_100_,དེ་_100_,དེ་_100_,དེ་_100_
[ནས་_100_],ནས་_100_,ནས་_100_,ནས་_100_,ནས་_100_,ནས་_100_,ནས་_100_,ནས་_100_
[བཟླས་_100_],བཟླས་_100_,བཟླས་_100_,བཟླས་_100_,བཟླས་_100_,བཟླས་_100_,བཟླས་_100_,བཟླས་_100_
[པ་_100_],པ་_100_,པ་_100_,པ་_100_,པ་_100_,པ་_100_,པ་_100_,པ་_100_
[བྱ་_100_],བྱ་_100_,བྱ་_100_,བྱ་_100_,བྱ་_100_,བྱ་_100_,བྱ་_100_,བྱ་_100_
[སྟེ_100_],སྟེ_100_,སྟེ_100_,སྟེ_100_,སྟེ_100_,སྟེ_100_,སྟེ_100_,སྟེ_100_
[། _100_],། _100_,། _100_,། _100_,། _100_,། _100_,། _100_,། _100_
[ན་_100_],ན་_100_,ན་_100_,ན་_100_,ན་_100_,ན་_100_,ན་_100_,ན་_100_
[མོ་_100_],མོ་_100_,མོ་_100_,མོ་_100_,མོ་_100_,མོ་_100_,མོ་_100_,མོ་_100_
[མཉྫུ་_87_],མཉྫུ་_87_,མཉྫུ་_87_,མཉྫུ་_87_,མཉྫུ་_87_,མཉྫུ་_87_,མཉྫུ་_87_,མཉྫ་_12_
[ཤྲཱི་_100_],ཤྲཱི་_100_,ཤྲཱི་_100_,ཤྲཱི་_100_,ཤྲཱི་_100_,ཤྲཱི་_100_,ཤྲཱི་_100_,ཤྲཱི་_100_
[བཱ་གཱི་_87_],བཱ་གཱི་_87_,བཱ་གཱི་_87_,བ་གི་_12_,བཱ་གཱི་_87_,བཱ་གཱི་_87_,བཱ་གཱི་_87_,བཱ་གཱི་_87_
[ཤྭ་_100_],ཤྭ་_100_,ཤྭ་_100_,ཤྭ་_100_,ཤྭ་_100_,ཤྭ་_100_,ཤྭ་_100_,ཤྭ་_100_
[རི་_100_],རི་_100_,རི་_100_,རི་_100_,རི་_100_,རི་_100_,རི་_100_,རི་_100_
[མུཾ_62_],མུ_25_,མུཾ_62_,མུ_25_,མུཾ_62_,མུཾ_62_,མུཾ_62_,ཧཱུཾ_12_
[། _100_],། _100_,། _100_,། _100_,། _100_,། _100_,། _100_,། _100_
[བཱ་གཱི་ཤྭ་_75_],བཱ་གཱི་ཤྭ་_75_,བཱ་གི་ཤ་_12_,བ་གི་ཤྭ་_12_,བཱ་གཱི་ཤྭ་_75_,བཱ་གཱི་ཤྭ་_75_,བཱ་གཱི་ཤྭ་_75_,བཱ་གཱི་ཤྭ་_75_
[རི་_100_],རི་_100_,རི་_100_,རི་_100_,རི་_100_,རི་_100_,རི་_100_,རི་_100_
[ཧོཿ། _50_],ཧོཿ། _50_,ཧོ། _25_,ཧོ། _25_,ཧོཿ། _50_,ཧོཿ།_12_,ཧོཿ། _50_,ཧོ །​ _12_
[ཨུ་_100_],ཨུ་_100_,ཨུ་_100_,ཨུ་_100_,ཨུ་_100_,ཨུ་_100_,ཨུ་_100_,ཨུ་_100_
[པ་_100_],པ་_100_,པ་_100_,པ་_100_,པ་_100_,པ་_100_,པ་_100_,པ་_100_
[དེ་_100_],དེ་_100_,དེ་_100_,དེ་_100_,དེ་_100_,དེ་_100_,དེ་_100_,དེ་_100_
[ཤ་_100_],ཤ་_100_,ཤ་_100_,ཤ་_100_,ཤ་_100_,ཤ་_100_,ཤ་_100_,ཤ་_100_
[པྲ་_100_],པྲ་_100_,པྲ་_100_,པྲ་_100_,པྲ་_100_,པྲ་_100_,པྲ་_100_,པྲ་_100_
[མོ་_100_],མོ་_100_,མོ་_100_,མོ་_100_,མོ་_100_,མོ་_100_,མོ་_100_,མོ་_100_
[ད་_100_],ད་_100_,ད་_100_,ད་_100_,ད་_100_,ད་_100_,ད་_100_,ད་_100_
[ཏ་_100_],ཏ་_100_,ཏ་_100_,ཏ་_100_,ཏ་_100_,ཏ་_100_,ཏ་_100_,ཏ་_100_
[དྷ་_100_],དྷ་_100_,དྷ་_100_,དྷ་_100_,དྷ་_100_,དྷ་_100_,དྷ་_100_,དྷ་_100_
[བ་_100_],བ་_100_,བ་_100_,བ་_100_,བ་_100_,བ་_100_,བ་_100_,བ་_100_
[ནི་_100_],ནི་_100_,ནི་_100_,ནི་_100_,ནི་_100_,ནི་_100_,ནི་_100_,ནི་_100_
[ཧྲཱིཿསྭཱ་_75_],ཧྲཱིཿསྭཱ་_75_,ཧྲཱིཿསྭཱ་_75_,ཧྲི་སྭཱ་_12_,ཧྲཱིཿསྭཱ་_75_,ཧྲཱིཿསྭཱ་_75_,ཧྲཱིཿསྭཱ་_75_,ཧཱིདྡྷིསྭཱ་_12_
[ཧཱ_100_],ཧཱ_100_,ཧཱ_100_,ཧཱ_100_,ཧཱ_100_,ཧཱ_100_,ཧཱ_100_,ཧཱ_100_
[། _100_],། _100_,། _100_,། _100_,། _100_,། _100_,། _100_,། _100_
[སྔགས་_100_],སྔགས་_100_,སྔགས་_100_,སྔགས་_100_,སྔགས་_100_,སྔགས་_100_,སྔགས་_100_,སྔགས་_100_
[ཀྱི་_100_],ཀྱི་_100_,ཀྱི་_100_,ཀྱི་_100_,ཀྱི་_100_,ཀྱི་_100_,ཀྱི་_100_,ཀྱི་_100_
[འོད་_100_],འོད་_100_,འོད་_100_,འོད་_100_,འོད་_100_,འོད་_100_,འོད་_100_,འོད་_100_
[ཟེར་_100_],ཟེར་_100_,ཟེར་_100_,ཟེར་_100_,ཟེར་_100_,ཟེར་_100_,ཟེར་_100_,ཟེར་_100_
[བདག་_100_],བདག་_100_,བདག་_100_,བདག་_100_,བདག་_100_,བདག་_100_,བདག་_100_,བདག་_100_
[གི་_100_],གི་_100_,གི་_100_,གི་_100_,གི་_100_,གི་_100_,གི་_100_,གི་_100_
[ཞལ་_100_],ཞལ་_100_,ཞལ་_100_,ཞལ་_100_,ཞལ་_100_,ཞལ་_100_,ཞལ་_100_,ཞལ་_100_
[ནས་_100_],ནས་_100_,ནས་_100_,ནས་_100_,ནས་_100_,ནས་_100_,ནས་_100_,ནས་_100_
[ལྷ་_100_],ལྷ་_100_,ལྷ་_100_,ལྷ་_100_,ལྷ་_100_,ལྷ་_100_,ལྷ་_100_,ལྷ་_100_
[མོའི་_100_],མོའི་_100_,མོའི་_100_,མོའི་_100_,མོའི་_100_,མོའི་_100_,མོའི་_100_,མོའི་_100_
[ཞལ་དུ། _75_],ཞལ་དུ། _75_,ཞལ་དུ། _75_,ཞལ་_12_,ཞལ་དུ། _75_,ཞལ་དུ། _75_,ཞལ་དུ། _75_,ཞོལ་དུ །​ _12_
[ལྷ་_100_],ལྷ་_100_,ལྷ་_100_,ལྷ་_100_,ལྷ་_100_,ལྷ་_100_,ལྷ་_100_,ལྷ་_100_
[མོའི་_100_],མོའི་_100_,མོའི་_100_,མོའི་_100_,མོའི་_100_,མོའི་_100_,མོའི་_100_,མོའི་_100_
[ཞལ་_100_],ཞལ་_100_,ཞལ་_100_,ཞལ་_100_,ཞལ་_100_,ཞལ་_100_,ཞལ་_100_,ཞལ་_100_
[ནས་_100_],ནས་_100_,ནས་_100_,ནས་_100_,ནས་_100_,ནས་_100_,ནས་_100_,ནས་_100_
[བདག་_100_],བདག་_100_,བདག་_100_,བདག་_100_,བདག་_100_,བདག་_100_,བདག་_100_,བདག་_100_
[གི་_100_],གི་_100_,གི་_100_,གི་_100_,གི་_100_,གི་_100_,གི་_100_,གི་_100_
[ཐུགས་_100_],ཐུགས་_100_,ཐུགས་_100_,ཐུགས་_100_,ཐུགས་_100_,ཐུགས་_100_,ཐུགས་_100_,ཐུགས་_100_
[ཀར་_100_],ཀར་_100_,ཀར་_100_,ཀར་_100_,ཀར་_100_,ཀར་_100_,ཀར་_100_,ཀར་_100_
[ཐིམ་_100_],ཐིམ་_100_,ཐིམ་_100_,ཐིམ་_100_,ཐིམ་_100_,ཐིམ་_100_,ཐིམ་_100_,ཐིམ་_100_
[པར་_100_],པར་_100_,པར་_100_,པར་_100_,པར་_100_,པར་_100_,པར་_100_,པར་_100_
[བསྒོམ_100_],བསྒོམ_100_,བསྒོམ_100_,བསྒོམ_100_,བསྒོམ_100_,བསྒོམ_100_,བསྒོམ_100_,བསྒོམ_100_
[། _100_],། _100_,། _100_,། _100_,། _100_,། _100_,། _100_,། _100_
[དེ་_100_],དེ་_100_,དེ་_100_,དེ་_100_,དེ་_100_,དེ་_100_,དེ་_100_,དེ་_100_
[ལས་_100_],ལས་_100_,ལས་_100_,ལས་_100_,ལས་_100_,ལས་_100_,ལས་_100_,ལས་_100_
[འོད་_100_],འོད་_100_,འོད་_100_,འོད་_100_,འོད་_100_,འོད་_100_,འོད་_100_,འོད་_100_
[ཟེར་_100_],ཟེར་_100_,ཟེར་_100_,ཟེར་_100_,ཟེར་_100_,ཟེར་_100_,ཟེར་_100_,ཟེར་_100_
[འཕྲོས་_100_],འཕྲོས་_100_,འཕྲོས་_100_,འཕྲོས་_100_,འཕྲོས་_100_,འཕྲོས་_100_,འཕྲོས་_100_,འཕྲོས་_100_
[པས་_100_],པས་_100_,པས་_100_,པས་_100_,པས་_100_,པས་_100_,པས་_100_,པས་_100_
[སེམས་_100_],སེམས་_100_,སེམས་_100_,སེམས་_100_,སེམས་_100_,སེམས་_100_,སེམས་_100_,སེམས་_100_
[ཅན་_87_],ཅན་_87_,ཅན་_87_,ཅན་_87_,ཅན་_87_,ཅད་_12_,ཅན་_87_,ཅན་_87_
[ཐམས་_100_],ཐམས་_100_,ཐམས་_100_,ཐམས་_100_,ཐམས་_100_,ཐམས་_100_,ཐམས་_100_,ཐམས་_100_
[ཅད་_100_],ཅད་_100_,ཅད་_100_,ཅད་_100_,ཅད་_100_,ཅད་_100_,ཅད་_100_,ཅད་_100_
[ཀྱི་_100_],ཀྱི་_100_,ཀྱི་_100_,ཀྱི་_100_,ཀྱི་_100_,ཀྱི་_100_,ཀྱི་_100_,ཀྱི་_100_
[དོན་_100_],དོན་_100_,དོན་_100_,དོན་_100_,དོན་_100_,དོན་_100_,དོན་_100_,དོན་_100_
[དུ་_100_],དུ་_100_,དུ་_100_,དུ་_100_,དུ་_100_,དུ་_100_,དུ་_100_,དུ་_100_
[ཤེས་_100_],ཤེས་_100_,ཤེས་_100_,ཤེས་_100_,ཤེས་_100_,ཤེས་_100_,ཤེས་_100_,ཤེས་_100_
[རབ་_100_],རབ་_100_,རབ་_100_,རབ་_100_,རབ་_100_,རབ་_100_,རབ་_100_,རབ་_100_
[ཀྱི་_100_],ཀྱི་_100_,ཀྱི་_100_,ཀྱི་_100_,ཀྱི་_100_,ཀྱི་_100_,ཀྱི་_100_,ཀྱི་_100_
[མི་_100_],མི་_100_,མི་_100_,མི་_100_,མི་_100_,མི་_100_,མི་_100_,མི་_100_
[མཐུན་_100_],མཐུན་_100_,མཐུན་_100_,མཐུན་_100_,མཐུན་_100_,མཐུན་_100_,མཐུན་_100_,མཐུན་_100_
[པའི་_100_],པའི་_100_,པའི་_100_,པའི་_100_,པའི་_100_,པའི་_100_,པའི་_100_,པའི་_100_
[ཕྱོགས_100_],ཕྱོགས_100_,ཕྱོགས_100_,ཕྱོགས_100_,ཕྱོགས_100_,ཕྱོགས_100_,ཕྱོགས_100_,ཕྱོགས_100_
[། _87_],། _87_,། _87_,། _87_,། _87_,། _87_,། _87_,། །​_12_
[གཏི་_100_],གཏི་_100_,གཏི་_100_,གཏི་_100_,གཏི་_100_,གཏི་_100_,གཏི་_100_,གཏི་_100_
[མུག་_100_],མུག་_100_,མུག་_100_,མུག་_100_,མུག་_100_,མུག་_100_,མུག་_100_,མུག་_100_
[ལ་_100_],ལ་_100_,ལ་_100_,ལ་_100_,ལ་_100_,ལ་_100_,ལ་_100_,ལ་_100_
[སོགས་_100_],སོགས་_100_,སོགས་_100_,སོགས་_100_,སོགས་_100_,སོགས་_100_,སོགས་_100_,སོགས་_100_
[པ་_100_],པ་_100_,པ་_100_,པ་_100_,པ་_100_,པ་_100_,པ་_100_,པ་_100_
[ཐམས་_100_],ཐམས་_100_,ཐམས་_100_,ཐམས་_100_,ཐམས་_100_,ཐམས་_100_,ཐམས་_100_,ཐམས་_100_
[ཅད་_100_],ཅད་_100_,ཅད་_100_,ཅད་_100_,ཅད་_100_,ཅད་_100_,ཅད་_100_,ཅད་_100_
[བསལ་_100_],བསལ་_100_,བསལ་_100_,བསལ་_100_,བསལ་_100_,བསལ་_100_,བསལ་_100_,བསལ་_100_
[བར་_100_],བར་_100_,བར་_100_,བར་_100_,བར་_100_,བར་_100_,བར་_100_,བར་_100_
[བསྒོམ_100_],བསྒོམ_100_,བསྒོམ_100_,བསྒོམ_100_,བསྒོམ_100_,བསྒོམ_100_,བསྒོམ_100_,བསྒོམ_100_
[། _100_],། _100_,། _100_,། _100_,། _100_,། _100_,། _100_,། _100_
[འཇིག་_100_],འཇིག་_100_,འཇིག་_100_,འཇིག་_100_,འཇིག་_100_,འཇིག་_100_,འཇིག་_100_,འཇིག་_100_
[རྟེན་_100_],རྟེན་_100_,རྟེན་_100_,རྟེན་_100_,རྟེན་_100_,རྟེན་_100_,རྟེན་_100_,རྟེན་_100_
[དྲག་_100_],དྲག་_100_,དྲག་_100_,དྲག་_100_,དྲག་_100_,དྲག་_100_,དྲག་_100_,དྲག་_100_
[བྱེད་_100_],བྱེད་_100_,བྱེད་_100_,བྱེད་_100_,བྱེད་_100_,བྱེད་_100_,བྱེད་_100_,བྱེད་_100_
[ཀྱི་_100_],ཀྱི་_100_,ཀྱི་_100_,ཀྱི་_100_,ཀྱི་_100_,ཀྱི་_100_,ཀྱི་_100_,ཀྱི་_100_
[པྲཛྙཱ་_100_],པྲཛྙཱ་_100_,པྲཛྙཱ་_100_,པྲཛྙཱ་_100_,པྲཛྙཱ་_100_,པྲཛྙཱ་_100_,པྲཛྙཱ་_100_,པྲཛྙཱ་_100_
[ཐམས་_100_],ཐམས་_100_,ཐམས་_100_,ཐམས་_100_,ཐམས་_100_,ཐམས་_100_,ཐམས་_100_,ཐམས་_100_
[ཅད་_100_],ཅད་_100_,ཅད་_100_,ཅད་_100_,ཅད་_100_,ཅད་_100_,ཅད་_100_,ཅད་_100_
[བསྡུས་_100_],བསྡུས་_100_,བསྡུས་_100_,བསྡུས་_100_,བསྡུས་_100_,བསྡུས་_100_,བསྡུས་_100_,བསྡུས་_100_
[པར་_100_],པར་_100_,པར་_100_,པར་_100_,པར་_100_,པར་_100_,པར་_100_,པར་_100_
[བསྒོམ_100_],བསྒོམ_100_,བསྒོམ_100_,བསྒོམ_100_,བསྒོམ_100_,བསྒོམ_100_,བསྒོམ_100_,བསྒོམ_100_
[། _100_],། _100_,། _100_,། _100_,། _100_,། _100_,། _100_,། _100_
[སྨན་_100_],སྨན་_100_,སྨན་_100_,སྨན་_100_,སྨན་_100_,སྨན་_100_,སྨན་_100_,སྨན་_100_
[གྱི་_100_],གྱི་_100_,གྱི་_100_,གྱི་_100_,གྱི་_100_,གྱི་_100_,གྱི་_100_,གྱི་_100_
[རི་_100_],རི་_100_,རི་_100_,རི་_100_,རི་_100_,རི་_100_,རི་_100_,རི་_100_
[ལུ་_100_],ལུ་_100_,ལུ་_100_,ལུ་_100_,ལུ་_100_,ལུ་_100_,ལུ་_100_,ལུ་_100_
[དང་_100_],དང་_100_,དང་_100_,དང་_100_,དང་_100_,དང་_100_,དང་_100_,དང་_100_
[བདག་_100_],བདག་_100_,བདག་_100_,བདག་_100_,བདག་_100_,བདག་_100_,བདག་_100_,བདག་_100_
[ལ་_100_],ལ་_100_,ལ་_100_,ལ་_100_,ལ་_100_,ལ་_100_,ལ་_100_,ལ་_100_
[ཐིམ་_100_],ཐིམ་_100_,ཐིམ་_100_,ཐིམ་_100_,ཐིམ་_100_,ཐིམ་_100_,ཐིམ་_100_,ཐིམ་_100_
[པས་_100_],པས་_100_,པས་_100_,པས་_100_,པས་_100_,པས་_100_,པས་_100_,པས་_100_
[ཇི་_100_],ཇི་_100_,ཇི་_100_,ཇི་_100_,ཇི་_100_,ཇི་_100_,ཇི་_100_,ཇི་_100_
[ལྟར་_100_],ལྟར་_100_,ལྟར་_100_,ལྟར་_100_,ལྟར་_100_,ལྟར་_100_,ལྟར་_100_,ལྟར་_100_
[འདོད་_100_],འདོད་_100_,འདོད་_100_,འདོད་_100_,འདོད་_100_,འདོད་_100_,འདོད་_100_,འདོད་_100_
[པའི་_100_],པའི་_100_,པའི་_100_,པའི་_100_,པའི་_100_,པའི་_100_,པའི་_100_,པའི་_100_
[མཚན་_100_],མཚན་_100_,མཚན་_100_,མཚན་_100_,མཚན་_100_,མཚན་_100_,མཚན་_100_,མཚན་_100_
[ཉིད་_100_],ཉིད་_100_,ཉིད་_100_,ཉིད་_100_,ཉིད་_100_,ཉིད་_100_,ཉིད་_100_,ཉིད་_100_
[ལ་_100_],ལ་_100_,ལ་_100_,ལ་_100_,ལ་_100_,ལ་_100_,ལ་_100_,ལ་_100_
[སོགས་_100_],སོགས་_100_,སོགས་_100_,སོགས་_100_,སོགས་_100_,སོགས་_100_,སོགས་_100_,སོགས་_100_
[པའི་_100_],པའི་_100_,པའི་_100_,པའི་_100_,པའི་_100_,པའི་_100_,པའི་_100_,པའི་_100_
[དངོས་_100_],དངོས་_100_,དངོས་_100_,དངོས་_100_,དངོས་_100_,དངོས་_100_,དངོས་_100_,དངོས་_100_
[གྲུབ་_100_],གྲུབ་_100_,གྲུབ་_100_,གྲུབ་_100_,གྲུབ་_100_,གྲུབ་_100_,གྲུབ་_100_,གྲུབ་_100_
[ཐམས་_100_],ཐམས་_100_,ཐམས་_100_,ཐམས་_100_,ཐམས་_100_,ཐམས་_100_,ཐམས་_100_,ཐམས་_100_
[ཅད་_100_],ཅད་_100_,ཅད་_100_,ཅད་_100_,ཅད་_100_,ཅད་_100_,ཅད་_100_,ཅད་_100_
[ཐོབ་_100_],ཐོབ་_100_,ཐོབ་_100_,ཐོབ་_100_,ཐོབ་_100_,ཐོབ་_100_,ཐོབ་_100_,ཐོབ་_100_
[པར་_100_],པར་_100_,པར་_100_,པར་_100_,པར་_100_,པར་_100_,པར་_100_,པར་_100_
[བསྒོམ་_100_],བསྒོམ་_100_,བསྒོམ་_100_,བསྒོམ་_100_,བསྒོམ་_100_,བསྒོམ་_100_,བསྒོམ་_100_,བསྒོམ་_100_
[མོ_100_],མོ_100_,མོ_100_,མོ_100_,མོ_100_,མོ_100_,མོ_100_,མོ_100_
[། །​_87_],། །​_87_,། །​_87_,། །​_87_,། །​_87_,། །​ _12_,། །​_87_,། །​_87_
[འདིའི་_100_],འདིའི་_100_,འདིའི་_100_,འདིའི་_100_,འདིའི་_100_,འདིའི་_100_,འདིའི་_100_,འདིའི་_100_
[ཕན་_100_],ཕན་_100_,ཕན་_100_,ཕན་_100_,ཕན་_100_,ཕན་_100_,ཕན་_100_,ཕན་_100_
[ཡོན་_100_],ཡོན་_100_,ཡོན་_100_,ཡོན་_100_,ཡོན་_100_,ཡོན་_100_,ཡོན་_100_,ཡོན་_100_
[ནི་_100_],ནི་_100_,ནི་_100_,ནི་_100_,ནི་_100_,ནི་_100_,ནི་_100_,ནི་_100_
[ཉིན་_100_],ཉིན་_100_,ཉིན་_100_,ཉིན་_100_,ཉིན་_100_,ཉིན་_100_,ཉིན་_100_,ཉིན་_100_
[གཅིག་_100_],གཅིག་_100_,གཅིག་_100_,གཅིག་_100_,གཅིག་_100_,གཅིག་_100_,གཅིག་_100_,གཅིག་_100_
[བསྒྲུབས་_100_],བསྒྲུབས་_100_,བསྒྲུབས་_100_,བསྒྲུབས་_100_,བསྒྲུབས་_100_,བསྒྲུབས་_100_,བསྒྲུབས་_100_,བསྒྲུབས་_100_
[ན་_100_],ན་_100_,ན་_100_,ན་_100_,ན་_100_,ན་_100_,ན་_100_,ན་_100_
[ཉིན་_100_],ཉིན་_100_,ཉིན་_100_,ཉིན་_100_,ཉིན་_100_,ཉིན་_100_,ཉིན་_100_,ཉིན་_100_
[གཅིག་_87_],གཅིག་_87_,གཅིག་_87_,གཅིག་_87_,གཅིག་_87_,གཅིག་_87_,གཅིག་_87_,གཅིག །​_12_
[ཚིགས་_100_],ཚིགས་_100_,ཚིགས་_100_,ཚིགས་_100_,ཚིགས་_100_,ཚིགས་_100_,ཚིགས་_100_,ཚིགས་_100_
[སུ་_100_],སུ་_100_,སུ་_100_,སུ་_100_,སུ་_100_,སུ་_100_,སུ་_100_,སུ་_100_
[བཅད་_100_],བཅད་_100_,བཅད་_100_,བཅད་_100_,བཅད་_100_,བཅད་_100_,བཅད་_100_,བཅད་_100_
[པ་_100_],པ་_100_,པ་_100_,པ་_100_,པ་_100_,པ་_100_,པ་_100_,པ་_100_
[སྟོང་_100_],སྟོང་_100_,སྟོང་_100_,སྟོང་_100_,སྟོང་_100_,སྟོང་_100_,སྟོང་_100_,སྟོང་_100_
[ཟིན་_100_],ཟིན་_100_,ཟིན་_100_,ཟིན་_100_,ཟིན་_100_,ཟིན་_100_,ཟིན་_100_,ཟིན་_100_
[པར་_100_],པར་_100_,པར་_100_,པར་_100_,པར་_100_,པར་_100_,པར་_100_,པར་_100_
[འགྱུར་_100_],འགྱུར་_100_,འགྱུར་_100_,འགྱུར་_100_,འགྱུར་_100_,འགྱུར་_100_,འགྱུར་_100_,འགྱུར་_100_
[རོ_100_],རོ_100_,རོ_100_,རོ_100_,རོ_100_,རོ_100_,རོ_100_,རོ_100_
[། །​_100_],། །​_100_,། །​_100_,། །​_100_,། །​_100_,། །​_100_,། །​_100_,། །​_100_
[ཉི་_100_],ཉི་_100_,ཉི་_100_,ཉི་_100_,ཉི་_100_,ཉི་_100_,ཉི་_100_,ཉི་_100_
[མ་_100_],མ་_100_,མ་_100_,མ་_100_,མ་_100_,མ་_100_,མ་_100_,མ་_100_
[གཉིས་_100_],གཉིས་_100_,གཉིས་_100_,གཉིས་_100_,གཉིས་_100_,གཉིས་_100_,གཉིས་_100_,གཉིས་_100_
[བསྒྲུབས་_75_],བསྒྲུབས་_75_,སྒྲུབས་_12_,སྒྲུབ་_12_,བསྒྲུབས་_75_,བསྒྲུབས་_75_,བསྒྲུབས་_75_,བསྒྲུབས་_75_
[ན་_100_],ན་_100_,ན་_100_,ན་_100_,ན་_100_,ན་_100_,ན་_100_,ན་_100_
[བསྟན་_100_],བསྟན་_100_,བསྟན་_100_,བསྟན་_100_,བསྟན་_100_,བསྟན་_100_,བསྟན་_100_,བསྟན་_100_
[བཅོས་_100_],བཅོས་_100_,བཅོས་_100_,བཅོས་_100_,བཅོས་_100_,བཅོས་_100_,བཅོས་_100_,བཅོས་_100_
[ཐམས་_100_],ཐམས་_100_,ཐམས་_100_,ཐམས་_100_,ཐམས་_100_,ཐམས་_100_,ཐམས་_100_,ཐམས་_100_
[ཅད་_100_],ཅད་_100_,ཅད་_100_,ཅད་_100_,ཅད་_100_,ཅད་_100_,ཅད་_100_,ཅད་_100_
[ལ་_100_],ལ་_100_,ལ་_100_,ལ་_100_,ལ་_100_,ལ་_100_,ལ་_100_,ལ་_100_
[མཁས་_100_],མཁས་_100_,མཁས་_100_,མཁས་_100_,མཁས་_100_,མཁས་_100_,མཁས་_100_,མཁས་_100_
[པར་_100_],པར་_100_,པར་_100_,པར་_100_,པར་_100_,པར་_100_,པར་_100_,པར་_100_
[འགྱུར་_100_],འགྱུར་_100_,འགྱུར་_100_,འགྱུར་_100_,འགྱུར་_100_,འགྱུར་_100_,འགྱུར་_100_,འགྱུར་_100_
[རོ_100_],རོ_100_,རོ_100_,རོ_100_,རོ_100_,རོ_100_,རོ_100_,རོ_100_
[། །​_87_],། །​_87_,། །​_87_,། །​_87_,། །​_87_,། །​_87_,། །​_87_,། །​་_12_
[ཉི་_100_],ཉི་_100_,ཉི་_100_,ཉི་_100_,ཉི་_100_,ཉི་_100_,ཉི་_100_,ཉི་_100_
[མ་གསུམ་བསྒྲུབས་ན་སྐྱེ་བ་དྲན་པར་འགྱུར་རོ། །​ཉི་མ་_87_],མ་གསུམ་བསྒྲུབས་ན་སྐྱེ་བ་དྲན་པར་འགྱུར་རོ། །​ཉི་མ་_87_,མ་གསུམ་བསྒྲུབས་ན་སྐྱེ་བ་དྲན་པར་འགྱུར་རོ། །​ཉི་མ་_87_,མ་_12_,མ་གསུམ་བསྒྲུབས་ན་སྐྱེ་བ་དྲན་པར་འགྱུར་རོ། །​ཉི་མ་_87_,མ་གསུམ་བསྒྲུབས་ན་སྐྱེ་བ་དྲན་པར་འགྱུར་རོ། །​ཉི་མ་_87_,མ་གསུམ་བསྒྲུབས་ན་སྐྱེ་བ་དྲན་པར་འགྱུར་རོ། །​ཉི་མ་_87_,མ་གསུམ་བསྒྲུབས་ན་སྐྱེ་བ་དྲན་པར་འགྱུར་རོ། །​ཉི་མ་_87_
[བཞི་_100_],བཞི་_100_,བཞི་_100_,བཞི་_100_,བཞི་_100_,བཞི་_100_,བཞི་_100_,བཞི་_100_
[ཡིས་_100_],ཡིས་_100_,ཡིས་_100_,ཡིས་_100_,ཡིས་_100_,ཡིས་_100_,ཡིས་_100_,ཡིས་_100_
[སངས་_100_],སངས་_100_,སངས་_100_,སངས་_100_,སངས་_100_,སངས་_100_,སངས་_100_,སངས་_100_
[རྒྱས་_100_],རྒྱས་_100_,རྒྱས་_100_,རྒྱས་_100_,རྒྱས་_100_,རྒྱས་_100_,རྒྱས་_100_,རྒྱས་_100_
[དང་པྲ་ཛྙཱ་_75_],དང་པྲ་ཛྙཱ་_75_,དང་པྲ་ཛྙཱ་_75_,དང་པྲ་པྲཱཛྙཱ་_12_,དང་པྲ་ཛྙཱ་_75_,དང་པྲ་ཛྙཱ་_75_,དང་པྲ་ཛྙཱ་_75_,དང་པྲཛྙཱ་_12_
[མཉམ་_100_],མཉམ་_100_,མཉམ་_100_,མཉམ་_100_,མཉམ་_100_,མཉམ་_100_,མཉམ་_100_,མཉམ་_100_
[པར་_100_],པར་_100_,པར་_100_,པར་_100_,པར་_100_,པར་_100_,པར་_100_,པར་_100_
[འགྱུར་རོ། །​ལྔ་_75_],འགྱུར་རོ། །​ལྔ་_75_,འགྱུར་ལྔ་_12_,འགྱུར་རོ། །​ལྔ་_75_,འགྱུར་རོ། །​ལྔ་_75_,འགྱུར་རོ། །​ལྔ་_75_,འགྱུར་རོ། །​ལྔ་_75_,འགྱུར་རོ། །​ྋལྔ་_12_
[ཡིས་_100_],ཡིས་_100_,ཡིས་_100_,ཡིས་_100_,ཡིས་_100_,ཡིས་_100_,ཡིས་_100_,ཡིས་_100_
[མ་_100_],མ་_100_,མ་_100_,མ་_100_,མ་_100_,མ་_100_,མ་_100_,མ་_100_
[བསླབས་_100_],བསླབས་_100_,བསླབས་_100_,བསླབས་_100_,བསླབས་_100_,བསླབས་_100_,བསླབས་_100_,བསླབས་_100_
[པའི་_87_],པའི་_87_,པའི་_87_,པའི་_87_,པའི་_87_,བའི་_12_,པའི་_87_,པའི་_87_
[ཆོས་_100_],ཆོས་_100_,ཆོས་_100_,ཆོས་_100_,ཆོས་_100_,ཆོས་_100_,ཆོས་_100_,ཆོས་_100_
[ལ་_100_],ལ་_100_,ལ་_100_,ལ་_100_,ལ་_100_,ལ་_100_,ལ་_100_,ལ་_100_
[མཁས་_100_],མཁས་_100_,མཁས་_100_,མཁས་_100_,མཁས་_100_,མཁས་_100_,མཁས་_100_,མཁས་_100_
[པར་_100_],པར་_100_,པར་_100_,པར་_100_,པར་_100_,པར་_100_,པར་_100_,པར་_100_
[འགྱུར་_100_],འགྱུར་_100_,འགྱུར་_100_,འགྱུར་_100_,འགྱུར་_100_,འགྱུར་_100_,འགྱུར་_100_,འགྱུར་_100_
[རོ_100_],རོ_100_,རོ_100_,རོ_100_,རོ_100_,རོ_100_,རོ_100_,རོ_100_
[། །​_100_],། །​_100_,། །​_100_,། །​_100_,། །​_100_,། །​_100_,། །​_100_,། །​_100_
[དྲུག་_100_],དྲུག་_100_,དྲུག་_100_,དྲུག་_100_,དྲུག་_100_,དྲུག་_100_,དྲུག་_100_,དྲུག་_100_
[གིས་_100_],གིས་_100_,གིས་_100_,གིས་_100_,གིས་_100_,གིས་_100_,གིས་_100_,གིས་_100_
[འཇམ་_100_],འཇམ་_100_,འཇམ་_100_,འཇམ་_100_,འཇམ་_100_,འཇམ་_100_,འཇམ་_100_,འཇམ་_100_
[དཔལ་_100_],དཔལ་_100_,དཔལ་_100_,དཔལ་_100_,དཔལ་_100_,དཔལ་_100_,དཔལ་_100_,དཔལ་_100_
[གྱི་_100_],གྱི་_100_,གྱི་_100_,གྱི་_100_,གྱི་_100_,གྱི་_100_,གྱི་_100_,གྱི་_100_
[ཞལ་_100_],ཞལ་_100_,ཞལ་_100_,ཞལ་_100_,ཞལ་_100_,ཞལ་_100_,ཞལ་_100_,ཞལ་_100_
[མཐོང་_100_],མཐོང་_100_,མཐོང་_100_,མཐོང་_100_,མཐོང་_100_,མཐོང་_100_,མཐོང་_100_,མཐོང་_100_
[བར་_100_],བར་_100_,བར་_100_,བར་_100_,བར་_100_,བར་_100_,བར་_100_,བར་_100_
[འགྱུར་_100_],འགྱུར་_100_,འགྱུར་_100_,འགྱུར་_100_,འགྱུར་_100_,འགྱུར་_100_,འགྱུར་_100_,འགྱུར་_100_
[རོ_100_],རོ_100_,རོ_100_,རོ_100_,རོ_100_,རོ_100_,རོ_100_,རོ_100_
[། །​_100_],། །​_100_,། །​_100_,། །​_100_,། །​_100_,། །​_100_,། །​_100_,། །​_100_
[བདུན་_100_],བདུན་_100_,བདུན་_100_,བདུན་_100_,བདུན་_100_,བདུན་_100_,བདུན་_100_,བདུན་_100_
[གྱིས་_100_],གྱིས་_100_,གྱིས་_100_,གྱིས་_100_,གྱིས་_100_,གྱིས་_100_,གྱིས་_100_,གྱིས་_100_
[གཞན་_100_],གཞན་_100_,གཞན་_100_,གཞན་_100_,གཞན་_100_,གཞན་_100_,གཞན་_100_,གཞན་_100_
[གྱི་_100_],གྱི་_100_,གྱི་_100_,གྱི་_100_,གྱི་_100_,གྱི་_100_,གྱི་_100_,གྱི་_100_
[སེམས་_100_],སེམས་_100_,སེམས་_100_,སེམས་_100_,སེམས་_100_,སེམས་_100_,སེམས་_100_,སེམས་_100_
[ཤེས་_100_],ཤེས་_100_,ཤེས་_100_,ཤེས་_100_,ཤེས་_100_,ཤེས་_100_,ཤེས་_100_,ཤེས་_100_
[པར་_100_],པར་_100_,པར་_100_,པར་_100_,པར་_100_,པར་_100_,པར་_100_,པར་_100_
[འགྱུར་_100_],འགྱུར་_100_,འགྱུར་_100_,འགྱུར་_100_,འགྱུར་_100_,འགྱུར་_100_,འགྱུར་_100_,འགྱུར་_100_
[རོ_100_],རོ_100_,རོ_100_,རོ_100_,རོ_100_,རོ_100_,རོ_100_,རོ_100_
[། །​_100_],། །​_100_,། །​_100_,། །​_100_,། །​_100_,། །​_100_,། །​_100_,། །​_100_
[སྒྲུབ་_100_],སྒྲུབ་_100_,སྒྲུབ་_100_,སྒྲུབ་_100_,སྒྲུབ་_100_,སྒྲུབ་_100_,སྒྲུབ་_100_,སྒྲུབ་_100_
[པའི་_100_],པའི་_100_,པའི་_100_,པའི་_100_,པའི་_100_,པའི་_100_,པའི་_100_,པའི་_100_
[ཚད་_100_],ཚད་_100_,ཚད་_100_,ཚད་_100_,ཚད་_100_,ཚད་_100_,ཚད་_100_,ཚད་_100_
[ཞག་_100_],ཞག་_100_,ཞག་_100_,ཞག་_100_,ཞག་_100_,ཞག་_100_,ཞག་_100_,ཞག་_100_
[བདུན་_100_],བདུན་_100_,བདུན་_100_,བདུན་_100_,བདུན་_100_,བདུན་_100_,བདུན་_100_,བདུན་_100_
[དུ་_100_],དུ་_100_,དུ་_100_,དུ་_100_,དུ་_100_,དུ་_100_,དུ་_100_,དུ་_100_
[བྱའོ_100_],བྱའོ_100_,བྱའོ_100_,བྱའོ_100_,བྱའོ_100_,བྱའོ_100_,བྱའོ_100_,བྱའོ_100_
[། །​_100_],། །​_100_,། །​_100_,། །​_100_,། །​_100_,། །​_100_,། །​_100_,། །​_100_
[རྟགས་_100_],རྟགས་_100_,རྟགས་_100_,རྟགས་_100_,རྟགས་_100_,རྟགས་_100_,རྟགས་_100_,རྟགས་_100_
[ནི་_100_],ནི་_100_,ནི་_100_,ནི་_100_,ནི་_100_,ནི་_100_,ནི་_100_,ནི་_100_
[འོད་_100_],འོད་_100_,འོད་_100_,འོད་_100_,འོད་_100_,འོད་_100_,འོད་_100_,འོད་_100_
[དང་_100_],དང་_100_,དང་_100_,དང་_100_,དང་_100_,དང་_100_,དང་_100_,དང་_100_
[སྒྲ་_100_],སྒྲ་_100_,སྒྲ་_100_,སྒྲ་_100_,སྒྲ་_100_,སྒྲ་_100_,སྒྲ་_100_,སྒྲ་_100_
[ལ་_100_],ལ་_100_,ལ་_100_,ལ་_100_,ལ་_100_,ལ་_100_,ལ་_100_,ལ་_100_
[སོགས་_100_],སོགས་_100_,སོགས་_100_,སོགས་_100_,སོགས་_100_,སོགས་_100_,སོགས་_100_,སོགས་_100_
[པ་_100_],པ་_100_,པ་_100_,པ་_100_,པ་_100_,པ་_100_,པ་_100_,པ་_100_
[འབྱུང་_100_],འབྱུང་_100_,འབྱུང་_100_,འབྱུང་_100_,འབྱུང་_100_,འབྱུང་_100_,འབྱུང་_100_,འབྱུང་_100_
[ངོ_100_],ངོ_100_,ངོ_100_,ངོ_100_,ངོ_100_,ངོ_100_,ངོ_100_,ངོ_100_
[། །​_100_],། །​_100_,། །​_100_,། །​_100_,། །​_100_,། །​_100_,། །​_100_,། །​_100_
[ཞག་_100_],ཞག་_100_,ཞག་_100_,ཞག་_100_,ཞག་_100_,ཞག་_100_,ཞག་_100_,ཞག་_100_
[བརྒྱད་_100_],བརྒྱད་_100_,བརྒྱད་_100_,བརྒྱད་_100_,བརྒྱད་_100_,བརྒྱད་_100_,བརྒྱད་_100_,བརྒྱད་_100_
[ན་_100_],ན་_100_,ན་_100_,ན་_100_,ན་_100_,ན་_100_,ན་_100_,ན་_100_
[དཀྱིལ་_100_],དཀྱིལ་_100_,དཀྱིལ་_100_,དཀྱིལ་_100_,དཀྱིལ་_100_,དཀྱིལ་_100_,དཀྱིལ་_100_,དཀྱིལ་_100_
[འཁོར་_100_],འཁོར་_100_,འཁོར་_100_,འཁོར་_100_,འཁོར་_100_,འཁོར་_100_,འཁོར་_100_,འཁོར་_100_
[གྱི་_100_],གྱི་_100_,གྱི་_100_,གྱི་_100_,གྱི་_100_,གྱི་_100_,གྱི་_100_,གྱི་_100_
[ལྷ་_100_],ལྷ་_100_,ལྷ་_100_,ལྷ་_100_,ལྷ་_100_,ལྷ་_100_,ལྷ་_100_,ལྷ་_100_
[རང་_100_],རང་_100_,རང་_100_,རང་_100_,རང་_100_,རང་_100_,རང་_100_,རང་_100_
[དང་_100_],དང་_100_,དང་_100_,དང་_100_,དང་_100_,དང་_100_,དང་_100_,དང་_100_
[རི་_100_],རི་_100_,རི་_100_,རི་_100_,རི་_100_,རི་_100_,རི་_100_,རི་_100_
[ལུ་_100_],ལུ་_100_,ལུ་_100_,ལུ་_100_,ལུ་_100_,ལུ་_100_,ལུ་_100_,ལུ་_100_
[ལ་_100_],ལ་_100_,ལ་_100_,ལ་_100_,ལ་_100_,ལ་_100_,ལ་_100_,ལ་_100_
[བསྟིམ་_100_],བསྟིམ་_100_,བསྟིམ་_100_,བསྟིམ་_100_,བསྟིམ་_100_,བསྟིམ་_100_,བསྟིམ་_100_,བསྟིམ་_100_
[རིལ་_100_],རིལ་_100_,རིལ་_100_,རིལ་_100_,རིལ་_100_,རིལ་_100_,རིལ་_100_,རིལ་_100_
[བུ་_100_],བུ་_100_,བུ་_100_,བུ་_100_,བུ་_100_,བུ་_100_,བུ་_100_,བུ་_100_
[དེ་_100_],དེ་_100_,དེ་_100_,དེ་_100_,དེ་_100_,དེ་_100_,དེ་_100_,དེ་_100_
[སྒྲུབ་_100_],སྒྲུབ་_100_,སྒྲུབ་_100_,སྒྲུབ་_100_,སྒྲུབ་_100_,སྒྲུབ་_100_,སྒྲུབ་_100_,སྒྲུབ་_100_
[པ་_100_],པ་_100_,པ་_100_,པ་_100_,པ་_100_,པ་_100_,པ་_100_,པ་_100_
[པོས་_100_],པོས་_100_,པོས་_100_,པོས་_100_,པོས་_100_,པོས་_100_,པོས་_100_,པོས་_100_
[ཟོས་_100_],ཟོས་_100_,ཟོས་_100_,ཟོས་_100_,ཟོས་_100_,ཟོས་_100_,ཟོས་_100_,ཟོས་_100_
[པས། _75_],པས། _75_,པས། _75_,པ། _12_,པས། _75_,པས། _75_,པས། _75_,པས །​ _12_
[འཇམ་_100_],འཇམ་_100_,འཇམ་_100_,འཇམ་_100_,འཇམ་_100_,འཇམ་_100_,འཇམ་_100_,འཇམ་_100_
[པའི་_100_],པའི་_100_,པའི་_100_,པའི་_100_,པའི་_100_,པའི་_100_,པའི་_100_,པའི་_100_
[དབྱངས་_100_],དབྱངས་_100_,དབྱངས་_100_,དབྱངས་_100_,དབྱངས་_100_,དབྱངས་_100_,དབྱངས་_100_,དབྱངས་_100_
[དང་_100_],དང་_100_,དང་_100_,དང་_100_,དང་_100_,དང་_100_,དང་_100_,དང་_100_
[ཤེས་_100_],ཤེས་_100_,ཤེས་_100_,ཤེས་_100_,ཤེས་_100_,ཤེས་_100_,ཤེས་_100_,ཤེས་_100_
[རབ་_100_],རབ་_100_,རབ་_100_,རབ་_100_,རབ་_100_,རབ་_100_,རབ་_100_,རབ་_100_
[མཉམ་_100_],མཉམ་_100_,མཉམ་_100_,མཉམ་_100_,མཉམ་_100_,མཉམ་_100_,མཉམ་_100_,མཉམ་_100_
[པར་_100_],པར་_100_,པར་_100_,པར་_100_,པར་_100_,པར་_100_,པར་_100_,པར་_100_
[འགྱུར་_100_],འགྱུར་_100_,འགྱུར་_100_,འགྱུར་_100_,འགྱུར་_100_,འགྱུར་_100_,འགྱུར་_100_,འགྱུར་_100_
[རོ_100_],རོ_100_,རོ_100_,རོ_100_,རོ_100_,རོ_100_,རོ_100_,རོ_100_
[། །​_100_],། །​_100_,། །​_100_,། །​_100_,། །​_100_,། །​_100_,། །​_100_,། །​_100_
[ཐུན་_100_],ཐུན་_100_,ཐུན་_100_,ཐུན་_100_,ཐུན་_100_,ཐུན་_100_,ཐུན་_100_,ཐུན་_100_
[མོང་_100_],མོང་_100_,མོང་_100_,མོང་_100_,མོང་_100_,མོང་_100_,མོང་_100_,མོང་_100_
[ཚེའི་_100_],ཚེའི་_100_,ཚེའི་_100_,ཚེའི་_100_,ཚེའི་_100_,ཚེའི་_100_,ཚེའི་_100_,ཚེའི་_100_
[དངོས་_100_],དངོས་_100_,དངོས་_100_,དངོས་_100_,དངོས་_100_,དངོས་_100_,དངོས་_100_,དངོས་_100_
[གྲུབ་_100_],གྲུབ་_100_,གྲུབ་_100_,གྲུབ་_100_,གྲུབ་_100_,གྲུབ་_100_,གྲུབ་_100_,གྲུབ་_100_
[ཀྱང་_100_],ཀྱང་_100_,ཀྱང་_100_,ཀྱང་_100_,ཀྱང་_100_,ཀྱང་_100_,ཀྱང་_100_,ཀྱང་_100_
[འཐོབ་_100_],འཐོབ་_100_,འཐོབ་_100_,འཐོབ་_100_,འཐོབ་_100_,འཐོབ་_100_,འཐོབ་_100_,འཐོབ་_100_
[སྟེ_100_],སྟེ_100_,སྟེ_100_,སྟེ_100_,སྟེ_100_,སྟེ_100_,སྟེ_100_,སྟེ_100_
[། _100_],། _100_,། _100_,། _100_,། _100_,། _100_,། _100_,། _100_
[དེ་_100_],དེ་_100_,དེ་_100_,དེ་_100_,དེ་_100_,དེ་_100_,དེ་_100_,དེ་_100_
[ལྟར་_100_],ལྟར་_100_,ལྟར་_100_,ལྟར་_100_,ལྟར་_100_,ལྟར་_100_,ལྟར་_100_,ལྟར་_100_
[ཡང་_100_],ཡང་_100_,ཡང་_100_,ཡང་_100_,ཡང་_100_,ཡང་_100_,ཡང་_100_,ཡང་_100_
[། _100_],། _100_,། _100_,། _100_,། _100_,། _100_,། _100_,། _100_
[འདི་_100_],འདི་_100_,འདི་_100_,འདི་_100_,འདི་_100_,འདི་_100_,འདི་_100_,འདི་_100_
[ཟོས་_100_],ཟོས་_100_,ཟོས་_100_,ཟོས་_100_,ཟོས་_100_,ཟོས་_100_,ཟོས་_100_,ཟོས་_100_
[ཡོན་_100_],ཡོན་_100_,ཡོན་_100_,ཡོན་_100_,ཡོན་_100_,ཡོན་_100_,ཡོན་_100_,ཡོན་_100_
[ཏན་_100_],ཏན་_100_,ཏན་_100_,ཏན་_100_,ཏན་_100_,ཏན་_100_,ཏན་_100_,ཏན་_100_
[བསམ་_100_],བསམ་_100_,བསམ་_100_,བསམ་_100_,བསམ་_100_,བསམ་_100_,བསམ་_100_,བསམ་_100_
[མི་_100_],མི་_100_,མི་_100_,མི་_100_,མི་_100_,མི་_100_,མི་_100_,མི་_100_
[ཁྱབ_100_],ཁྱབ_100_,ཁྱབ_100_,ཁྱབ_100_,ཁྱབ_100_,ཁྱབ_100_,ཁྱབ_100_,ཁྱབ_100_
[། །​_100_],། །​_100_,། །​_100_,། །​_100_,། །​_100_,། །​_100_,། །​_100_,། །​_100_
[ལོ་_100_],ལོ་_100_,ལོ་_100_,ལོ་_100_,ལོ་_100_,ལོ་_100_,ལོ་_100_,ལོ་_100_
[བརྒྱ་_100_],བརྒྱ་_100_,བརྒྱ་_100_,བརྒྱ་_100_,བརྒྱ་_100_,བརྒྱ་_100_,བརྒྱ་_100_,བརྒྱ་_100_
[ཐུབ་_100_],ཐུབ་_100_,ཐུབ་_100_,ཐུབ་_100_,ཐུབ་_100_,ཐུབ་_100_,ཐུབ་_100_,ཐུབ་_100_
[པ་_100_],པ་_100_,པ་_100_,པ་_100_,པ་_100_,པ་_100_,པ་_100_,པ་_100_
[བརྒྱད་_100_],བརྒྱད་_100_,བརྒྱད་_100_,བརྒྱད་_100_,བརྒྱད་_100_,བརྒྱད་_100_,བརྒྱད་_100_,བརྒྱད་_100_
[བརྒྱར་_100_],བརྒྱར་_100_,བརྒྱར་_100_,བརྒྱར་_100_,བརྒྱར་_100_,བརྒྱར་_100_,བརྒྱར་_100_,བརྒྱར་_100_
[འགྲོ_100_],འགྲོ_100_,འགྲོ_100_,འགྲོ_100_,འགྲོ_100_,འགྲོ_100_,འགྲོ_100_,འགྲོ_100_
[། །​_87_],། །​_87_,། །​_87_,། །​_87_,། །​_87_,། །​_87_,། །​_87_,།  །​_12_
[དགུ་_100_],དགུ་_100_,དགུ་_100_,དགུ་_100_,དགུ་_100_,དགུ་_100_,དགུ་_100_,དགུ་_100_
[བཅུ་_100_],བཅུ་_100_,བཅུ་_100_,བཅུ་_100_,བཅུ་_100_,བཅུ་_100_,བཅུ་_100_,བཅུ་_100_
[ལོན་_100_],ལོན་_100_,ལོན་_100_,ལོན་_100_,ལོན་_100_,ལོན་_100_,ལོན་_100_,ལོན་_100_
[པ་_100_],པ་_100_,པ་_100_,པ་_100_,པ་_100_,པ་_100_,པ་_100_,པ་_100_
[བཅུ་_100_],བཅུ་_100_,བཅུ་_100_,བཅུ་_100_,བཅུ་_100_,བཅུ་_100_,བཅུ་_100_,བཅུ་_100_
[དྲུག་_100_],དྲུག་_100_,དྲུག་_100_,དྲུག་_100_,དྲུག་_100_,དྲུག་_100_,དྲུག་_100_,དྲུག་_100_
[ལྟ་_100_],ལྟ་_100_,ལྟ་_100_,ལྟ་_100_,ལྟ་_100_,ལྟ་_100_,ལྟ་_100_,ལྟ་_100_
[བུ་_75_],བུ་_75_,བུར་_25_,བུར་_25_,བུ་_75_,བུ་_75_,བུ་_75_,བུ་_75_
[འགྱུར_100_],འགྱུར_100_,འགྱུར_100_,འགྱུར_100_,འགྱུར_100_,འགྱུར_100_,འགྱུར_100_,འགྱུར_100_
[། །​_87_],། །​_87_,། །​_87_,། །​_87_,། །​_87_,། །​_87_,། །​_87_,། །​ _12_
[སྐྲ་_100_],སྐྲ་_100_,སྐྲ་_100_,སྐྲ་_100_,སྐྲ་_100_,སྐྲ་_100_,སྐྲ་_100_,སྐྲ་_100_
[དཀར་_100_],དཀར་_100_,དཀར་_100_,དཀར་_100_,དཀར་_100_,དཀར་_100_,དཀར་_100_,དཀར་_100_
[བུད་_100_],བུད་_100_,བུད་_100_,བུད་_100_,བུད་_100_,བུད་_100_,བུད་_100_,བུད་_100_
[ནས་_100_],ནས་_100_,ནས་_100_,ནས་_100_,ནས་_100_,ནས་_100_,ནས་_100_,ནས་_100_
[ནག་_100_],ནག་_100_,ནག་_100_,ནག་_100_,ནག་_100_,ནག་_100_,ནག་_100_,ནག་_100_
[པོར་_100_],པོར་_100_,པོར་_100_,པོར་_100_,པོར་_100_,པོར་_100_,པོར་_100_,པོར་_100_
[འགྱུར_100_],འགྱུར_100_,འགྱུར_100_,འགྱུར_100_,འགྱུར_100_,འགྱུར_100_,འགྱུར_100_,འགྱུར_100_
[། །​_100_],། །​_100_,། །​_100_,། །​_100_,། །​_100_,། །​_100_,། །​_100_,། །​_100_
[བང་_100_],བང་_100_,བང་_100_,བང་_100_,བང་_100_,བང་_100_,བང་_100_,བང་_100_
[ནི་_100_],ནི་_100_,ནི་_100_,ནི་_100_,ནི་_100_,ནི་_100_,ནི་_100_,ནི་_100_
[རྟ་_100_],རྟ་_100_,རྟ་_100_,རྟ་_100_,རྟ་_100_,རྟ་_100_,རྟ་_100_,རྟ་_100_
[དང་_100_],དང་_100_,དང་_100_,དང་_100_,དང་_100_,དང་_100_,དང་_100_,དང་_100_
[མཉམ་_100_],མཉམ་_100_,མཉམ་_100_,མཉམ་_100_,མཉམ་_100_,མཉམ་_100_,མཉམ་_100_,མཉམ་_100_
[པར་_100_],པར་_100_,པར་_100_,པར་_100_,པར་_100_,པར་_100_,པར་_100_,པར་_100_
[འགྱུར_100_],འགྱུར_100_,འགྱུར_100_,འགྱུར_100_,འགྱུར_100_,འགྱུར_100_,འགྱུར_100_,འགྱུར_100_
[། །​སྐྲ་_75_],། །​སྐྲ་_75_,། །​སྐྲ་_75_,། །​སྐྲ་_75_,། །​སྐྲ་_75_,། །​སྒྲ་_12_,། །​སྐྲ་_75_,། །​ སྐྲ་_12_
[ནི་_100_],ནི་_100_,ནི་_100_,ནི་_100_,ནི་_100_,ནི་_100_,ནི་_100_,ནི་_100_
[མེ་_100_],མེ་_100_,མེ་_100_,མེ་_100_,མེ་_100_,མེ་_100_,མེ་_100_,མེ་_100_
[ཏོག་_100_],ཏོག་_100_,ཏོག་_100_,ཏོག་_100_,ཏོག་_100_,ཏོག་_100_,ཏོག་_100_,ཏོག་_100_
[པདྨ་_100_],པདྨ་_100_,པདྨ་_100_,པདྨ་_100_,པདྨ་_100_,པདྨ་_100_,པདྨ་_100_,པདྨ་_100_
[འདྲ_100_],འདྲ_100_,འདྲ_100_,འདྲ_100_,འདྲ_100_,འདྲ_100_,འདྲ_100_,འདྲ_100_
[། །​_100_],། །​_100_,། །​_100_,། །​_100_,། །​_100_,། །​_100_,། །​_100_,། །​_100_
[ལུས་_100_],ལུས་_100_,ལུས་_100_,ལུས་_100_,ལུས་_100_,ལུས་_100_,ལུས་_100_,ལུས་_100_
[ནི་_100_],ནི་_100_,ནི་_100_,ནི་_100_,ནི་_100_,ནི་_100_,ནི་_100_,ནི་_100_
[དཀར་_100_],དཀར་_100_,དཀར་_100_,དཀར་_100_,དཀར་_100_,དཀར་_100_,དཀར་_100_,དཀར་_100_
[ལ་_100_],ལ་_100_,ལ་_100_,ལ་_100_,ལ་_100_,ལ་_100_,ལ་_100_,ལ་_100_
[སྦོམ་_100_],སྦོམ་_100_,སྦོམ་_100_,སྦོམ་_100_,སྦོམ་_100_,སྦོམ་_100_,སྦོམ་_100_,སྦོམ་_100_
[པར་_100_],པར་_100_,པར་_100_,པར་_100_,པར་_100_,པར་_100_,པར་_100_,པར་_100_
[འགྱུར_100_],འགྱུར_100_,འགྱུར_100_,འགྱུར_100_,འགྱུར_100_,འགྱུར_100_,འགྱུར_100_,འགྱུར_100_
[། །​_87_],། །​_87_,། །​_87_,། །​_87_,། །​_87_,། །​_87_,། །​_87_,༑ ་པ །​_12_
[ཉམས་_100_],ཉམས་_100_,ཉམས་_100_,ཉམས་_100_,ཉམས་_100_,ཉམས་_100_,ཉམས་_100_,ཉམས་_100_
[སྟོབས་_100_],སྟོབས་_100_,སྟོབས་_100_,སྟོབས་_100_,སྟོབས་_100_,སྟོབས་_100_,སྟོབས་_100_,སྟོབས་_100_
[ལུས་_100_],ལུས་_100_,ལུས་_100_,ལུས་_100_,ལུས་_100_,ལུས་_100_,ལུས་_100_,ལུས་_100_
[ཟུངས་_75_],ཟུངས་_75_,ཟུང་_12_,གཟུངས་_12_,ཟུངས་_75_,ཟུངས་_75_,ཟུངས་_75_,ཟུངས་_75_
[འཕེལ་_100_],འཕེལ་_100_,འཕེལ་_100_,འཕེལ་_100_,འཕེལ་_100_,འཕེལ་_100_,འཕེལ་_100_,འཕེལ་_100_
[བར་_100_],བར་_100_,བར་_100_,བར་_100_,བར་_100_,བར་_100_,བར་_100_,བར་_100_
[འགྱུར_100_],འགྱུར_100_,འགྱུར_100_,འགྱུར_100_,འགྱུར_100_,འགྱུར_100_,འགྱུར_100_,འགྱུར_100_
[། །​_100_],། །​_100_,། །​_100_,། །​_100_,། །​_100_,། །​_100_,། །​_100_,། །​_100_
[ལྷ་_100_],ལྷ་_100_,ལྷ་_100_,ལྷ་_100_,ལྷ་_100_,ལྷ་_100_,ལྷ་_100_,ལྷ་_100_
[འདྲེ་_100_],འདྲེ་_100_,འདྲེ་_100_,འདྲེ་_100_,འདྲེ་_100_,འདྲེ་_100_,འདྲེ་_100_,འདྲེ་_100_
[རྣམས་_100_],རྣམས་_100_,རྣམས་_100_,རྣམས་_100_,རྣམས་_100_,རྣམས་_100_,རྣམས་_100_,རྣམས་_100_
[ཀྱང་_100_],ཀྱང་_100_,ཀྱང་_100_,ཀྱང་_100_,ཀྱང་_100_,ཀྱང་_100_,ཀྱང་_100_,ཀྱང་_100_
[སྟོང་_100_],སྟོང་_100_,སྟོང་_100_,སྟོང་_100_,སྟོང་_100_,སྟོང་_100_,སྟོང་_100_,སྟོང་_100_
[གྲོགས་_100_],གྲོགས་_100_,གྲོགས་_100_,གྲོགས་_100_,གྲོགས་_100_,གྲོགས་_100_,གྲོགས་_100_,གྲོགས་_100_
[བྱེད_87_],བྱེད_87_,བྱེད_87_,བྱེད_87_,བྱེད_87_,བྱེད_87_,བྱེད_87_,བྱེད། བྱོས_12_
[། །​_100_],། །​_100_,། །​_100_,། །​_100_,། །​_100_,། །​_100_,། །​_100_,། །​_100_
[ཡོན་_100_],ཡོན་_100_,ཡོན་_100_,ཡོན་_100_,ཡོན་_100_,ཡོན་_100_,ཡོན་_100_,ཡོན་_100_
[ཏན་_100_],ཏན་_100_,ཏན་_100_,ཏན་_100_,ཏན་_100_,ཏན་_100_,ཏན་_100_,ཏན་_100_
[སྨོན་_100_],སྨོན་_100_,སྨོན་_100_,སྨོན་_100_,སྨོན་_100_,སྨོན་_100_,སྨོན་_100_,སྨོན་_100_
[འཇུག་_100_],འཇུག་_100_,འཇུག་_100_,འཇུག་_100_,འཇུག་_100_,འཇུག་_100_,འཇུག་_100_,འཇུག་_100_
[སེམས་_100_],སེམས་_100_,སེམས་_100_,སེམས་_100_,སེམས་_100_,སེམས་_100_,སེམས་_100_,སེམས་_100_
[དང་_100_],དང་_100_,དང་_100_,དང་_100_,དང་_100_,དང་_100_,དང་_100_,དང་_100_
[ལྡན_100_],ལྡན_100_,ལྡན_100_,ལྡན_100_,ལྡན_100_,ལྡན_100_,ལྡན_100_,ལྡན_100_
[། །​_100_],། །​_100_,། །​_100_,། །​_100_,། །​_100_,། །​_100_,། །​_100_,། །​_100_
[སེམས་_100_],སེམས་_100_,སེམས་_100_,སེམས་_100_,སེམས་_100_,སེམས་_100_,སེམས་_100_,སེམས་_100_
[བསྐྱེད་_75_],བསྐྱེད་_75_,སྐྱེད་_25_,སྐྱེད་_25_,བསྐྱེད་_75_,བསྐྱེད་_75_,བསྐྱེད་_75_,བསྐྱེད་_75_
[དེ་_100_],དེ་_100_,དེ་_100_,དེ་_100_,དེ་_100_,དེ་_100_,དེ་_100_,དེ་_100_
[དང་_100_],དང་_100_,དང་_100_,དང་_100_,དང་_100_,དང་_100_,དང་_100_,དང་_100_
[ལྡན་_100_],ལྡན་_100_,ལྡན་_100_,ལྡན་_100_,ལྡན་_100_,ལྡན་_100_,ལྡན་_100_,ལྡན་_100_
[པ་_100_],པ་_100_,པ་_100_,པ་_100_,པ་_100_,པ་_100_,པ་_100_,པ་_100_
[ཡི_100_],ཡི_100_,ཡི_100_,ཡི_100_,ཡི_100_,ཡི_100_,ཡི_100_,ཡི_100_
[། །​_100_],། །​_100_,། །​_100_,། །​_100_,། །​_100_,། །​_100_,། །​_100_,། །​_100_
[སྐྱེས་_100_],སྐྱེས་_100_,སྐྱེས་_100_,སྐྱེས་_100_,སྐྱེས་_100_,སྐྱེས་_100_,སྐྱེས་_100_,སྐྱེས་_100_
[བུ་_100_],བུ་_100_,བུ་_100_,བུ་_100_,བུ་_100_,བུ་_100_,བུ་_100_,བུ་_100_
[དེ་_100_],དེ་_100_,དེ་_100_,དེ་_100_,དེ་_100_,དེ་_100_,དེ་_100_,དེ་_100_
[ནི་_100_],ནི་_100_,ནི་_100_,ནི་_100_,ནི་_100_,ནི་_100_,ནི་_100_,ནི་_100_
[དམ་_100_],དམ་_100_,དམ་_100_,དམ་_100_,དམ་_100_,དམ་_100_,དམ་_100_,དམ་_100_
[པ་_100_],པ་_100_,པ་_100_,པ་_100_,པ་_100_,པ་_100_,པ་_100_,པ་_100_
[ཡིན_100_],ཡིན_100_,ཡིན_100_,ཡིན_100_,ཡིན_100_,ཡིན_100_,ཡིན_100_,ཡིན_100_
[། །​_100_],། །​_100_,། །​_100_,། །​_100_,། །​_100_,། །​_100_,། །​_100_,། །​_100_
[ཡོན་_100_],ཡོན་_100_,ཡོན་_100_,ཡོན་_100_,ཡོན་_100_,ཡོན་_100_,ཡོན་_100_,ཡོན་_100_
[ཏན་_100_],ཏན་_100_,ཏན་_100_,ཏན་_100_,ཏན་_100_,ཏན་_100_,ཏན་_100_,ཏན་_100_
[དེ་_100_],དེ་_100_,དེ་_100_,དེ་_100_,དེ་_100_,དེ་_100_,དེ་_100_,དེ་_100_
[དང་_100_],དང་_100_,དང་_100_,དང་_100_,དང་_100_,དང་_100_,དང་_100_,དང་_100_
[ལྡན་_100_],ལྡན་_100_,ལྡན་_100_,ལྡན་_100_,ལྡན་_100_,ལྡན་_100_,ལྡན་_100_,ལྡན་_100_
[ཞེས་_100_],ཞེས་_100_,ཞེས་_100_,ཞེས་_100_,ཞེས་_100_,ཞེས་_100_,ཞེས་_100_,ཞེས་_100_
[སྨྲ_100_],སྨྲ_100_,སྨྲ_100_,སྨྲ_100_,སྨྲ_100_,སྨྲ_100_,སྨྲ_100_,སྨྲ_100_
[། །​_87_],། །​_87_,། །​_87_,། །​_87_,། །​_87_,། །​_87_,། །​_87_,། །​ར །​_12_
[འཇམ་_100_],འཇམ་_100_,འཇམ་_100_,འཇམ་_100_,འཇམ་_100_,འཇམ་_100_,འཇམ་_100_,འཇམ་_100_
[དཔལ་_100_],དཔལ་_100_,དཔལ་_100_,དཔལ་_100_,དཔལ་_100_,དཔལ་_100_,དཔལ་_100_,དཔལ་_100_
[རྡོ་_100_],རྡོ་_100_,རྡོ་_100_,རྡོ་_100_,རྡོ་_100_,རྡོ་_100_,རྡོ་_100_,རྡོ་_100_
[རྗེ་_100_],རྗེ་_100_,རྗེ་_100_,རྗེ་_100_,རྗེ་_100_,རྗེ་_100_,རྗེ་_100_,རྗེ་_100_
[བློ་_100_],བློ་_100_,བློ་_100_,བློ་_100_,བློ་_100_,བློ་_100_,བློ་_100_,བློ་_100_
[གྲོས་_100_],གྲོས་_100_,གྲོས་_100_,གྲོས་_100_,གྲོས་_100_,གྲོས་_100_,གྲོས་_100_,གྲོས་_100_
[འཕེལ་བ་ཞེས་བྱ་བ་_87_],འཕེལ་བ་ཞེས་བྱ་བ་_87_,འཕེལ་བ་ཞེས་བྱ་བ་_87_,འཕེལ་_12_,འཕེལ་བ་ཞེས་བྱ་བ་_87_,འཕེལ་བ་ཞེས་བྱ་བ་_87_,འཕེལ་བ་ཞེས་བྱ་བ་_87_,འཕེལ་བ་ཞེས་བྱ་བ་_87_
[ཀུན་_100_],ཀུན་_100_,ཀུན་_100_,ཀུན་_100_,ཀུན་_100_,ཀུན་_100_,ཀུན་_100_,ཀུན་_100_
[གྱི་_100_],གྱི་_100_,གྱི་_100_,གྱི་_100_,གྱི་_100_,གྱི་_100_,གྱི་_100_,གྱི་_100_
[ཐུན་_100_],ཐུན་_100_,ཐུན་_100_,ཐུན་_100_,ཐུན་_100_,ཐུན་_100_,ཐུན་_100_,ཐུན་_100_
[མོང་_100_],མོང་_100_,མོང་_100_,མོང་_100_,མོང་_100_,མོང་_100_,མོང་_100_,མོང་_100_
[མ་_100_],མ་_100_,མ་_100_,མ་_100_,མ་_100_,མ་_100_,མ་_100_,མ་_100_
[ཡིན་_100_],ཡིན་_100_,ཡིན་_100_,ཡིན་_100_,ཡིན་_100_,ཡིན་_100_,ཡིན་_100_,ཡིན་_100_
[པ་_100_],པ་_100_,པ་_100_,པ་_100_,པ་_100_,པ་_100_,པ་_100_,པ་_100_
[སློབ་_100_],སློབ་_100_,སློབ་_100_,སློབ་_100_,སློབ་_100_,སློབ་_100_,སློབ་_100_,སློབ་_100_
[དཔོན་_100_],དཔོན་_100_,དཔོན་_100_,དཔོན་_100_,དཔོན་_100_,དཔོན་_100_,དཔོན་_100_,དཔོན་_100_
[ཀླུ་_100_],ཀླུ་_100_,ཀླུ་_100_,ཀླུ་_100_,ཀླུ་_100_,ཀླུ་_100_,ཀླུ་_100_,ཀླུ་_100_
[སྒྲུབ་_100_],སྒྲུབ་_100_,སྒྲུབ་_100_,སྒྲུབ་_100_,སྒྲུབ་_100_,སྒྲུབ་_100_,སྒྲུབ་_100_,སྒྲུབ་_100_
[ཞབས་_100_],ཞབས་_100_,ཞབས་_100_,ཞབས་_100_,ཞབས་_100_,ཞབས་_100_,ཞབས་_100_,ཞབས་_100_
[ཀྱིས་_100_],ཀྱིས་_100_,ཀྱིས་_100_,ཀྱིས་_100_,ཀྱིས་_100_,ཀྱིས་_100_,ཀྱིས་_100_,ཀྱིས་_100_
[མཛད་_100_],མཛད་_100_,མཛད་_100_,མཛད་_100_,མཛད་_100_,མཛད་_100_,མཛད་_100_,མཛད་_100_
[པ་_100_],པ་_100_,པ་_100_,པ་_100_,པ་_100_,པ་_100_,པ་_100_,པ་_100_
[རྫོགས་_100_],རྫོགས་_100_,རྫོགས་_100_,རྫོགས་_100_,རྫོགས་_100_,རྫོགས་_100_,རྫོགས་_100_,རྫོགས་_100_
སོ། །​ _37_,སོ། །​ _37_,སོ། །​ _37_,སྷོ། །​ _12_,[སོ། །​_50_],སོ། །​_50_,སོ། །​_50_,སོ། །​_50_
