[༄༅། །​མ་རྟོགས་པ་རྟོགས་པར་བྱེད་པ་ཞེས་བྱ་བའི་རབ་ཏུ་བྱེད་པ།༄༅༅། །​_44_],༄༅། །​མ་རྟོགས་པ་རྟོགས་པར་བྱེད་པ་ཞེས་བྱ་བའི་རབ་ཏུ་བྱེད་པ།༄༅༅། །​_44_,༄༅། །​མ་རྟོགས་པ་རྟོགས་པར་བྱེད་པ་ཞེས་བྱ་བའི་རབ་ཏུ་བྱེད་པ།༄༅༅། །​_44_,༄༅། །​མ་རྟོགས་པ་རྟོགས་པར་བྱེད་པ་ཞེས་བྱ་བའི་རབ་ཏུ་བྱེད་པ།༄༅༅། །​_44_,༄༅༅། །​_33_,༄༅༅། །​_33_,༄༅༅། །​_33_,༄༅། །​_11_,_11_
[རྒྱ་_100_],རྒྱ་_100_,རྒྱ་_100_,རྒྱ་_100_,རྒྱ་_100_,རྒྱ་_100_,རྒྱ་_100_,རྒྱ་_100_,རྒྱ་_100_
[གར་_100_],གར་_100_,གར་_100_,གར་_100_,གར་_100_,གར་_100_,གར་_100_,གར་_100_,གར་_100_
[སྐད་_100_],སྐད་_100_,སྐད་_100_,སྐད་_100_,སྐད་_100_,སྐད་_100_,སྐད་_100_,སྐད་_100_,སྐད་_100_
[དུ_100_],དུ_100_,དུ_100_,དུ_100_,དུ_100_,དུ_100_,དུ_100_,དུ_100_,དུ_100_
[། _100_],། _100_,། _100_,། _100_,། _100_,། _100_,། _100_,། _100_,། _100_
[ཨ་_100_],ཨ་_100_,ཨ་_100_,ཨ་_100_,ཨ་_100_,ཨ་_100_,ཨ་_100_,ཨ་_100_,ཨ་_100_
[བུ་_100_],བུ་_100_,བུ་_100_,བུ་_100_,བུ་_100_,བུ་_100_,བུ་_100_,བུ་_100_,བུ་_100_
[དྷ་བོ་དྷ་_88_],དྷ་བོ་དྷ་_88_,དྷ་བོ་དྷ་_88_,དྷ་བོ་དྷ་_88_,དྷ་བོ་དྷ་_88_,དྷ་བོ་དྷ་_88_,དྷ་བོ་དྷ་_88_,དྷ་བོདྷ་_11_,དྷ་བོ་དྷ་_88_
[ཀ་_100_],ཀ་_100_,ཀ་_100_,ཀ་_100_,ཀ་_100_,ཀ་_100_,ཀ་_100_,ཀ་_100_,ཀ་_100_
[ནཱ་_100_],ནཱ་_100_,ནཱ་_100_,ནཱ་_100_,ནཱ་_100_,ནཱ་_100_,ནཱ་_100_,ནཱ་_100_,ནཱ་_100_
[མ་_100_],མ་_100_,མ་_100_,མ་_100_,མ་_100_,མ་_100_,མ་_100_,མ་_100_,མ་_100_
[པྲ་_100_],པྲ་_100_,པྲ་_100_,པྲ་_100_,པྲ་_100_,པྲ་_100_,པྲ་_100_,པྲ་_100_,པྲ་_100_
[ཀ་_77_],ཀ་_77_,ཀཱ་_22_,ཀཱ་_22_,ཀ་_77_,ཀ་_77_,ཀ་_77_,ཀ་_77_,ཀ་_77_
[ར་_100_],ར་_100_,ར་_100_,ར་_100_,ར་_100_,ར་_100_,ར་_100_,ར་_100_,ར་_100_
[ཎ_77_],ཎ_77_,ན_22_,ན_22_,ཎ_77_,ཎ_77_,ཎ_77_,ཎ_77_,ཎ_77_
[། _100_],། _100_,། _100_,། _100_,། _100_,། _100_,། _100_,། _100_,། _100_
[བོད་_100_],བོད་_100_,བོད་_100_,བོད་_100_,བོད་_100_,བོད་_100_,བོད་_100_,བོད་_100_,བོད་_100_
[སྐད་_100_],སྐད་_100_,སྐད་_100_,སྐད་_100_,སྐད་_100_,སྐད་_100_,སྐད་_100_,སྐད་_100_,སྐད་_100_
[དུ_100_],དུ_100_,དུ_100_,དུ_100_,དུ_100_,དུ_100_,དུ_100_,དུ_100_,དུ_100_
[། _100_],། _100_,། _100_,། _100_,། _100_,། _100_,། _100_,། _100_,། _100_
[མ་_100_],མ་_100_,མ་_100_,མ་_100_,མ་_100_,མ་_100_,མ་_100_,མ་_100_,མ་_100_
[རྟོགས་_100_],རྟོགས་_100_,རྟོགས་_100_,རྟོགས་_100_,རྟོགས་_100_,རྟོགས་_100_,རྟོགས་_100_,རྟོགས་_100_,རྟོགས་_100_
[པ་_100_],པ་_100_,པ་_100_,པ་_100_,པ་_100_,པ་_100_,པ་_100_,པ་_100_,པ་_100_
[རྟོགས་_100_],རྟོགས་_100_,རྟོགས་_100_,རྟོགས་_100_,རྟོགས་_100_,རྟོགས་_100_,རྟོགས་_100_,རྟོགས་_100_,རྟོགས་_100_
[པར་_100_],པར་_100_,པར་_100_,པར་_100_,པར་_100_,པར་_100_,པར་_100_,པར་_100_,པར་_100_
[བྱེད་_100_],བྱེད་_100_,བྱེད་_100_,བྱེད་_100_,བྱེད་_100_,བྱེད་_100_,བྱེད་_100_,བྱེད་_100_,བྱེད་_100_
[པ་_100_],པ་_100_,པ་_100_,པ་_100_,པ་_100_,པ་_100_,པ་_100_,པ་_100_,པ་_100_
[ཞེས་_100_],ཞེས་_100_,ཞེས་_100_,ཞེས་_100_,ཞེས་_100_,ཞེས་_100_,ཞེས་_100_,ཞེས་_100_,ཞེས་_100_
[བྱ་_100_],བྱ་_100_,བྱ་_100_,བྱ་_100_,བྱ་_100_,བྱ་_100_,བྱ་_100_,བྱ་_100_,བྱ་_100_
[བའི་_100_],བའི་_100_,བའི་_100_,བའི་_100_,བའི་_100_,བའི་_100_,བའི་_100_,བའི་_100_,བའི་_100_
[རབ་_100_],རབ་_100_,རབ་_100_,རབ་_100_,རབ་_100_,རབ་_100_,རབ་_100_,རབ་_100_,རབ་_100_
[ཏུ་_100_],ཏུ་_100_,ཏུ་_100_,ཏུ་_100_,ཏུ་_100_,ཏུ་_100_,ཏུ་_100_,ཏུ་_100_,ཏུ་_100_
[བྱེད་_100_],བྱེད་_100_,བྱེད་_100_,བྱེད་_100_,བྱེད་_100_,བྱེད་_100_,བྱེད་_100_,བྱེད་_100_,བྱེད་_100_
[པ_100_],པ_100_,པ_100_,པ_100_,པ_100_,པ_100_,པ_100_,པ_100_,པ_100_
[། _100_],། _100_,། _100_,། _100_,། _100_,། _100_,། _100_,། _100_,། _100_
[འཇམ་_100_],འཇམ་_100_,འཇམ་_100_,འཇམ་_100_,འཇམ་_100_,འཇམ་_100_,འཇམ་_100_,འཇམ་_100_,འཇམ་_100_
[དཔལ་_100_],དཔལ་_100_,དཔལ་_100_,དཔལ་_100_,དཔལ་_100_,དཔལ་_100_,དཔལ་_100_,དཔལ་_100_,དཔལ་_100_
[གཞོན་_100_],གཞོན་_100_,གཞོན་_100_,གཞོན་_100_,གཞོན་_100_,གཞོན་_100_,གཞོན་_100_,གཞོན་_100_,གཞོན་_100_
[ནུར་_100_],ནུར་_100_,ནུར་_100_,ནུར་_100_,ནུར་_100_,ནུར་_100_,ནུར་_100_,ནུར་_100_,ནུར་_100_
[གྱུར་_100_],གྱུར་_100_,གྱུར་_100_,གྱུར་_100_,གྱུར་_100_,གྱུར་_100_,གྱུར་_100_,གྱུར་_100_,གྱུར་_100_
[པ་_100_],པ་_100_,པ་_100_,པ་_100_,པ་_100_,པ་_100_,པ་_100_,པ་_100_,པ་_100_
[ལ་_100_],ལ་_100_,ལ་_100_,ལ་_100_,ལ་_100_,ལ་_100_,ལ་_100_,ལ་_100_,ལ་_100_
[ཕྱག་_100_],ཕྱག་_100_,ཕྱག་_100_,ཕྱག་_100_,ཕྱག་_100_,ཕྱག་_100_,ཕྱག་_100_,ཕྱག་_100_,ཕྱག་_100_
[འཚལ་_100_],འཚལ་_100_,འཚལ་_100_,འཚལ་_100_,འཚལ་_100_,འཚལ་_100_,འཚལ་_100_,འཚལ་_100_,འཚལ་_100_
[ལོ_100_],ལོ_100_,ལོ_100_,ལོ_100_,ལོ_100_,ལོ_100_,ལོ_100_,ལོ_100_,ལོ_100_
[། །​_100_],། །​_100_,། །​_100_,། །​_100_,། །​_100_,། །​_100_,། །​_100_,། །​_100_,། །​_100_
[སྐྱོན་_100_],སྐྱོན་_100_,སྐྱོན་_100_,སྐྱོན་_100_,སྐྱོན་_100_,སྐྱོན་_100_,སྐྱོན་_100_,སྐྱོན་_100_,སྐྱོན་_100_
[མེད་_100_],མེད་_100_,མེད་_100_,མེད་_100_,མེད་_100_,མེད་_100_,མེད་_100_,མེད་_100_,མེད་_100_
[ཡོན་_100_],ཡོན་_100_,ཡོན་_100_,ཡོན་_100_,ཡོན་_100_,ཡོན་_100_,ཡོན་_100_,ཡོན་_100_,ཡོན་_100_
[ཏན་_100_],ཏན་_100_,ཏན་_100_,ཏན་_100_,ཏན་_100_,ཏན་_100_,ཏན་_100_,ཏན་_100_,ཏན་_100_
[རྒྱ་_100_],རྒྱ་_100_,རྒྱ་_100_,རྒྱ་_100_,རྒྱ་_100_,རྒྱ་_100_,རྒྱ་_100_,རྒྱ་_100_,རྒྱ་_100_
[མཚོ་_100_],མཚོ་_100_,མཚོ་_100_,མཚོ་_100_,མཚོ་_100_,མཚོ་_100_,མཚོ་_100_,མཚོ་_100_,མཚོ་_100_
[ཡི_88_],ཡི_88_,ཡིས_11_,ཡི_88_,ཡི_88_,ཡི_88_,ཡི_88_,ཡི_88_,ཡི_88_
[། །​_100_],། །​_100_,། །​_100_,། །​_100_,། །​_100_,། །​_100_,། །​_100_,། །​_100_,། །​_100_
[འཇམ་_100_],འཇམ་_100_,འཇམ་_100_,འཇམ་_100_,འཇམ་_100_,འཇམ་_100_,འཇམ་_100_,འཇམ་_100_,འཇམ་_100_
[པའི་_100_],པའི་_100_,པའི་_100_,པའི་_100_,པའི་_100_,པའི་_100_,པའི་_100_,པའི་_100_,པའི་_100_
[དཔལ་_100_],དཔལ་_100_,དཔལ་_100_,དཔལ་_100_,དཔལ་_100_,དཔལ་_100_,དཔལ་_100_,དཔལ་_100_,དཔལ་_100_
[ལ་_100_],ལ་_100_,ལ་_100_,ལ་_100_,ལ་_100_,ལ་_100_,ལ་_100_,ལ་_100_,ལ་_100_
[ཕྱག་_100_],ཕྱག་_100_,ཕྱག་_100_,ཕྱག་_100_,ཕྱག་_100_,ཕྱག་_100_,ཕྱག་_100_,ཕྱག་_100_,ཕྱག་_100_
[འཚལ་_100_],འཚལ་_100_,འཚལ་_100_,འཚལ་_100_,འཚལ་_100_,འཚལ་_100_,འཚལ་_100_,འཚལ་_100_,འཚལ་_100_
[ཏེ_100_],ཏེ_100_,ཏེ_100_,ཏེ_100_,ཏེ_100_,ཏེ_100_,ཏེ_100_,ཏེ_100_,ཏེ_100_
[། །​_100_],། །​_100_,། །​_100_,། །​_100_,། །​_100_,། །​_100_,། །​_100_,། །​_100_,། །​_100_
[དེ་_100_],དེ་_100_,དེ་_100_,དེ་_100_,དེ་_100_,དེ་_100_,དེ་_100_,དེ་_100_,དེ་_100_
[ཉིད་_100_],ཉིད་_100_,ཉིད་_100_,ཉིད་_100_,ཉིད་_100_,ཉིད་_100_,ཉིད་_100_,ཉིད་_100_,ཉིད་_100_
[མ་_100_],མ་_100_,མ་_100_,མ་_100_,མ་_100_,མ་_100_,མ་_100_,མ་_100_,མ་_100_
[རྟོགས་_100_],རྟོགས་_100_,རྟོགས་_100_,རྟོགས་_100_,རྟོགས་_100_,རྟོགས་_100_,རྟོགས་_100_,རྟོགས་_100_,རྟོགས་_100_
[རྟོགས་_100_],རྟོགས་_100_,རྟོགས་_100_,རྟོགས་_100_,རྟོགས་_100_,རྟོགས་_100_,རྟོགས་_100_,རྟོགས་_100_,རྟོགས་_100_
[བྱེད་_100_],བྱེད་_100_,བྱེད་_100_,བྱེད་_100_,བྱེད་_100_,བྱེད་_100_,བྱེད་_100_,བྱེད་_100_,བྱེད་_100_
[པ_100_],པ_100_,པ_100_,པ_100_,པ_100_,པ_100_,པ_100_,པ_100_,པ_100_
[། །​_100_],། །​_100_,། །​_100_,། །​_100_,། །​_100_,། །​_100_,། །​_100_,། །​_100_,། །​_100_
[བདག་_100_],བདག་_100_,བདག་_100_,བདག་_100_,བདག་_100_,བདག་_100_,བདག་_100_,བདག་_100_,བདག་_100_
[གིས་_77_],གིས་_77_,གི་_22_,གི་_22_,གིས་_77_,གིས་_77_,གིས་_77_,གིས་_77_,གིས་_77_
[བརྩེ་_100_],བརྩེ་_100_,བརྩེ་_100_,བརྩེ་_100_,བརྩེ་_100_,བརྩེ་_100_,བརྩེ་_100_,བརྩེ་_100_,བརྩེ་_100_
[བས་_100_],བས་_100_,བས་_100_,བས་_100_,བས་_100_,བས་_100_,བས་_100_,བས་_100_,བས་_100_
[བྲི་_100_],བྲི་_100_,བྲི་_100_,བྲི་_100_,བྲི་_100_,བྲི་_100_,བྲི་_100_,བྲི་_100_,བྲི་_100_
[བར་_100_],བར་_100_,བར་_100_,བར་_100_,བར་_100_,བར་_100_,བར་_100_,བར་_100_,བར་_100_
[བྱ_100_],བྱ_100_,བྱ_100_,བྱ_100_,བྱ_100_,བྱ_100_,བྱ_100_,བྱ_100_,བྱ_100_
[། །​_100_],། །​_100_,། །​_100_,། །​_100_,། །​_100_,། །​_100_,། །​_100_,། །​_100_,། །​_100_
[དེ་_100_],དེ་_100_,དེ་_100_,དེ་_100_,དེ་_100_,དེ་_100_,དེ་_100_,དེ་_100_,དེ་_100_
[ནས་_100_],ནས་_100_,ནས་_100_,ནས་_100_,ནས་_100_,ནས་_100_,ནས་_100_,ནས་_100_,ནས་_100_
[གཞན་_100_],གཞན་_100_,གཞན་_100_,གཞན་_100_,གཞན་_100_,གཞན་_100_,གཞན་_100_,གཞན་_100_,གཞན་_100_
[གྱིས་_77_],གྱིས་_77_,གྱི་_22_,གྱི་_22_,གྱིས་_77_,གྱིས་_77_,གྱིས་_77_,གྱིས་_77_,གྱིས་_77_
[བརྒལ་_100_],བརྒལ་_100_,བརྒལ་_100_,བརྒལ་_100_,བརྒལ་_100_,བརྒལ་_100_,བརྒལ་_100_,བརྒལ་_100_,བརྒལ་_100_
[བ་_100_],བ་_100_,བ་_100_,བ་_100_,བ་_100_,བ་_100_,བ་_100_,བ་_100_,བ་_100_
[དང་_100_],དང་_100_,དང་_100_,དང་_100_,དང་_100_,དང་_100_,དང་_100_,དང་_100_,དང་_100_
[། _100_],། _100_,། _100_,། _100_,། _100_,། _100_,། _100_,། _100_,། _100_
[དགག་_100_],དགག་_100_,དགག་_100_,དགག་_100_,དགག་_100_,དགག་_100_,དགག་_100_,དགག་_100_,དགག་_100_
[པ་_100_],པ་_100_,པ་_100_,པ་_100_,པ་_100_,པ་_100_,པ་_100_,པ་_100_,པ་_100_
[དང་_100_],དང་_100_,དང་_100_,དང་_100_,དང་_100_,དང་_100_,དང་_100_,དང་_100_,དང་_100_
[། _100_],། _100_,། _100_,། _100_,། _100_,། _100_,། _100_,། _100_,། _100_
[དེའི་_100_],དེའི་_100_,དེའི་_100_,དེའི་_100_,དེའི་_100_,དེའི་_100_,དེའི་_100_,དེའི་_100_,དེའི་_100_
[རྟོགས་_100_],རྟོགས་_100_,རྟོགས་_100_,རྟོགས་_100_,རྟོགས་_100_,རྟོགས་_100_,རྟོགས་_100_,རྟོགས་_100_,རྟོགས་_100_
[པ་_100_],པ་_100_,པ་_100_,པ་_100_,པ་_100_,པ་_100_,པ་_100_,པ་_100_,པ་_100_
[དང་_100_],དང་_100_,དང་_100_,དང་_100_,དང་_100_,དང་_100_,དང་_100_,དང་_100_,དང་_100_
[། _100_],། _100_,། _100_,། _100_,། _100_,། _100_,། _100_,། _100_,། _100_
[ཆོས་_100_],ཆོས་_100_,ཆོས་_100_,ཆོས་_100_,ཆོས་_100_,ཆོས་_100_,ཆོས་_100_,ཆོས་_100_,ཆོས་_100_
[ཀྱི་_100_],ཀྱི་_100_,ཀྱི་_100_,ཀྱི་_100_,ཀྱི་_100_,ཀྱི་_100_,ཀྱི་_100_,ཀྱི་_100_,ཀྱི་_100_
[དེ་_100_],དེ་_100_,དེ་_100_,དེ་_100_,དེ་_100_,དེ་_100_,དེ་_100_,དེ་_100_,དེ་_100_
[ཁོ་_100_],ཁོ་_100_,ཁོ་_100_,ཁོ་_100_,ཁོ་_100_,ཁོ་_100_,ཁོ་_100_,ཁོ་_100_,ཁོ་_100_
[ན་_100_],ན་_100_,ན་_100_,ན་_100_,ན་_100_,ན་_100_,ན་_100_,ན་_100_,ན་_100_
[ཉིད་_100_],ཉིད་_100_,ཉིད་_100_,ཉིད་_100_,ཉིད་_100_,ཉིད་_100_,ཉིད་_100_,ཉིད་_100_,ཉིད་_100_
[དོ_100_],དོ_100_,དོ_100_,དོ_100_,དོ_100_,དོ_100_,དོ_100_,དོ_100_,དོ_100_
[། །​_100_],། །​_100_,། །​_100_,། །​_100_,། །​_100_,། །​_100_,། །​_100_,། །​_100_,། །​_100_
[གཞན་_100_],གཞན་_100_,གཞན་_100_,གཞན་_100_,གཞན་_100_,གཞན་_100_,གཞན་_100_,གཞན་_100_,གཞན་_100_
[གྱིས་_100_],གྱིས་_100_,གྱིས་_100_,གྱིས་_100_,གྱིས་_100_,གྱིས་_100_,གྱིས་_100_,གྱིས་_100_,གྱིས་_100_
[བརྒལ་_100_],བརྒལ་_100_,བརྒལ་_100_,བརྒལ་_100_,བརྒལ་_100_,བརྒལ་_100_,བརྒལ་_100_,བརྒལ་_100_,བརྒལ་_100_
[བ་_100_],བ་_100_,བ་_100_,བ་_100_,བ་_100_,བ་_100_,བ་_100_,བ་_100_,བ་_100_
[ནི་_100_],ནི་_100_,ནི་_100_,ནི་_100_,ནི་_100_,ནི་_100_,ནི་_100_,ནི་_100_,ནི་_100_
[གང་_100_],གང་_100_,གང་_100_,གང་_100_,གང་_100_,གང་_100_,གང་_100_,གང་_100_,གང་_100_
[ཞེ་_100_],ཞེ་_100_,ཞེ་_100_,ཞེ་_100_,ཞེ་_100_,ཞེ་_100_,ཞེ་_100_,ཞེ་_100_,ཞེ་_100_
[ན_100_],ན_100_,ན_100_,ན_100_,ན_100_,ན_100_,ན_100_,ན_100_,ན_100_
[། _100_],། _100_,། _100_,། _100_,། _100_,། _100_,། _100_,། _100_,། _100_
[སྨྲས་_100_],སྨྲས་_100_,སྨྲས་_100_,སྨྲས་_100_,སྨྲས་_100_,སྨྲས་_100_,སྨྲས་_100_,སྨྲས་_100_,སྨྲས་_100_
[པ_100_],པ_100_,པ_100_,པ_100_,པ_100_,པ_100_,པ_100_,པ_100_,པ_100_
[། _100_],། _100_,། _100_,། _100_,། _100_,། _100_,། _100_,། _100_,། _100_
[བདག་_100_],བདག་_100_,བདག་_100_,བདག་_100_,བདག་_100_,བདག་_100_,བདག་_100_,བདག་_100_,བདག་_100_
[ཡོད་_100_],ཡོད་_100_,ཡོད་_100_,ཡོད་_100_,ཡོད་_100_,ཡོད་_100_,ཡོད་_100_,ཡོད་_100_,ཡོད་_100_
[དོ_100_],དོ_100_,དོ_100_,དོ_100_,དོ_100_,དོ_100_,དོ_100_,དོ_100_,དོ_100_
[། །​_100_],། །​_100_,། །​_100_,། །​_100_,། །​_100_,། །​_100_,། །​_100_,། །​_100_,། །​_100_
[དེ་_100_],དེ་_100_,དེ་_100_,དེ་_100_,དེ་_100_,དེ་_100_,དེ་_100_,དེ་_100_,དེ་_100_
[ཡང་_100_],ཡང་_100_,ཡང་_100_,ཡང་_100_,ཡང་_100_,ཡང་_100_,ཡང་_100_,ཡང་_100_,ཡང་_100_
[རྟག་_77_],རྟག་_77_,རྟགས་_22_,རྟགས་_22_,རྟག་_77_,རྟག་_77_,རྟག་_77_,རྟག་_77_,རྟག་_77_
[པ་_100_],པ་_100_,པ་_100_,པ་_100_,པ་_100_,པ་_100_,པ་_100_,པ་_100_,པ་_100_
[དང་_100_],དང་_100_,དང་_100_,དང་_100_,དང་_100_,དང་_100_,དང་_100_,དང་_100_,དང་_100_
[། _100_],། _100_,། _100_,། _100_,། _100_,། _100_,། _100_,། _100_,། _100_
[ཁྱབ་_100_],ཁྱབ་_100_,ཁྱབ་_100_,ཁྱབ་_100_,ཁྱབ་_100_,ཁྱབ་_100_,ཁྱབ་_100_,ཁྱབ་_100_,ཁྱབ་_100_
[པ་_100_],པ་_100_,པ་_100_,པ་_100_,པ་_100_,པ་_100_,པ་_100_,པ་_100_,པ་_100_
[དང་_100_],དང་_100_,དང་_100_,དང་_100_,དང་_100_,དང་_100_,དང་_100_,དང་_100_,དང་_100_
[། _100_],། _100_,། _100_,། _100_,། _100_,། _100_,། _100_,། _100_,། _100_
[གཅིག་_100_],གཅིག་_100_,གཅིག་_100_,གཅིག་_100_,གཅིག་_100_,གཅིག་_100_,གཅིག་_100_,གཅིག་_100_,གཅིག་_100_
[པུ་_100_],པུ་_100_,པུ་_100_,པུ་_100_,པུ་_100_,པུ་_100_,པུ་_100_,པུ་_100_,པུ་_100_
[དང་_100_],དང་_100_,དང་_100_,དང་_100_,དང་_100_,དང་_100_,དང་_100_,དང་_100_,དང་_100_
[། _100_],། _100_,། _100_,། _100_,། _100_,། _100_,། _100_,། _100_,། _100_
[བྱེད་_100_],བྱེད་_100_,བྱེད་_100_,བྱེད་_100_,བྱེད་_100_,བྱེད་_100_,བྱེད་_100_,བྱེད་_100_,བྱེད་_100_
[པ་_100_],པ་_100_,པ་_100_,པ་_100_,པ་_100_,པ་_100_,པ་_100_,པ་_100_,པ་_100_
[པོ་_100_],པོ་_100_,པོ་_100_,པོ་_100_,པོ་_100_,པོ་_100_,པོ་_100_,པོ་_100_,པོ་_100_
[དང་_100_],དང་_100_,དང་_100_,དང་_100_,དང་_100_,དང་_100_,དང་_100_,དང་_100_,དང་_100_
[། _100_],། _100_,། _100_,། _100_,། _100_,། _100_,། _100_,། _100_,། _100_
[ཟ་_100_],ཟ་_100_,ཟ་_100_,ཟ་_100_,ཟ་_100_,ཟ་_100_,ཟ་_100_,ཟ་_100_,ཟ་_100_
[བ་_100_],བ་_100_,བ་_100_,བ་_100_,བ་_100_,བ་_100_,བ་_100_,བ་_100_,བ་_100_
[པོ་_100_],པོ་_100_,པོ་_100_,པོ་_100_,པོ་_100_,པོ་_100_,པོ་_100_,པོ་_100_,པོ་_100_
[ཡིན་_100_],ཡིན་_100_,ཡིན་_100_,ཡིན་_100_,ཡིན་_100_,ཡིན་_100_,ཡིན་_100_,ཡིན་_100_,ཡིན་_100_
[ནོ_100_],ནོ_100_,ནོ_100_,ནོ_100_,ནོ_100_,ནོ_100_,ནོ_100_,ནོ_100_,ནོ_100_
[། །​_88_],། །​_88_,། །​_88_,། །​_88_,། །​_88_,། །​_88_,། །​_88_,། །​ _11_,། །​_88_
[འདིར་_100_],འདིར་_100_,འདིར་_100_,འདིར་_100_,འདིར་_100_,འདིར་_100_,འདིར་_100_,འདིར་_100_,འདིར་_100_
[ཡང་_100_],ཡང་_100_,ཡང་_100_,ཡང་_100_,ཡང་_100_,ཡང་_100_,ཡང་_100_,ཡང་_100_,ཡང་_100_
[དགག་_100_],དགག་_100_,དགག་_100_,དགག་_100_,དགག་_100_,དགག་_100_,དགག་_100_,དགག་_100_,དགག་_100_
[པ་_100_],པ་_100_,པ་_100_,པ་_100_,པ་_100_,པ་_100_,པ་_100_,པ་_100_,པ་_100_
[ནི་_100_],ནི་_100_,ནི་_100_,ནི་_100_,ནི་_100_,ནི་_100_,ནི་_100_,ནི་_100_,ནི་_100_
[བདག་_100_],བདག་_100_,བདག་_100_,བདག་_100_,བདག་_100_,བདག་_100_,བདག་_100_,བདག་_100_,བདག་_100_
[འདི་_100_],འདི་_100_,འདི་_100_,འདི་_100_,འདི་_100_,འདི་_100_,འདི་_100_,འདི་_100_,འདི་_100_
[གང་_100_],གང་_100_,གང་_100_,གང་_100_,གང་_100_,གང་_100_,གང་_100_,གང་_100_,གང་_100_
[ཡིན_100_],ཡིན_100_,ཡིན_100_,ཡིན_100_,ཡིན_100_,ཡིན_100_,ཡིན_100_,ཡིན_100_,ཡིན_100_
[། _100_],། _100_,། _100_,། _100_,། _100_,། _100_,། _100_,། _100_,། _100_
[རེ་_100_],རེ་_100_,རེ་_100_,རེ་_100_,རེ་_100_,རེ་_100_,རེ་_100_,རེ་_100_,རེ་_100_
[ཞིག་_100_],ཞིག་_100_,ཞིག་_100_,ཞིག་_100_,ཞིག་_100_,ཞིག་_100_,ཞིག་_100_,ཞིག་_100_,ཞིག་_100_
[ཕུང་_100_],ཕུང་_100_,ཕུང་_100_,ཕུང་_100_,ཕུང་_100_,ཕུང་_100_,ཕུང་_100_,ཕུང་_100_,ཕུང་_100_
[པོ་_100_],པོ་_100_,པོ་_100_,པོ་_100_,པོ་_100_,པོ་_100_,པོ་_100_,པོ་_100_,པོ་_100_
[ནི་_100_],ནི་_100_,ནི་_100_,ནི་_100_,ནི་_100_,ནི་_100_,ནི་_100_,ནི་_100_,ནི་_100_
[བདག་_100_],བདག་_100_,བདག་_100_,བདག་_100_,བདག་_100_,བདག་_100_,བདག་_100_,བདག་_100_,བདག་_100_
[མ་_100_],མ་_100_,མ་_100_,མ་_100_,མ་_100_,མ་_100_,མ་_100_,མ་_100_,མ་_100_
[ཡིན་_100_],ཡིན་_100_,ཡིན་_100_,ཡིན་_100_,ཡིན་_100_,ཡིན་_100_,ཡིན་_100_,ཡིན་_100_,ཡིན་_100_
[ཏེ_100_],ཏེ_100_,ཏེ_100_,ཏེ_100_,ཏེ_100_,ཏེ_100_,ཏེ_100_,ཏེ_100_,ཏེ_100_
[། _100_],། _100_,། _100_,། _100_,། _100_,། _100_,། _100_,། _100_,། _100_
[སྐྱེ་_100_],སྐྱེ་_100_,སྐྱེ་_100_,སྐྱེ་_100_,སྐྱེ་_100_,སྐྱེ་_100_,སྐྱེ་_100_,སྐྱེ་_100_,སྐྱེ་_100_
[བ་_100_],བ་_100_,བ་_100_,བ་_100_,བ་_100_,བ་_100_,བ་_100_,བ་_100_,བ་_100_
[དང་_100_],དང་_100_,དང་_100_,དང་_100_,དང་_100_,དང་_100_,དང་_100_,དང་_100_,དང་_100_
[འཇིག་_100_],འཇིག་_100_,འཇིག་_100_,འཇིག་_100_,འཇིག་_100_,འཇིག་_100_,འཇིག་_100_,འཇིག་_100_,འཇིག་_100_
[པའི་_100_],པའི་_100_,པའི་_100_,པའི་_100_,པའི་_100_,པའི་_100_,པའི་_100_,པའི་_100_,པའི་_100_
[ཆོས་_100_],ཆོས་_100_,ཆོས་_100_,ཆོས་_100_,ཆོས་_100_,ཆོས་_100_,ཆོས་_100_,ཆོས་_100_,ཆོས་_100_
[ཅན་_100_],ཅན་_100_,ཅན་_100_,ཅན་_100_,ཅན་_100_,ཅན་_100_,ཅན་_100_,ཅན་_100_,ཅན་_100_
[ཡིན་_100_],ཡིན་_100_,ཡིན་_100_,ཡིན་_100_,ཡིན་_100_,ཡིན་_100_,ཡིན་_100_,ཡིན་_100_,ཡིན་_100_
[པའི་_100_],པའི་_100_,པའི་_100_,པའི་_100_,པའི་_100_,པའི་_100_,པའི་_100_,པའི་_100_,པའི་_100_
[ཕྱིར་_100_],ཕྱིར་_100_,ཕྱིར་_100_,ཕྱིར་_100_,ཕྱིར་_100_,ཕྱིར་_100_,ཕྱིར་_100_,ཕྱིར་_100_,ཕྱིར་_100_
[རོ_100_],རོ_100_,རོ_100_,རོ_100_,རོ_100_,རོ_100_,རོ_100_,རོ_100_,རོ_100_
[། །​_100_],། །​_100_,། །​_100_,། །​_100_,། །​_100_,། །​_100_,། །​_100_,། །​_100_,། །​_100_
[ཕུང་_100_],ཕུང་_100_,ཕུང་_100_,ཕུང་_100_,ཕུང་_100_,ཕུང་_100_,ཕུང་_100_,ཕུང་_100_,ཕུང་_100_
[པོ་_100_],པོ་_100_,པོ་_100_,པོ་_100_,པོ་_100_,པོ་_100_,པོ་_100_,པོ་_100_,པོ་_100_
[བདག་_100_],བདག་_100_,བདག་_100_,བདག་_100_,བདག་_100_,བདག་_100_,བདག་_100_,བདག་_100_,བདག་_100_
[ལས་_100_],ལས་_100_,ལས་_100_,ལས་_100_,ལས་_100_,ལས་_100_,ལས་_100_,ལས་_100_,ལས་_100_
[གཞན་_100_],གཞན་_100_,གཞན་_100_,གཞན་_100_,གཞན་_100_,གཞན་_100_,གཞན་_100_,གཞན་_100_,གཞན་_100_
[ཡང་_100_],ཡང་_100_,ཡང་_100_,ཡང་_100_,ཡང་_100_,ཡང་_100_,ཡང་_100_,ཡང་_100_,ཡང་_100_
[མ་_100_],མ་_100_,མ་_100_,མ་_100_,མ་_100_,མ་_100_,མ་_100_,མ་_100_,མ་_100_
[ཡིན་_100_],ཡིན་_100_,ཡིན་_100_,ཡིན་_100_,ཡིན་_100_,ཡིན་_100_,ཡིན་_100_,ཡིན་_100_,ཡིན་_100_
[ཏེ_100_],ཏེ_100_,ཏེ_100_,ཏེ_100_,ཏེ_100_,ཏེ_100_,ཏེ_100_,ཏེ_100_,ཏེ_100_
[། _100_],། _100_,། _100_,། _100_,། _100_,། _100_,། _100_,། _100_,། _100_
[འདི་_100_],འདི་_100_,འདི་_100_,འདི་_100_,འདི་_100_,འདི་_100_,འདི་_100_,འདི་_100_,འདི་_100_
[ལྟར་_100_],ལྟར་_100_,ལྟར་_100_,ལྟར་_100_,ལྟར་_100_,ལྟར་_100_,ལྟར་_100_,ལྟར་_100_,ལྟར་_100_
[བུམ་_100_],བུམ་_100_,བུམ་_100_,བུམ་_100_,བུམ་_100_,བུམ་_100_,བུམ་_100_,བུམ་_100_,བུམ་_100_
[པ་_100_],པ་_100_,པ་_100_,པ་_100_,པ་_100_,པ་_100_,པ་_100_,པ་_100_,པ་_100_
[ལས་_100_],ལས་_100_,ལས་_100_,ལས་_100_,ལས་_100_,ལས་_100_,ལས་_100_,ལས་_100_,ལས་_100_
[སྣམ་_100_],སྣམ་_100_,སྣམ་_100_,སྣམ་_100_,སྣམ་_100_,སྣམ་_100_,སྣམ་_100_,སྣམ་_100_,སྣམ་_100_
[བུ་_100_],བུ་_100_,བུ་_100_,བུ་_100_,བུ་_100_,བུ་_100_,བུ་_100_,བུ་_100_,བུ་_100_
[བཞིན་_100_],བཞིན་_100_,བཞིན་_100_,བཞིན་_100_,བཞིན་_100_,བཞིན་_100_,བཞིན་_100_,བཞིན་_100_,བཞིན་_100_
[དུ་_100_],དུ་_100_,དུ་_100_,དུ་_100_,དུ་_100_,དུ་_100_,དུ་_100_,དུ་_100_,དུ་_100_
[ཐ་_100_],ཐ་_100_,ཐ་_100_,ཐ་_100_,ཐ་_100_,ཐ་_100_,ཐ་_100_,ཐ་_100_,ཐ་_100_
[དད་_100_],དད་_100_,དད་_100_,དད་_100_,དད་_100_,དད་_100_,དད་_100_,དད་_100_,དད་_100_
[པ་_100_],པ་_100_,པ་_100_,པ་_100_,པ་_100_,པ་_100_,པ་_100_,པ་_100_,པ་_100_
[མི་_100_],མི་_100_,མི་_100_,མི་_100_,མི་_100_,མི་_100_,མི་_100_,མི་_100_,མི་_100_
[དམིགས་_100_],དམིགས་_100_,དམིགས་_100_,དམིགས་_100_,དམིགས་_100_,དམིགས་_100_,དམིགས་_100_,དམིགས་_100_,དམིགས་_100_
[པའི་_100_],པའི་_100_,པའི་_100_,པའི་_100_,པའི་_100_,པའི་_100_,པའི་_100_,པའི་_100_,པའི་_100_
[ཕྱིར་_100_],ཕྱིར་_100_,ཕྱིར་_100_,ཕྱིར་_100_,ཕྱིར་_100_,ཕྱིར་_100_,ཕྱིར་_100_,ཕྱིར་_100_,ཕྱིར་_100_
[རོ_100_],རོ_100_,རོ_100_,རོ_100_,རོ_100_,རོ_100_,རོ_100_,རོ_100_,རོ_100_
[། །​_100_],། །​_100_,། །​_100_,། །​_100_,། །​_100_,། །​_100_,། །​_100_,། །​_100_,། །​_100_
[བུམ་_100_],བུམ་_100_,བུམ་_100_,བུམ་_100_,བུམ་_100_,བུམ་_100_,བུམ་_100_,བུམ་_100_,བུམ་_100_
[པ་_100_],པ་_100_,པ་_100_,པ་_100_,པ་_100_,པ་_100_,པ་_100_,པ་_100_,པ་_100_
[ལ་_100_],ལ་_100_,ལ་_100_,ལ་_100_,ལ་_100_,ལ་_100_,ལ་_100_,ལ་_100_,ལ་_100_
[ཆུ་འམ་_77_],ཆུ་འམ་_77_,ཆུ་འམ་_77_,ཆུ་འམ་_77_,ཆུ་འམ་_77_,ཆུ་འམ་_77_,ཆུའམ་_22_,ཆུའམ་_22_,ཆུ་འམ་_77_
[ཆུ་_100_],ཆུ་_100_,ཆུ་_100_,ཆུ་_100_,ཆུ་_100_,ཆུ་_100_,ཆུ་_100_,ཆུ་_100_,ཆུ་_100_
[ལ་_100_],ལ་_100_,ལ་_100_,ལ་_100_,ལ་_100_,ལ་_100_,ལ་_100_,ལ་_100_,ལ་_100_
[སྣམ་_100_],སྣམ་_100_,སྣམ་_100_,སྣམ་_100_,སྣམ་_100_,སྣམ་_100_,སྣམ་_100_,སྣམ་_100_,སྣམ་_100_
[བུ་_100_],བུ་_100_,བུ་_100_,བུ་_100_,བུ་_100_,བུ་_100_,བུ་_100_,བུ་_100_,བུ་_100_
[བཞིན་_100_],བཞིན་_100_,བཞིན་_100_,བཞིན་_100_,བཞིན་_100_,བཞིན་_100_,བཞིན་_100_,བཞིན་_100_,བཞིན་_100_
[དུ་_100_],དུ་_100_,དུ་_100_,དུ་_100_,དུ་_100_,དུ་_100_,དུ་_100_,དུ་_100_,དུ་_100_
[རྟེན་_100_],རྟེན་_100_,རྟེན་_100_,རྟེན་_100_,རྟེན་_100_,རྟེན་_100_,རྟེན་_100_,རྟེན་_100_,རྟེན་_100_
[དང་_100_],དང་_100_,དང་_100_,དང་_100_,དང་_100_,དང་_100_,དང་_100_,དང་_100_,དང་_100_
[བརྟེན་_77_],བརྟེན་_77_,རྟེན་_22_,རྟེན་_22_,བརྟེན་_77_,བརྟེན་_77_,བརྟེན་_77_,བརྟེན་_77_,བརྟེན་_77_
[པ་_100_],པ་_100_,པ་_100_,པ་_100_,པ་_100_,པ་_100_,པ་_100_,པ་_100_,པ་_100_
[ཡང་_100_],ཡང་_100_,ཡང་_100_,ཡང་_100_,ཡང་_100_,ཡང་_100_,ཡང་_100_,ཡང་_100_,ཡང་_100_
[མ་_100_],མ་_100_,མ་_100_,མ་_100_,མ་_100_,མ་_100_,མ་_100_,མ་_100_,མ་_100_
[ཡིན་_100_],ཡིན་_100_,ཡིན་_100_,ཡིན་_100_,ཡིན་_100_,ཡིན་_100_,ཡིན་_100_,ཡིན་_100_,ཡིན་_100_
[ནོ_100_],ནོ_100_,ནོ_100_,ནོ_100_,ནོ_100_,ནོ_100_,ནོ_100_,ནོ_100_,ནོ_100_
[། །​_100_],། །​_100_,། །​_100_,། །​_100_,། །​_100_,། །​_100_,། །​_100_,། །​_100_,། །​_100_
[འབྲས་བུ་_77_],འབྲས་བུ་_77_,འབྲས་_22_,འབྲས་_22_,འབྲས་བུ་_77_,འབྲས་བུ་_77_,འབྲས་བུ་_77_,འབྲས་བུ་_77_,འབྲས་བུ་_77_
[དང་_100_],དང་_100_,དང་_100_,དང་_100_,དང་_100_,དང་_100_,དང་_100_,དང་_100_,དང་_100_
[ཤུན་_100_],ཤུན་_100_,ཤུན་_100_,ཤུན་_100_,ཤུན་_100_,ཤུན་_100_,ཤུན་_100_,ཤུན་_100_,ཤུན་_100_
[པ་_100_],པ་_100_,པ་_100_,པ་_100_,པ་_100_,པ་_100_,པ་_100_,པ་_100_,པ་_100_
[བཞིན་_100_],བཞིན་_100_,བཞིན་_100_,བཞིན་_100_,བཞིན་_100_,བཞིན་_100_,བཞིན་_100_,བཞིན་_100_,བཞིན་_100_
[དུ་_100_],དུ་_100_,དུ་_100_,དུ་_100_,དུ་_100_,དུ་_100_,དུ་_100_,དུ་_100_,དུ་_100_
[ཕུང་_88_],ཕུང་_88_,ཕུང་_88_,ཕུང་_88_,ཕུང་_88_,ཕུང་_88_,ཕུང་_88_,ཕུད་_11_,ཕུང་_88_
[པོའི་_100_],པོའི་_100_,པོའི་_100_,པོའི་_100_,པོའི་_100_,པོའི་_100_,པོའི་_100_,པོའི་_100_,པོའི་_100_
[གནས་_100_],གནས་_100_,གནས་_100_,གནས་_100_,གནས་_100_,གནས་_100_,གནས་_100_,གནས་_100_,གནས་_100_
[ལུགས་_100_],ལུགས་_100_,ལུགས་_100_,ལུགས་_100_,ལུགས་_100_,ལུགས་_100_,ལུགས་_100_,ལུགས་_100_,ལུགས་_100_
[ཀྱང་_100_],ཀྱང་_100_,ཀྱང་_100_,ཀྱང་_100_,ཀྱང་_100_,ཀྱང་_100_,ཀྱང་_100_,ཀྱང་_100_,ཀྱང་_100_
[མ་_100_],མ་_100_,མ་_100_,མ་_100_,མ་_100_,མ་_100_,མ་_100_,མ་_100_,མ་_100_
[ཡིན་_100_],ཡིན་_100_,ཡིན་_100_,ཡིན་_100_,ཡིན་_100_,ཡིན་_100_,ཡིན་_100_,ཡིན་_100_,ཡིན་_100_
[ནོ_100_],ནོ_100_,ནོ_100_,ནོ_100_,ནོ_100_,ནོ_100_,ནོ_100_,ནོ_100_,ནོ_100_
[། །​_100_],། །​_100_,། །​_100_,། །​_100_,། །​_100_,། །​_100_,། །​_100_,། །​_100_,། །​_100_
[ཕུང་_100_],ཕུང་_100_,ཕུང་_100_,ཕུང་_100_,ཕུང་_100_,ཕུང་_100_,ཕུང་_100_,ཕུང་_100_,ཕུང་_100_
[པོ་_100_],པོ་_100_,པོ་_100_,པོ་_100_,པོ་_100_,པོ་_100_,པོ་_100_,པོ་_100_,པོ་_100_
[ལ་_100_],ལ་_100_,ལ་_100_,ལ་_100_,ལ་_100_,ལ་_100_,ལ་_100_,ལ་_100_,ལ་_100_
[འདུ་_100_],འདུ་_100_,འདུ་_100_,འདུ་_100_,འདུ་_100_,འདུ་_100_,འདུ་_100_,འདུ་_100_,འདུ་_100_
[བ་_100_],བ་_100_,བ་_100_,བ་_100_,བ་_100_,བ་_100_,བ་_100_,བ་_100_,བ་_100_
[ཡང་_100_],ཡང་_100_,ཡང་_100_,ཡང་_100_,ཡང་_100_,ཡང་_100_,ཡང་_100_,ཡང་_100_,ཡང་_100_
[མ་_100_],མ་_100_,མ་_100_,མ་_100_,མ་_100_,མ་_100_,མ་_100_,མ་_100_,མ་_100_
[ཡིན་_100_],ཡིན་_100_,ཡིན་_100_,ཡིན་_100_,ཡིན་_100_,ཡིན་_100_,ཡིན་_100_,ཡིན་_100_,ཡིན་_100_
[ཏེ_100_],ཏེ_100_,ཏེ_100_,ཏེ_100_,ཏེ_100_,ཏེ_100_,ཏེ_100_,ཏེ_100_,ཏེ_100_
[། _100_],། _100_,། _100_,། _100_,། _100_,། _100_,། _100_,། _100_,། _100_
[ཕུང་_100_],ཕུང་_100_,ཕུང་_100_,ཕུང་_100_,ཕུང་_100_,ཕུང་_100_,ཕུང་_100_,ཕུང་_100_,ཕུང་_100_
[པོ་_100_],པོ་_100_,པོ་_100_,པོ་_100_,པོ་_100_,པོ་_100_,པོ་_100_,པོ་_100_,པོ་_100_
[རྣམས་_100_],རྣམས་_100_,རྣམས་_100_,རྣམས་_100_,རྣམས་_100_,རྣམས་_100_,རྣམས་_100_,རྣམས་_100_,རྣམས་_100_
[ནི་_100_],ནི་_100_,ནི་_100_,ནི་_100_,ནི་_100_,ནི་_100_,ནི་_100_,ནི་_100_,ནི་_100_
[མང་_77_],མང་_77_,མང་_77_,མང་_77_,མེད་_22_,མང་_77_,མང་_77_,མང་_77_,མེད་_22_
[བ་_100_],བ་_100_,བ་_100_,བ་_100_,བ་_100_,བ་_100_,བ་_100_,བ་_100_,བ་_100_
[ཉིད་_100_],ཉིད་_100_,ཉིད་_100_,ཉིད་_100_,ཉིད་_100_,ཉིད་_100_,ཉིད་_100_,ཉིད་_100_,ཉིད་_100_
[ཀྱི་_100_],ཀྱི་_100_,ཀྱི་_100_,ཀྱི་_100_,ཀྱི་_100_,ཀྱི་_100_,ཀྱི་_100_,ཀྱི་_100_,ཀྱི་_100_
[ཕྱིར་_100_],ཕྱིར་_100_,ཕྱིར་_100_,ཕྱིར་_100_,ཕྱིར་_100_,ཕྱིར་_100_,ཕྱིར་_100_,ཕྱིར་_100_,ཕྱིར་_100_
[རོ_100_],རོ_100_,རོ_100_,རོ_100_,རོ_100_,རོ_100_,རོ_100_,རོ_100_,རོ_100_
[། །​ལྷ་སྦྱིན་བ་_66_],། །​ལྷ་སྦྱིན་བ་_66_,། །​ལྷས་བྱིན་_22_,། །​ལྷས་བྱིན་_22_,། །​ལྷ་སྦྱིན་བ་_66_,། །​ལྷ་སྦྱིན་བ་_66_,། །​ལྷ་སྦྱིན་བ་_66_,༑ །​ལྷ་སྦྱིན་བ་_11_,། །​ལྷ་སྦྱིན་བ་_66_
[ལང་_100_],ལང་_100_,ལང་_100_,ལང་_100_,ལང་_100_,ལང་_100_,ལང་_100_,ལང་_100_,ལང་_100_
[དང་_100_],དང་_100_,དང་_100_,དང་_100_,དང་_100_,དང་_100_,དང་_100_,དང་_100_,དང་_100_
[ལྡན་_100_],ལྡན་_100_,ལྡན་_100_,ལྡན་_100_,ལྡན་_100_,ལྡན་_100_,ལྡན་_100_,ལྡན་_100_,ལྡན་_100_
[པ་_100_],པ་_100_,པ་_100_,པ་_100_,པ་_100_,པ་_100_,པ་_100_,པ་_100_,པ་_100_
[བཞིན་_100_],བཞིན་_100_,བཞིན་_100_,བཞིན་_100_,བཞིན་_100_,བཞིན་_100_,བཞིན་_100_,བཞིན་_100_,བཞིན་_100_
[དུ་_100_],དུ་_100_,དུ་_100_,དུ་_100_,དུ་_100_,དུ་_100_,དུ་_100_,དུ་_100_,དུ་_100_
[ཕུང་_88_],ཕུང་_88_,ཕུང་_88_,ཕུང་_88_,ཕུང་_88_,ཕུང་_88_,ཕུང་_88_,ཕུད་_11_,ཕུང་_88_
[པོ་_100_],པོ་_100_,པོ་_100_,པོ་_100_,པོ་_100_,པོ་_100_,པོ་_100_,པོ་_100_,པོ་_100_
[དང་_100_],དང་_100_,དང་_100_,དང་_100_,དང་_100_,དང་_100_,དང་_100_,དང་_100_,དང་_100_
[ལྡན་_100_],ལྡན་_100_,ལྡན་_100_,ལྡན་_100_,ལྡན་_100_,ལྡན་_100_,ལྡན་_100_,ལྡན་_100_,ལྡན་_100_
[པ་_100_],པ་_100_,པ་_100_,པ་_100_,པ་_100_,པ་_100_,པ་_100_,པ་_100_,པ་_100_
[ཡང་_100_],ཡང་_100_,ཡང་_100_,ཡང་_100_,ཡང་_100_,ཡང་_100_,ཡང་_100_,ཡང་_100_,ཡང་_100_
[མ་_100_],མ་_100_,མ་_100_,མ་_100_,མ་_100_,མ་_100_,མ་_100_,མ་_100_,མ་_100_
[ཡིན་_100_],ཡིན་_100_,ཡིན་_100_,ཡིན་_100_,ཡིན་_100_,ཡིན་_100_,ཡིན་_100_,ཡིན་_100_,ཡིན་_100_
[ནོ_100_],ནོ_100_,ནོ_100_,ནོ_100_,ནོ_100_,ནོ_100_,ནོ_100_,ནོ_100_,ནོ_100_
[། །​_100_],། །​_100_,། །​_100_,། །​_100_,། །​_100_,། །​_100_,། །​_100_,། །​_100_,། །​_100_
[དེ་_100_],དེ་_100_,དེ་_100_,དེ་_100_,དེ་_100_,དེ་_100_,དེ་_100_,དེ་_100_,དེ་_100_
[ནས་_100_],ནས་_100_,ནས་_100_,ནས་_100_,ནས་_100_,ནས་_100_,ནས་_100_,ནས་_100_,ནས་_100_
[ཕ་_100_],ཕ་_100_,ཕ་_100_,ཕ་_100_,ཕ་_100_,ཕ་_100_,ཕ་_100_,ཕ་_100_,ཕ་_100_
[རོལ་_100_],རོལ་_100_,རོལ་_100_,རོལ་_100_,རོལ་_100_,རོལ་_100_,རོལ་_100_,རོལ་_100_,རོལ་_100_
[རྒོལ་_100_],རྒོལ་_100_,རྒོལ་_100_,རྒོལ་_100_,རྒོལ་_100_,རྒོལ་_100_,རྒོལ་_100_,རྒོལ་_100_,རྒོལ་_100_
[བས_100_],བས_100_,བས_100_,བས_100_,བས_100_,བས_100_,བས_100_,བས_100_,བས_100_
[། _100_],། _100_,། _100_,། _100_,། _100_,། _100_,། _100_,། _100_,། _100_
[འདི་_100_],འདི་_100_,འདི་_100_,འདི་_100_,འདི་_100_,འདི་_100_,འདི་_100_,འདི་_100_,འདི་_100_
[སྐད་_100_],སྐད་_100_,སྐད་_100_,སྐད་_100_,སྐད་_100_,སྐད་_100_,སྐད་_100_,སྐད་_100_,སྐད་_100_
[སྨྲས་_100_],སྨྲས་_100_,སྨྲས་_100_,སྨྲས་_100_,སྨྲས་_100_,སྨྲས་_100_,སྨྲས་_100_,སྨྲས་_100_,སྨྲས་_100_
[ཏེ_100_],ཏེ_100_,ཏེ_100_,ཏེ_100_,ཏེ_100_,ཏེ_100_,ཏེ_100_,ཏེ_100_,ཏེ_100_
[། _100_],། _100_,། _100_,། _100_,། _100_,། _100_,། _100_,། _100_,། _100_
[བདག་_100_],བདག་_100_,བདག་_100_,བདག་_100_,བདག་_100_,བདག་_100_,བདག་_100_,བདག་_100_,བདག་_100_
[མེད་_100_],མེད་_100_,མེད་_100_,མེད་_100_,མེད་_100_,མེད་_100_,མེད་_100_,མེད་_100_,མེད་_100_
[ན་_100_],ན་_100_,ན་_100_,ན་_100_,ན་_100_,ན་_100_,ན་_100_,ན་_100_,ན་_100_
[དེའི་_100_],དེའི་_100_,དེའི་_100_,དེའི་_100_,དེའི་_100_,དེའི་_100_,དེའི་_100_,དེའི་_100_,དེའི་_100_
[ཚེ་_100_],ཚེ་_100_,ཚེ་_100_,ཚེ་_100_,ཚེ་_100_,ཚེ་_100_,ཚེ་_100_,ཚེ་_100_,ཚེ་_100_
[སྦྱིན་_100_],སྦྱིན་_100_,སྦྱིན་_100_,སྦྱིན་_100_,སྦྱིན་_100_,སྦྱིན་_100_,སྦྱིན་_100_,སྦྱིན་_100_,སྦྱིན་_100_
[པ་_88_],པ་_88_,པ་_88_,པ་_88_,པ་_88_,པ་_88_,པ་_88_,པ་མ་རྟོགས་པ་རྟོགས་པར་བྱེད་པ་_11_,པ་_88_
[ལ་_100_],ལ་_100_,ལ་_100_,ལ་_100_,ལ་_100_,ལ་_100_,ལ་_100_,ལ་_100_,ལ་_100_
[སོགས་_100_],སོགས་_100_,སོགས་_100_,སོགས་_100_,སོགས་_100_,སོགས་_100_,སོགས་_100_,སོགས་_100_,སོགས་_100_
[པའི་_100_],པའི་_100_,པའི་_100_,པའི་_100_,པའི་_100_,པའི་_100_,པའི་_100_,པའི་_100_,པའི་_100_
[ལས་_100_],ལས་_100_,ལས་_100_,ལས་_100_,ལས་_100_,ལས་_100_,ལས་_100_,ལས་_100_,ལས་_100_
[དང་_100_],དང་_100_,དང་_100_,དང་_100_,དང་_100_,དང་_100_,དང་_100_,དང་_100_,དང་_100_
[འབྲས་_100_],འབྲས་_100_,འབྲས་_100_,འབྲས་_100_,འབྲས་_100_,འབྲས་_100_,འབྲས་_100_,འབྲས་_100_,འབྲས་_100_
[བུ་_100_],བུ་_100_,བུ་_100_,བུ་_100_,བུ་_100_,བུ་_100_,བུ་_100_,བུ་_100_,བུ་_100_
[འབྲེལ་_100_],འབྲེལ་_100_,འབྲེལ་_100_,འབྲེལ་_100_,འབྲེལ་_100_,འབྲེལ་_100_,འབྲེལ་_100_,འབྲེལ་_100_,འབྲེལ་_100_
[པ་_88_],པ་_88_,པ་_88_,པ་_88_,པ་_88_,པ་_88_,པ་_88_,བ་_11_,པ་_88_
[དོན་_100_],དོན་_100_,དོན་_100_,དོན་_100_,དོན་_100_,དོན་_100_,དོན་_100_,དོན་_100_,དོན་_100_
[མེད་_100_],མེད་_100_,མེད་_100_,མེད་_100_,མེད་_100_,མེད་_100_,མེད་_100_,མེད་_100_,མེད་_100_
[པར་_100_],པར་_100_,པར་_100_,པར་_100_,པར་_100_,པར་_100_,པར་_100_,པར་_100_,པར་_100_
[འགྱུར་_100_],འགྱུར་_100_,འགྱུར་_100_,འགྱུར་_100_,འགྱུར་_100_,འགྱུར་_100_,འགྱུར་_100_,འགྱུར་_100_,འགྱུར་_100_
[ཏེ_100_],ཏེ_100_,ཏེ_100_,ཏེ_100_,ཏེ_100_,ཏེ_100_,ཏེ_100_,ཏེ_100_,ཏེ_100_
[། _100_],། _100_,། _100_,། _100_,། _100_,། _100_,། _100_,། _100_,། _100_
[ཇི་_100_],ཇི་_100_,ཇི་_100_,ཇི་_100_,ཇི་_100_,ཇི་_100_,ཇི་_100_,ཇི་_100_,ཇི་_100_
[ལྟར་_100_],ལྟར་_100_,ལྟར་_100_,ལྟར་_100_,ལྟར་_100_,ལྟར་_100_,ལྟར་_100_,ལྟར་_100_,ལྟར་_100_
[བ་_100_],བ་_100_,བ་_100_,བ་_100_,བ་_100_,བ་_100_,བ་_100_,བ་_100_,བ་_100_
[ལང་ཤི་ན་_77_],ལང་ཤི་ན་_77_,ལང་ཤི་ན་_77_,ལང་ཤི་ན་_77_,ལང་ཤིན་_22_,ལང་ཤི་ན་_77_,ལང་ཤི་ན་_77_,ལང་ཤི་ན་_77_,ལང་ཤིན་_22_
[རྭ་_100_],རྭ་_100_,རྭ་_100_,རྭ་_100_,རྭ་_100_,རྭ་_100_,རྭ་_100_,རྭ་_100_,རྭ་_100_
[དང་_100_],དང་_100_,དང་_100_,དང་_100_,དང་_100_,དང་_100_,དང་_100_,དང་_100_,དང་_100_
[མཇུག་_100_],མཇུག་_100_,མཇུག་_100_,མཇུག་_100_,མཇུག་_100_,མཇུག་_100_,མཇུག་_100_,མཇུག་_100_,མཇུག་_100_
[མ་_100_],མ་_100_,མ་_100_,མ་_100_,མ་_100_,མ་_100_,མ་_100_,མ་_100_,མ་_100_
[དང་_100_],དང་_100_,དང་_100_,དང་_100_,དང་_100_,དང་_100_,དང་_100_,དང་_100_,དང་_100_
[། _100_],། _100_,། _100_,། _100_,། _100_,། _100_,། _100_,། _100_,། _100_
[རྨིག་_100_],རྨིག་_100_,རྨིག་_100_,རྨིག་_100_,རྨིག་_100_,རྨིག་_100_,རྨིག་_100_,རྨིག་_100_,རྨིག་_100_
[པ་_100_],པ་_100_,པ་_100_,པ་_100_,པ་_100_,པ་_100_,པ་_100_,པ་_100_,པ་_100_
[ལ་_100_],ལ་_100_,ལ་_100_,ལ་_100_,ལ་_100_,ལ་_100_,ལ་_100_,ལ་_100_,ལ་_100_
[སོགས་_100_],སོགས་_100_,སོགས་_100_,སོགས་_100_,སོགས་_100_,སོགས་_100_,སོགས་_100_,སོགས་_100_,སོགས་_100_
[པ་_100_],པ་_100_,པ་_100_,པ་_100_,པ་_100_,པ་_100_,པ་_100_,པ་_100_,པ་_100_
[འགྲུབ་_100_],འགྲུབ་_100_,འགྲུབ་_100_,འགྲུབ་_100_,འགྲུབ་_100_,འགྲུབ་_100_,འགྲུབ་_100_,འགྲུབ་_100_,འགྲུབ་_100_
[བར་_77_],བར་_77_,བར་_77_,བར་_77_,བར་_77_,བར་_77_,པར་_22_,པར་_22_,བར་_77_
[འགྱུར་_100_],འགྱུར་_100_,འགྱུར་_100_,འགྱུར་_100_,འགྱུར་_100_,འགྱུར་_100_,འགྱུར་_100_,འགྱུར་_100_,འགྱུར་_100_
[བ་_100_],བ་_100_,བ་_100_,བ་_100_,བ་_100_,བ་_100_,བ་_100_,བ་_100_,བ་_100_
[བཞིན་_100_],བཞིན་_100_,བཞིན་_100_,བཞིན་_100_,བཞིན་_100_,བཞིན་_100_,བཞིན་_100_,བཞིན་_100_,བཞིན་_100_
[ནོ་_100_],ནོ་_100_,ནོ་_100_,ནོ་_100_,ནོ་_100_,ནོ་_100_,ནོ་_100_,ནོ་_100_,ནོ་_100_
[ཞེ་_100_],ཞེ་_100_,ཞེ་_100_,ཞེ་_100_,ཞེ་_100_,ཞེ་_100_,ཞེ་_100_,ཞེ་_100_,ཞེ་_100_
[ན_100_],ན_100_,ན_100_,ན_100_,ན_100_,ན_100_,ན_100_,ན_100_,ན_100_
[། _100_],། _100_,། _100_,། _100_,། _100_,། _100_,། _100_,། _100_,། _100_
[བརྗོད་_100_],བརྗོད་_100_,བརྗོད་_100_,བརྗོད་_100_,བརྗོད་_100_,བརྗོད་_100_,བརྗོད་_100_,བརྗོད་_100_,བརྗོད་_100_
[པ་_100_],པ་_100_,པ་_100_,པ་_100_,པ་_100_,པ་_100_,པ་_100_,པ་_100_,པ་_100_
[དཔེའི་_100_],དཔེའི་_100_,དཔེའི་_100_,དཔེའི་_100_,དཔེའི་_100_,དཔེའི་_100_,དཔེའི་_100_,དཔེའི་_100_,དཔེའི་_100_
[ཁྱད་_100_],ཁྱད་_100_,ཁྱད་_100_,ཁྱད་_100_,ཁྱད་_100_,ཁྱད་_100_,ཁྱད་_100_,ཁྱད་_100_,ཁྱད་_100_
[པར་_100_],པར་_100_,པར་_100_,པར་_100_,པར་_100_,པར་_100_,པར་_100_,པར་_100_,པར་_100_
[ཉོན་_100_],ཉོན་_100_,ཉོན་_100_,ཉོན་_100_,ཉོན་_100_,ཉོན་_100_,ཉོན་_100_,ཉོན་_100_,ཉོན་_100_
[ཅིག །​_88_],ཅིག །​_88_,ཅིག །​_88_,ཅིག །​_88_,ཅིག །​_88_,ཅིག །​_88_,ཅིག །​_88_,ཅིག _11_,ཅིག །​_88_
[དཔེར་_100_],དཔེར་_100_,དཔེར་_100_,དཔེར་_100_,དཔེར་_100_,དཔེར་_100_,དཔེར་_100_,དཔེར་_100_,དཔེར་_100_
[ན་_100_],ན་_100_,ན་_100_,ན་_100_,ན་_100_,ན་_100_,ན་_100_,ན་_100_,ན་_100_
[ཟླ་_100_],ཟླ་_100_,ཟླ་_100_,ཟླ་_100_,ཟླ་_100_,ཟླ་_100_,ཟླ་_100_,ཟླ་_100_,ཟླ་_100_
[བའི་_100_],བའི་_100_,བའི་_100_,བའི་_100_,བའི་_100_,བའི་_100_,བའི་_100_,བའི་_100_,བའི་_100_
[འོད་_100_],འོད་_100_,འོད་_100_,འོད་_100_,འོད་_100_,འོད་_100_,འོད་_100_,འོད་_100_,འོད་_100_
[ལ་_100_],ལ་_100_,ལ་_100_,ལ་_100_,ལ་_100_,ལ་_100_,ལ་_100_,ལ་_100_,ལ་_100_
[ཐག་_100_],ཐག་_100_,ཐག་_100_,ཐག་_100_,ཐག་_100_,ཐག་_100_,ཐག་_100_,ཐག་_100_,ཐག་_100_
[པ་_100_],པ་_100_,པ་_100_,པ་_100_,པ་_100_,པ་_100_,པ་_100_,པ་_100_,པ་_100_
[ལ་_100_],ལ་_100_,ལ་_100_,ལ་_100_,ལ་_100_,ལ་_100_,ལ་_100_,ལ་_100_,ལ་_100_
[སྦྲུལ་_77_],སྦྲུལ་_77_,སྦྲུལ་_77_,སྦྲུལ་_77_,སྤྲུལ་_22_,སྦྲུལ་_77_,སྦྲུལ་_77_,སྦྲུལ་_77_,སྤྲུལ་_22_
[དུ་_100_],དུ་_100_,དུ་_100_,དུ་_100_,དུ་_100_,དུ་_100_,དུ་_100_,དུ་_100_,དུ་_100_
[ཤེས་_100_],ཤེས་_100_,ཤེས་_100_,ཤེས་_100_,ཤེས་_100_,ཤེས་_100_,ཤེས་_100_,ཤེས་_100_,ཤེས་_100_
[ནས་_100_],ནས་_100_,ནས་_100_,ནས་_100_,ནས་_100_,ནས་_100_,ནས་_100_,ནས་_100_,ནས་_100_
[སྐྲག་_100_],སྐྲག་_100_,སྐྲག་_100_,སྐྲག་_100_,སྐྲག་_100_,སྐྲག་_100_,སྐྲག་_100_,སྐྲག་_100_,སྐྲག་_100_
[པ་_100_],པ་_100_,པ་_100_,པ་_100_,པ་_100_,པ་_100_,པ་_100_,པ་_100_,པ་_100_
[དེ་_100_],དེ་_100_,དེ་_100_,དེ་_100_,དེ་_100_,དེ་_100_,དེ་_100_,དེ་_100_,དེ་_100_
[ལྟ་_100_],ལྟ་_100_,ལྟ་_100_,ལྟ་_100_,ལྟ་_100_,ལྟ་_100_,ལྟ་_100_,ལྟ་_100_,ལྟ་_100_
[བུ་_100_],བུ་_100_,བུ་_100_,བུ་_100_,བུ་_100_,བུ་_100_,བུ་_100_,བུ་_100_,བུ་_100_
[ལ་_100_],ལ་_100_,ལ་_100_,ལ་_100_,ལ་_100_,ལ་_100_,ལ་_100_,ལ་_100_,ལ་_100_
[གང་_100_],གང་_100_,གང་_100_,གང་_100_,གང་_100_,གང་_100_,གང་_100_,གང་_100_,གང་_100_
[གི་_100_],གི་_100_,གི་_100_,གི་_100_,གི་_100_,གི་_100_,གི་_100_,གི་_100_,གི་_100_
[ཚེ་_77_],ཚེ་_77_,ཚེ་_77_,ཚེ་_77_,ཆེ་_22_,ཚེ་_77_,ཚེ་_77_,ཚེ་_77_,ཆེ་_22_
[མར་_100_],མར་_100_,མར་_100_,མར་_100_,མར་_100_,མར་_100_,མར་_100_,མར་_100_,མར་_100_
[མེ་ཐོགས་_77_],མེ་ཐོགས་_77_,མེ་ཐོགས་_77_,མེ་ཐོགས་_77_,མ་ཐགས་_22_,མེ་ཐོགས་_77_,མེ་ཐོགས་_77_,མེ་ཐོགས་_77_,མ་ཐགས་_22_
[ནས་_100_],ནས་_100_,ནས་_100_,ནས་_100_,ནས་_100_,ནས་_100_,ནས་_100_,ནས་_100_,ནས་_100_
[བལྟ་_100_],བལྟ་_100_,བལྟ་_100_,བལྟ་_100_,བལྟ་_100_,བལྟ་_100_,བལྟ་_100_,བལྟ་_100_,བལྟ་_100_
[བ་དེའི་ཚེ་འདི་ནི་ཐག་པ་ཡིན་ལ། འདི་ནི་སྦྲུལ་མ་ཡིན་གྱི་འོན་ཀྱང་སྒྲོ་བཏགས་པ་ཉིད་བསལ་བ་ཡིན་ནོ་ཞེས་བྱ་བ་ལྟ་བུའོ། གང་ཟག་ལ་_55_],བ་དེའི་ཚེ་འདི་ནི་ཐག་པ་ཡིན་ལ། འདི་ནི་སྦྲུལ་མ་ཡིན་གྱི་འོན་ཀྱང་སྒྲོ་བཏགས་པ་ཉིད་བསལ་བ་ཡིན་ནོ་ཞེས་བྱ་བ་ལྟ་བུའོ། གང་ཟག་ལ་_55_,བ་དེའི་ཚེ་འདི་ནི་ཐག་པ་ཡིན་ལ། འདི་ནི་སྦྲུལ་མ་ཡིན་གྱི་འོན་ཀྱང་སྒྲོ་བཏགས་པ་ཉིད་བསལ་བ་ཡིན་ནོ་ཞེས་བྱ་བ་ལྟ་བུའོ། གང་ཟག་ལ་_55_,བ་དེའི་ཚེ་འདི་ནི་ཐག་པ་ཡིན་ལ། འདི་ནི་སྦྲུལ་མ་ཡིན་གྱི་འོན་ཀྱང་སྒྲོ་བཏགས་པ་ཉིད་བསལ་བ་ཡིན་ནོ་ཞེས་བྱ་བ་ལྟ་བུའོ། གང་ཟག་ལ་_55_,བ་དེའི་ཚེ་འདི་ནི་ཐག་པ་ཡིན་ལ། འདི་ནི་སྤྲུལ་མ་ཡིན་གྱི་འོན་ཀྱང་སྒྲོ་བཏགས་པ་ཉིད་བསལ་བ་ཡིན་ནོ་ཞེས་བྱ་བ་ལྟ་བུའོ། གང་ཟག་ལ་_22_,བ་དེའི་ཚེ་འདི་ནི་ཐག་པ་ཡིན་ལ། འདི་ནི་སྦྲུལ་མ་ཡིན་གྱི་འོན་ཀྱང་སྒྲོ་བཏགས་པ་ཉིད་བསལ་བ་ཡིན་ནོ་ཞེས་བྱ་བ་ལྟ་བུའོ། གང་ཟག་ལ་_55_,བ་དེའི་ཚེ་འདི་ནི་ཐག་པ་ཡིན་ལ། འདི་ནི་སྦྲུལ་མ་ཡིན་གྱི་འོན་ཀྱང་སྒྲོ་བཏགས་པ་ཉིད་བསལ་བ་ཡིན་ནོ་ཞེས་བྱ་བ་ལྟ་བུའོ། །​གང་ཟག་ལ་_11_,བ་_11_,བ་དེའི་ཚེ་འདི་ནི་ཐག་པ་ཡིན་ལ། འདི་ནི་སྤྲུལ་མ་ཡིན་གྱི་འོན་ཀྱང་སྒྲོ་བཏགས་པ་ཉིད་བསལ་བ་ཡིན་ནོ་ཞེས་བྱ་བ་ལྟ་བུའོ། གང་ཟག་ལ་_22_
[བདག་_100_],བདག་_100_,བདག་_100_,བདག་_100_,བདག་_100_,བདག་_100_,བདག་_100_,བདག་_100_,བདག་_100_
[མེད་_100_],མེད་_100_,མེད་_100_,མེད་_100_,མེད་_100_,མེད་_100_,མེད་_100_,མེད་_100_,མེད་_100_
[པ་_100_],པ་_100_,པ་_100_,པ་_100_,པ་_100_,པ་_100_,པ་_100_,པ་_100_,པ་_100_
[བསྡུས་_100_],བསྡུས་_100_,བསྡུས་_100_,བསྡུས་_100_,བསྡུས་_100_,བསྡུས་_100_,བསྡུས་_100_,བསྡུས་_100_,བསྡུས་_100_
[པའོ_100_],པའོ_100_,པའོ_100_,པའོ_100_,པའོ_100_,པའོ_100_,པའོ_100_,པའོ_100_,པའོ_100_
[། །​_100_],། །​_100_,། །​_100_,། །​_100_,། །​_100_,། །​_100_,། །​_100_,། །​_100_,། །​_100_
[ཡང་_100_],ཡང་_100_,ཡང་_100_,ཡང་_100_,ཡང་_100_,ཡང་_100_,ཡང་_100_,ཡང་_100_,ཡང་_100_
[སྨྲས་_100_],སྨྲས་_100_,སྨྲས་_100_,སྨྲས་_100_,སྨྲས་_100_,སྨྲས་_100_,སྨྲས་_100_,སྨྲས་_100_,སྨྲས་_100_
[པ_100_],པ_100_,པ_100_,པ_100_,པ_100_,པ_100_,པ_100_,པ_100_,པ_100_
[། _100_],། _100_,། _100_,། _100_,། _100_,། _100_,། _100_,། _100_,། _100_
[རེ་_100_],རེ་_100_,རེ་_100_,རེ་_100_,རེ་_100_,རེ་_100_,རེ་_100_,རེ་_100_,རེ་_100_
[ཞིག་_100_],ཞིག་_100_,ཞིག་_100_,ཞིག་_100_,ཞིག་_100_,ཞིག་_100_,ཞིག་_100_,ཞིག་_100_,ཞིག་_100_
[ཐག་_100_],ཐག་_100_,ཐག་_100_,ཐག་_100_,ཐག་_100_,ཐག་_100_,ཐག་_100_,ཐག་_100_,ཐག་_100_
[པ་_100_],པ་_100_,པ་_100_,པ་_100_,པ་_100_,པ་_100_,པ་_100_,པ་_100_,པ་_100_
[ནི་_100_],ནི་_100_,ནི་_100_,ནི་_100_,ནི་_100_,ནི་_100_,ནི་_100_,ནི་_100_,ནི་_100_
[ཡོད་_100_],ཡོད་_100_,ཡོད་_100_,ཡོད་_100_,ཡོད་_100_,ཡོད་_100_,ཡོད་_100_,ཡོད་_100_,ཡོད་_100_
[དོ་_100_],དོ་_100_,དོ་_100_,དོ་_100_,དོ་_100_,དོ་_100_,དོ་_100_,དོ་_100_,དོ་_100_
[ཞེ་_100_],ཞེ་_100_,ཞེ་_100_,ཞེ་_100_,ཞེ་_100_,ཞེ་_100_,ཞེ་_100_,ཞེ་_100_,ཞེ་_100_
[ན_100_],ན_100_,ན_100_,ན_100_,ན_100_,ན_100_,ན_100_,ན_100_,ན_100_
[། _100_],། _100_,། _100_,། _100_,། _100_,། _100_,། _100_,། _100_,། _100_
[སྨྲས་_100_],སྨྲས་_100_,སྨྲས་_100_,སྨྲས་_100_,སྨྲས་_100_,སྨྲས་_100_,སྨྲས་_100_,སྨྲས་_100_,སྨྲས་_100_
[པ_100_],པ_100_,པ_100_,པ_100_,པ_100_,པ_100_,པ_100_,པ_100_,པ_100_
[། _100_],། _100_,། _100_,། _100_,། _100_,། _100_,། _100_,། _100_,། _100_
[འདི་_100_],འདི་_100_,འདི་_100_,འདི་_100_,འདི་_100_,འདི་_100_,འདི་_100_,འདི་_100_,འདི་_100_
[ནི་_100_],ནི་_100_,ནི་_100_,ནི་_100_,ནི་_100_,ནི་_100_,ནི་_100_,ནི་_100_,ནི་_100_
[ཐག་_100_],ཐག་_100_,ཐག་_100_,ཐག་_100_,ཐག་_100_,ཐག་_100_,ཐག་_100_,ཐག་_100_,ཐག་_100_
[པ་_100_],པ་_100_,པ་_100_,པ་_100_,པ་_100_,པ་_100_,པ་_100_,པ་_100_,པ་_100_
[མ་_100_],མ་_100_,མ་_100_,མ་_100_,མ་_100_,མ་_100_,མ་_100_,མ་_100_,མ་_100_
[ཡིན་_100_],ཡིན་_100_,ཡིན་_100_,ཡིན་_100_,ཡིན་_100_,ཡིན་_100_,ཡིན་_100_,ཡིན་_100_,ཡིན་_100_
[གྱི་_100_],གྱི་_100_,གྱི་_100_,གྱི་_100_,གྱི་_100_,གྱི་_100_,གྱི་_100_,གྱི་_100_,གྱི་_100_
[རྐྱང་_100_],རྐྱང་_100_,རྐྱང་_100_,རྐྱང་_100_,རྐྱང་_100_,རྐྱང་_100_,རྐྱང་_100_,རྐྱང་_100_,རྐྱང་_100_
[པ་_100_],པ་_100_,པ་_100_,པ་_100_,པ་_100_,པ་_100_,པ་_100_,པ་_100_,པ་_100_
[གཉིས་_100_],གཉིས་_100_,གཉིས་_100_,གཉིས་_100_,གཉིས་_100_,གཉིས་_100_,གཉིས་_100_,གཉིས་_100_,གཉིས་_100_
[ཡིན་_100_],ཡིན་_100_,ཡིན་_100_,ཡིན་_100_,ཡིན་_100_,ཡིན་_100_,ཡིན་_100_,ཡིན་_100_,ཡིན་_100_
[ནོ_100_],ནོ_100_,ནོ_100_,ནོ_100_,ནོ_100_,ནོ_100_,ནོ_100_,ནོ_100_,ནོ_100_
[། །​_100_],། །​_100_,། །​_100_,། །​_100_,། །​_100_,། །​_100_,། །​_100_,། །​_100_,། །​_100_
[རྐྱང་_100_],རྐྱང་_100_,རྐྱང་_100_,རྐྱང་_100_,རྐྱང་_100_,རྐྱང་_100_,རྐྱང་_100_,རྐྱང་_100_,རྐྱང་_100_
[པ་_100_],པ་_100_,པ་_100_,པ་_100_,པ་_100_,པ་_100_,པ་_100_,པ་_100_,པ་_100_
[ཡང་_100_],ཡང་_100_,ཡང་_100_,ཡང་_100_,ཡང་_100_,ཡང་_100_,ཡང་_100_,ཡང་_100_,ཡང་_100_
[མེད་_100_],མེད་_100_,མེད་_100_,མེད་_100_,མེད་_100_,མེད་_100_,མེད་_100_,མེད་_100_,མེད་_100_
[དེ་_100_],དེ་_100_,དེ་_100_,དེ་_100_,དེ་_100_,དེ་_100_,དེ་_100_,དེ་_100_,དེ་_100_
[རྡུལ་_100_],རྡུལ་_100_,རྡུལ་_100_,རྡུལ་_100_,རྡུལ་_100_,རྡུལ་_100_,རྡུལ་_100_,རྡུལ་_100_,རྡུལ་_100_
[ཕྲ་_100_],ཕྲ་_100_,ཕྲ་_100_,ཕྲ་_100_,ཕྲ་_100_,ཕྲ་_100_,ཕྲ་_100_,ཕྲ་_100_,ཕྲ་_100_
[རབ་_100_],རབ་_100_,རབ་_100_,རབ་_100_,རབ་_100_,རབ་_100_,རབ་_100_,རབ་_100_,རབ་_100_
[འདུས་_100_],འདུས་_100_,འདུས་_100_,འདུས་_100_,འདུས་_100_,འདུས་_100_,འདུས་_100_,འདུས་_100_,འདུས་_100_
[པའི་_100_],པའི་_100_,པའི་_100_,པའི་_100_,པའི་_100_,པའི་_100_,པའི་_100_,པའི་_100_,པའི་_100_
[ཕྱིར་_100_],ཕྱིར་_100_,ཕྱིར་_100_,ཕྱིར་_100_,ཕྱིར་_100_,ཕྱིར་_100_,ཕྱིར་_100_,ཕྱིར་_100_,ཕྱིར་_100_
[རོ_100_],རོ_100_,རོ_100_,རོ_100_,རོ_100_,རོ_100_,རོ_100_,རོ_100_,རོ_100_
[། །​_100_],། །​_100_,། །​_100_,། །​_100_,། །​_100_,། །​_100_,། །​_100_,། །​_100_,། །​_100_
[རྡུལ་_100_],རྡུལ་_100_,རྡུལ་_100_,རྡུལ་_100_,རྡུལ་_100_,རྡུལ་_100_,རྡུལ་_100_,རྡུལ་_100_,རྡུལ་_100_
[ཕྲ་_100_],ཕྲ་_100_,ཕྲ་_100_,ཕྲ་_100_,ཕྲ་_100_,ཕྲ་_100_,ཕྲ་_100_,ཕྲ་_100_,ཕྲ་_100_
[རབ་_100_],རབ་_100_,རབ་_100_,རབ་_100_,རབ་_100_,རབ་_100_,རབ་_100_,རབ་_100_,རབ་_100_
[ཀྱང་_100_],ཀྱང་_100_,ཀྱང་_100_,ཀྱང་_100_,ཀྱང་_100_,ཀྱང་_100_,ཀྱང་_100_,ཀྱང་_100_,ཀྱང་_100_
[ཡོད་_100_],ཡོད་_100_,ཡོད་_100_,ཡོད་_100_,ཡོད་_100_,ཡོད་_100_,ཡོད་_100_,ཡོད་_100_,ཡོད་_100_
[པ་_100_],པ་_100_,པ་_100_,པ་_100_,པ་_100_,པ་_100_,པ་_100_,པ་_100_,པ་_100_
[མ་_100_],མ་_100_,མ་_100_,མ་_100_,མ་_100_,མ་_100_,མ་_100_,མ་_100_,མ་_100_
[ཡིན་_100_],ཡིན་_100_,ཡིན་_100_,ཡིན་_100_,ཡིན་_100_,ཡིན་_100_,ཡིན་_100_,ཡིན་_100_,ཡིན་_100_
[ཏེ_100_],ཏེ_100_,ཏེ_100_,ཏེ_100_,ཏེ_100_,ཏེ_100_,ཏེ_100_,ཏེ_100_,ཏེ_100_
།_44_,།_44_,།_44_,།_44_,[། _55_],། _55_,། _55_,། _55_,། _55_
[ཕྱོགས་_100_],ཕྱོགས་_100_,ཕྱོགས་_100_,ཕྱོགས་_100_,ཕྱོགས་_100_,ཕྱོགས་_100_,ཕྱོགས་_100_,ཕྱོགས་_100_,ཕྱོགས་_100_
[ཆའི་_100_],ཆའི་_100_,ཆའི་_100_,ཆའི་_100_,ཆའི་_100_,ཆའི་_100_,ཆའི་_100_,ཆའི་_100_,ཆའི་_100_
[བྱེ་_100_],བྱེ་_100_,བྱེ་_100_,བྱེ་_100_,བྱེ་_100_,བྱེ་_100_,བྱེ་_100_,བྱེ་_100_,བྱེ་_100_
[བྲག་_100_],བྲག་_100_,བྲག་_100_,བྲག་_100_,བྲག་_100_,བྲག་_100_,བྲག་_100_,བྲག་_100_,བྲག་_100_
[གིས་_100_],གིས་_100_,གིས་_100_,གིས་_100_,གིས་_100_,གིས་_100_,གིས་_100_,གིས་_100_,གིས་_100_
[ཏེ_100_],ཏེ_100_,ཏེ_100_,ཏེ_100_,ཏེ_100_,ཏེ_100_,ཏེ_100_,ཏེ_100_,ཏེ_100_
[། _100_],། _100_,། _100_,། _100_,། _100_,། _100_,། _100_,། _100_,། _100_
[ཕྱོགས་_100_],ཕྱོགས་_100_,ཕྱོགས་_100_,ཕྱོགས་_100_,ཕྱོགས་_100_,ཕྱོགས་_100_,ཕྱོགས་_100_,ཕྱོགས་_100_,ཕྱོགས་_100_
[ཀྱི་_100_],ཀྱི་_100_,ཀྱི་_100_,ཀྱི་_100_,ཀྱི་_100_,ཀྱི་_100_,ཀྱི་_100_,ཀྱི་_100_,ཀྱི་_100_
[དབྱེ་_100_],དབྱེ་_100_,དབྱེ་_100_,དབྱེ་_100_,དབྱེ་_100_,དབྱེ་_100_,དབྱེ་_100_,དབྱེ་_100_,དབྱེ་_100_
[བས་_100_],བས་_100_,བས་_100_,བས་_100_,བས་_100_,བས་_100_,བས་_100_,བས་_100_,བས་_100_
[ཕྱེ་_100_],ཕྱེ་_100_,ཕྱེ་_100_,ཕྱེ་_100_,ཕྱེ་_100_,ཕྱེ་_100_,ཕྱེ་_100_,ཕྱེ་_100_,ཕྱེ་_100_
[བ་_100_],བ་_100_,བ་_100_,བ་_100_,བ་_100_,བ་_100_,བ་_100_,བ་_100_,བ་_100_
[ན_100_],ན_100_,ན_100_,ན_100_,ན_100_,ན_100_,ན_100_,ན_100_,ན_100_
[། _88_],། _88_,། _88_,། _88_,། _88_,། _88_,། །​_11_,། _88_,། _88_
[རྡུལ་_100_],རྡུལ་_100_,རྡུལ་_100_,རྡུལ་_100_,རྡུལ་_100_,རྡུལ་_100_,རྡུལ་_100_,རྡུལ་_100_,རྡུལ་_100_
[ཕྲན་_100_],ཕྲན་_100_,ཕྲན་_100_,ཕྲན་_100_,ཕྲན་_100_,ཕྲན་_100_,ཕྲན་_100_,ཕྲན་_100_,ཕྲན་_100_
[ལ་_100_],ལ་_100_,ལ་_100_,ལ་_100_,ལ་_100_,ལ་_100_,ལ་_100_,ལ་_100_,ལ་_100_
[ཡང་_100_],ཡང་_100_,ཡང་_100_,ཡང་_100_,ཡང་_100_,ཡང་_100_,ཡང་_100_,ཡང་_100_,ཡང་_100_
[དབྱེ་_100_],དབྱེ་_100_,དབྱེ་_100_,དབྱེ་_100_,དབྱེ་_100_,དབྱེ་_100_,དབྱེ་_100_,དབྱེ་_100_,དབྱེ་_100_
[བ་_100_],བ་_100_,བ་_100_,བ་_100_,བ་_100_,བ་_100_,བ་_100_,བ་_100_,བ་_100_
[མཐོང་_100_],མཐོང་_100_,མཐོང་_100_,མཐོང་_100_,མཐོང་_100_,མཐོང་_100_,མཐོང་_100_,མཐོང་_100_,མཐོང་_100_
[། _88_],། _88_,། _88_,། _88_,། _88_,། _88_,། །​_11_,། _88_,། _88_
[གང་_100_],གང་_100_,གང་_100_,གང་_100_,གང་_100_,གང་_100_,གང་_100_,གང་_100_,གང་_100_
[ལ་_100_],ལ་_100_,ལ་_100_,ལ་_100_,ལ་_100_,ལ་_100_,ལ་_100_,ལ་_100_,ལ་_100_
[ཆ་_100_],ཆ་_100_,ཆ་_100_,ཆ་_100_,ཆ་_100_,ཆ་_100_,ཆ་_100_,ཆ་_100_,ཆ་_100_
[ཤས་_100_],ཤས་_100_,ཤས་_100_,ཤས་_100_,ཤས་_100_,ཤས་_100_,ཤས་_100_,ཤས་_100_,ཤས་_100_
[ཀྱིས་_100_],ཀྱིས་_100_,ཀྱིས་_100_,ཀྱིས་_100_,ཀྱིས་_100_,ཀྱིས་_100_,ཀྱིས་_100_,ཀྱིས་_100_,ཀྱིས་_100_
[བརྟགས་_100_],བརྟགས་_100_,བརྟགས་_100_,བརྟགས་_100_,བརྟགས་_100_,བརྟགས་_100_,བརྟགས་_100_,བརྟགས་_100_,བརྟགས་_100_
[ནས། _66_],ནས། _66_,ན། _22_,ན། _22_,ནས། _66_,ནས། _66_,ནས། །​_11_,ནས། _66_,ནས། _66_
[དེ་_100_],དེ་_100_,དེ་_100_,དེ་_100_,དེ་_100_,དེ་_100_,དེ་_100_,དེ་_100_,དེ་_100_
[ཡི་_100_],ཡི་_100_,ཡི་_100_,ཡི་_100_,ཡི་_100_,ཡི་_100_,ཡི་_100_,ཡི་_100_,ཡི་_100_
[རྡུལ་_100_],རྡུལ་_100_,རྡུལ་_100_,རྡུལ་_100_,རྡུལ་_100_,རྡུལ་_100_,རྡུལ་_100_,རྡུལ་_100_,རྡུལ་_100_
[ཕྲན་_100_],ཕྲན་_100_,ཕྲན་_100_,ཕྲན་_100_,ཕྲན་_100_,ཕྲན་_100_,ཕྲན་_100_,ཕྲན་_100_,ཕྲན་_100_
[ཇི་_100_],ཇི་_100_,ཇི་_100_,ཇི་_100_,ཇི་_100_,ཇི་_100_,ཇི་_100_,ཇི་_100_,ཇི་_100_
[ལྟར་_100_],ལྟར་_100_,ལྟར་_100_,ལྟར་_100_,ལྟར་_100_,ལྟར་_100_,ལྟར་_100_,ལྟར་_100_,ལྟར་_100_
[ཡོད_100_],ཡོད_100_,ཡོད_100_,ཡོད_100_,ཡོད_100_,ཡོད_100_,ཡོད_100_,ཡོད_100_,ཡོད_100_
[། _88_],། _88_,། _88_,། _88_,། _88_,། _88_,། །​_11_,། _88_,། _88_
[འོ་_100_],འོ་_100_,འོ་_100_,འོ་_100_,འོ་_100_,འོ་_100_,འོ་_100_,འོ་_100_,འོ་_100_
[ན་_100_],ན་_100_,ན་_100_,ན་_100_,ན་_100_,ན་_100_,ན་_100_,ན་_100_,ན་_100_
[མེད་_100_],མེད་_100_,མེད་_100_,མེད་_100_,མེད་_100_,མེད་_100_,མེད་_100_,མེད་_100_,མེད་_100_
[པ་_100_],པ་_100_,པ་_100_,པ་_100_,པ་_100_,པ་_100_,པ་_100_,པ་_100_,པ་_100_
[ཡིན་_100_],ཡིན་_100_,ཡིན་_100_,ཡིན་_100_,ཡིན་_100_,ཡིན་_100_,ཡིན་_100_,ཡིན་_100_,ཡིན་_100_
[ལ་_100_],ལ་_100_,ལ་_100_,ལ་_100_,ལ་_100_,ལ་_100_,ལ་_100_,ལ་_100_,ལ་_100_
[རག་_100_],རག་_100_,རག་_100_,རག་_100_,རག་_100_,རག་_100_,རག་_100_,རག་_100_,རག་_100_
[མོད་_100_],མོད་_100_,མོད་_100_,མོད་_100_,མོད་_100_,མོད་_100_,མོད་_100_,མོད་_100_,མོད་_100_
[ཅེ་_100_],ཅེ་_100_,ཅེ་_100_,ཅེ་_100_,ཅེ་_100_,ཅེ་_100_,ཅེ་_100_,ཅེ་_100_,ཅེ་_100_
[ན_100_],ན_100_,ན_100_,ན_100_,ན_100_,ན_100_,ན_100_,ན_100_,ན_100_
[། _100_],། _100_,། _100_,། _100_,། _100_,། _100_,། _100_,། _100_,། _100_
[དངོས་_100_],དངོས་_100_,དངོས་_100_,དངོས་_100_,དངོས་_100_,དངོས་_100_,དངོས་_100_,དངོས་_100_,དངོས་_100_
[པོ་_100_],པོ་_100_,པོ་_100_,པོ་_100_,པོ་_100_,པོ་_100_,པོ་_100_,པོ་_100_,པོ་_100_
[ཡོད་_100_],ཡོད་_100_,ཡོད་_100_,ཡོད་_100_,ཡོད་_100_,ཡོད་_100_,ཡོད་_100_,ཡོད་_100_,ཡོད་_100_
[པ་_100_],པ་_100_,པ་_100_,པ་_100_,པ་_100_,པ་_100_,པ་_100_,པ་_100_,པ་_100_
[མ་_100_],མ་_100_,མ་_100_,མ་_100_,མ་_100_,མ་_100_,མ་_100_,མ་_100_,མ་_100_
[ཡིན་_100_],ཡིན་_100_,ཡིན་_100_,ཡིན་_100_,ཡིན་_100_,ཡིན་_100_,ཡིན་_100_,ཡིན་_100_,ཡིན་_100_
[ནོ_100_],ནོ_100_,ནོ_100_,ནོ_100_,ནོ_100_,ནོ_100_,ནོ_100_,ནོ_100_,ནོ_100_
[། །​_88_],། །​_88_,། །​_88_,། །​_88_,། །​_88_,། །​_88_,། །​_88_,། _11_,། །​_88_
[དངོས་_100_],དངོས་_100_,དངོས་_100_,དངོས་_100_,དངོས་_100_,དངོས་_100_,དངོས་_100_,དངོས་_100_,དངོས་_100_
[མེད་_100_],མེད་_100_,མེད་_100_,མེད་_100_,མེད་_100_,མེད་_100_,མེད་_100_,མེད་_100_,མེད་_100_
[གང་_100_],གང་_100_,གང་_100_,གང་_100_,གང་_100_,གང་_100_,གང་_100_,གང་_100_,གང་_100_
[གི་_100_],གི་_100_,གི་_100_,གི་_100_,གི་_100_,གི་_100_,གི་_100_,གི་_100_,གི་_100_
[ཡིན་_100_],ཡིན་_100_,ཡིན་_100_,ཡིན་_100_,ཡིན་_100_,ཡིན་_100_,ཡིན་_100_,ཡིན་_100_,ཡིན་_100_
[པར་_100_],པར་_100_,པར་_100_,པར་_100_,པར་_100_,པར་_100_,པར་_100_,པར་_100_,པར་_100_
[འགྱུར_100_],འགྱུར_100_,འགྱུར_100_,འགྱུར_100_,འགྱུར_100_,འགྱུར_100_,འགྱུར_100_,འགྱུར_100_,འགྱུར_100_
[། _88_],། _88_,། _88_,། _88_,། _88_,། _88_,། །​_11_,། _88_,། _88_
[གང་_100_],གང་_100_,གང་_100_,གང་_100_,གང་_100_,གང་_100_,གང་_100_,གང་_100_,གང་_100_
[གིས་_77_],གིས་_77_,གི་_22_,གི་_22_,གིས་_77_,གིས་_77_,གིས་_77_,གིས་_77_,གིས་_77_
[དངོས་_100_],དངོས་_100_,དངོས་_100_,དངོས་_100_,དངོས་_100_,དངོས་_100_,དངོས་_100_,དངོས་_100_,དངོས་_100_
[དང་_100_],དང་_100_,དང་_100_,དང་_100_,དང་_100_,དང་_100_,དང་_100_,དང་_100_,དང་_100_
[དངོས་_100_],དངོས་_100_,དངོས་_100_,དངོས་_100_,དངོས་_100_,དངོས་_100_,དངོས་_100_,དངོས་_100_,དངོས་_100_
[མེད་_100_],མེད་_100_,མེད་_100_,མེད་_100_,མེད་_100_,མེད་_100_,མེད་_100_,མེད་_100_,མེད་_100_
[ཤེས_100_],ཤེས_100_,ཤེས_100_,ཤེས_100_,ཤེས_100_,ཤེས_100_,ཤེས_100_,ཤེས_100_,ཤེས_100_
[། _88_],། _88_,། _88_,། _88_,། _88_,། _88_,། །​_11_,། _88_,། _88_
[ཞེས་_100_],ཞེས་_100_,ཞེས་_100_,ཞེས་_100_,ཞེས་_100_,ཞེས་_100_,ཞེས་_100_,ཞེས་_100_,ཞེས་_100_
[བྱ་_100_],བྱ་_100_,བྱ་_100_,བྱ་_100_,བྱ་_100_,བྱ་_100_,བྱ་_100_,བྱ་_100_,བྱ་_100_
[བ་_100_],བ་_100_,བ་_100_,བ་_100_,བ་_100_,བ་_100_,བ་_100_,བ་_100_,བ་_100_
[ནི་_100_],ནི་_100_,ནི་_100_,ནི་_100_,ནི་_100_,ནི་_100_,ནི་_100_,ནི་_100_,ནི་_100_
[ཆོས་_100_],ཆོས་_100_,ཆོས་_100_,ཆོས་_100_,ཆོས་_100_,ཆོས་_100_,ཆོས་_100_,ཆོས་_100_,ཆོས་_100_
[ལ་_100_],ལ་_100_,ལ་_100_,ལ་_100_,ལ་_100_,ལ་_100_,ལ་_100_,ལ་_100_,ལ་_100_
[བདག་_100_],བདག་_100_,བདག་_100_,བདག་_100_,བདག་_100_,བདག་_100_,བདག་_100_,བདག་_100_,བདག་_100_
[མེད་_100_],མེད་_100_,མེད་_100_,མེད་_100_,མེད་_100_,མེད་_100_,མེད་_100_,མེད་_100_,མེད་_100_
[པའོ_100_],པའོ_100_,པའོ_100_,པའོ_100_,པའོ_100_,པའོ_100_,པའོ_100_,པའོ_100_,པའོ_100_
[། །​_100_],། །​_100_,། །​_100_,། །​_100_,། །​_100_,། །​_100_,། །​_100_,། །​_100_,། །​_100_
[འདིར་_100_],འདིར་_100_,འདིར་_100_,འདིར་_100_,འདིར་_100_,འདིར་_100_,འདིར་_100_,འདིར་_100_,འདིར་_100_
[སྨྲས་_100_],སྨྲས་_100_,སྨྲས་_100_,སྨྲས་_100_,སྨྲས་_100_,སྨྲས་_100_,སྨྲས་_100_,སྨྲས་_100_,སྨྲས་_100_
[པ_100_],པ_100_,པ_100_,པ_100_,པ_100_,པ_100_,པ_100_,པ_100_,པ_100_
[། _100_],། _100_,། _100_,། _100_,། _100_,། _100_,། _100_,། _100_,། _100_
[སྐྱེ་_100_],སྐྱེ་_100_,སྐྱེ་_100_,སྐྱེ་_100_,སྐྱེ་_100_,སྐྱེ་_100_,སྐྱེ་_100_,སྐྱེ་_100_,སྐྱེ་_100_
[བ་_100_],བ་_100_,བ་_100_,བ་_100_,བ་_100_,བ་_100_,བ་_100_,བ་_100_,བ་_100_
[དང་_100_],དང་_100_,དང་_100_,དང་_100_,དང་_100_,དང་_100_,དང་_100_,དང་_100_,དང་_100_
[། _88_],། _88_,། _88_,། _88_,། _88_,། _88_,། _88_,།_11_,། _88_
[གནས་_100_],གནས་_100_,གནས་_100_,གནས་_100_,གནས་_100_,གནས་_100_,གནས་_100_,གནས་_100_,གནས་_100_
[པ་_100_],པ་_100_,པ་_100_,པ་_100_,པ་_100_,པ་_100_,པ་_100_,པ་_100_,པ་_100_
[དང་_100_],དང་_100_,དང་_100_,དང་_100_,དང་_100_,དང་_100_,དང་_100_,དང་_100_,དང་_100_
[། _100_],། _100_,། _100_,། _100_,། _100_,། _100_,། _100_,། _100_,། _100_
[འཇིག་_100_],འཇིག་_100_,འཇིག་_100_,འཇིག་_100_,འཇིག་_100_,འཇིག་_100_,འཇིག་_100_,འཇིག་_100_,འཇིག་_100_
[པ་_100_],པ་_100_,པ་_100_,པ་_100_,པ་_100_,པ་_100_,པ་_100_,པ་_100_,པ་_100_
[ཇི་_100_],ཇི་_100_,ཇི་_100_,ཇི་_100_,ཇི་_100_,ཇི་_100_,ཇི་_100_,ཇི་_100_,ཇི་_100_
[ལྟར་བལྟ་_77_],ལྟར་བལྟ་_77_,ལྟར་ལྟ་_11_,ལྟར་_11_,ལྟར་བལྟ་_77_,ལྟར་བལྟ་_77_,ལྟར་བལྟ་_77_,ལྟར་བལྟ་_77_,ལྟར་བལྟ་_77_
[བར་_100_],བར་_100_,བར་_100_,བར་_100_,བར་_100_,བར་_100_,བར་_100_,བར་_100_,བར་_100_
[བྱ་_100_],བྱ་_100_,བྱ་_100_,བྱ་_100_,བྱ་_100_,བྱ་_100_,བྱ་_100_,བྱ་_100_,བྱ་_100_
[ཞེ་_100_],ཞེ་_100_,ཞེ་_100_,ཞེ་_100_,ཞེ་_100_,ཞེ་_100_,ཞེ་_100_,ཞེ་_100_,ཞེ་_100_
[ན_100_],ན_100_,ན_100_,ན_100_,ན_100_,ན_100_,ན_100_,ན_100_,ན_100_
[། _100_],། _100_,། _100_,། _100_,། _100_,། _100_,། _100_,། _100_,། _100_
[བརྗོད་_100_],བརྗོད་_100_,བརྗོད་_100_,བརྗོད་_100_,བརྗོད་_100_,བརྗོད་_100_,བརྗོད་_100_,བརྗོད་_100_,བརྗོད་_100_
[པ_100_],པ_100_,པ_100_,པ_100_,པ_100_,པ_100_,པ_100_,པ_100_,པ_100_
[། ཅི་_77_],། ཅི་_77_,།ཇི་_22_,།ཇི་_22_,། ཅི་_77_,། ཅི་_77_,། ཅི་_77_,། ཅི་_77_,། ཅི་_77_
[ཞིག་_100_],ཞིག་_100_,ཞིག་_100_,ཞིག་_100_,ཞིག་_100_,ཞིག་_100_,ཞིག་_100_,ཞིག་_100_,ཞིག་_100_
[ཡོད་_100_],ཡོད་_100_,ཡོད་_100_,ཡོད་_100_,ཡོད་_100_,ཡོད་_100_,ཡོད་_100_,ཡོད་_100_,ཡོད་_100_
[པར་_100_],པར་_100_,པར་_100_,པར་_100_,པར་_100_,པར་_100_,པར་_100_,པར་_100_,པར་_100_
[སྲིད་པར་_77_],སྲིད་པར་_77_,སྲིད་_22_,སྲིད་_22_,སྲིད་པར་_77_,སྲིད་པར་_77_,སྲིད་པར་_77_,སྲིད་པར་_77_,སྲིད་པར་_77_
[སྨྲས་_100_],སྨྲས་_100_,སྨྲས་_100_,སྨྲས་_100_,སྨྲས་_100_,སྨྲས་_100_,སྨྲས་_100_,སྨྲས་_100_,སྨྲས་_100_
[པ_100_],པ_100_,པ_100_,པ_100_,པ_100_,པ_100_,པ_100_,པ_100_,པ_100_
[། _100_],། _100_,། _100_,། _100_,། _100_,། _100_,། _100_,། _100_,། _100_
[སྐྱེ་_100_],སྐྱེ་_100_,སྐྱེ་_100_,སྐྱེ་_100_,སྐྱེ་_100_,སྐྱེ་_100_,སྐྱེ་_100_,སྐྱེ་_100_,སྐྱེ་_100_
[བའོ_100_],བའོ_100_,བའོ_100_,བའོ_100_,བའོ_100_,བའོ_100_,བའོ_100_,བའོ_100_,བའོ_100_
[། །​_77_],། །​_77_,། །​_77_,། །​_77_,། །​_77_,། །​_77_,། _11_,། །​ _11_,། །​_77_
[གནས་_100_],གནས་_100_,གནས་_100_,གནས་_100_,གནས་_100_,གནས་_100_,གནས་_100_,གནས་_100_,གནས་_100_
[པ་_100_],པ་_100_,པ་_100_,པ་_100_,པ་_100_,པ་_100_,པ་_100_,པ་_100_,པ་_100_
[དང་_100_],དང་_100_,དང་_100_,དང་_100_,དང་_100_,དང་_100_,དང་_100_,དང་_100_,དང་_100_
[འཇིག་_100_],འཇིག་_100_,འཇིག་_100_,འཇིག་_100_,འཇིག་_100_,འཇིག་_100_,འཇིག་_100_,འཇིག་_100_,འཇིག་_100_
[པ་_100_],པ་_100_,པ་_100_,པ་_100_,པ་_100_,པ་_100_,པ་_100_,པ་_100_,པ་_100_
[མེད་_100_],མེད་_100_,མེད་_100_,མེད་_100_,མེད་_100_,མེད་_100_,མེད་_100_,མེད་_100_,མེད་_100_
[པར་_100_],པར་_100_,པར་_100_,པར་_100_,པར་_100_,པར་_100_,པར་_100_,པར་_100_,པར་_100_
[སྐྱེ་_100_],སྐྱེ་_100_,སྐྱེ་_100_,སྐྱེ་_100_,སྐྱེ་_100_,སྐྱེ་_100_,སྐྱེ་_100_,སྐྱེ་_100_,སྐྱེ་_100_
[བ་_100_],བ་_100_,བ་_100_,བ་_100_,བ་_100_,བ་_100_,བ་_100_,བ་_100_,བ་_100_
[འདོད་_100_],འདོད་_100_,འདོད་_100_,འདོད་_100_,འདོད་_100_,འདོད་_100_,འདོད་_100_,འདོད་_100_,འདོད་_100_
[ན་_100_],ན་_100_,ན་_100_,ན་_100_,ན་_100_,ན་_100_,ན་_100_,ན་_100_,ན་_100_
[དེའི་ཚེ་རི་_88_],དེའི་ཚེ་རི་_88_,དེའི་ཚེ་རི་_88_,དེའི་ཚེ་རི་_88_,དེའི་ཚེ་རི་_88_,དེའི་ཚེ་རི་_88_,དེའི་ཚེ་རི་_88_,དེའི་ཚོརི་_11_,དེའི་ཚེ་རི་_88_
[བོང་_100_],བོང་_100_,བོང་_100_,བོང་_100_,བོང་_100_,བོང་_100_,བོང་_100_,བོང་_100_,བོང་_100_
[གི་_100_],གི་_100_,གི་_100_,གི་_100_,གི་_100_,གི་_100_,གི་_100_,གི་_100_,གི་_100_
[རྭ་_100_],རྭ་_100_,རྭ་_100_,རྭ་_100_,རྭ་_100_,རྭ་_100_,རྭ་_100_,རྭ་_100_,རྭ་_100_
[ལ་_100_],ལ་_100_,ལ་_100_,ལ་_100_,ལ་_100_,ལ་_100_,ལ་_100_,ལ་_100_,ལ་_100_
[སོགས་_100_],སོགས་_100_,སོགས་_100_,སོགས་_100_,སོགས་_100_,སོགས་_100_,སོགས་_100_,སོགས་_100_,སོགས་_100_
[པ་_100_],པ་_100_,པ་_100_,པ་_100_,པ་_100_,པ་_100_,པ་_100_,པ་_100_,པ་_100_
[དག་_100_],དག་_100_,དག་_100_,དག་_100_,དག་_100_,དག་_100_,དག་_100_,དག་_100_,དག་_100_
[གི་_100_],གི་_100_,གི་_100_,གི་_100_,གི་_100_,གི་_100_,གི་_100_,གི་_100_,གི་_100_
[སྐྱེ་_100_],སྐྱེ་_100_,སྐྱེ་_100_,སྐྱེ་_100_,སྐྱེ་_100_,སྐྱེ་_100_,སྐྱེ་_100_,སྐྱེ་_100_,སྐྱེ་_100_
[བ་_100_],བ་_100_,བ་_100_,བ་_100_,བ་_100_,བ་_100_,བ་_100_,བ་_100_,བ་_100_
[གང་_100_],གང་_100_,གང་_100_,གང་_100_,གང་_100_,གང་_100_,གང་_100_,གང་_100_,གང་_100_
[གིས་_100_],གིས་_100_,གིས་_100_,གིས་_100_,གིས་_100_,གིས་_100_,གིས་_100_,གིས་_100_,གིས་_100_
[ཟློག་_77_],ཟློག་_77_,བཟློག་_22_,བཟློག་_22_,ཟློག་_77_,ཟློག་_77_,ཟློག་_77_,ཟློག་_77_,ཟློག་_77_
[པར་_100_],པར་_100_,པར་_100_,པར་_100_,པར་_100_,པར་_100_,པར་_100_,པར་_100_,པར་_100_
[བྱེད_100_],བྱེད_100_,བྱེད_100_,བྱེད_100_,བྱེད_100_,བྱེད_100_,བྱེད_100_,བྱེད_100_,བྱེད_100_
[། _100_],། _100_,། _100_,། _100_,། _100_,། _100_,། _100_,། _100_,། _100_
[སྨྲས་_100_],སྨྲས་_100_,སྨྲས་_100_,སྨྲས་_100_,སྨྲས་_100_,སྨྲས་_100_,སྨྲས་_100_,སྨྲས་_100_,སྨྲས་_100_
[པ_100_],པ_100_,པ_100_,པ_100_,པ_100_,པ_100_,པ_100_,པ_100_,པ_100_
[། _100_],། _100_,། _100_,། _100_,། _100_,། _100_,། _100_,། _100_,། _100_
[ཡོད་_100_],ཡོད་_100_,ཡོད་_100_,ཡོད་_100_,ཡོད་_100_,ཡོད་_100_,ཡོད་_100_,ཡོད་_100_,ཡོད་_100_
[དུ་_100_],དུ་_100_,དུ་_100_,དུ་_100_,དུ་_100_,དུ་_100_,དུ་_100_,དུ་_100_,དུ་_100_
[ཆུག་_100_],ཆུག་_100_,ཆུག་_100_,ཆུག་_100_,ཆུག་_100_,ཆུག་_100_,ཆུག་_100_,ཆུག་_100_,ཆུག་_100_
[མོད་_100_],མོད་_100_,མོད་_100_,མོད་_100_,མོད་_100_,མོད་_100_,མོད་_100_,མོད་_100_,མོད་_100_
[ཅེ་_100_],ཅེ་_100_,ཅེ་_100_,ཅེ་_100_,ཅེ་_100_,ཅེ་_100_,ཅེ་_100_,ཅེ་_100_,ཅེ་_100_
[ན_100_],ན_100_,ན_100_,ན_100_,ན_100_,ན_100_,ན_100_,ན_100_,ན_100_
[། _100_],། _100_,། _100_,། _100_,། _100_,། _100_,། _100_,། _100_,། _100_
[སྐྱེ་_100_],སྐྱེ་_100_,སྐྱེ་_100_,སྐྱེ་_100_,སྐྱེ་_100_,སྐྱེ་_100_,སྐྱེ་_100_,སྐྱེ་_100_,སྐྱེ་_100_
[བ་_100_],བ་_100_,བ་_100_,བ་_100_,བ་_100_,བ་_100_,བ་_100_,བ་_100_,བ་_100_
[དང་_100_],དང་_100_,དང་_100_,དང་_100_,དང་_100_,དང་_100_,དང་_100_,དང་_100_,དང་_100_
[། _100_],། _100_,། _100_,། _100_,། _100_,། _100_,། _100_,། _100_,། _100_
[འཇིག་_100_],འཇིག་_100_,འཇིག་_100_,འཇིག་_100_,འཇིག་_100_,འཇིག་_100_,འཇིག་_100_,འཇིག་_100_,འཇིག་_100_
[པ་_100_],པ་_100_,པ་_100_,པ་_100_,པ་_100_,པ་_100_,པ་_100_,པ་_100_,པ་_100_
[མེད་_100_],མེད་_100_,མེད་_100_,མེད་_100_,མེད་_100_,མེད་_100_,མེད་_100_,མེད་_100_,མེད་_100_
[ན་_100_],ན་_100_,ན་_100_,ན་_100_,ན་_100_,ན་_100_,ན་_100_,ན་_100_,ན་_100_
[འོ་_100_],འོ་_100_,འོ་_100_,འོ་_100_,འོ་_100_,འོ་_100_,འོ་_100_,འོ་_100_,འོ་_100_
[ན་_100_],ན་_100_,ན་_100_,ན་_100_,ན་_100_,ན་_100_,ན་_100_,ན་_100_,ན་_100_
[གང་_100_],གང་_100_,གང་_100_,གང་_100_,གང་_100_,གང་_100_,གང་_100_,གང་_100_,གང་_100_
[གིས་_100_],གིས་_100_,གིས་_100_,གིས་_100_,གིས་_100_,གིས་_100_,གིས་_100_,གིས་_100_,གིས་_100_
[གནས་_88_],གནས་_88_,གནས་_88_,གནས་_88_,གནས་_88_,གནས་_88_,གནས་_88_,གཞས་_11_,གནས་_88_
[པ་_100_],པ་_100_,པ་_100_,པ་_100_,པ་_100_,པ་_100_,པ་_100_,པ་_100_,པ་_100_
[ཡིན་_100_],ཡིན་_100_,ཡིན་_100_,ཡིན་_100_,ཡིན་_100_,ཡིན་_100_,ཡིན་_100_,ཡིན་_100_,ཡིན་_100_
[ཞེ་_100_],ཞེ་_100_,ཞེ་_100_,ཞེ་_100_,ཞེ་_100_,ཞེ་_100_,ཞེ་_100_,ཞེ་_100_,ཞེ་_100_
[ན_100_],ན_100_,ན_100_,ན_100_,ན_100_,ན_100_,ན_100_,ན_100_,ན_100_
[། _100_],། _100_,། _100_,། _100_,། _100_,། _100_,། _100_,། _100_,། _100_
[སྨྲས་_100_],སྨྲས་_100_,སྨྲས་_100_,སྨྲས་_100_,སྨྲས་_100_,སྨྲས་_100_,སྨྲས་_100_,སྨྲས་_100_,སྨྲས་_100_
[པ_100_],པ_100_,པ_100_,པ_100_,པ_100_,པ_100_,པ_100_,པ_100_,པ_100_
[། འཇིག་_77_],། འཇིག་_77_,།འཇིགས་_22_,།འཇིགས་_22_,། འཇིག་_77_,། འཇིག་_77_,། འཇིག་_77_,། འཇིག་_77_,། འཇིག་_77_
[པ་_100_],པ་_100_,པ་_100_,པ་_100_,པ་_100_,པ་_100_,པ་_100_,པ་_100_,པ་_100_
[ཡང་_100_],ཡང་_100_,ཡང་_100_,ཡང་_100_,ཡང་_100_,ཡང་_100_,ཡང་_100_,ཡང་_100_,ཡང་_100_
[ཡིན་_100_],ཡིན་_100_,ཡིན་_100_,ཡིན་_100_,ཡིན་_100_,ཡིན་_100_,ཡིན་_100_,ཡིན་_100_,ཡིན་_100_
[མོད་_100_],མོད་_100_,མོད་_100_,མོད་_100_,མོད་_100_,མོད་_100_,མོད་_100_,མོད་_100_,མོད་_100_
[ཅེ་_100_],ཅེ་_100_,ཅེ་_100_,ཅེ་_100_,ཅེ་_100_,ཅེ་_100_,ཅེ་_100_,ཅེ་_100_,ཅེ་_100_
[ན_100_],ན_100_,ན_100_,ན_100_,ན_100_,ན_100_,ན_100_,ན_100_,ན_100_
[། _100_],། _100_,། _100_,། _100_,། _100_,། _100_,། _100_,། _100_,། _100_
[དེ་_100_],དེ་_100_,དེ་_100_,དེ་_100_,དེ་_100_,དེ་_100_,དེ་_100_,དེ་_100_,དེ་_100_
[ནི་_100_],ནི་_100_,ནི་_100_,ནི་_100_,ནི་_100_,ནི་_100_,ནི་_100_,ནི་_100_,ནི་_100_
[མི་_100_],མི་_100_,མི་_100_,མི་_100_,མི་_100_,མི་_100_,མི་_100_,མི་_100_,མི་_100_
[རིགས་_100_],རིགས་_100_,རིགས་_100_,རིགས་_100_,རིགས་_100_,རིགས་_100_,རིགས་_100_,རིགས་_100_,རིགས་_100_
[ཏེ_100_],ཏེ_100_,ཏེ_100_,ཏེ_100_,ཏེ_100_,ཏེ_100_,ཏེ_100_,ཏེ_100_,ཏེ_100_
[། _100_],། _100_,། _100_,། _100_,། _100_,། _100_,། _100_,། _100_,། _100_
[ཇི་_100_],ཇི་_100_,ཇི་_100_,ཇི་_100_,ཇི་_100_,ཇི་_100_,ཇི་_100_,ཇི་_100_,ཇི་_100_
[ལྟར་_100_],ལྟར་_100_,ལྟར་_100_,ལྟར་_100_,ལྟར་_100_,ལྟར་_100_,ལྟར་_100_,ལྟར་_100_,ལྟར་_100_
[གང་_100_],གང་_100_,གང་_100_,གང་_100_,གང་_100_,གང་_100_,གང་_100_,གང་_100_,གང་_100_
[ལ་_100_],ལ་_100_,ལ་_100_,ལ་_100_,ལ་_100_,ལ་_100_,ལ་_100_,ལ་_100_,ལ་_100_
[སྐྱེ་_100_],སྐྱེ་_100_,སྐྱེ་_100_,སྐྱེ་_100_,སྐྱེ་_100_,སྐྱེ་_100_,སྐྱེ་_100_,སྐྱེ་_100_,སྐྱེ་_100_
[བ་_100_],བ་_100_,བ་_100_,བ་_100_,བ་_100_,བ་_100_,བ་_100_,བ་_100_,བ་_100_
[དང་_100_],དང་_100_,དང་_100_,དང་_100_,དང་_100_,དང་_100_,དང་_100_,དང་_100_,དང་_100_
[འཇིག་_100_],འཇིག་_100_,འཇིག་_100_,འཇིག་_100_,འཇིག་_100_,འཇིག་_100_,འཇིག་_100_,འཇིག་_100_,འཇིག་_100_
[པ་_100_],པ་_100_,པ་_100_,པ་_100_,པ་_100_,པ་_100_,པ་_100_,པ་_100_,པ་_100_
[མེད་_100_],མེད་_100_,མེད་_100_,མེད་_100_,མེད་_100_,མེད་_100_,མེད་_100_,མེད་_100_,མེད་_100_
[པ་_100_],པ་_100_,པ་_100_,པ་_100_,པ་_100_,པ་_100_,པ་_100_,པ་_100_,པ་_100_
[དེ་_100_],དེ་_100_,དེ་_100_,དེ་_100_,དེ་_100_,དེ་_100_,དེ་_100_,དེ་_100_,དེ་_100_
[ལ་_100_],ལ་_100_,ལ་_100_,ལ་_100_,ལ་_100_,ལ་_100_,ལ་_100_,ལ་_100_,ལ་_100_
[འཇིག་_100_],འཇིག་_100_,འཇིག་_100_,འཇིག་_100_,འཇིག་_100_,འཇིག་_100_,འཇིག་_100_,འཇིག་_100_,འཇིག་_100_
[པར་_100_],པར་_100_,པར་_100_,པར་_100_,པར་_100_,པར་_100_,པར་_100_,པར་_100_,པར་_100_
[འགྱུར་_100_],འགྱུར་_100_,འགྱུར་_100_,འགྱུར་_100_,འགྱུར་_100_,འགྱུར་_100_,འགྱུར་_100_,འགྱུར་_100_,འགྱུར་_100_
[རོ་_88_],རོ་_88_,རོ་_88_,རོ་_88_,རོ་_88_,རོ་_88_,རོ་_88_,རོ་མ་རྟོགས་པ་རྟོགས་པར་བྱེད་པ _11_,རོ་_88_
[ཞེ་_100_],ཞེ་_100_,ཞེ་_100_,ཞེ་_100_,ཞེ་_100_,ཞེ་_100_,ཞེ་_100_,ཞེ་_100_,ཞེ་_100_
[ན_100_],ན_100_,ན_100_,ན_100_,ན_100_,ན_100_,ན_100_,ན_100_,ན_100_
[། _100_],། _100_,། _100_,། _100_,། _100_,། _100_,། _100_,། _100_,། _100_
[འོན་_100_],འོན་_100_,འོན་_100_,འོན་_100_,འོན་_100_,འོན་_100_,འོན་_100_,འོན་_100_,འོན་_100_
[ཏེ་_100_],ཏེ་_100_,ཏེ་_100_,ཏེ་_100_,ཏེ་_100_,ཏེ་_100_,ཏེ་_100_,ཏེ་_100_,ཏེ་_100_
[ཅིག་_100_],ཅིག་_100_,ཅིག་_100_,ཅིག་_100_,ཅིག་_100_,ཅིག་_100_,ཅིག་_100_,ཅིག་_100_,ཅིག་_100_
[ཅར་_100_],ཅར་_100_,ཅར་_100_,ཅར་_100_,ཅར་_100_,ཅར་_100_,ཅར་_100_,ཅར་_100_,ཅར་_100_
[འབྱུང་_100_],འབྱུང་_100_,འབྱུང་_100_,འབྱུང་_100_,འབྱུང་_100_,འབྱུང་_100_,འབྱུང་_100_,འབྱུང་_100_,འབྱུང་_100_
[བར་_100_],བར་_100_,བར་_100_,བར་_100_,བར་_100_,བར་_100_,བར་_100_,བར་_100_,བར་_100_
[འགྱུར་_100_],འགྱུར་_100_,འགྱུར་_100_,འགྱུར་_100_,འགྱུར་_100_,འགྱུར་_100_,འགྱུར་_100_,འགྱུར་_100_,འགྱུར་_100_
[རོ་_100_],རོ་_100_,རོ་_100_,རོ་_100_,རོ་_100_,རོ་_100_,རོ་_100_,རོ་_100_,རོ་_100_
[ཞེ་_100_],ཞེ་_100_,ཞེ་_100_,ཞེ་_100_,ཞེ་_100_,ཞེ་_100_,ཞེ་_100_,ཞེ་_100_,ཞེ་_100_
[ན_100_],ན_100_,ན_100_,ན_100_,ན_100_,ན_100_,ན_100_,ན_100_,ན_100_
[། _100_],། _100_,། _100_,། _100_,། _100_,། _100_,། _100_,། _100_,། _100_
[མ་_100_],མ་_100_,མ་_100_,མ་_100_,མ་_100_,མ་_100_,མ་_100_,མ་_100_,མ་_100_
[ཡིན་_100_],ཡིན་_100_,ཡིན་_100_,ཡིན་_100_,ཡིན་_100_,ཡིན་_100_,ཡིན་_100_,ཡིན་_100_,ཡིན་_100_
[ཏེ་_100_],ཏེ་_100_,ཏེ་_100_,ཏེ་_100_,ཏེ་_100_,ཏེ་_100_,ཏེ་_100_,ཏེ་_100_,ཏེ་_100_
[ཕན་_100_],ཕན་_100_,ཕན་_100_,ཕན་_100_,ཕན་_100_,ཕན་_100_,ཕན་_100_,ཕན་_100_,ཕན་_100_
[ཚུན་_100_],ཚུན་_100_,ཚུན་_100_,ཚུན་_100_,ཚུན་_100_,ཚུན་_100_,ཚུན་_100_,ཚུན་_100_,ཚུན་_100_
[འགལ་_100_],འགལ་_100_,འགལ་_100_,འགལ་_100_,འགལ་_100_,འགལ་_100_,འགལ་_100_,འགལ་_100_,འགལ་_100_
[བའི་_100_],བའི་_100_,བའི་_100_,བའི་_100_,བའི་_100_,བའི་_100_,བའི་_100_,བའི་_100_,བའི་_100_
[ཕྱིར་_100_],ཕྱིར་_100_,ཕྱིར་_100_,ཕྱིར་_100_,ཕྱིར་_100_,ཕྱིར་_100_,ཕྱིར་_100_,ཕྱིར་_100_,ཕྱིར་_100_
[སྣང་_100_],སྣང་_100_,སྣང་_100_,སྣང་_100_,སྣང་_100_,སྣང་_100_,སྣང་_100_,སྣང་_100_,སྣང་_100_
[བ་_100_],བ་_100_,བ་_100_,བ་_100_,བ་_100_,བ་_100_,བ་_100_,བ་_100_,བ་_100_
[དང་_100_],དང་_100_,དང་_100_,དང་_100_,དང་_100_,དང་_100_,དང་_100_,དང་_100_,དང་_100_
[མུན་_100_],མུན་_100_,མུན་_100_,མུན་_100_,མུན་_100_,མུན་_100_,མུན་_100_,མུན་_100_,མུན་_100_
[པ་_100_],པ་_100_,པ་_100_,པ་_100_,པ་_100_,པ་_100_,པ་_100_,པ་_100_,པ་_100_
[བཞིན་_100_],བཞིན་_100_,བཞིན་_100_,བཞིན་_100_,བཞིན་_100_,བཞིན་_100_,བཞིན་_100_,བཞིན་_100_,བཞིན་_100_
[ནོ_100_],ནོ_100_,ནོ_100_,ནོ_100_,ནོ_100_,ནོ_100_,ནོ_100_,ནོ_100_,ནོ_100_
[། །​_100_],། །​_100_,། །​_100_,། །​_100_,། །​_100_,། །​_100_,། །​_100_,། །​_100_,། །​_100_
[ཡང་_100_],ཡང་_100_,ཡང་_100_,ཡང་_100_,ཡང་_100_,ཡང་_100_,ཡང་_100_,ཡང་_100_,ཡང་_100_
[རྣམ་_100_],རྣམ་_100_,རྣམ་_100_,རྣམ་_100_,རྣམ་_100_,རྣམ་_100_,རྣམ་_100_,རྣམ་_100_,རྣམ་_100_
[པར་_100_],པར་_100_,པར་_100_,པར་_100_,པར་_100_,པར་_100_,པར་_100_,པར་_100_,པར་_100_
[ཤེས་_100_],ཤེས་_100_,ཤེས་_100_,ཤེས་_100_,ཤེས་_100_,ཤེས་_100_,ཤེས་_100_,ཤེས་_100_,ཤེས་_100_
[པ་_100_],པ་_100_,པ་_100_,པ་_100_,པ་_100_,པ་_100_,པ་_100_,པ་_100_,པ་_100_
[སྨྲ་_100_],སྨྲ་_100_,སྨྲ་_100_,སྨྲ་_100_,སྨྲ་_100_,སྨྲ་_100_,སྨྲ་_100_,སྨྲ་_100_,སྨྲ་_100_
[བས་_100_],བས་_100_,བས་_100_,བས་_100_,བས་_100_,བས་_100_,བས་_100_,བས་_100_,བས་_100_
[འདི་_100_],འདི་_100_,འདི་_100_,འདི་_100_,འདི་_100_,འདི་_100_,འདི་_100_,འདི་_100_,འདི་_100_
[སྐད་_100_],སྐད་_100_,སྐད་_100_,སྐད་_100_,སྐད་_100_,སྐད་_100_,སྐད་_100_,སྐད་_100_,སྐད་_100_
[དུ་_100_],དུ་_100_,དུ་_100_,དུ་_100_,དུ་_100_,དུ་_100_,དུ་_100_,དུ་_100_,དུ་_100_
[སྨྲས་_100_],སྨྲས་_100_,སྨྲས་_100_,སྨྲས་_100_,སྨྲས་_100_,སྨྲས་_100_,སྨྲས་_100_,སྨྲས་_100_,སྨྲས་_100_
[པ_100_],པ_100_,པ_100_,པ_100_,པ_100_,པ_100_,པ_100_,པ_100_,པ_100_
[། _100_],། _100_,། _100_,། _100_,། _100_,། _100_,། _100_,། _100_,། _100_
[རྣམ་_100_],རྣམ་_100_,རྣམ་_100_,རྣམ་_100_,རྣམ་_100_,རྣམ་_100_,རྣམ་_100_,རྣམ་_100_,རྣམ་_100_
[པར་_100_],པར་_100_,པར་_100_,པར་_100_,པར་_100_,པར་_100_,པར་_100_,པར་_100_,པར་_100_
[ཤེས་_100_],ཤེས་_100_,ཤེས་_100_,ཤེས་_100_,ཤེས་_100_,ཤེས་_100_,ཤེས་_100_,ཤེས་_100_,ཤེས་_100_
[པ་_100_],པ་_100_,པ་_100_,པ་_100_,པ་_100_,པ་_100_,པ་_100_,པ་_100_,པ་_100_
[ཡོད་_100_],ཡོད་_100_,ཡོད་_100_,ཡོད་_100_,ཡོད་_100_,ཡོད་_100_,ཡོད་_100_,ཡོད་_100_,ཡོད་_100_
[དོ_100_],དོ_100_,དོ_100_,དོ_100_,དོ_100_,དོ_100_,དོ_100_,དོ_100_,དོ_100_
[། །​_100_],། །​_100_,། །​_100_,། །​_100_,། །​_100_,། །​_100_,། །​_100_,། །​_100_,། །​_100_
[བརྗོད་_100_],བརྗོད་_100_,བརྗོད་_100_,བརྗོད་_100_,བརྗོད་_100_,བརྗོད་_100_,བརྗོད་_100_,བརྗོད་_100_,བརྗོད་_100_
[པ_100_],པ_100_,པ_100_,པ_100_,པ_100_,པ_100_,པ_100_,པ_100_,པ_100_
[། _100_],། _100_,། _100_,། _100_,། _100_,། _100_,། _100_,། _100_,། _100_
[གལ་_100_],གལ་_100_,གལ་_100_,གལ་_100_,གལ་_100_,གལ་_100_,གལ་_100_,གལ་_100_,གལ་_100_
[ཏེ་_100_],ཏེ་_100_,ཏེ་_100_,ཏེ་_100_,ཏེ་_100_,ཏེ་_100_,ཏེ་_100_,ཏེ་_100_,ཏེ་_100_
[རྣམ་_100_],རྣམ་_100_,རྣམ་_100_,རྣམ་_100_,རྣམ་_100_,རྣམ་_100_,རྣམ་_100_,རྣམ་_100_,རྣམ་_100_
[པར་_100_],པར་_100_,པར་_100_,པར་_100_,པར་_100_,པར་_100_,པར་_100_,པར་_100_,པར་_100_
[ཤེས་_100_],ཤེས་_100_,ཤེས་_100_,ཤེས་_100_,ཤེས་_100_,ཤེས་_100_,ཤེས་_100_,ཤེས་_100_,ཤེས་_100_
[པ་_100_],པ་_100_,པ་_100_,པ་_100_,པ་_100_,པ་_100_,པ་_100_,པ་_100_,པ་_100_
[ཡོད་_100_],ཡོད་_100_,ཡོད་_100_,ཡོད་_100_,ཡོད་_100_,ཡོད་_100_,ཡོད་_100_,ཡོད་_100_,ཡོད་_100_
[ན་_100_],ན་_100_,ན་_100_,ན་_100_,ན་_100_,ན་_100_,ན་_100_,ན་_100_,ན་_100_
[དེའི་_100_],དེའི་_100_,དེའི་_100_,དེའི་_100_,དེའི་_100_,དེའི་_100_,དེའི་_100_,དེའི་_100_,དེའི་_100_
[ཚེ་_88_],ཚེ་_88_,ཚེ་_88_,ཚེ་_88_,ཚེ་_88_,ཚེ་_88_,ཚེ་_88_,ཚོ་_11_,ཚེ་_88_
[དེའི་_100_],དེའི་_100_,དེའི་_100_,དེའི་_100_,དེའི་_100_,དེའི་_100_,དེའི་_100_,དེའི་_100_,དེའི་_100_
[རང་_100_],རང་_100_,རང་_100_,རང་_100_,རང་_100_,རང་_100_,རང་_100_,རང་_100_,རང་_100_
[གི་_100_],གི་_100_,གི་_100_,གི་_100_,གི་_100_,གི་_100_,གི་_100_,གི་_100_,གི་_100_
[ངོ་_100_],ངོ་_100_,ངོ་_100_,ངོ་_100_,ངོ་_100_,ངོ་_100_,ངོ་_100_,ངོ་_100_,ངོ་_100_
[བོ་_100_],བོ་_100_,བོ་_100_,བོ་_100_,བོ་_100_,བོ་_100_,བོ་_100_,བོ་_100_,བོ་_100_
[སྟོན་_100_],སྟོན་_100_,སྟོན་_100_,སྟོན་_100_,སྟོན་_100_,སྟོན་_100_,སྟོན་_100_,སྟོན་_100_,སྟོན་_100_
[ཅིག །​_88_],ཅིག །​_88_,ཅིག །​_88_,ཅིག །​_88_,ཅིག །​_88_,ཅིག །​_88_,ཅིག །​_88_,ཅིག _11_,ཅིག །​_88_
[ཅི་_100_],ཅི་_100_,ཅི་_100_,ཅི་_100_,ཅི་_100_,ཅི་_100_,ཅི་_100_,ཅི་_100_,ཅི་_100_
[ངོ་_100_],ངོ་_100_,ངོ་_100_,ངོ་_100_,ངོ་_100_,ངོ་_100_,ངོ་_100_,ངོ་_100_,ངོ་_100_
[བོ་_100_],བོ་_100_,བོ་_100_,བོ་_100_,བོ་_100_,བོ་_100_,བོ་_100_,བོ་_100_,བོ་_100_
[གཅིག་_100_],གཅིག་_100_,གཅིག་_100_,གཅིག་_100_,གཅིག་_100_,གཅིག་_100_,གཅིག་_100_,གཅིག་_100_,གཅིག་_100_
[པ་_100_],པ་_100_,པ་_100_,པ་_100_,པ་_100_,པ་_100_,པ་_100_,པ་_100_,པ་_100_
[ཞིག་_100_],ཞིག་_100_,ཞིག་_100_,ཞིག་_100_,ཞིག་_100_,ཞིག་_100_,ཞིག་_100_,ཞིག་_100_,ཞིག་_100_
[གམ་_100_],གམ་_100_,གམ་_100_,གམ་_100_,གམ་_100_,གམ་_100_,གམ་_100_,གམ་_100_,གམ་_100_
[ཡང་_100_],ཡང་_100_,ཡང་_100_,ཡང་_100_,ཡང་_100_,ཡང་_100_,ཡང་_100_,ཡང་_100_,ཡང་_100_
[ན་ངོ་བོ་དུ་མ་ཞིག་ཡིན། རེ་ཞིག་ངོ་བོ་དུ་མ་ཞིག་ཡིན་ཏེ་ཡུལ་དུ་མའི་བྱེ་བྲག་གིས་ཐ་དད་པའི་ཕྱིར་རོ། །​གཅིག་གི་ངོ་བོ་མེད་པ་ན་དུ་མའི་ངོ་བོ་_88_],ན་ངོ་བོ་དུ་མ་ཞིག་ཡིན། རེ་ཞིག་ངོ་བོ་དུ་མ་ཞིག་ཡིན་ཏེ་ཡུལ་དུ་མའི་བྱེ་བྲག་གིས་ཐ་དད་པའི་ཕྱིར་རོ། །​གཅིག་གི་ངོ་བོ་མེད་པ་ན་དུ་མའི་ངོ་བོ་_88_,ན་ངོ་བོ་དུ་མ་ཞིག་ཡིན། རེ་ཞིག་ངོ་བོ་དུ་མ་ཞིག་ཡིན་ཏེ་ཡུལ་དུ་མའི་བྱེ་བྲག་གིས་ཐ་དད་པའི་ཕྱིར་རོ། །​གཅིག་གི་ངོ་བོ་མེད་པ་ན་དུ་མའི་ངོ་བོ་_88_,ན་ངོ་བོ་དུ་མ་ཞིག་ཡིན། རེ་ཞིག་ངོ་བོ་དུ་མ་ཞིག་ཡིན་ཏེ་ཡུལ་དུ་མའི་བྱེ་བྲག་གིས་ཐ་དད་པའི་ཕྱིར་རོ། །​གཅིག་གི་ངོ་བོ་མེད་པ་ན་དུ་མའི་ངོ་བོ་_88_,ན་ངོ་བོ་དུ་མ་ཞིག་ཡིན། རེ་ཞིག་ངོ་བོ་དུ་མ་ཞིག་ཡིན་ཏེ་ཡུལ་དུ་མའི་བྱེ་བྲག་གིས་ཐ་དད་པའི་ཕྱིར་རོ། །​གཅིག་གི་ངོ་བོ་མེད་པ་ན་དུ་མའི་ངོ་བོ་_88_,ན་ངོ་བོ་དུ་མ་ཞིག་ཡིན། རེ་ཞིག་ངོ་བོ་དུ་མ་ཞིག་ཡིན་ཏེ་ཡུལ་དུ་མའི་བྱེ་བྲག་གིས་ཐ་དད་པའི་ཕྱིར་རོ། །​གཅིག་གི་ངོ་བོ་མེད་པ་ན་དུ་མའི་ངོ་བོ་_88_,ན་ངོ་བོ་དུ་མ་ཞིག་ཡིན། རེ་ཞིག་ངོ་བོ་དུ་མ་ཞིག་ཡིན་ཏེ་ཡུལ་དུ་མའི་བྱེ་བྲག་གིས་ཐ་དད་པའི་ཕྱིར་རོ། །​གཅིག་གི་ངོ་བོ་མེད་པ་ན་དུ་མའི་ངོ་བོ་_88_,ན་_11_,ན་ངོ་བོ་དུ་མ་ཞིག་ཡིན། རེ་ཞིག་ངོ་བོ་དུ་མ་ཞིག་ཡིན་ཏེ་ཡུལ་དུ་མའི་བྱེ་བྲག་གིས་ཐ་དད་པའི་ཕྱིར་རོ། །​གཅིག་གི་ངོ་བོ་མེད་པ་ན་དུ་མའི་ངོ་བོ་_88_
[མེད་_100_],མེད་_100_,མེད་_100_,མེད་_100_,མེད་_100_,མེད་_100_,མེད་_100_,མེད་_100_,མེད་_100_
[དོ_100_],དོ_100_,དོ_100_,དོ_100_,དོ_100_,དོ_100_,དོ_100_,དོ_100_,དོ_100_
[། །​དེ་_77_],། །​དེ་_77_,། །​_22_,། །​_22_,། །​དེ་_77_,། །​དེ་_77_,། །​དེ་_77_,། །​དེ་_77_,། །​དེ་_77_
[གཅིག་_100_],གཅིག་_100_,གཅིག་_100_,གཅིག་_100_,གཅིག་_100_,གཅིག་_100_,གཅིག་_100_,གཅིག་_100_,གཅིག་_100_
[གི་_100_],གི་_100_,གི་_100_,གི་_100_,གི་_100_,གི་_100_,གི་_100_,གི་_100_,གི་_100_
[ངོ་_88_],ངོ་_88_,ངོ་_88_,ངོ་_88_,ངོ་༄༅། །​_11_,ངོ་_88_,ངོ་_88_,ངོ་_88_,ངོ་_88_
[བོར་_100_],བོར་_100_,བོར་_100_,བོར་_100_,བོར་_100_,བོར་_100_,བོར་_100_,བོར་_100_,བོར་_100_
[ཡང་_100_],ཡང་_100_,ཡང་_100_,ཡང་_100_,ཡང་_100_,ཡང་_100_,ཡང་_100_,ཡང་_100_,ཡང་_100_
[མ་_100_],མ་_100_,མ་_100_,མ་_100_,མ་_100_,མ་_100_,མ་_100_,མ་_100_,མ་_100_
[དམིགས་_100_],དམིགས་_100_,དམིགས་_100_,དམིགས་_100_,དམིགས་_100_,དམིགས་_100_,དམིགས་_100_,དམིགས་_100_,དམིགས་_100_
[ལ_100_],ལ_100_,ལ_100_,ལ_100_,ལ_100_,ལ_100_,ལ_100_,ལ_100_,ལ_100_
[། _100_],། _100_,། _100_,། _100_,། _100_,། _100_,། _100_,། _100_,། _100_
[དོན་_100_],དོན་_100_,དོན་_100_,དོན་_100_,དོན་_100_,དོན་_100_,དོན་_100_,དོན་_100_,དོན་_100_
[འགའ་_100_],འགའ་_100_,འགའ་_100_,འགའ་_100_,འགའ་_100_,འགའ་_100_,འགའ་_100_,འགའ་_100_,འགའ་_100_
[ཞིག་_100_],ཞིག་_100_,ཞིག་_100_,ཞིག་_100_,ཞིག་_100_,ཞིག་_100_,ཞིག་_100_,ཞིག་_100_,ཞིག་_100_
[ཀྱང་_100_],ཀྱང་_100_,ཀྱང་_100_,ཀྱང་_100_,ཀྱང་_100_,ཀྱང་_100_,ཀྱང་_100_,ཀྱང་_100_,ཀྱང་_100_
[མི་_88_],མི་_88_,མི་_88_,མི་_88_,མི་_88_,མི་_88_,མི་_88_,མ་_11_,མི་_88_
[རུང་_100_],རུང་_100_,རུང་_100_,རུང་_100_,རུང་_100_,རུང་_100_,རུང་_100_,རུང་_100_,རུང་_100_
[སྟེ_100_],སྟེ_100_,སྟེ_100_,སྟེ_100_,སྟེ_100_,སྟེ_100_,སྟེ_100_,སྟེ_100_,སྟེ_100_
[། _100_],། _100_,། _100_,། _100_,། _100_,། _100_,། _100_,། _100_,། _100_
[རང་_100_],རང་_100_,རང་_100_,རང་_100_,རང་_100_,རང་_100_,རང་_100_,རང་_100_,རང་_100_
[ངམ་_100_],ངམ་_100_,ངམ་_100_,ངམ་_100_,ངམ་_100_,ངམ་_100_,ངམ་_100_,ངམ་_100_,ངམ་_100_
[གཞན་_100_],གཞན་_100_,གཞན་_100_,གཞན་_100_,གཞན་_100_,གཞན་_100_,གཞན་_100_,གཞན་_100_,གཞན་_100_
[ནམ་_100_],ནམ་_100_,ནམ་_100_,ནམ་_100_,ནམ་_100_,ནམ་_100_,ནམ་_100_,ནམ་_100_,ནམ་_100_
[གཉི་_100_],གཉི་_100_,གཉི་_100_,གཉི་_100_,གཉི་_100_,གཉི་_100_,གཉི་_100_,གཉི་_100_,གཉི་_100_
[གའམ་_100_],གའམ་_100_,གའམ་_100_,གའམ་_100_,གའམ་_100_,གའམ་_100_,གའམ་_100_,གའམ་_100_,གའམ་_100_
[རྒྱུ་_100_],རྒྱུ་_100_,རྒྱུ་_100_,རྒྱུ་_100_,རྒྱུ་_100_,རྒྱུ་_100_,རྒྱུ་_100_,རྒྱུ་_100_,རྒྱུ་_100_
[མེད་_100_],མེད་_100_,མེད་_100_,མེད་_100_,མེད་_100_,མེད་_100_,མེད་_100_,མེད་_100_,མེད་_100_
[པ་_100_],པ་_100_,པ་_100_,པ་_100_,པ་_100_,པ་_100_,པ་_100_,པ་_100_,པ་_100_
[ལས་_100_],ལས་_100_,ལས་_100_,ལས་_100_,ལས་_100_,ལས་_100_,ལས་_100_,ལས་_100_,ལས་_100_
[སྐྱེ་_100_],སྐྱེ་_100_,སྐྱེ་_100_,སྐྱེ་_100_,སྐྱེ་_100_,སྐྱེ་_100_,སྐྱེ་_100_,སྐྱེ་_100_,སྐྱེ་_100_
[བ་_100_],བ་_100_,བ་_100_,བ་_100_,བ་_100_,བ་_100_,བ་_100_,བ་_100_,བ་_100_
[མི་_100_],མི་_100_,མི་_100_,མི་_100_,མི་_100_,མི་_100_,མི་_100_,མི་_100_,མི་_100_
[འཐད་_100_],འཐད་_100_,འཐད་_100_,འཐད་_100_,འཐད་_100_,འཐད་_100_,འཐད་_100_,འཐད་_100_,འཐད་_100_
[པའི་_100_],པའི་_100_,པའི་_100_,པའི་_100_,པའི་_100_,པའི་_100_,པའི་_100_,པའི་_100_,པའི་_100_
[ཕྱིར་_100_],ཕྱིར་_100_,ཕྱིར་_100_,ཕྱིར་_100_,ཕྱིར་_100_,ཕྱིར་_100_,ཕྱིར་_100_,ཕྱིར་_100_,ཕྱིར་_100_
[རོ_100_],རོ_100_,རོ_100_,རོ_100_,རོ_100_,རོ_100_,རོ_100_,རོ_100_,རོ_100_
[། །​_88_],། །​_88_,། །​_88_,། །​_88_,། །​_88_,། །​_88_,། །​_88_,༑ །​ _11_,། །​_88_
[ཡང་_100_],ཡང་_100_,ཡང་_100_,ཡང་_100_,ཡང་_100_,ཡང་_100_,ཡང་_100_,ཡང་_100_,ཡང་_100_
[སྨྲས་_100_],སྨྲས་_100_,སྨྲས་_100_,སྨྲས་_100_,སྨྲས་_100_,སྨྲས་_100_,སྨྲས་_100_,སྨྲས་_100_,སྨྲས་_100_
[པ_100_],པ_100_,པ_100_,པ_100_,པ_100_,པ_100_,པ_100_,པ_100_,པ_100_
[། _100_],། _100_,། _100_,། _100_,། _100_,། _100_,། _100_,། _100_,། _100_
[གལ་_100_],གལ་_100_,གལ་_100_,གལ་_100_,གལ་_100_,གལ་_100_,གལ་_100_,གལ་_100_,གལ་_100_
[ཏེ་_100_],ཏེ་_100_,ཏེ་_100_,ཏེ་_100_,ཏེ་_100_,ཏེ་_100_,ཏེ་_100_,ཏེ་_100_,ཏེ་_100_
[འདི་_100_],འདི་_100_,འདི་_100_,འདི་_100_,འདི་_100_,འདི་_100_,འདི་_100_,འདི་_100_,འདི་_100_
[དག་_100_],དག་_100_,དག་_100_,དག་_100_,དག་_100_,དག་_100_,དག་_100_,དག་_100_,དག་_100_
[ཐམས་_100_],ཐམས་_100_,ཐམས་_100_,ཐམས་_100_,ཐམས་_100_,ཐམས་_100_,ཐམས་_100_,ཐམས་_100_,ཐམས་_100_
[ཅད་_100_],ཅད་_100_,ཅད་_100_,ཅད་_100_,ཅད་_100_,ཅད་_100_,ཅད་_100_,ཅད་_100_,ཅད་_100_
[མེད་_100_],མེད་_100_,མེད་_100_,མེད་_100_,མེད་_100_,མེད་_100_,མེད་_100_,མེད་_100_,མེད་_100_
[ན་_100_],ན་_100_,ན་_100_,ན་_100_,ན་_100_,ན་_100_,ན་_100_,ན་_100_,ན་_100_
[ཅི་_100_],ཅི་_100_,ཅི་_100_,ཅི་_100_,ཅི་_100_,ཅི་_100_,ཅི་_100_,ཅི་_100_,ཅི་_100_
[ཞིག་_100_],ཞིག་_100_,ཞིག་_100_,ཞིག་_100_,ཞིག་_100_,ཞིག་_100_,ཞིག་_100_,ཞིག་_100_,ཞིག་_100_
[ཡོད་_100_],ཡོད་_100_,ཡོད་_100_,ཡོད་_100_,ཡོད་_100_,ཡོད་_100_,ཡོད་_100_,ཡོད་_100_,ཡོད་_100_
[ཅེ་_100_],ཅེ་_100_,ཅེ་_100_,ཅེ་_100_,ཅེ་_100_,ཅེ་_100_,ཅེ་_100_,ཅེ་_100_,ཅེ་_100_
[ན_100_],ན_100_,ན_100_,ན_100_,ན_100_,ན_100_,ན_100_,ན_100_,ན_100_
[། མགལ་_77_],། མགལ་_77_,།འགལ་_22_,།འགལ་_22_,། མགལ་_77_,། མགལ་_77_,། མགལ་_77_,། མགལ་_77_,། མགལ་_77_
[མེའི་_100_],མེའི་_100_,མེའི་_100_,མེའི་_100_,མེའི་_100_,མེའི་_100_,མེའི་_100_,མེའི་_100_,མེའི་_100_
[འཁོར་_100_],འཁོར་_100_,འཁོར་_100_,འཁོར་_100_,འཁོར་_100_,འཁོར་_100_,འཁོར་_100_,འཁོར་_100_,འཁོར་_100_
[ལོ་_100_],ལོ་_100_,ལོ་_100_,ལོ་_100_,ལོ་_100_,ལོ་_100_,ལོ་_100_,ལོ་_100_,ལོ་_100_
[སྤྲུལ་_100_],སྤྲུལ་_100_,སྤྲུལ་_100_,སྤྲུལ་_100_,སྤྲུལ་_100_,སྤྲུལ་_100_,སྤྲུལ་_100_,སྤྲུལ་_100_,སྤྲུལ་_100_
[པ་_100_],པ་_100_,པ་_100_,པ་_100_,པ་_100_,པ་_100_,པ་_100_,པ་_100_,པ་_100_
[དང་_100_],དང་_100_,དང་_100_,དང་_100_,དང་_100_,དང་_100_,དང་_100_,དང་_100_,དང་_100_
[། །​_100_],། །​_100_,། །​_100_,། །​_100_,། །​_100_,། །​_100_,། །​_100_,། །​_100_,། །​_100_
[རྨི་_100_],རྨི་_100_,རྨི་_100_,རྨི་_100_,རྨི་_100_,རྨི་_100_,རྨི་_100_,རྨི་_100_,རྨི་_100_
[ལམ་_100_],ལམ་_100_,ལམ་_100_,ལམ་_100_,ལམ་_100_,ལམ་_100_,ལམ་_100_,ལམ་_100_,ལམ་_100_
[སྒྱུ་མ་ཆུ་_88_],སྒྱུ་མ་ཆུ་_88_,སྒྱུ་མ་ཆུ་_88_,སྒྱུ་མ་ཆུ་_88_,སྒྱུ་མ་ཆུ་_88_,སྒྱུ་མ་ཆུ་_88_,སྒྱུ་མ་ཆུ་_88_,སྒྱུ་མཆུ་_11_,སྒྱུ་མ་ཆུ་_88_
[ཟླ་_100_],ཟླ་_100_,ཟླ་_100_,ཟླ་_100_,ཟླ་_100_,ཟླ་_100_,ཟླ་_100_,ཟླ་_100_,ཟླ་_100_
[དང་_100_],དང་_100_,དང་_100_,དང་_100_,དང་_100_,དང་_100_,དང་_100_,དང་_100_,དང་_100_
[། །​_100_],། །​_100_,། །​_100_,། །​_100_,། །​_100_,། །​_100_,། །​_100_,། །​_100_,། །​_100_
[རླངས་_100_],རླངས་_100_,རླངས་_100_,རླངས་_100_,རླངས་_100_,རླངས་_100_,རླངས་_100_,རླངས་_100_,རླངས་_100_
[པ་_100_],པ་_100_,པ་_100_,པ་_100_,པ་_100_,པ་_100_,པ་_100_,པ་_100_,པ་_100_
[ཕུག་_100_],ཕུག་_100_,ཕུག་_100_,ཕུག་_100_,ཕུག་_100_,ཕུག་_100_,ཕུག་_100_,ཕུག་_100_,ཕུག་_100_
[གི་_100_],གི་_100_,གི་_100_,གི་_100_,གི་_100_,གི་_100_,གི་_100_,གི་_100_,གི་_100_
[བྲག་_100_],བྲག་_100_,བྲག་_100_,བྲག་_100_,བྲག་_100_,བྲག་_100_,བྲག་_100_,བྲག་_100_,བྲག་_100_
[ཅ་_100_],ཅ་_100_,ཅ་_100_,ཅ་_100_,ཅ་_100_,ཅ་_100_,ཅ་_100_,ཅ་_100_,ཅ་_100_
[དང་_100_],དང་_100_,དང་_100_,དང་_100_,དང་_100_,དང་_100_,དང་_100_,དང་_100_,དང་_100_
[། །​_100_],། །​_100_,། །​_100_,། །​_100_,། །​_100_,། །​_100_,། །​_100_,། །​_100_,། །​_100_
[སྨིག་_100_],སྨིག་_100_,སྨིག་_100_,སྨིག་_100_,སྨིག་_100_,སྨིག་_100_,སྨིག་_100_,སྨིག་_100_,སྨིག་_100_
[རྒྱུ་_100_],རྒྱུ་_100_,རྒྱུ་_100_,རྒྱུ་_100_,རྒྱུ་_100_,རྒྱུ་_100_,རྒྱུ་_100_,རྒྱུ་_100_,རྒྱུ་_100_
[སྤྲིན་_100_],སྤྲིན་_100_,སྤྲིན་_100_,སྤྲིན་_100_,སྤྲིན་_100_,སྤྲིན་_100_,སྤྲིན་_100_,སྤྲིན་_100_,སྤྲིན་_100_
[དང་_100_],དང་_100_,དང་_100_,དང་_100_,དང་_100_,དང་_100_,དང་_100_,དང་_100_,དང་_100_
[མཚུངས་_100_],མཚུངས་_100_,མཚུངས་_100_,མཚུངས་_100_,མཚུངས་_100_,མཚུངས་_100_,མཚུངས་_100_,མཚུངས་_100_,མཚུངས་_100_
[པ་_100_],པ་_100_,པ་_100_,པ་_100_,པ་_100_,པ་_100_,པ་_100_,པ་_100_,པ་_100_
[ཡིན_100_],ཡིན_100_,ཡིན_100_,ཡིན_100_,ཡིན_100_,ཡིན_100_,ཡིན_100_,ཡིན_100_,ཡིན_100_
[། །​_100_],། །​_100_,། །​_100_,། །​_100_,། །​_100_,། །​_100_,། །​_100_,། །​_100_,། །​_100_
[འདི་_100_],འདི་_100_,འདི་_100_,འདི་_100_,འདི་_100_,འདི་_100_,འདི་_100_,འདི་_100_,འདི་_100_
[ལ་གསལ་ཆ་_77_],ལ་གསལ་ཆ་_77_,ལ་བསལ་_22_,ལ་བསལ་_22_,ལ་གསལ་ཆ་_77_,ལ་གསལ་ཆ་_77_,ལ་གསལ་ཆ་_77_,ལ་གསལ་ཆ་_77_,ལ་གསལ་ཆ་_77_
[ཅི་_100_],ཅི་_100_,ཅི་_100_,ཅི་_100_,ཅི་_100_,ཅི་_100_,ཅི་_100_,ཅི་_100_,ཅི་_100_
[ཡང་_100_],ཡང་_100_,ཡང་_100_,ཡང་_100_,ཡང་_100_,ཡང་_100_,ཡང་_100_,ཡང་_100_,ཡང་_100_
[མེད_100_],མེད_100_,མེད_100_,མེད_100_,མེད_100_,མེད_100_,མེད_100_,མེད_100_,མེད_100_
[། །​_100_],། །​_100_,། །​_100_,། །​_100_,། །​_100_,། །​_100_,། །​_100_,། །​_100_,། །​_100_
[བསྣན་_100_],བསྣན་_100_,བསྣན་_100_,བསྣན་_100_,བསྣན་_100_,བསྣན་_100_,བསྣན་_100_,བསྣན་_100_,བསྣན་_100_
[པར་_100_],པར་_100_,པར་_100_,པར་_100_,པར་_100_,པར་_100_,པར་_100_,པར་_100_,པར་_100_
[བྱ་_100_],བྱ་_100_,བྱ་_100_,བྱ་_100_,བྱ་_100_,བྱ་_100_,བྱ་_100_,བྱ་_100_,བྱ་_100_
[བ་_100_],བ་_100_,བ་_100_,བ་_100_,བ་_100_,བ་_100_,བ་_100_,བ་_100_,བ་_100_
[ཅུང་_100_],ཅུང་_100_,ཅུང་_100_,ཅུང་_100_,ཅུང་_100_,ཅུང་_100_,ཅུང་_100_,ཅུང་_100_,ཅུང་_100_
[ཟད་_100_],ཟད་_100_,ཟད་_100_,ཟད་_100_,ཟད་_100_,ཟད་_100_,ཟད་_100_,ཟད་_100_,ཟད་_100_
[མེད_100_],མེད_100_,མེད_100_,མེད_100_,མེད_100_,མེད_100_,མེད_100_,མེད_100_,མེད_100_
[། །​_100_],། །​_100_,། །​_100_,། །​_100_,། །​_100_,། །​_100_,། །​_100_,། །​_100_,། །​_100_
[ཡང་_100_],ཡང་_100_,ཡང་_100_,ཡང་_100_,ཡང་_100_,ཡང་_100_,ཡང་_100_,ཡང་_100_,ཡང་_100_
[དག་_100_],དག་_100_,དག་_100_,དག་_100_,དག་_100_,དག་_100_,དག་_100_,དག་_100_,དག་_100_
[ཉིད་_100_],ཉིད་_100_,ཉིད་_100_,ཉིད་_100_,ཉིད་_100_,ཉིད་_100_,ཉིད་_100_,ཉིད་_100_,ཉིད་_100_
[ལ་_100_],ལ་_100_,ལ་_100_,ལ་_100_,ལ་_100_,ལ་_100_,ལ་_100_,ལ་_100_,ལ་_100_
[ཡང་_100_],ཡང་_100_,ཡང་_100_,ཡང་_100_,ཡང་_100_,ཡང་_100_,ཡང་_100_,ཡང་_100_,ཡང་_100_
[དག་_100_],དག་_100_,དག་_100_,དག་_100_,དག་_100_,དག་_100_,དག་_100_,དག་_100_,དག་_100_
[བལྟ_100_],བལྟ_100_,བལྟ_100_,བལྟ_100_,བལྟ_100_,བལྟ_100_,བལྟ_100_,བལྟ_100_,བལྟ_100_
[། །​_88_],། །​_88_,། །​_88_,། །​_88_,། །​_88_,། །​_88_,། །​_88_,། །​ _11_,། །​_88_
[ཡང་_100_],ཡང་_100_,ཡང་_100_,ཡང་_100_,ཡང་_100_,ཡང་_100_,ཡང་_100_,ཡང་_100_,ཡང་_100_
[དག་_100_],དག་_100_,དག་_100_,དག་_100_,དག་_100_,དག་_100_,དག་_100_,དག་_100_,དག་_100_
[མཐོང་_100_],མཐོང་_100_,མཐོང་_100_,མཐོང་_100_,མཐོང་_100_,མཐོང་_100_,མཐོང་_100_,མཐོང་_100_,མཐོང་_100_
[ན་_77_],ན་_77_,ནས་_22_,ནས་_22_,ན་_77_,ན་_77_,ན་_77_,ན་_77_,ན་_77_
[རྣམ་_100_],རྣམ་_100_,རྣམ་_100_,རྣམ་_100_,རྣམ་_100_,རྣམ་_100_,རྣམ་_100_,རྣམ་_100_,རྣམ་_100_
[པར་_100_],པར་_100_,པར་_100_,པར་_100_,པར་_100_,པར་_100_,པར་_100_,པར་_100_,པར་_100_
[གྲོལ_100_],གྲོལ_100_,གྲོལ_100_,གྲོལ_100_,གྲོལ_100_,གྲོལ_100_,གྲོལ_100_,གྲོལ_100_,གྲོལ_100_
[། །​_100_],། །​_100_,། །​_100_,། །​_100_,། །​_100_,། །​_100_,། །​_100_,། །​_100_,། །​_100_
[འདི་_100_],འདི་_100_,འདི་_100_,འདི་_100_,འདི་_100_,འདི་_100_,འདི་_100_,འདི་_100_,འདི་_100_
[ལ་_100_],ལ་_100_,ལ་_100_,ལ་_100_,ལ་_100_,ལ་_100_,ལ་_100_,ལ་_100_,ལ་_100_
[ཐམས་_100_],ཐམས་_100_,ཐམས་_100_,ཐམས་_100_,ཐམས་_100_,ཐམས་_100_,ཐམས་_100_,ཐམས་_100_,ཐམས་_100_
[ཅད་_100_],ཅད་_100_,ཅད་_100_,ཅད་_100_,ཅད་_100_,ཅད་_100_,ཅད་_100_,ཅད་_100_,ཅད་_100_
[དམིགས་_100_],དམིགས་_100_,དམིགས་_100_,དམིགས་_100_,དམིགས་_100_,དམིགས་_100_,དམིགས་_100_,དམིགས་_100_,དམིགས་_100_
[མེད་_100_],མེད་_100_,མེད་_100_,མེད་_100_,མེད་_100_,མེད་_100_,མེད་_100_,མེད་_100_,མེད་_100_
[དེ_100_],དེ_100_,དེ_100_,དེ_100_,དེ_100_,དེ_100_,དེ_100_,དེ_100_,དེ_100_
[། །​_100_],། །​_100_,། །​_100_,། །​_100_,། །​_100_,། །​_100_,། །​_100_,། །​_100_,། །​_100_
[དམིགས་_100_],དམིགས་_100_,དམིགས་_100_,དམིགས་_100_,དམིགས་_100_,དམིགས་_100_,དམིགས་_100_,དམིགས་_100_,དམིགས་_100_
[པ་_100_],པ་_100_,པ་_100_,པ་_100_,པ་_100_,པ་_100_,པ་_100_,པ་_100_,པ་_100_
[མེད་_100_],མེད་_100_,མེད་_100_,མེད་_100_,མེད་_100_,མེད་_100_,མེད་_100_,མེད་_100_,མེད་_100_
[པར་_100_],པར་_100_,པར་_100_,པར་_100_,པར་_100_,པར་_100_,པར་_100_,པར་_100_,པར་_100_
[རབ་_100_],རབ་_100_,རབ་_100_,རབ་_100_,རབ་_100_,རབ་_100_,རབ་_100_,རབ་_100_,རབ་_100_
[ཏུ་_100_],ཏུ་_100_,ཏུ་_100_,ཏུ་_100_,ཏུ་_100_,ཏུ་_100_,ཏུ་_100_,ཏུ་_100_,ཏུ་_100_
[གསལ_100_],གསལ_100_,གསལ_100_,གསལ_100_,གསལ_100_,གསལ_100_,གསལ_100_,གསལ_100_,གསལ_100_
[། །​_100_],། །​_100_,། །​_100_,། །​_100_,། །​_100_,། །​_100_,། །​_100_,། །​_100_,། །​_100_
[བློ་_100_],བློ་_100_,བློ་_100_,བློ་_100_,བློ་_100_,བློ་_100_,བློ་_100_,བློ་_100_,བློ་_100_
[ནི་_100_],ནི་_100_,ནི་_100_,ནི་_100_,ནི་_100_,ནི་_100_,ནི་_100_,ནི་_100_,ནི་_100_
[དམིགས་_100_],དམིགས་_100_,དམིགས་_100_,དམིགས་_100_,དམིགས་_100_,དམིགས་_100_,དམིགས་_100_,དམིགས་_100_,དམིགས་_100_
[པ་_100_],པ་_100_,པ་_100_,པ་_100_,པ་_100_,པ་_100_,པ་_100_,པ་_100_,པ་_100_
[མེད་_100_],མེད་_100_,མེད་_100_,མེད་_100_,མེད་_100_,མེད་_100_,མེད་_100_,མེད་_100_,མེད་_100_
[བྱས་_100_],བྱས་_100_,བྱས་_100_,བྱས་_100_,བྱས་_100_,བྱས་_100_,བྱས་_100_,བྱས་_100_,བྱས་_100_
[ནས_100_],ནས_100_,ནས_100_,ནས_100_,ནས_100_,ནས_100_,ནས_100_,ནས_100_,ནས_100_
[། །​_100_],། །​_100_,། །​_100_,། །​_100_,། །​_100_,། །​_100_,། །​_100_,། །​_100_,། །​_100_
[དམིགས་_100_],དམིགས་_100_,དམིགས་_100_,དམིགས་_100_,དམིགས་_100_,དམིགས་_100_,དམིགས་_100_,དམིགས་_100_,དམིགས་_100_
[པ་_100_],པ་_100_,པ་_100_,པ་_100_,པ་_100_,པ་_100_,པ་_100_,པ་_100_,པ་_100_
[མེད་_100_],མེད་_100_,མེད་_100_,མེད་_100_,མེད་_100_,མེད་_100_,མེད་_100_,མེད་_100_,མེད་_100_
[པ་_100_],པ་_100_,པ་_100_,པ་_100_,པ་_100_,པ་_100_,པ་_100_,པ་_100_,པ་_100_
[འབྱུང་_100_],འབྱུང་_100_,འབྱུང་_100_,འབྱུང་_100_,འབྱུང་_100_,འབྱུང་_100_,འབྱུང་_100_,འབྱུང་_100_,འབྱུང་_100_
[བར་_100_],བར་_100_,བར་_100_,བར་_100_,བར་_100_,བར་_100_,བར་_100_,བར་_100_,བར་_100_
[འགྱུར_100_],འགྱུར_100_,འགྱུར_100_,འགྱུར_100_,འགྱུར_100_,འགྱུར_100_,འགྱུར_100_,འགྱུར_100_,འགྱུར_100_
[། །​_100_],། །​_100_,། །​_100_,། །​_100_,། །​_100_,། །​_100_,། །​_100_,། །​_100_,། །​_100_
[མ་_100_],མ་_100_,མ་_100_,མ་_100_,མ་_100_,མ་_100_,མ་_100_,མ་_100_,མ་_100_
[རྟོགས་_100_],རྟོགས་_100_,རྟོགས་_100_,རྟོགས་_100_,རྟོགས་_100_,རྟོགས་_100_,རྟོགས་_100_,རྟོགས་_100_,རྟོགས་_100_
[པ་_100_],པ་_100_,པ་_100_,པ་_100_,པ་_100_,པ་_100_,པ་_100_,པ་_100_,པ་_100_
[རྟོགས་_100_],རྟོགས་_100_,རྟོགས་_100_,རྟོགས་_100_,རྟོགས་_100_,རྟོགས་_100_,རྟོགས་_100_,རྟོགས་_100_,རྟོགས་_100_
[པར་_100_],པར་_100_,པར་_100_,པར་_100_,པར་_100_,པར་_100_,པར་_100_,པར་_100_,པར་_100_
[བྱེད་_100_],བྱེད་_100_,བྱེད་_100_,བྱེད་_100_,བྱེད་_100_,བྱེད་_100_,བྱེད་_100_,བྱེད་_100_,བྱེད་_100_
[པ་_100_],པ་_100_,པ་_100_,པ་_100_,པ་_100_,པ་_100_,པ་_100_,པ་_100_,པ་_100_
[ཞེས་_100_],ཞེས་_100_,ཞེས་_100_,ཞེས་_100_,ཞེས་_100_,ཞེས་_100_,ཞེས་_100_,ཞེས་_100_,ཞེས་_100_
[བྱ་_100_],བྱ་_100_,བྱ་_100_,བྱ་_100_,བྱ་_100_,བྱ་_100_,བྱ་_100_,བྱ་_100_,བྱ་_100_
[བའི་_100_],བའི་_100_,བའི་_100_,བའི་_100_,བའི་_100_,བའི་_100_,བའི་_100_,བའི་_100_,བའི་_100_
[རབ་_100_],རབ་_100_,རབ་_100_,རབ་_100_,རབ་_100_,རབ་_100_,རབ་_100_,རབ་_100_,རབ་_100_
[ཏུ་_100_],ཏུ་_100_,ཏུ་_100_,ཏུ་_100_,ཏུ་_100_,ཏུ་_100_,ཏུ་_100_,ཏུ་_100_,ཏུ་_100_
[བྱེད་_100_],བྱེད་_100_,བྱེད་_100_,བྱེད་_100_,བྱེད་_100_,བྱེད་_100_,བྱེད་_100_,བྱེད་_100_,བྱེད་_100_
[པ་གཉི་ག་_88_],པ་གཉི་ག་_88_,པ་གཉི་ག་_88_,པ་གཉི་ག་_88_,པ་གཉི་ག་_88_,པ་གཉི་ག་_88_,པ་གཉི་ག་_88_,པ་གཉིག་_11_,པ་གཉི་ག་_88_
[བདག་_100_],བདག་_100_,བདག་_100_,བདག་_100_,བདག་_100_,བདག་_100_,བདག་_100_,བདག་_100_,བདག་_100_
[མེད་_100_],མེད་_100_,མེད་_100_,མེད་_100_,མེད་_100_,མེད་_100_,མེད་_100_,མེད་_100_,མེད་_100_
[པར་_100_],པར་_100_,པར་_100_,པར་_100_,པར་_100_,པར་_100_,པར་_100_,པར་_100_,པར་_100_
[རབ་_100_],རབ་_100_,རབ་_100_,རབ་_100_,རབ་_100_,རབ་_100_,རབ་_100_,རབ་_100_,རབ་_100_
[ཏུ་_100_],ཏུ་_100_,ཏུ་_100_,ཏུ་_100_,ཏུ་_100_,ཏུ་_100_,ཏུ་_100_,ཏུ་_100_,ཏུ་_100_
[གསལ་_100_],གསལ་_100_,གསལ་_100_,གསལ་_100_,གསལ་_100_,གསལ་_100_,གསལ་_100_,གསལ་_100_,གསལ་_100_
[བར་_100_],བར་_100_,བར་_100_,བར་_100_,བར་_100_,བར་_100_,བར་_100_,བར་_100_,བར་_100_
[བྱེད་_100_],བྱེད་_100_,བྱེད་_100_,བྱེད་_100_,བྱེད་_100_,བྱེད་_100_,བྱེད་_100_,བྱེད་_100_,བྱེད་_100_
[པ_100_],པ_100_,པ_100_,པ_100_,པ_100_,པ_100_,པ_100_,པ_100_,པ_100_
[། _88_],། _88_,། _88_,། _88_,། _88_,། _88_,། _88_,། །​_11_,། _88_
[སློབ་_100_],སློབ་_100_,སློབ་_100_,སློབ་_100_,སློབ་_100_,སློབ་_100_,སློབ་_100_,སློབ་_100_,སློབ་_100_
[དཔོན་_100_],དཔོན་_100_,དཔོན་_100_,དཔོན་_100_,དཔོན་_100_,དཔོན་_100_,དཔོན་_100_,དཔོན་_100_,དཔོན་_100_
[འཕགས་_100_],འཕགས་_100_,འཕགས་_100_,འཕགས་_100_,འཕགས་_100_,འཕགས་_100_,འཕགས་_100_,འཕགས་_100_,འཕགས་_100_
[པ་_100_],པ་_100_,པ་_100_,པ་_100_,པ་_100_,པ་_100_,པ་_100_,པ་_100_,པ་_100_
[ཀླུ་_100_],ཀླུ་_100_,ཀླུ་_100_,ཀླུ་_100_,ཀླུ་_100_,ཀླུ་_100_,ཀླུ་_100_,ཀླུ་_100_,ཀླུ་_100_
[སྒྲུབ་_100_],སྒྲུབ་_100_,སྒྲུབ་_100_,སྒྲུབ་_100_,སྒྲུབ་_100_,སྒྲུབ་_100_,སྒྲུབ་_100_,སྒྲུབ་_100_,སྒྲུབ་_100_
[ཀྱིས་_100_],ཀྱིས་_100_,ཀྱིས་_100_,ཀྱིས་_100_,ཀྱིས་_100_,ཀྱིས་_100_,ཀྱིས་_100_,ཀྱིས་_100_,ཀྱིས་_100_
[མཛད་_100_],མཛད་_100_,མཛད་_100_,མཛད་_100_,མཛད་_100_,མཛད་_100_,མཛད་_100_,མཛད་_100_,མཛད་_100_
[པ་_100_],པ་_100_,པ་_100_,པ་_100_,པ་_100_,པ་_100_,པ་_100_,པ་_100_,པ་_100_
[རྫོགས་_100_],རྫོགས་_100_,རྫོགས་_100_,རྫོགས་_100_,རྫོགས་_100_,རྫོགས་_100_,རྫོགས་_100_,རྫོགས་_100_,རྫོགས་_100_
[སོ_100_],སོ_100_,སོ_100_,སོ_100_,སོ_100_,སོ_100_,སོ_100_,སོ_100_,སོ_100_
[།། །​།_100_],།། །​།_100_,།། །​།_100_,།། །​།_100_,།། །​།_100_,།། །​།_100_,།། །​།_100_,།། །​།_100_,།། །​།_100_
[པཎྜི་_100_],པཎྜི་_100_,པཎྜི་_100_,པཎྜི་_100_,པཎྜི་_100_,པཎྜི་_100_,པཎྜི་_100_,པཎྜི་_100_,པཎྜི་_100_
[ཏ་_100_],ཏ་_100_,ཏ་_100_,ཏ་_100_,ཏ་_100_,ཏ་_100_,ཏ་_100_,ཏ་_100_,ཏ་_100_
[ཨ་_100_],ཨ་_100_,ཨ་_100_,ཨ་_100_,ཨ་_100_,ཨ་_100_,ཨ་_100_,ཨ་_100_,ཨ་_100_
[ནནྟ་དང་། ལོཙྪ་_55_],ནནྟ་དང་། ལོཙྪ་_55_,ནནྟ་དང་།ལོ་ཙཱ་_22_,ནནྟ་དང་།ལོ་ཙཱ་_22_,ན་ནྟ་དང་། ལོ་ཙྪ་_22_,ནནྟ་དང་། ལོཙྪ་_55_,ནནྟ་དང་། ལོཙྪ་_55_,ནནྟ་དང་། ལོཙྪ་_55_,ན་ནྟ་དང་། ལོ་ཙྪ་_22_
[བ་_100_],བ་_100_,བ་_100_,བ་_100_,བ་_100_,བ་_100_,བ་_100_,བ་_100_,བ་_100_
[གྲགས་_100_],གྲགས་_100_,གྲགས་_100_,གྲགས་_100_,གྲགས་_100_,གྲགས་_100_,གྲགས་_100_,གྲགས་_100_,གྲགས་_100_
[འབྱོར་_100_],འབྱོར་_100_,འབྱོར་_100_,འབྱོར་_100_,འབྱོར་_100_,འབྱོར་_100_,འབྱོར་_100_,འབྱོར་_100_,འབྱོར་_100_
[ཤེས་_100_],ཤེས་_100_,ཤེས་_100_,ཤེས་_100_,ཤེས་_100_,ཤེས་_100_,ཤེས་_100_,ཤེས་_100_,ཤེས་_100_
[རབ་_100_],རབ་_100_,རབ་_100_,རབ་_100_,རབ་_100_,རབ་_100_,རབ་_100_,རབ་_100_,རབ་_100_
[ཀྱིས་_100_],ཀྱིས་_100_,ཀྱིས་_100_,ཀྱིས་_100_,ཀྱིས་_100_,ཀྱིས་_100_,ཀྱིས་_100_,ཀྱིས་_100_,ཀྱིས་_100_
[བསྒྱུར་_100_],བསྒྱུར་_100_,བསྒྱུར་_100_,བསྒྱུར་_100_,བསྒྱུར་_100_,བསྒྱུར་_100_,བསྒྱུར་_100_,བསྒྱུར་_100_,བསྒྱུར་_100_
[བའོ_100_],བའོ_100_,བའོ_100_,བའོ_100_,བའོ_100_,བའོ_100_,བའོ_100_,བའོ_100_,བའོ_100_
[། །​ _44_],། །​ _44_,། །​ _44_,། །​ _44_,། །​_22_,།_11_,།། །​།_22_,།། །​།_22_,། །​_22_
