[༄༅༅། །​_66_],༄༅༅། །​_66_,༄༅། །​ །​_16_,༄༅༅། །​_66_,༄༅། །​_16_,༄༅༅། །​_66_
[རྒྱ་_100_],རྒྱ་_100_,རྒྱ་_100_,རྒྱ་_100_,རྒྱ་_100_,རྒྱ་_100_
[གར་_100_],གར་_100_,གར་_100_,གར་_100_,གར་_100_,གར་_100_
[སྐད་_100_],སྐད་_100_,སྐད་_100_,སྐད་_100_,སྐད་_100_,སྐད་_100_
[དུ_100_],དུ_100_,དུ_100_,དུ_100_,དུ_100_,དུ_100_
[། ཤྲཱི་མ་ཧཱ་_83_],། ཤྲཱི་མ་ཧཱ་_83_,། མཧཱ་_16_,། ཤྲཱི་མ་ཧཱ་_83_,། ཤྲཱི་མ་ཧཱ་_83_,། ཤྲཱི་མ་ཧཱ་_83_
[ཀཱ་_100_],ཀཱ་_100_,ཀཱ་_100_,ཀཱ་_100_,ཀཱ་_100_,ཀཱ་_100_
[ལ་_100_],ལ་_100_,ལ་_100_,ལ་_100_,ལ་_100_,ལ་_100_
[སཱ་_100_],སཱ་_100_,སཱ་_100_,སཱ་_100_,སཱ་_100_,སཱ་_100_
[དྷ་_100_],དྷ་_100_,དྷ་_100_,དྷ་_100_,དྷ་_100_,དྷ་_100_
[ནཾ་_100_],ནཾ་_100_,ནཾ་_100_,ནཾ་_100_,ནཾ་_100_,ནཾ་_100_
[ནཱ་_100_],ནཱ་_100_,ནཱ་_100_,ནཱ་_100_,ནཱ་_100_,ནཱ་_100_
[མ_100_],མ_100_,མ_100_,མ_100_,མ_100_,མ_100_
[། _100_],། _100_,། _100_,། _100_,། _100_,། _100_
[བོད་_100_],བོད་_100_,བོད་_100_,བོད་_100_,བོད་_100_,བོད་_100_
[སྐད་_100_],སྐད་_100_,སྐད་_100_,སྐད་_100_,སྐད་_100_,སྐད་_100_
[དུ_100_],དུ_100_,དུ_100_,དུ_100_,དུ_100_,དུ_100_
[། དཔལ་_83_],། དཔལ་_83_,། དཔལ་_83_,། དཔལ་_83_,།༤དཔལ་_16_,། དཔལ་_83_
[ནག་_100_],ནག་_100_,ནག་_100_,ནག་_100_,ནག་_100_,ནག་_100_
[པོ་_100_],པོ་_100_,པོ་_100_,པོ་_100_,པོ་_100_,པོ་_100_
[ཆེན་_100_],ཆེན་_100_,ཆེན་_100_,ཆེན་_100_,ཆེན་_100_,ཆེན་_100_
[པོའི་_100_],པོའི་_100_,པོའི་_100_,པོའི་_100_,པོའི་_100_,པོའི་_100_
[སྒྲུབ་_100_],སྒྲུབ་_100_,སྒྲུབ་_100_,སྒྲུབ་_100_,སྒྲུབ་_100_,སྒྲུབ་_100_
[ཐབས་_100_],ཐབས་_100_,ཐབས་_100_,ཐབས་_100_,ཐབས་_100_,ཐབས་_100_
[ཞེས་_100_],ཞེས་_100_,ཞེས་_100_,ཞེས་_100_,ཞེས་_100_,ཞེས་_100_
[བྱ་_100_],བྱ་_100_,བྱ་_100_,བྱ་_100_,བྱ་_100_,བྱ་_100_
[བ_100_],བ_100_,བ_100_,བ_100_,བ_100_,བ_100_
[། _100_],། _100_,། _100_,། _100_,། _100_,། _100_
[དཔལ་_100_],དཔལ་_100_,དཔལ་_100_,དཔལ་_100_,དཔལ་_100_,དཔལ་_100_
[ལྡན་_100_],ལྡན་_100_,ལྡན་_100_,ལྡན་_100_,ལྡན་_100_,ལྡན་_100_
[ཁྲག་_100_],ཁྲག་_100_,ཁྲག་_100_,ཁྲག་_100_,ཁྲག་_100_,ཁྲག་_100_
[འཐུང་_100_],འཐུང་_100_,འཐུང་_100_,འཐུང་_100_,འཐུང་_100_,འཐུང་_100_
[འགྲོ་_100_],འགྲོ་_100_,འགྲོ་_100_,འགྲོ་_100_,འགྲོ་_100_,འགྲོ་_100_
[བའི་_100_],བའི་_100_,བའི་_100_,བའི་_100_,བའི་_100_,བའི་_100_
[མགོན_100_],མགོན_100_,མགོན_100_,མགོན_100_,མགོན_100_,མགོན_100_
[། །​_100_],། །​_100_,། །​_100_,། །​_100_,། །​_100_,། །​_100_
[ལྷ་_100_],ལྷ་_100_,ལྷ་_100_,ལྷ་_100_,ལྷ་_100_,ལྷ་_100_
[མོ་_100_],མོ་_100_,མོ་_100_,མོ་_100_,མོ་_100_,མོ་_100_
[དང་_100_],དང་_100_,དང་_100_,དང་_100_,དང་_100_,དང་_100_
[བཅས་_100_],བཅས་_100_,བཅས་_100_,བཅས་_100_,བཅས་_100_,བཅས་_100_
[འཁོར་_100_],འཁོར་_100_,འཁོར་_100_,འཁོར་_100_,འཁོར་_100_,འཁོར་_100_
[ལོ་_100_],ལོ་_100_,ལོ་_100_,ལོ་_100_,ལོ་_100_,ལོ་_100_
[ལ_100_],ལ_100_,ལ_100_,ལ_100_,ལ_100_,ལ_100_
[། །​_100_],། །​_100_,། །​_100_,། །​_100_,། །​_100_,། །​_100_
[བཏུད་_100_],བཏུད་_100_,བཏུད་_100_,བཏུད་_100_,བཏུད་_100_,བཏུད་_100_
[དེ་_100_],དེ་_100_,དེ་_100_,དེ་_100_,དེ་_100_,དེ་_100_
[ནག་_100_],ནག་_100_,ནག་_100_,ནག་_100_,ནག་_100_,ནག་_100_
[པོ་_100_],པོ་_100_,པོ་_100_,པོ་_100_,པོ་_100_,པོ་_100_
[ཆེན་_100_],ཆེན་_100_,ཆེན་_100_,ཆེན་_100_,ཆེན་_100_,ཆེན་_100_
[པོ་_100_],པོ་_100_,པོ་_100_,པོ་_100_,པོ་_100_,པོ་_100_
[ཡི_100_],ཡི_100_,ཡི_100_,ཡི_100_,ཡི_100_,ཡི_100_
[། །​_100_],། །​_100_,། །​_100_,། །​_100_,། །​_100_,། །​_100_
[སྒྲུབ་_100_],སྒྲུབ་_100_,སྒྲུབ་_100_,སྒྲུབ་_100_,སྒྲུབ་_100_,སྒྲུབ་_100_
[པའི་_100_],པའི་_100_,པའི་_100_,པའི་_100_,པའི་_100_,པའི་_100_
[རིམ་_100_],རིམ་_100_,རིམ་_100_,རིམ་_100_,རིམ་_100_,རིམ་_100_
[པ་_100_],པ་_100_,པ་_100_,པ་_100_,པ་_100_,པ་_100_
[བྲི་_100_],བྲི་_100_,བྲི་_100_,བྲི་_100_,བྲི་_100_,བྲི་_100_
[བར་_100_],བར་_100_,བར་_100_,བར་_100_,བར་_100_,བར་_100_
[བྱ_100_],བྱ_100_,བྱ_100_,བྱ_100_,བྱ_100_,བྱ_100_
[། །​_100_],། །​_100_,། །​_100_,། །​_100_,། །​_100_,། །​_100_
[དབང་_100_],དབང་_100_,དབང་_100_,དབང་_100_,དབང་_100_,དབང་_100_
[གིས་_83_],གིས་_83_,གིས་_83_,གིས་_83_,གིས་“_16_,གིས་_83_
[སྨིན་_100_],སྨིན་_100_,སྨིན་_100_,སྨིན་_100_,སྨིན་_100_,སྨིན་_100_
[བྱས་_100_],བྱས་_100_,བྱས་_100_,བྱས་_100_,བྱས་_100_,བྱས་_100_
[དམ་_100_],དམ་_100_,དམ་_100_,དམ་_100_,དམ་_100_,དམ་_100_
[ཚིག་_100_],ཚིག་_100_,ཚིག་_100_,ཚིག་_100_,ཚིག་_100_,ཚིག་_100_
[ལྡན_100_],ལྡན_100_,ལྡན_100_,ལྡན_100_,ལྡན_100_,ལྡན_100_
[། །​_83_],། །​_83_,། །​_83_,། །​_83_,། །​ །​_16_,། །​_83_
[བླ་_100_],བླ་_100_,བླ་_100_,བླ་_100_,བླ་_100_,བླ་_100_
[མ་_100_],མ་_100_,མ་_100_,མ་_100_,མ་_100_,མ་_100_
[ལ་_100_],ལ་_100_,ལ་_100_,ལ་_100_,ལ་_100_,ལ་_100_
[གུས་_100_],གུས་_100_,གུས་_100_,གུས་_100_,གུས་_100_,གུས་_100_
[སྙིང་_100_],སྙིང་_100_,སྙིང་_100_,སྙིང་_100_,སྙིང་_100_,སྙིང་_100_
[བརྩེ་གཏོང་_83_],བརྩེ་གཏོང་_83_,བརྩེར་ལྡན_16_,བརྩེ་གཏོང་_83_,བརྩེ་གཏོང་_83_,བརྩེ་གཏོང་_83_
[། །​_100_],། །​_100_,། །​_100_,། །​_100_,། །​_100_,། །​_100_
[ཤེས་_100_],ཤེས་_100_,ཤེས་_100_,ཤེས་_100_,ཤེས་_100_,ཤེས་_100_
[རབ་_100_],རབ་_100_,རབ་_100_,རབ་_100_,རབ་_100_,རབ་_100_
[བཟོད་_100_],བཟོད་_100_,བཟོད་_100_,བཟོད་_100_,བཟོད་_100_,བཟོད་_100_
[ལྡན་_100_],ལྡན་_100_,ལྡན་_100_,ལྡན་_100_,ལྡན་_100_,ལྡན་_100_
[བརྩོན་_100_],བརྩོན་_100_,བརྩོན་_100_,བརྩོན་_100_,བརྩོན་_100_,བརྩོན་_100_
[འགྲུས་_100_],འགྲུས་_100_,འགྲུས་_100_,འགྲུས་_100_,འགྲུས་_100_,འགྲུས་_100_
[ཆེ_100_],ཆེ_100_,ཆེ_100_,ཆེ_100_,ཆེ_100_,ཆེ_100_
[། །​_100_],། །​_100_,། །​_100_,། །​_100_,། །​_100_,། །​_100_
[སྒྲུབ་_100_],སྒྲུབ་_100_,སྒྲུབ་_100_,སྒྲུབ་_100_,སྒྲུབ་_100_,སྒྲུབ་_100_
[ལ་_100_],ལ་_100_,ལ་_100_,ལ་_100_,ལ་_100_,ལ་_100_
[དཔའ་_100_],དཔའ་_100_,དཔའ་_100_,དཔའ་_100_,དཔའ་_100_,དཔའ་_100_
[བའི་_100_],བའི་_100_,བའི་_100_,བའི་_100_,བའི་_100_,བའི་_100_
[སྔགས་_100_],སྔགས་_100_,སྔགས་_100_,སྔགས་_100_,སྔགས་_100_,སྔགས་_100_
[པ་_100_],པ་_100_,པ་_100_,པ་_100_,པ་_100_,པ་_100_
[ཡིས_83_],ཡིས_83_,ཡི_16_,ཡིས_83_,ཡིས_83_,ཡིས_83_
[། །​_100_],། །​_100_,། །​_100_,། །​_100_,། །​_100_,། །​_100_
[ཡིད་_100_],ཡིད་_100_,ཡིད་_100_,ཡིད་_100_,ཡིད་_100_,ཡིད་_100_
[འོང་_100_],འོང་_100_,འོང་_100_,འོང་_100_,འོང་_100_,འོང་_100_
[དབེན་_100_],དབེན་_100_,དབེན་_100_,དབེན་_100_,དབེན་_100_,དབེན་_100_
[པའི་_100_],པའི་_100_,པའི་_100_,པའི་_100_,པའི་_100_,པའི་_100_
[གནས་_100_],གནས་_100_,གནས་_100_,གནས་_100_,གནས་_100_,གནས་_100_
[དག་_83_],དག་_83_,དགུ་_16_,དག་_83_,དག་_83_,དག་_83_
[གམ_100_],གམ_100_,གམ_100_,གམ_100_,གམ_100_,གམ_100_
[། །​_100_],། །​_100_,། །​_100_,། །​_100_,། །​_100_,། །​_100_
[རི་_100_],རི་_100_,རི་_100_,རི་_100_,རི་_100_,རི་_100_
[བོ་_100_],བོ་_100_,བོ་_100_,བོ་_100_,བོ་_100_,བོ་_100_
[དུར་_100_],དུར་_100_,དུར་_100_,དུར་_100_,དུར་_100_,དུར་_100_
[ཁྲོད་_100_],ཁྲོད་_100_,ཁྲོད་_100_,ཁྲོད་_100_,ཁྲོད་_100_,ཁྲོད་_100_
[མ་_100_],མ་_100_,མ་_100_,མ་_100_,མ་_100_,མ་_100_
[མོ་_100_],མོ་_100_,མོ་_100_,མོ་_100_,མོ་_100_,མོ་_100_
[དང་_100_],དང་_100_,དང་_100_,དང་_100_,དང་_100_,དང་_100_
[། །​_100_],། །​_100_,། །​_100_,། །​_100_,། །​_100_,། །​_100_
[གཤིན་_100_],གཤིན་_100_,གཤིན་_100_,གཤིན་_100_,གཤིན་_100_,གཤིན་_100_
[རྗེ་_100_],རྗེ་_100_,རྗེ་_100_,རྗེ་_100_,རྗེ་_100_,རྗེ་_100_
[འཇིགས་_100_],འཇིགས་_100_,འཇིགས་_100_,འཇིགས་_100_,འཇིགས་_100_,འཇིགས་_100_
[སུ་_100_],སུ་_100_,སུ་_100_,སུ་_100_,སུ་_100_,སུ་_100_
[རུང་_100_],རུང་_100_,རུང་_100_,རུང་_100_,རུང་_100_,རུང་_100_
[བ་_100_],བ་_100_,བ་_100_,བ་_100_,བ་_100_,བ་_100_
[ཡི_100_],ཡི_100_,ཡི_100_,ཡི_100_,ཡི_100_,ཡི_100_
[། །​_100_],། །​_100_,། །​_100_,། །​_100_,། །​_100_,། །​_100_
[གནས་_100_],གནས་_100_,གནས་_100_,གནས་_100_,གནས་_100_,གནས་_100_
[སུ་_100_],སུ་_100_,སུ་_100_,སུ་_100_,སུ་_100_,སུ་_100_
[ནག་_100_],ནག་_100_,ནག་_100_,ནག་_100_,ནག་_100_,ནག་_100_
[པོ་_100_],པོ་_100_,པོ་_100_,པོ་_100_,པོ་_100_,པོ་_100_
[བསྒྲུབ་_100_],བསྒྲུབ་_100_,བསྒྲུབ་_100_,བསྒྲུབ་_100_,བསྒྲུབ་_100_,བསྒྲུབ་_100_
[པར་_100_],པར་_100_,པར་_100_,པར་_100_,པར་_100_,པར་_100_
[བྱའོ_83_],བྱའོ_83_,བྱ_16_,བྱའོ_83_,བྱའོ_83_,བྱའོ_83_
[། །​_100_],། །​_100_,། །​_100_,། །​_100_,། །​_100_,། །​_100_
[མཎྜལ་_100_],མཎྜལ་_100_,མཎྜལ་_100_,མཎྜལ་_100_,མཎྜལ་_100_,མཎྜལ་_100_
[མཆོད་_100_],མཆོད་_100_,མཆོད་_100_,མཆོད་_100_,མཆོད་_100_,མཆོད་_100_
[དང་_100_],དང་_100_,དང་_100_,དང་_100_,དང་_100_,དང་_100_
[གཏོར་_100_],གཏོར་_100_,གཏོར་_100_,གཏོར་_100_,གཏོར་_100_,གཏོར་_100_
[མ་_100_],མ་_100_,མ་_100_,མ་_100_,མ་_100_,མ་_100_
[བཤམ_100_],བཤམ_100_,བཤམ_100_,བཤམ_100_,བཤམ_100_,བཤམ_100_
[། །​_100_],། །​_100_,། །​_100_,། །​_100_,། །​_100_,། །​_100_
[རྟེན་_100_],རྟེན་_100_,རྟེན་_100_,རྟེན་_100_,རྟེན་_100_,རྟེན་_100_
[བཤམས་_83_],བཤམས་_83_,བཤམ་_16_,བཤམས་_83_,བཤམས་_83_,བཤམས་_83_
[བདེ་_100_],བདེ་_100_,བདེ་_100_,བདེ་_100_,བདེ་_100_,བདེ་_100_
[བའི་_100_],བའི་_100_,བའི་_100_,བའི་_100_,བའི་_100_,བའི་_100_
[སྟན་_100_],སྟན་_100_,སྟན་_100_,སྟན་_100_,སྟན་_100_,སྟན་_100_
[འདུག་སྟེ། །​_83_],འདུག་སྟེ། །​_83_,ལ་འདུག །​_16_,འདུག་སྟེ། །​_83_,འདུག་སྟེ། །​_83_,འདུག་སྟེ། །​_83_
[རང་_100_],རང་_100_,རང་_100_,རང་_100_,རང་_100_,རང་_100_
[གི་_100_],གི་_100_,གི་_100_,གི་_100_,གི་_100_,གི་_100_
[ལྷ་_100_],ལྷ་_100_,ལྷ་_100_,ལྷ་_100_,ལྷ་_100_,ལྷ་_100_
[ཡི་_100_],ཡི་_100_,ཡི་_100_,ཡི་_100_,ཡི་_100_,ཡི་_100_
[རྣལ་_100_],རྣལ་_100_,རྣལ་_100_,རྣལ་_100_,རྣལ་_100_,རྣལ་_100_
[འབྱོར་_100_],འབྱོར་_100_,འབྱོར་_100_,འབྱོར་_100_,འབྱོར་_100_,འབྱོར་_100_
[དུ_100_],དུ_100_,དུ_100_,དུ_100_,དུ_100_,དུ_100_
[། །​_100_],། །​_100_,། །​_100_,། །​_100_,། །​_100_,། །​_100_
[ཞུགས་_100_],ཞུགས་_100_,ཞུགས་_100_,ཞུགས་_100_,ཞུགས་_100_,ཞུགས་_100_
[ཏེ་_100_],ཏེ་_100_,ཏེ་_100_,ཏེ་_100_,ཏེ་_100_,ཏེ་_100_
[ཆོ་_100_],ཆོ་_100_,ཆོ་_100_,ཆོ་_100_,ཆོ་_100_,ཆོ་_100_
[ག་_100_],ག་_100_,ག་_100_,ག་_100_,ག་_100_,ག་_100_
[རྫོགས་_100_],རྫོགས་_100_,རྫོགས་_100_,རྫོགས་_100_,རྫོགས་_100_,རྫོགས་_100_
[པ་_100_],པ་_100_,པ་_100_,པ་_100_,པ་_100_,པ་_100_
[དང་_100_],དང་_100_,དང་_100_,དང་_100_,དང་_100_,དང་_100_
[། །​_83_],། །​_83_,། །​_83_,། །​_83_,། །​ _16_,། །​_83_
[བླ་_100_],བླ་_100_,བླ་_100_,བླ་_100_,བླ་_100_,བླ་_100_
[མ་_100_],མ་_100_,མ་_100_,མ་_100_,མ་_100_,མ་_100_
[ལ་_100_],ལ་_100_,ལ་_100_,ལ་_100_,ལ་_100_,ལ་_100_
[སྨོད་_100_],སྨོད་_100_,སྨོད་_100_,སྨོད་_100_,སྨོད་_100_,སྨོད་_100_
[བསྟན་_100_],བསྟན་_100_,བསྟན་_100_,བསྟན་_100_,བསྟན་_100_,བསྟན་_100_
[ལ་_100_],ལ་_100_,ལ་_100_,ལ་_100_,ལ་_100_,ལ་_100_
[སྡང་_100_],སྡང་_100_,སྡང་_100_,སྡང་_100_,སྡང་_100_,སྡང་_100_
[། །​_100_],། །​_100_,། །​_100_,། །​_100_,། །​_100_,། །​_100_
[དེ་_100_],དེ་_100_,དེ་_100_,དེ་_100_,དེ་_100_,དེ་_100_
[དག་_100_],དག་_100_,དག་_100_,དག་_100_,དག་_100_,དག་_100_
[རབ་_100_],རབ་_100_,རབ་_100_,རབ་_100_,རབ་_100_,རབ་_100_
[ཏུ་_100_],ཏུ་_100_,ཏུ་_100_,ཏུ་_100_,ཏུ་_100_,ཏུ་_100_
[ཞི་_100_],ཞི་_100_,ཞི་_100_,ཞི་_100_,ཞི་_100_,ཞི་_100_
[བྱའི་_83_],བྱའི་_83_,བའི་_16_,བྱའི་_83_,བྱའི་_83_,བྱའི་_83_
[ཕྱིར_100_],ཕྱིར_100_,ཕྱིར_100_,ཕྱིར_100_,ཕྱིར_100_,ཕྱིར_100_
[། །​_100_],། །​_100_,། །​_100_,། །​_100_,། །​_100_,། །​_100_
[བདག་_100_],བདག་_100_,བདག་_100_,བདག་_100_,བདག་_100_,བདག་_100_
[གིས་_100_],གིས་_100_,གིས་_100_,གིས་_100_,གིས་_100_,གིས་_100_
[ནག་_100_],ནག་_100_,ནག་_100_,ནག་_100_,ནག་_100_,ནག་_100_
[པོ་_100_],པོ་_100_,པོ་_100_,པོ་_100_,པོ་_100_,པོ་_100_
[བསྒྲུབ་_100_],བསྒྲུབ་_100_,བསྒྲུབ་_100_,བསྒྲུབ་_100_,བསྒྲུབ་_100_,བསྒྲུབ་_100_
[པར་_100_],པར་_100_,པར་_100_,པར་_100_,པར་_100_,པར་_100_
[བྱའོ_100_],བྱའོ_100_,བྱའོ_100_,བྱའོ_100_,བྱའོ_100_,བྱའོ_100_
[། །​_100_],། །​_100_,། །​_100_,། །​_100_,། །​_100_,། །​_100_
[སྙམ་_100_],སྙམ་_100_,སྙམ་_100_,སྙམ་_100_,སྙམ་_100_,སྙམ་_100_
[དུ་_100_],དུ་_100_,དུ་_100_,དུ་_100_,དུ་_100_,དུ་_100_
[བློ་_100_],བློ་_100_,བློ་_100_,བློ་_100_,བློ་_100_,བློ་_100_
[ནི་_100_],ནི་_100_,ནི་_100_,ནི་_100_,ནི་_100_,ནི་_100_
[བསྐྱེད་_100_],བསྐྱེད་_100_,བསྐྱེད་_100_,བསྐྱེད་_100_,བསྐྱེད་_100_,བསྐྱེད་_100_
[བྱ་_100_],བྱ་_100_,བྱ་_100_,བྱ་_100_,བྱ་_100_,བྱ་_100_
[སྟེ_100_],སྟེ_100_,སྟེ_100_,སྟེ_100_,སྟེ_100_,སྟེ_100_
[། །​ཕྱི་དང་ནང་གི་དངོས་པོ་རྣམས། །​_66_],། །​ཕྱི་དང་ནང་གི་དངོས་པོ་རྣམས། །​_66_,། །​_16_,། །​ཕྱི་དང་ནང་གི་དངོས་པོ་རྣམས། །​_66_,། །​ །​ཕྱི་དང་ནང་གི་དངོས་པོ་རྣམས། །​_16_,། །​ཕྱི་དང་ནང་གི་དངོས་པོ་རྣམས། །​_66_
[སྐད་_100_],སྐད་_100_,སྐད་_100_,སྐད་_100_,སྐད་_100_,སྐད་_100_
[ཅིག་_100_],ཅིག་_100_,ཅིག་_100_,ཅིག་_100_,ཅིག་_100_,ཅིག་_100_
[སྟོང་པར་བསྒོམ་_83_],སྟོང་པར་བསྒོམ་_83_,གིས་ནི་སྟོང་_16_,སྟོང་པར་བསྒོམ་_83_,སྟོང་པར་བསྒོམ་_83_,སྟོང་པར་བསྒོམ་_83_
[པར་_100_],པར་_100_,པར་_100_,པར་_100_,པར་_100_,པར་_100_
[བྱ_100_],བྱ_100_,བྱ_100_,བྱ_100_,བྱ_100_,བྱ_100_
[། །​_100_],། །​_100_,། །​_100_,། །​_100_,། །​_100_,། །​_100_
[མདུན་_100_],མདུན་_100_,མདུན་_100_,མདུན་_100_,མདུན་_100_,མདུན་_100_
[དུ་_100_],དུ་_100_,དུ་_100_,དུ་_100_,དུ་_100_,དུ་_100_
[པདྨ་_100_],པདྨ་_100_,པདྨ་_100_,པདྨ་_100_,པདྨ་_100_,པདྨ་_100_
[ཉི་_100_],ཉི་_100_,ཉི་_100_,ཉི་_100_,ཉི་_100_,ཉི་_100_
[མ་_100_],མ་_100_,མ་_100_,མ་_100_,མ་_100_,མ་_100_
[ལ_100_],ལ_100_,ལ_100_,ལ_100_,ལ_100_,ལ_100_
[། །​_100_],། །​_100_,། །​_100_,། །​_100_,། །​_100_,། །​_100_
[གནས་_100_],གནས་_100_,གནས་_100_,གནས་_100_,གནས་_100_,གནས་_100_
[པའི་_100_],པའི་_100_,པའི་_100_,པའི་_100_,པའི་_100_,པའི་_100_
[ཡི་_100_],ཡི་_100_,ཡི་_100_,ཡི་_100_,ཡི་_100_,ཡི་_100_
[གེ་_100_],གེ་_100_,གེ་_100_,གེ་_100_,གེ་_100_,གེ་_100_
[ཧཱུཾ་_66_],ཧཱུཾ་_66_,ཧཱུྃ་_33_,ཧཱུཾ་_66_,ཧཱུྃ་_33_,ཧཱུཾ་_66_
[ནག་_100_],ནག་_100_,ནག་_100_,ནག་_100_,ནག་_100_,ནག་_100_
[པོ_100_],པོ_100_,པོ_100_,པོ_100_,པོ_100_,པོ_100_
[། །​_100_],། །​_100_,། །​_100_,། །​_100_,། །​_100_,། །​_100_
[བལྟས་_83_],བལྟས་_83_,བསམས་_16_,བལྟས་_83_,བལྟས་_83_,བལྟས་_83_
[ཏེ་_100_],ཏེ་_100_,ཏེ་_100_,ཏེ་_100_,ཏེ་_100_,ཏེ་_100_
[དེ་_100_],དེ་_100_,དེ་_100_,དེ་_100_,དེ་_100_,དེ་_100_
[ཡི་_100_],ཡི་_100_,ཡི་_100_,ཡི་_100_,ཡི་_100_,ཡི་_100_
[འོད་_100_],འོད་_100_,འོད་_100_,འོད་_100_,འོད་_100_,འོད་_100_
[ཟེར་_100_],ཟེར་_100_,ཟེར་_100_,ཟེར་_100_,ཟེར་_100_,ཟེར་_100_
[གྱིས_100_],གྱིས_100_,གྱིས_100_,གྱིས_100_,གྱིས_100_,གྱིས_100_
[། །​_100_],། །​_100_,། །​_100_,། །​_100_,། །​_100_,། །​_100_
[གདུག་_100_],གདུག་_100_,གདུག་_100_,གདུག་_100_,གདུག་_100_,གདུག་_100_
[པ་_100_],པ་_100_,པ་_100_,པ་_100_,པ་_100_,པ་_100_
[མ་_100_],མ་_100_,མ་_100_,མ་_100_,མ་_100_,མ་_100_
[ལུས་_100_],ལུས་_100_,ལུས་_100_,ལུས་_100_,ལུས་_100_,ལུས་_100_
[ཞི་_83_],ཞི་_83_,ཞི་_83_,ཞི་_83_,ཞི་”_16_,ཞི་_83_
[བྱས་_100_],བྱས་_100_,བྱས་_100_,བྱས་_100_,བྱས་_100_,བྱས་_100_
[ཏེ_100_],ཏེ_100_,ཏེ_100_,ཏེ_100_,ཏེ_100_,ཏེ_100_
[། །​_100_],། །​_100_,། །​_100_,། །​_100_,། །​_100_,། །​_100_
[འགྲོ་_100_],འགྲོ་_100_,འགྲོ་_100_,འགྲོ་_100_,འགྲོ་_100_,འགྲོ་_100_
[ཀུན་_100_],ཀུན་_100_,ཀུན་_100_,ཀུན་_100_,ཀུན་_100_,ཀུན་_100_
[བདེ་_100_],བདེ་_100_,བདེ་_100_,བདེ་_100_,བདེ་_100_,བདེ་_100_
[བ་_100_],བ་_100_,བ་_100_,བ་_100_,བ་_100_,བ་_100_
[ལ་_100_],ལ་_100_,ལ་_100_,ལ་_100_,ལ་_100_,ལ་_100_
[བཞག་_100_],བཞག་_100_,བཞག་_100_,བཞག་_100_,བཞག་_100_,བཞག་_100_
[ནས_100_],ནས_100_,ནས_100_,ནས_100_,ནས_100_,ནས_100_
[། །​_100_],། །​_100_,། །​_100_,། །​_100_,། །​_100_,། །​_100_
[སླར་_100_],སླར་_100_,སླར་_100_,སླར་_100_,སླར་_100_,སླར་_100_
[འདུས་_100_],འདུས་_100_,འདུས་_100_,འདུས་_100_,འདུས་_100_,འདུས་_100_
[ཧཱུཾ་_83_],ཧཱུཾ་_83_,ཧཱུྃ་_16_,ཧཱུཾ་_83_,ཧཱུཾ་_83_,ཧཱུཾ་_83_
[ལ་_100_],ལ་_100_,ལ་_100_,ལ་_100_,ལ་_100_,ལ་_100_
[ཐིམ་_100_],ཐིམ་_100_,ཐིམ་_100_,ཐིམ་_100_,ཐིམ་_100_,ཐིམ་_100_
[གྱུར་_100_],གྱུར་_100_,གྱུར་_100_,གྱུར་_100_,གྱུར་_100_,གྱུར་_100_
[ཏེ_100_],ཏེ_100_,ཏེ_100_,ཏེ_100_,ཏེ_100_,ཏེ_100_
[། །​_100_],། །​_100_,། །​_100_,། །​_100_,། །​_100_,། །​_100_
[ཡི་_100_],ཡི་_100_,ཡི་_100_,ཡི་_100_,ཡི་_100_,ཡི་_100_
[གེ་_100_],གེ་_100_,གེ་_100_,གེ་_100_,གེ་_100_,གེ་_100_
[གྱུར་_100_],གྱུར་_100_,གྱུར་_100_,གྱུར་_100_,གྱུར་_100_,གྱུར་_100_
[པས་_100_],པས་_100_,པས་_100_,པས་_100_,པས་_100_,པས་_100_
[སྐད་_100_],སྐད་_100_,སྐད་_100_,སྐད་_100_,སྐད་_100_,སྐད་_100_
[ཅིག་_100_],ཅིག་_100_,ཅིག་_100_,ཅིག་_100_,ཅིག་_100_,ཅིག་_100_
[གིས_100_],གིས_100_,གིས_100_,གིས_100_,གིས_100_,གིས_100_
[། །​_100_],། །​_100_,། །​_100_,། །​_100_,། །​_100_,། །​_100_
[བྱ་_100_],བྱ་_100_,བྱ་_100_,བྱ་_100_,བྱ་_100_,བྱ་_100_
[རོག་_100_],རོག་_100_,རོག་_100_,རོག་_100_,རོག་_100_,རོག་_100_
[མིང་_83_],མིང་_83_,གདོང་_16_,མིང་_83_,མིང་_83_,མིང་_83_
[ཅན་_100_],ཅན་_100_,ཅན་_100_,ཅན་_100_,ཅན་_100_,ཅན་_100_
[ནག་_100_],ནག་_100_,ནག་_100_,ནག་_100_,ནག་_100_,ནག་_100_
[པོ་_100_],པོ་_100_,པོ་_100_,པོ་_100_,པོ་_100_,པོ་_100_
[ཆེ_100_],ཆེ_100_,ཆེ_100_,ཆེ_100_,ཆེ_100_,ཆེ_100_
[། །​_83_],། །​_83_,། །​_83_,། །​_83_,༑ །​_16_,། །​_83_
[ཞལ་_100_],ཞལ་_100_,ཞལ་_100_,ཞལ་_100_,ཞལ་_100_,ཞལ་_100_
[གཅིག་_100_],གཅིག་_100_,གཅིག་_100_,གཅིག་_100_,གཅིག་_100_,གཅིག་_100_
[ཕྱག་_100_],ཕྱག་_100_,ཕྱག་_100_,ཕྱག་_100_,ཕྱག་_100_,ཕྱག་_100_
[བཞི་_100_],བཞི་_100_,བཞི་_100_,བཞི་_100_,བཞི་_100_,བཞི་_100_
[གཡས་_100_],གཡས་_100_,གཡས་_100_,གཡས་_100_,གཡས་_100_,གཡས་_100_
[པ་_100_],པ་_100_,པ་_100_,པ་_100_,པ་_100_,པ་_100_
[ན_100_],ན_100_,ན_100_,ན_100_,ན_100_,ན_100_
[། །​_100_],། །​_100_,། །​_100_,། །​_100_,། །​_100_,། །​_100_
[དང་_100_],དང་_100_,དང་_100_,དང་_100_,དང་_100_,དང་_100_
[པོ་_100_],པོ་_100_,པོ་_100_,པོ་_100_,པོ་_100_,པོ་_100_
བ་ཙའི་_33_,བ་ཙའི་_33_,བྷི་ཏའི་_16_,[བེ་ཙའི་_50_],བེ་ཙའི་_50_,བེ་ཙའི་_50_
[འབྲས་_100_],འབྲས་_100_,འབྲས་_100_,འབྲས་_100_,འབྲས་_100_,འབྲས་_100_
[བུ་_100_],བུ་_100_,བུ་_100_,བུ་_100_,བུ་_100_,བུ་_100_
[དམར_100_],དམར_100_,དམར_100_,དམར_100_,དམར_100_,དམར_100_
[། །​_100_],། །​_100_,། །​_100_,། །​_100_,། །​_100_,། །​_100_
[གཉིས་_100_],གཉིས་_100_,གཉིས་_100_,གཉིས་_100_,གཉིས་_100_,གཉིས་_100_
[པ་_100_],པ་_100_,པ་_100_,པ་_100_,པ་_100_,པ་_100_
[རལ་_100_],རལ་_100_,རལ་_100_,རལ་_100_,རལ་_100_,རལ་_100_
[གྲི་_100_],གྲི་_100_,གྲི་_100_,གྲི་_100_,གྲི་_100_,གྲི་_100_
[འཛིན་_100_],འཛིན་_100_,འཛིན་_100_,འཛིན་_100_,འཛིན་_100_,འཛིན་_100_
[པའོ_100_],པའོ_100_,པའོ_100_,པའོ_100_,པའོ_100_,པའོ_100_
[། །​_100_],། །​_100_,། །​_100_,། །​_100_,། །​_100_,། །​_100_
[གཡོན་_100_],གཡོན་_100_,གཡོན་_100_,གཡོན་_100_,གཡོན་_100_,གཡོན་_100_
[གྱི་_100_],གྱི་_100_,གྱི་_100_,གྱི་_100_,གྱི་_100_,གྱི་_100_
[དང་_100_],དང་_100_,དང་_100_,དང་_100_,དང་_100_,དང་_100_
[པོ་ཁྲག་ཆེན་གྱིས_83_],པོ་ཁྲག་ཆེན་གྱིས_83_,པོ་རཀྟ་ཡིས_16_,པོ་ཁྲག་ཆེན་གྱིས_83_,པོ་ཁྲག་ཆེན་གྱིས_83_,པོ་ཁྲག་ཆེན་གྱིས_83_
[། །​_100_],། །​_100_,། །​_100_,། །​_100_,། །​_100_,། །​_100_
[རབ་_100_],རབ་_100_,རབ་_100_,རབ་_100_,རབ་_100_,རབ་_100_
[ཏུ་_100_],ཏུ་_100_,ཏུ་_100_,ཏུ་_100_,ཏུ་_100_,ཏུ་_100_
[གང་_100_],གང་_100_,གང་_100_,གང་_100_,གང་_100_,གང་_100_
[བའི་_100_],བའི་_100_,བའི་_100_,བའི་_100_,བའི་_100_,བའི་_100_
[ཐོད་_100_],ཐོད་_100_,ཐོད་_100_,ཐོད་_100_,ཐོད་_100_,ཐོད་_100_
[པ་_100_],པ་_100_,པ་_100_,པ་_100_,པ་_100_,པ་_100_
[འཛིན_100_],འཛིན_100_,འཛིན_100_,འཛིན_100_,འཛིན_100_,འཛིན_100_
[། །​_100_],། །​_100_,། །​_100_,། །​_100_,། །​_100_,། །​_100_
[གཉིས་_100_],གཉིས་_100_,གཉིས་_100_,གཉིས་_100_,གཉིས་_100_,གཉིས་_100_
[པ་_100_],པ་_100_,པ་_100_,པ་_100_,པ་_100_,པ་_100_
[ཁ་_100_],ཁ་_100_,ཁ་_100_,ཁ་_100_,ཁ་_100_,ཁ་_100_
[ཊྭཱཾ་_83_],ཊྭཱཾ་_83_,ཊྭཱཾ་_83_,ཊྭཱཾ་_83_,ཊཾ་_16_,ཊྭཱཾ་_83_
[འཛིན་_100_],འཛིན་_100_,འཛིན་_100_,འཛིན་_100_,འཛིན་_100_,འཛིན་_100_
[པའོ_100_],པའོ_100_,པའོ_100_,པའོ_100_,པའོ_100_,པའོ_100_
[། །​_100_],། །​_100_,། །​_100_,། །​_100_,། །​_100_,། །​_100_
[སྟག་_100_],སྟག་_100_,སྟག་_100_,སྟག་_100_,སྟག་_100_,སྟག་_100_
[གི་_100_],གི་_100_,གི་_100_,གི་_100_,གི་_100_,གི་_100_
[པགས་_100_],པགས་_100_,པགས་_100_,པགས་_100_,པགས་_100_,པགས་_100_
[པས་_100_],པས་_100_,པས་_100_,པས་_100_,པས་_100_,པས་_100_
[སྨད་_100_],སྨད་_100_,སྨད་_100_,སྨད་_100_,སྨད་_100_,སྨད་_100_
[དཀྲིས་_100_],དཀྲིས་_100_,དཀྲིས་_100_,དཀྲིས་_100_,དཀྲིས་_100_,དཀྲིས་_100_
[ཤིང་_100_],ཤིང་_100_,ཤིང་_100_,ཤིང་_100_,ཤིང་_100_,ཤིང་_100_
[། །​_100_],། །​_100_,། །​_100_,། །​_100_,། །​_100_,། །​_100_
[དབུ་_100_],དབུ་_100_,དབུ་_100_,དབུ་_100_,དབུ་_100_,དབུ་_100_
[སྐྲ་_100_],སྐྲ་_100_,སྐྲ་_100_,སྐྲ་_100_,སྐྲ་_100_,སྐྲ་_100_
[ཨག་_100_],ཨག་_100_,ཨག་_100_,ཨག་_100_,ཨག་_100_,ཨག་_100_
[ཚོམ་_100_],ཚོམ་_100_,ཚོམ་_100_,ཚོམ་_100_,ཚོམ་_100_,ཚོམ་_100_
[སྨིན་_100_],སྨིན་_100_,སྨིན་_100_,སྨིན་_100_,སྨིན་_100_,སྨིན་_100_
[མ་_100_],མ་_100_,མ་_100_,མ་_100_,མ་_100_,མ་_100_
[སེར_100_],སེར_100_,སེར_100_,སེར_100_,སེར_100_,སེར_100_
[། །​_100_],། །​_100_,། །​_100_,། །​_100_,། །​_100_,། །​_100_
[སྤྱན་_100_],སྤྱན་_100_,སྤྱན་_100_,སྤྱན་_100_,སྤྱན་_100_,སྤྱན་_100_
[གསུམ་_100_],གསུམ་_100_,གསུམ་_100_,གསུམ་_100_,གསུམ་_100_,གསུམ་_100_
[མཆེ་_100_],མཆེ་_100_,མཆེ་_100_,མཆེ་_100_,མཆེ་_100_,མཆེ་_100_
[གཙིགས་_100_],གཙིགས་_100_,གཙིགས་_100_,གཙིགས་_100_,གཙིགས་_100_,གཙིགས་_100_
[འཇིགས་_100_],འཇིགས་_100_,འཇིགས་_100_,འཇིགས་_100_,འཇིགས་_100_,འཇིགས་_100_
[པར་_100_],པར་_100_,པར་_100_,པར་_100_,པར་_100_,པར་_100_
[བྱེད_100_],བྱེད_100_,བྱེད_100_,བྱེད_100_,བྱེད_100_,བྱེད_100_
[། །​_100_],། །​_100_,། །​_100_,། །​_100_,། །​_100_,། །​_100_
[ཐོད་_100_],ཐོད་_100_,ཐོད་_100_,ཐོད་_100_,ཐོད་_100_,ཐོད་_100_
[པ་_100_],པ་_100_,པ་_100_,པ་_100_,པ་_100_,པ་_100_
[རིན་_100_],རིན་_100_,རིན་_100_,རིན་_100_,རིན་_100_,རིན་_100_
[ཆེན་_100_],ཆེན་_100_,ཆེན་_100_,ཆེན་_100_,ཆེན་_100_,ཆེན་_100_
[སྦྲུལ་_100_],སྦྲུལ་_100_,སྦྲུལ་_100_,སྦྲུལ་_100_,སྦྲུལ་_100_,སྦྲུལ་_100_
[གྱིས་_100_],གྱིས་_100_,གྱིས་_100_,གྱིས་_100_,གྱིས་_100_,གྱིས་_100_
[བརྒྱན_100_],བརྒྱན_100_,བརྒྱན_100_,བརྒྱན_100_,བརྒྱན_100_,བརྒྱན_100_
[། །​_100_],། །​_100_,། །​_100_,། །​_100_,། །​_100_,། །​_100_
[སྣ་_100_],སྣ་_100_,སྣ་_100_,སྣ་_100_,སྣ་_100_,སྣ་_100_
[ཚོགས་པདྨ་ཉི་_83_],ཚོགས་པདྨ་ཉི་_83_,ཚོགས་པདྨཉི་_16_,ཚོགས་པདྨ་ཉི་_83_,ཚོགས་པདྨ་ཉི་_83_,ཚོགས་པདྨ་ཉི་_83_
[སྟེང་_100_],སྟེང་_100_,སྟེང་_100_,སྟེང་_100_,སྟེང་_100_,སྟེང་_100_
[དུ_100_],དུ_100_,དུ_100_,དུ_100_,དུ_100_,དུ_100_
[། །​_100_],། །​_100_,། །​_100_,། །​_100_,། །​_100_,། །​_100_
[དཔའ་_100_],དཔའ་_100_,དཔའ་_100_,དཔའ་_100_,དཔའ་_100_,དཔའ་_100_
[བོའི་_100_],བོའི་_100_,བོའི་_100_,བོའི་_100_,བོའི་_100_,བོའི་_100_
[འདུག་_100_],འདུག་_100_,འདུག་_100_,འདུག་_100_,འདུག་_100_,འདུག་_100_
[སྟངས་_100_],སྟངས་_100_,སྟངས་_100_,སྟངས་_100_,སྟངས་_100_,སྟངས་_100_
[ཀྱིས་_100_],ཀྱིས་_100_,ཀྱིས་_100_,ཀྱིས་_100_,ཀྱིས་_100_,ཀྱིས་_100_
[གནས་_100_],གནས་_100_,གནས་_100_,གནས་_100_,གནས་_100_,གནས་_100_
[པའོ_100_],པའོ_100_,པའོ_100_,པའོ_100_,པའོ_100_,པའོ_100_
[། །​_100_],། །​_100_,། །​_100_,། །​_100_,། །​_100_,། །​_100_
[དེ་_100_],དེ་_100_,དེ་_100_,དེ་_100_,དེ་_100_,དེ་_100_
[ནས་_100_],ནས་_100_,ནས་_100_,ནས་_100_,ནས་_100_,ནས་_100_
[རང་_100_],རང་_100_,རང་_100_,རང་_100_,རང་_100_,རང་_100_
[གི་_100_],གི་_100_,གི་_100_,གི་_100_,གི་_100_,གི་_100_
[ཐུགས་ཀ་_83_],ཐུགས་ཀ་_83_,སྙིང་ག་_16_,ཐུགས་ཀ་_83_,ཐུགས་ཀ་_83_,ཐུགས་ཀ་_83_
[ཡི_100_],ཡི_100_,ཡི_100_,ཡི_100_,ཡི_100_,ཡི_100_
[། །​_100_],། །​_100_,། །​_100_,། །​_100_,། །​_100_,། །​_100_
[ས་_100_],ས་_100_,ས་_100_,ས་_100_,ས་_100_,ས་_100_
[བོན་_100_],བོན་_100_,བོན་_100_,བོན་_100_,བོན་_100_,བོན་_100_
[ལས་_100_],ལས་_100_,ལས་_100_,ལས་_100_,ལས་_100_,ལས་_100_
[འཕྲོས་_100_],འཕྲོས་_100_,འཕྲོས་_100_,འཕྲོས་_100_,འཕྲོས་_100_,འཕྲོས་_100_
[འོད་_100_],འོད་_100_,འོད་_100_,འོད་_100_,འོད་_100_,འོད་_100_
[ཟེར་_100_],ཟེར་_100_,ཟེར་_100_,ཟེར་_100_,ཟེར་_100_,ཟེར་_100_
[གྱིས_100_],གྱིས_100_,གྱིས_100_,གྱིས_100_,གྱིས_100_,གྱིས_100_
[། །​_100_],། །​_100_,། །​_100_,། །​_100_,། །​_100_,། །​_100_
[ཡེ་_100_],ཡེ་_100_,ཡེ་_100_,ཡེ་_100_,ཡེ་_100_,ཡེ་_100_
[ཤེས་_100_],ཤེས་_100_,ཤེས་_100_,ཤེས་_100_,ཤེས་_100_,ཤེས་_100_
[སེམས་_100_],སེམས་_100_,སེམས་_100_,སེམས་_100_,སེམས་_100_,སེམས་_100_
[དཔའ་_100_],དཔའ་_100_,དཔའ་_100_,དཔའ་_100_,དཔའ་_100_,དཔའ་_100_
[སྤྱན་_100_],སྤྱན་_100_,སྤྱན་_100_,སྤྱན་_100_,སྤྱན་_100_,སྤྱན་_100_
[དྲངས་_100_],དྲངས་_100_,དྲངས་_100_,དྲངས་_100_,དྲངས་_100_,དྲངས་_100_
[ལ_100_],ལ_100_,ལ_100_,ལ_100_,ལ_100_,ལ_100_
[། །​_83_],། །​_83_,། །​_83_,། །​_83_,༑ །​_16_,། །​_83_
[མཆོད་_100_],མཆོད་_100_,མཆོད་_100_,མཆོད་_100_,མཆོད་_100_,མཆོད་_100_
[ལ་_100_],ལ་_100_,ལ་_100_,ལ་_100_,ལ་_100_,ལ་_100_
[ཛཿཧཱུཾ་བཾ་ཧོཿཡིས_66_],ཛཿཧཱུཾ་བཾ་ཧོཿཡིས_66_,ཛཿ ཧཱུྃ་བཾ་ཧོཿ ཡིས_16_,ཛཿཧཱུཾ་བཾ་ཧོཿཡིས_66_,ཛཧཱུྃ་བཾ་ཧོ༔ཡིས_16_,ཛཿཧཱུཾ་བཾ་ཧོཿཡིས_66_
[། །​_100_],། །​_100_,། །​_100_,། །​_100_,། །​_100_,། །​_100_
[དགུག་_100_],དགུག་_100_,དགུག་_100_,དགུག་_100_,དགུག་_100_,དགུག་_100_
[གཞུག་_100_],གཞུག་_100_,གཞུག་_100_,གཞུག་_100_,གཞུག་_100_,གཞུག་_100_
[བསྟིམ་_100_],བསྟིམ་_100_,བསྟིམ་_100_,བསྟིམ་_100_,བསྟིམ་_100_,བསྟིམ་_100_
[དང་_100_],དང་_100_,དང་_100_,དང་_100_,དང་_100_,དང་_100_
[མཉེས་_100_],མཉེས་_100_,མཉེས་_100_,མཉེས་_100_,མཉེས་_100_,མཉེས་_100_
[པར་_100_],པར་_100_,པར་_100_,པར་_100_,པར་_100_,པར་_100_
[བྱ_100_],བྱ_100_,བྱ_100_,བྱ_100_,བྱ_100_,བྱ_100_
[། །​_100_],། །​_100_,། །​_100_,། །​_100_,། །​_100_,། །​_100_
[སྤྱི་_100_],སྤྱི་_100_,སྤྱི་_100_,སྤྱི་_100_,སྤྱི་_100_,སྤྱི་_100_
[བོ་_100_],བོ་_100_,བོ་_100_,བོ་_100_,བོ་_100_,བོ་_100_
[མགྲིན་_100_],མགྲིན་_100_,མགྲིན་_100_,མགྲིན་_100_,མགྲིན་_100_,མགྲིན་_100_
[པ་_83_],པ་_83_,པའི་_16_,པ་_83_,པ་_83_,པ་_83_
[སྙིང་_100_],སྙིང་_100_,སྙིང་_100_,སྙིང་_100_,སྙིང་_100_,སྙིང་_100_
[ག་_100_],ག་_100_,ག་_100_,ག་_100_,ག་_100_,ག་_100_
[རུ_100_],རུ_100_,རུ_100_,རུ_100_,རུ_100_,རུ_100_
[། །​_83_],། །​_83_,། _16_,། །​_83_,། །​_83_,། །​_83_
[པདྨ་_100_],པདྨ་_100_,པདྨ་_100_,པདྨ་_100_,པདྨ་_100_,པདྨ་_100_
[ཉི་_100_],ཉི་_100_,ཉི་_100_,ཉི་_100_,ཉི་_100_,ཉི་_100_
[མའི་_100_],མའི་_100_,མའི་_100_,མའི་_100_,མའི་_100_,མའི་_100_
[གདན་_100_],གདན་_100_,གདན་_100_,གདན་_100_,གདན་_100_,གདན་_100_
[སྟེངས་སུ_66_],སྟེངས་སུ_66_,སྟེང་དུ_16_,སྟེངས་སུ_66_,སྟེངས་སིུ_16_,སྟེངས་སུ_66_
[། །​_100_],། །​_100_,། །​_100_,། །​_100_,། །​_100_,། །​_100_
[ཧཱུཾ་_66_],ཧཱུཾ་_66_,ཧཱུྃ་_33_,ཧཱུཾ་_66_,ཧཱུྃ་_33_,ཧཱུཾ་_66_
[དང་ཨཱཿདང་ཨོཾ་_66_],དང་ཨཱཿདང་ཨོཾ་_66_,དང་ཨཱཿ དང་ཨོཾ་_16_,དང་ཨཱཿདང་ཨོཾ་_66_,དང་ཨོ་_16_,དང་ཨཱཿདང་ཨོཾ་_66_
[གསུམ་_100_],གསུམ་_100_,གསུམ་_100_,གསུམ་_100_,གསུམ་_100_,གསུམ་_100_
[གྱིས_100_],གྱིས_100_,གྱིས_100_,གྱིས_100_,གྱིས_100_,གྱིས_100_
[། །​_100_],། །​_100_,། །​_100_,། །​_100_,། །​_100_,། །​_100_
[སྐུ་_100_],སྐུ་_100_,སྐུ་_100_,སྐུ་_100_,སྐུ་_100_,སྐུ་_100_
[གསུང་_100_],གསུང་_100_,གསུང་_100_,གསུང་_100_,གསུང་_100_,གསུང་_100_
[ཐུགས་_100_],ཐུགས་_100_,ཐུགས་_100_,ཐུགས་_100_,ཐུགས་_100_,ཐུགས་_100_
[གསུམ་_100_],གསུམ་_100_,གསུམ་_100_,གསུམ་_100_,གསུམ་_100_,གསུམ་_100_
[བྱིན་_100_],བྱིན་_100_,བྱིན་_100_,བྱིན་_100_,བྱིན་_100_,བྱིན་_100_
[གྱིས་_100_],གྱིས་_100_,གྱིས་_100_,གྱིས་_100_,གྱིས་_100_,གྱིས་_100_
[བརླབས_100_],བརླབས_100_,བརླབས_100_,བརླབས_100_,བརླབས_100_,བརླབས_100_
[། །​_100_],། །​_100_,། །​_100_,། །​_100_,། །​_100_,། །​_100_
[ལེགས་_100_],ལེགས་_100_,ལེགས་_100_,ལེགས་_100_,ལེགས་_100_,ལེགས་_100_
[མཆོད་བསྟོད་_83_],མཆོད་བསྟོད་_83_,པར་མཆོད་_16_,མཆོད་བསྟོད་_83_,མཆོད་བསྟོད་_83_,མཆོད་བསྟོད་_83_
[དེ་ནས་ནི། །​ཨོཾ་མ་ཧཱ་_33_],དེ་ནས་ནི། །​ཨོཾ་མ་ཧཱ་_33_,དེ་བསྟོད་ནས་ནི། །​ཨོ་མཧཱ་_16_,དེ་དེ་ནས་ནི། །​ཨོཾ་མ་ཧཱ་_33_,དེ་དེ་ནས་ནི། །​ ཨོཾ་མ་ཧཱ་_16_,དེ་དེ་ནས་ནི། །​ཨོཾ་མ་ཧཱ་_33_
[ཀཱ་_100_],ཀཱ་_100_,ཀཱ་_100_,ཀཱ་_100_,ཀཱ་_100_,ཀཱ་_100_
[ལ་_100_],ལ་_100_,ལ་_100_,ལ་_100_,ལ་_100_,ལ་_100_
[ཧཱུཾ་ཕཊ། _66_],ཧཱུཾ་ཕཊ། _66_,ཧཱུྃ་ཕཊ྄། །​_16_,ཧཱུཾ་ཕཊ། _66_,ཧཱུྃ་ཕཊ། _16_,ཧཱུཾ་ཕཊ། _66_
[ཅེས་_100_],ཅེས་_100_,ཅེས་_100_,ཅེས་_100_,ཅེས་_100_,ཅེས་_100_
[བྱ་བའི་སྔགས་_83_],བྱ་བའི་སྔགས་_83_,པའི་སྔགས་ནི་_16_,བྱ་བའི་སྔགས་_83_,བྱ་བའི་སྔགས་_83_,བྱ་བའི་སྔགས་_83_
[ཅི་_100_],ཅི་_100_,ཅི་_100_,ཅི་_100_,ཅི་_100_,ཅི་_100_
[ནུས་_100_],ནུས་_100_,ནུས་_100_,ནུས་_100_,ནུས་_100_,ནུས་_100_
[པར_100_],པར_100_,པར_100_,པར_100_,པར_100_,པར_100_
[། _66_],། _66_,། །​_16_,། _66_,།_16_,། _66_
[མན་_100_],མན་_100_,མན་_100_,མན་_100_,མན་_100_,མན་_100_
[ངག་_100_],ངག་_100_,ངག་_100_,ངག་_100_,ངག་_100_,ངག་_100_
[བཞིན་_100_],བཞིན་_100_,བཞིན་_100_,བཞིན་_100_,བཞིན་_100_,བཞིན་_100_
[དུ་_100_],དུ་_100_,དུ་_100_,དུ་_100_,དུ་_100_,དུ་_100_
[བཟླས་པར་_83_],བཟླས་པར་_83_,བཟླ་བར་_16_,བཟླས་པར་_83_,བཟླས་པར་_83_,བཟླས་པར་_83_
[བྱ_100_],བྱ_100_,བྱ_100_,བྱ_100_,བྱ_100_,བྱ_100_
[། །​_100_],། །​_100_,། །​_100_,། །​_100_,། །​_100_,། །​_100_
[སྐྱོ་_100_],སྐྱོ་_100_,སྐྱོ་_100_,སྐྱོ་_100_,སྐྱོ་_100_,སྐྱོ་_100_
[ན་_100_],ན་_100_,ན་_100_,ན་_100_,ན་_100_,ན་_100_
[གཏོར་_100_],གཏོར་_100_,གཏོར་_100_,གཏོར་_100_,གཏོར་_100_,གཏོར་_100_
[མ་_100_],མ་_100_,མ་_100_,མ་_100_,མ་_100_,མ་_100_
[བྱིན་_100_],བྱིན་_100_,བྱིན་_100_,བྱིན་_100_,བྱིན་_100_,བྱིན་_100_
[བརླབས་_100_],བརླབས་_100_,བརླབས་_100_,བརླབས་_100_,བརླབས་_100_,བརླབས་_100_
[ཏེ_100_],ཏེ_100_,ཏེ_100_,ཏེ_100_,ཏེ_100_,ཏེ_100_
[། །​_100_],། །​_100_,། །​_100_,། །​_100_,། །​_100_,། །​_100_
[རང་_100_],རང་_100_,རང་_100_,རང་_100_,རང་_100_,རང་_100_
[སྔགས་_100_],སྔགས་_100_,སྔགས་_100_,སྔགས་_100_,སྔགས་_100_,སྔགས་_100_
[ཀྱིས་_100_],ཀྱིས་_100_,ཀྱིས་_100_,ཀྱིས་_100_,ཀྱིས་_100_,ཀྱིས་_100_
[ནི་_100_],ནི་_100_,ནི་_100_,ནི་_100_,ནི་_100_,ནི་_100_
[བསྔོ་_100_],བསྔོ་_100_,བསྔོ་_100_,བསྔོ་_100_,བསྔོ་_100_,བསྔོ་_100_
[བར་_100_],བར་_100_,བར་_100_,བར་_100_,བར་_100_,བར་_100_
[བྱའོ_83_],བྱའོ_83_,བྱ_16_,བྱའོ_83_,བྱའོ_83_,བྱའོ_83_
[། །​_100_],། །​_100_,། །​_100_,། །​_100_,། །​_100_,། །​_100_
[ལེགས་_100_],ལེགས་_100_,ལེགས་_100_,ལེགས་_100_,ལེགས་_100_,ལེགས་_100_
[པར་_100_],པར་_100_,པར་_100_,པར་_100_,པར་_100_,པར་_100_
[མཆོད་_100_],མཆོད་_100_,མཆོད་_100_,མཆོད་_100_,མཆོད་_100_,མཆོད་_100_
[ལ་_100_],ལ་_100_,ལ་_100_,ལ་_100_,ལ་_100_,ལ་_100_
[དེ་_100_],དེ་_100_,དེ་_100_,དེ་_100_,དེ་_100_,དེ་_100_
[ཉིད་_100_],ཉིད་_100_,ཉིད་_100_,ཉིད་_100_,ཉིད་_100_,ཉིད་_100_
[ཀྱི_100_],ཀྱི_100_,ཀྱི_100_,ཀྱི_100_,ཀྱི_100_,ཀྱི_100_
[། །​_100_],། །​_100_,། །​_100_,། །​_100_,། །​_100_,། །​_100_
[རྐང་_100_],རྐང་_100_,རྐང་_100_,རྐང་_100_,རྐང་_100_,རྐང་_100_
[པ་_100_],པ་_100_,པ་_100_,པ་_100_,པ་_100_,པ་_100_
[བརྒྱད་_100_],བརྒྱད་_100_,བརྒྱད་_100_,བརྒྱད་_100_,བརྒྱད་_100_,བརྒྱད་_100_
[པས་_100_],པས་_100_,པས་_100_,པས་_100_,པས་_100_,པས་_100_
[བསྟོད་_100_],བསྟོད་_100_,བསྟོད་_100_,བསྟོད་_100_,བསྟོད་_100_,བསྟོད་_100_
[པར་_100_],པར་_100_,པར་_100_,པར་_100_,པར་_100_,པར་_100_
[བྱ_100_],བྱ_100_,བྱ_100_,བྱ_100_,བྱ_100_,བྱ_100_
[། །​_100_],། །​_100_,། །​_100_,། །​_100_,། །​_100_,། །​_100_
[ཞི་_100_],ཞི་_100_,ཞི་_100_,ཞི་_100_,ཞི་_100_,ཞི་_100_
[རྒྱས་_100_],རྒྱས་_100_,རྒྱས་_100_,རྒྱས་_100_,རྒྱས་_100_,རྒྱས་_100_
[དབང་_100_],དབང་_100_,དབང་_100_,དབང་_100_,དབང་_100_,དབང་_100_
[དང་_100_],དང་_100_,དང་_100_,དང་_100_,དང་_100_,དང་_100_
[མངོན་_100_],མངོན་_100_,མངོན་_100_,མངོན་_100_,མངོན་_100_,མངོན་_100_
[སྤྱོད་_100_],སྤྱོད་_100_,སྤྱོད་_100_,སྤྱོད་_100_,སྤྱོད་_100_,སྤྱོད་_100_
[ཀྱི_83_],ཀྱི_83_,ཀྱི_83_,ཀྱི_83_,ཀྱིས_16_,ཀྱི_83_
[། །​_83_],། །​_83_,། །​_83_,། །​_83_,། །​ར །​_16_,། །​_83_
[ལས་_100_],ལས་_100_,ལས་_100_,ལས་_100_,ལས་_100_,ལས་_100_
[རྣམས་_100_],རྣམས་_100_,རྣམས་_100_,རྣམས་_100_,རྣམས་_100_,རྣམས་_100_
[གང་_100_],གང་_100_,གང་_100_,གང་_100_,གང་_100_,གང་_100_
[ཡིན་_100_],ཡིན་_100_,ཡིན་_100_,ཡིན་_100_,ཡིན་_100_,ཡིན་_100_
[དེ་_100_],དེ་_100_,དེ་_100_,དེ་_100_,དེ་_100_,དེ་_100_
[རྩོལ་_83_],རྩོལ་_83_,བཅོལ་_16_,རྩོལ་_83_,རྩོལ་_83_,རྩོལ་_83_
[བྱ_100_],བྱ_100_,བྱ_100_,བྱ_100_,བྱ_100_,བྱ_100_
[། །​_100_],། །​_100_,། །​_100_,། །​_100_,། །​_100_,། །​_100_
[ཡེ་_100_],ཡེ་_100_,ཡེ་_100_,ཡེ་_100_,ཡེ་_100_,ཡེ་_100_
[ཤེས་_100_],ཤེས་_100_,ཤེས་_100_,ཤེས་_100_,ཤེས་_100_,ཤེས་_100_
[གཤེགས་_100_],གཤེགས་_100_,གཤེགས་_100_,གཤེགས་_100_,གཤེགས་_100_,གཤེགས་_100_
[ལ་_100_],ལ་_100_,ལ་_100_,ལ་_100_,ལ་_100_,ལ་_100_
[དམ་_100_],དམ་_100_,དམ་_100_,དམ་_100_,དམ་_100_,དམ་_100_
[ཚིག་_100_],ཚིག་_100_,ཚིག་_100_,ཚིག་_100_,ཚིག་_100_,ཚིག་_100_
[བསྡུ_100_],བསྡུ_100_,བསྡུ_100_,བསྡུ_100_,བསྡུ_100_,བསྡུ_100_
[། །​_83_],། །​_83_,། །​_83_,། །​_83_,། །​ _16_,། །​_83_
[བློ་_100_],བློ་_100_,བློ་_100_,བློ་_100_,བློ་_100_,བློ་_100_
[ལྡན་_100_],ལྡན་_100_,ལྡན་_100_,ལྡན་_100_,ལྡན་_100_,ལྡན་_100_
[མཚན་_100_],མཚན་_100_,མཚན་_100_,མཚན་_100_,མཚན་_100_,མཚན་_100_
[མ་_100_],མ་_100_,མ་_100_,མ་_100_,མ་_100_,མ་_100_
[མ་_100_],མ་_100_,མ་_100_,མ་_100_,མ་_100_,མ་_100_
[བྱུང་_100_],བྱུང་_100_,བྱུང་_100_,བྱུང་_100_,བྱུང་_100_,བྱུང་_100_
[གི། །​_50_],གི། །​_50_,གི །​_50_,གི །​_50_,གི། །​_50_,གི །​_50_
[བར་_100_],བར་_100_,བར་_100_,བར་_100_,བར་_100_,བར་_100_
[དུ་_100_],དུ་_100_,དུ་_100_,དུ་_100_,དུ་_100_,དུ་_100_
[འབད་_100_],འབད་_100_,འབད་_100_,འབད་_100_,འབད་_100_,འབད་_100_
[དེ་_100_],དེ་_100_,དེ་_100_,དེ་_100_,དེ་_100_,དེ་_100_
[བསྒྲུབ་_100_],བསྒྲུབ་_100_,བསྒྲུབ་_100_,བསྒྲུབ་_100_,བསྒྲུབ་_100_,བསྒྲུབ་_100_
[པར་_100_],པར་_100_,པར་_100_,པར་_100_,པར་_100_,པར་_100_
[བྱ_100_],བྱ_100_,བྱ_100_,བྱ_100_,བྱ_100_,བྱ_100_
[། །​_100_],། །​_100_,། །​_100_,། །​_100_,། །​_100_,། །​_100_
[མཚན་_100_],མཚན་_100_,མཚན་_100_,མཚན་_100_,མཚན་_100_,མཚན་_100_
[མ་_100_],མ་_100_,མ་_100_,མ་_100_,མ་_100_,མ་_100_
[བྱུང་_100_],བྱུང་_100_,བྱུང་_100_,བྱུང་_100_,བྱུང་_100_,བྱུང་_100_
[ནས་_83_],ནས་_83_,ན་_16_,ནས་_83_,ནས་_83_,ནས་_83_
[བླ་_100_],བླ་_100_,བླ་_100_,བླ་_100_,བླ་_100_,བླ་_100_
[མ་_100_],མ་_100_,མ་_100_,མ་_100_,མ་_100_,མ་_100_
[ཡི_100_],ཡི_100_,ཡི_100_,ཡི_100_,ཡི_100_,ཡི_100_
[། །​_100_],། །​_100_,། །​_100_,། །​_100_,། །​_100_,། །​_100_
[མན་_100_],མན་_100_,མན་_100_,མན་_100_,མན་_100_,མན་_100_
[ངག་_100_],ངག་_100_,ངག་_100_,ངག་_100_,ངག་_100_,ངག་_100_
[བཞིན་_100_],བཞིན་_100_,བཞིན་_100_,བཞིན་_100_,བཞིན་_100_,བཞིན་_100_
[དུ་_100_],དུ་_100_,དུ་_100_,དུ་_100_,དུ་_100_,དུ་_100_
[ལས་_100_],ལས་_100_,ལས་_100_,ལས་_100_,ལས་_100_,ལས་_100_
[ལ་_100_],ལ་_100_,ལ་_100_,ལ་_100_,ལ་_100_,ལ་_100_
[སྦྱོར། །​_66_],སྦྱོར། །​_66_,སྦྱར། །​_16_,སྦྱོར། །​_66_,སྦྱོར། །​ །​_16_,སྦྱོར། །​_66_
[བླ་_100_],བླ་_100_,བླ་_100_,བླ་_100_,བླ་_100_,བླ་_100_
[མའི་_100_],མའི་_100_,མའི་_100_,མའི་_100_,མའི་_100_,མའི་_100_
[གསུང་_100_],གསུང་_100_,གསུང་_100_,གསུང་_100_,གསུང་_100_,གསུང་_100_
[གི་_100_],གི་_100_,གི་_100_,གི་_100_,གི་_100_,གི་_100_
[རྗེས་_100_],རྗེས་_100_,རྗེས་_100_,རྗེས་_100_,རྗེས་_100_,རྗེས་_100_
[འབྲངས་_100_],འབྲངས་_100_,འབྲངས་_100_,འབྲངས་_100_,འབྲངས་_100_,འབྲངས་_100_
[ཏེ_100_],ཏེ_100_,ཏེ_100_,ཏེ_100_,ཏེ_100_,ཏེ_100_
[། །​_83_],། །​_83_,། །​_83_,། །​_83_,། ག །​_16_,། །​_83_
[བདག་_100_],བདག་_100_,བདག་_100_,བདག་_100_,བདག་_100_,བདག་_100_
[གིས་_83_],གིས་_83_,གིས་_83_,གིས་_83_,གིས་༧_16_,གིས་_83_
[ནག་_100_],ནག་_100_,ནག་_100_,ནག་_100_,ནག་_100_,ནག་_100_
[པོ་_100_],པོ་_100_,པོ་_100_,པོ་_100_,པོ་_100_,པོ་_100_
[སྒྲུབ་_100_],སྒྲུབ་_100_,སྒྲུབ་_100_,སྒྲུབ་_100_,སྒྲུབ་_100_,སྒྲུབ་_100_
[པའི་_100_],པའི་_100_,པའི་_100_,པའི་_100_,པའི་_100_,པའི་_100_
[ཐབས_100_],ཐབས_100_,ཐབས_100_,ཐབས_100_,ཐབས_100_,ཐབས_100_
[། །​_100_],། །​_100_,། །​_100_,། །​_100_,། །​_100_,། །​_100_
[བྲིས་_100_],བྲིས་_100_,བྲིས་_100_,བྲིས་_100_,བྲིས་_100_,བྲིས་_100_
[པའི་_100_],པའི་_100_,པའི་_100_,པའི་_100_,པའི་_100_,པའི་_100_
[བསོད་_100_],བསོད་_100_,བསོད་_100_,བསོད་_100_,བསོད་_100_,བསོད་_100_
[ནམས་_100_],ནམས་_100_,ནམས་_100_,ནམས་_100_,ནམས་_100_,ནམས་_100_
[ཐོབ་_100_],ཐོབ་_100_,ཐོབ་_100_,ཐོབ་_100_,ཐོབ་_100_,ཐོབ་_100_
[པ་_100_],པ་_100_,པ་_100_,པ་_100_,པ་_100_,པ་_100_
[དེས_100_],དེས_100_,དེས_100_,དེས_100_,དེས_100_,དེས_100_
[། །​_83_],། །​_83_,། །​_83_,། །​_83_,། །​ །​_16_,། །​_83_
[བགེགས་_100_],བགེགས་_100_,བགེགས་_100_,བགེགས་_100_,བགེགས་_100_,བགེགས་_100_
[ཞི་_100_],ཞི་_100_,ཞི་_100_,ཞི་_100_,ཞི་_100_,ཞི་_100_
[ཐུབ་_83_],ཐུབ་_83_,མཐུ་_16_,ཐུབ་_83_,ཐུབ་_83_,ཐུབ་_83_
[དབང་_100_],དབང་_100_,དབང་_100_,དབང་_100_,དབང་_100_,དབང་_100_
[ཐོབ་_100_],ཐོབ་_100_,ཐོབ་_100_,ཐོབ་_100_,ཐོབ་_100_,ཐོབ་_100_
[པར་_100_],པར་_100_,པར་_100_,པར་_100_,པར་_100_,པར་_100_
[ཤོག _100_],ཤོག _100_,ཤོག _100_,ཤོག _100_,ཤོག _100_,ཤོག _100_
[།​_100_],།​_100_,།​_100_,།​_100_,།​_100_,།​_100_
[དཔལ་_100_],དཔལ་_100_,དཔལ་_100_,དཔལ་_100_,དཔལ་_100_,དཔལ་_100_
[ནག་_100_],ནག་_100_,ནག་_100_,ནག་_100_,ནག་_100_,ནག་_100_
[པོ་_100_],པོ་_100_,པོ་_100_,པོ་_100_,པོ་_100_,པོ་_100_
[ཆེན་_100_],ཆེན་_100_,ཆེན་_100_,ཆེན་_100_,ཆེན་_100_,ཆེན་_100_
པོ་སྒྲུབཔའི་_33_,པོ་སྒྲུབཔའི་_33_,པོའི་སྒྲུབ་_16_,[པོ་སྒྲུབ་པའི་_50_],པོ་སྒྲུབ་པའི་_50_,པོ་སྒྲུབ་པའི་_50_
[ཐབས་_100_],ཐབས་_100_,ཐབས་_100_,ཐབས་_100_,ཐབས་_100_,ཐབས་_100_
[འཕགས་_100_],འཕགས་_100_,འཕགས་_100_,འཕགས་_100_,འཕགས་_100_,འཕགས་_100_
[པ་_100_],པ་_100_,པ་_100_,པ་_100_,པ་_100_,པ་_100_
[ཀླུ་_100_],ཀླུ་_100_,ཀླུ་_100_,ཀླུ་_100_,ཀླུ་_100_,ཀླུ་_100_
[སྒྲུབ་_100_],སྒྲུབ་_100_,སྒྲུབ་_100_,སྒྲུབ་_100_,སྒྲུབ་_100_,སྒྲུབ་_100_
[ཀྱིས་_100_],ཀྱིས་_100_,ཀྱིས་_100_,ཀྱིས་_100_,ཀྱིས་_100_,ཀྱིས་_100_
[མཛད་_100_],མཛད་_100_,མཛད་_100_,མཛད་_100_,མཛད་_100_,མཛད་_100_
[པ་_100_],པ་_100_,པ་_100_,པ་_100_,པ་_100_,པ་_100_
[རྫོགས་_100_],རྫོགས་_100_,རྫོགས་_100_,རྫོགས་_100_,རྫོགས་_100_,རྫོགས་_100_
[སོ_100_],སོ_100_,སོ_100_,སོ_100_,སོ_100_,སོ_100_
། །​      །​ །​_16_,[།། །​།_50_],། །​_16_,།། །​།_50_,། །​ _16_,།། །​།_50_
[པཎྜི་_100_],པཎྜི་_100_,པཎྜི་_100_,པཎྜི་_100_,པཎྜི་_100_,པཎྜི་_100_
[ཏ་_100_],ཏ་_100_,ཏ་_100_,ཏ་_100_,ཏ་_100_,ཏ་_100_
[ཨ་_100_],ཨ་_100_,ཨ་_100_,ཨ་_100_,ཨ་_100_,ཨ་_100_
[བྷ་_100_],བྷ་_100_,བྷ་_100_,བྷ་_100_,བྷ་_100_,བྷ་_100_
[ཡཱ་_100_],ཡཱ་_100_,ཡཱ་_100_,ཡཱ་_100_,ཡཱ་_100_,ཡཱ་_100_
[ཀ་_100_],ཀ་_100_,ཀ་_100_,ཀ་_100_,ཀ་_100_,ཀ་_100_
[ར་_100_],ར་_100_,ར་_100_,ར་_100_,ར་_100_,ར་_100_
[དང་_100_],དང་_100_,དང་_100_,དང་_100_,དང་_100_,དང་_100_
[། _100_],། _100_,། _100_,། _100_,། _100_,། _100_
[ལོ་_100_],ལོ་_100_,ལོ་_100_,ལོ་_100_,ལོ་_100_,ལོ་_100_
[ཙཱ་_100_],ཙཱ་_100_,ཙཱ་_100_,ཙཱ་_100_,ཙཱ་_100_,ཙཱ་_100_
[བ་_83_],བ་_83_,བ་_83_,བ་_83_,༧བ་_16_,བ་_83_
[ཙ་_100_],ཙ་_100_,ཙ་_100_,ཙ་_100_,ཙ་_100_,ཙ་_100_
[མི་_100_],མི་_100_,མི་_100_,མི་_100_,མི་_100_,མི་_100_
[ཆེན་_100_],ཆེན་_100_,ཆེན་_100_,ཆེན་_100_,ཆེན་_100_,ཆེན་_100_
[པོས་_100_],པོས་_100_,པོས་_100_,པོས་_100_,པོས་_100_,པོས་_100_
[བསྒྱུར་_100_],བསྒྱུར་_100_,བསྒྱུར་_100_,བསྒྱུར་_100_,བསྒྱུར་_100_,བསྒྱུར་_100_
[བའོ_100_],བའོ_100_,བའོ_100_,བའོ_100_,བའོ_100_,བའོ_100_
[། །​_66_],། །​_66_,། །​_66_,།_16_,།། །​།_16_,། །​_66_
