[༄༅། །​འཕགས་པ་རྗེ་བཙུན་འཇམ་དཔལ་གྱི་དོན་དམ་པའི་བསྟོད་པ།༄༅༅། །​རྒྱ་གར་སྐད་དུ། ཨཱརྱ་བྷནྚཱ་ར་ཀ་མཉྫུ་_44_],༄༅། །​འཕགས་པ་རྗེ་བཙུན་འཇམ་དཔལ་གྱི་དོན་དམ་པའི་བསྟོད་པ།༄༅༅། །​རྒྱ་གར་སྐད་དུ། ཨཱརྱ་བྷནྚཱ་ར་ཀ་མཉྫུ་_44_,༄༅། །​འཕགས་པ་རྗེ་བཙུན་འཇམ་དཔལ་གྱི་དོན་དམ་པའི་བསྟོད་པ།༄༅༅། །​རྒྱ་གར་སྐད་དུ། ཨཱརྱ་བྷནྚཱ་ར་ཀ་མཉྫུ་_44_,༄༅། །​འཕགས་པ་རྗེ་བཙུན་འཇམ་དཔལ་གྱི་དོན་དམ་པའི་བསྟོད་པ།༄༅༅། །​རྒྱ་གར་སྐད་དུ། ཨཱརྱ་བྷནྚཱ་ར་ཀ་མཉྫུ་_44_,༄༅༅། །​རྒྱ་གར་སྐད་དུ། ཨཱརྱ་བྷནྚཱ་ར་ཀ་མཉྫུ་_22_,༄༅༅། །​རྒྱ་གར་སྐད་དུ། ཨཱརྱ་བྷནྚཱ་ར་ཀ་མཉྫུ་_22_,རྒྱ་གར་སྐད་དུ། ཨཱ་ཪྻ་བྷ་ནཱ་ར་ཀ་མ་ཉྫུ་_11_,༅༅། །​རྒྱ་གར་སྐད་དུ། ཨཱརྱ་བྷཊྚཱ་ར་ཀ་མཉྫཱུ་_11_,༄༅། །​རྒྱ་གར་སྐད་དུ། ཨཱརྱ་བྷཏྟཱ་ར་ཀ་མཉྫཱ་_11_
[ཤྲཱི་པ་ར་མ་ཨརྠ་སྟུ་_55_],ཤྲཱི་པ་ར་མ་ཨརྠ་སྟུ་_55_,ཤྲཱི་བ་ར་མཱརྠ་སྟུ་_11_,ཤྲཱི་པ་ར་མཱརྠ་སྟུ་_11_,ཤྲཱི་པ་ར་མ་ཨརྠ་སྟུ་_55_,ཤྲཱི་པ་ར་མ་ཨརྠ་སྟུ་_55_,ཤྲཱི་པ་ར་མ་ཨ་རྠ་སྟུ་_11_,ཤྲཱི་པ་ར་མ་ཨརྠ་སྟུ་_55_,ཤྲཱི་པ་ར་མ་ཨརྦ་སྐུ་_11_
[ཏི་_100_],ཏི་_100_,ཏི་_100_,ཏི་_100_,ཏི་_100_,ཏི་_100_,ཏི་_100_,ཏི་_100_,ཏི་_100_
[ནཱ་_100_],ནཱ་_100_,ནཱ་_100_,ནཱ་_100_,ནཱ་_100_,ནཱ་_100_,ནཱ་_100_,ནཱ་_100_,ནཱ་_100_
[མ_100_],མ_100_,མ_100_,མ_100_,མ_100_,མ_100_,མ_100_,མ_100_,མ_100_
[། _100_],། _100_,། _100_,། _100_,། _100_,། _100_,། _100_,། _100_,། _100_
[བོད་_100_],བོད་_100_,བོད་_100_,བོད་_100_,བོད་_100_,བོད་_100_,བོད་_100_,བོད་_100_,བོད་_100_
[སྐད་_100_],སྐད་_100_,སྐད་_100_,སྐད་_100_,སྐད་_100_,སྐད་_100_,སྐད་_100_,སྐད་_100_,སྐད་_100_
[དུ_100_],དུ_100_,དུ_100_,དུ_100_,དུ_100_,དུ_100_,དུ_100_,དུ_100_,དུ_100_
[། _100_],། _100_,། _100_,། _100_,། _100_,། _100_,། _100_,། _100_,། _100_
[འཕགས་_100_],འཕགས་_100_,འཕགས་_100_,འཕགས་_100_,འཕགས་_100_,འཕགས་_100_,འཕགས་_100_,འཕགས་_100_,འཕགས་_100_
[པ་_100_],པ་_100_,པ་_100_,པ་_100_,པ་_100_,པ་_100_,པ་_100_,པ་_100_,པ་_100_
[རྗེ་_100_],རྗེ་_100_,རྗེ་_100_,རྗེ་_100_,རྗེ་_100_,རྗེ་_100_,རྗེ་_100_,རྗེ་_100_,རྗེ་_100_
[བཙུན་_100_],བཙུན་_100_,བཙུན་_100_,བཙུན་_100_,བཙུན་_100_,བཙུན་_100_,བཙུན་_100_,བཙུན་_100_,བཙུན་_100_
[འཇམ་_100_],འཇམ་_100_,འཇམ་_100_,འཇམ་_100_,འཇམ་_100_,འཇམ་_100_,འཇམ་_100_,འཇམ་_100_,འཇམ་_100_
[དཔལ་_100_],དཔལ་_100_,དཔལ་_100_,དཔལ་_100_,དཔལ་_100_,དཔལ་_100_,དཔལ་_100_,དཔལ་_100_,དཔལ་_100_
[གྱི་_100_],གྱི་_100_,གྱི་_100_,གྱི་_100_,གྱི་_100_,གྱི་_100_,གྱི་_100_,གྱི་_100_,གྱི་_100_
[དོན་_100_],དོན་_100_,དོན་_100_,དོན་_100_,དོན་_100_,དོན་_100_,དོན་_100_,དོན་_100_,དོན་_100_
[དམ་_100_],དམ་_100_,དམ་_100_,དམ་_100_,དམ་_100_,དམ་_100_,དམ་_100_,དམ་_100_,དམ་_100_
[པའི་_100_],པའི་_100_,པའི་_100_,པའི་_100_,པའི་_100_,པའི་_100_,པའི་_100_,པའི་_100_,པའི་_100_
[བསྟོད་_100_],བསྟོད་_100_,བསྟོད་_100_,བསྟོད་_100_,བསྟོད་_100_,བསྟོད་_100_,བསྟོད་_100_,བསྟོད་_100_,བསྟོད་_100_
[པ་_100_],པ་_100_,པ་_100_,པ་_100_,པ་_100_,པ་_100_,པ་_100_,པ་_100_,པ་_100_
[ཞེས་_100_],ཞེས་_100_,ཞེས་_100_,ཞེས་_100_,ཞེས་_100_,ཞེས་_100_,ཞེས་_100_,ཞེས་_100_,ཞེས་_100_
[བྱ་_100_],བྱ་_100_,བྱ་_100_,བྱ་_100_,བྱ་_100_,བྱ་_100_,བྱ་_100_,བྱ་_100_,བྱ་_100_
[བ_100_],བ_100_,བ_100_,བ_100_,བ_100_,བ_100_,བ_100_,བ_100_,བ_100_
[། _88_],། _88_,། _88_,། _88_,། _88_,། _88_,། །​_11_,། _88_,། _88_
[འཇམ་_100_],འཇམ་_100_,འཇམ་_100_,འཇམ་_100_,འཇམ་_100_,འཇམ་_100_,འཇམ་_100_,འཇམ་_100_,འཇམ་_100_
[དཔལ་_100_],དཔལ་_100_,དཔལ་_100_,དཔལ་_100_,དཔལ་_100_,དཔལ་_100_,དཔལ་_100_,དཔལ་_100_,དཔལ་_100_
[གཞོན་_88_],གཞོན་_88_,གཞོན་_88_,གཞོན་_88_,གཞོན་_88_,གཞོན་_88_,གཟོན་_11_,གཞོན་_88_,གཞོན་_88_
[ནུར་_100_],ནུར་_100_,ནུར་_100_,ནུར་_100_,ནུར་_100_,ནུར་_100_,ནུར་_100_,ནུར་_100_,ནུར་_100_
[གྱུར་_100_],གྱུར་_100_,གྱུར་_100_,གྱུར་_100_,གྱུར་_100_,གྱུར་_100_,གྱུར་_100_,གྱུར་_100_,གྱུར་_100_
[པ་_100_],པ་_100_,པ་_100_,པ་_100_,པ་_100_,པ་_100_,པ་_100_,པ་_100_,པ་_100_
[ལ་_100_],ལ་_100_,ལ་_100_,ལ་_100_,ལ་_100_,ལ་_100_,ལ་_100_,ལ་_100_,ལ་_100_
[ཕྱག་_100_],ཕྱག་_100_,ཕྱག་_100_,ཕྱག་_100_,ཕྱག་_100_,ཕྱག་_100_,ཕྱག་_100_,ཕྱག་_100_,ཕྱག་_100_
[འཚལ་_100_],འཚལ་_100_,འཚལ་_100_,འཚལ་_100_,འཚལ་_100_,འཚལ་_100_,འཚལ་_100_,འཚལ་_100_,འཚལ་_100_
[ལོ_100_],ལོ_100_,ལོ_100_,ལོ_100_,ལོ_100_,ལོ_100_,ལོ_100_,ལོ_100_,ལོ_100_
[། །​_100_],། །​_100_,། །​_100_,། །​_100_,། །​_100_,། །​_100_,། །​_100_,། །​_100_,། །​_100_
[བྱོན་_100_],བྱོན་_100_,བྱོན་_100_,བྱོན་_100_,བྱོན་_100_,བྱོན་_100_,བྱོན་_100_,བྱོན་_100_,བྱོན་_100_
[པ་_100_],པ་_100_,པ་_100_,པ་_100_,པ་_100_,པ་_100_,པ་_100_,པ་_100_,པ་_100_
[མ་_100_],མ་_100_,མ་_100_,མ་_100_,མ་_100_,མ་_100_,མ་_100_,མ་_100_,མ་_100_
[ལགས་_100_],ལགས་_100_,ལགས་_100_,ལགས་_100_,ལགས་_100_,ལགས་_100_,ལགས་_100_,ལགས་_100_,ལགས་_100_
[བཞུད་_100_],བཞུད་_100_,བཞུད་_100_,བཞུད་_100_,བཞུད་_100_,བཞུད་_100_,བཞུད་_100_,བཞུད་_100_,བཞུད་_100_
[མི་_100_],མི་_100_,མི་_100_,མི་_100_,མི་_100_,མི་_100_,མི་_100_,མི་_100_,མི་_100_
[མངའ_100_],མངའ_100_,མངའ_100_,མངའ_100_,མངའ_100_,མངའ_100_,མངའ_100_,མངའ_100_,མངའ_100_
[། །​_100_],། །​_100_,། །​_100_,། །​_100_,། །​_100_,། །​_100_,། །​_100_,། །​_100_,། །​_100_
[བཞེངས་_100_],བཞེངས་_100_,བཞེངས་_100_,བཞེངས་_100_,བཞེངས་_100_,བཞེངས་_100_,བཞེངས་_100_,བཞེངས་_100_,བཞེངས་_100_
[པ་_100_],པ་_100_,པ་_100_,པ་_100_,པ་_100_,པ་_100_,པ་_100_,པ་_100_,པ་_100_
[མ་_100_],མ་_100_,མ་_100_,མ་_100_,མ་_100_,མ་_100_,མ་_100_,མ་_100_,མ་_100_
[ལགས་_100_],ལགས་_100_,ལགས་_100_,ལགས་_100_,ལགས་_100_,ལགས་_100_,ལགས་_100_,ལགས་_100_,ལགས་_100_
[བཞུགས་_100_],བཞུགས་_100_,བཞུགས་_100_,བཞུགས་_100_,བཞུགས་_100_,བཞུགས་_100_,བཞུགས་_100_,བཞུགས་_100_,བཞུགས་_100_
[མི་_100_],མི་_100_,མི་_100_,མི་_100_,མི་_100_,མི་_100_,མི་_100_,མི་_100_,མི་_100_
[མངའ_100_],མངའ_100_,མངའ_100_,མངའ_100_,མངའ_100_,མངའ_100_,མངའ_100_,མངའ_100_,མངའ_100_
[། །​_100_],། །​_100_,། །​_100_,། །​_100_,། །​_100_,། །​_100_,། །​_100_,། །​_100_,། །​_100_
[འཇིག་_100_],འཇིག་_100_,འཇིག་_100_,འཇིག་_100_,འཇིག་_100_,འཇིག་_100_,འཇིག་_100_,འཇིག་_100_,འཇིག་_100_
[རྟེན་_100_],རྟེན་_100_,རྟེན་_100_,རྟེན་_100_,རྟེན་_100_,རྟེན་_100_,རྟེན་_100_,རྟེན་_100_,རྟེན་_100_
[པ་_100_],པ་_100_,པ་_100_,པ་_100_,པ་_100_,པ་_100_,པ་_100_,པ་_100_,པ་_100_
[ལས་_100_],ལས་_100_,ལས་_100_,ལས་_100_,ལས་_100_,ལས་_100_,ལས་_100_,ལས་_100_,ལས་_100_
[ཤིན་_100_],ཤིན་_100_,ཤིན་_100_,ཤིན་_100_,ཤིན་_100_,ཤིན་_100_,ཤིན་_100_,ཤིན་_100_,ཤིན་_100_
[ཏུ་_100_],ཏུ་_100_,ཏུ་_100_,ཏུ་_100_,ཏུ་_100_,ཏུ་_100_,ཏུ་_100_,ཏུ་_100_,ཏུ་_100_
[འདས_100_],འདས_100_,འདས_100_,འདས_100_,འདས_100_,འདས_100_,འདས_100_,འདས_100_,འདས_100_
[། །​_100_],། །​_100_,། །​_100_,། །​_100_,། །​_100_,། །​_100_,། །​_100_,། །​_100_,། །​_100_
[ཚིག་_100_],ཚིག་_100_,ཚིག་_100_,ཚིག་_100_,ཚིག་_100_,ཚིག་_100_,ཚིག་_100_,ཚིག་_100_,ཚིག་_100_
[ལས་_100_],ལས་_100_,ལས་_100_,ལས་_100_,ལས་_100_,ལས་_100_,ལས་_100_,ལས་_100_,ལས་_100_
[འདས་_100_],འདས་_100_,འདས་_100_,འདས་_100_,འདས་_100_,འདས་_100_,འདས་_100_,འདས་_100_,འདས་_100_
[པའི་_100_],པའི་_100_,པའི་_100_,པའི་_100_,པའི་_100_,པའི་_100_,པའི་_100_,པའི་_100_,པའི་_100_
[སྤྱོད་_100_],སྤྱོད་_100_,སྤྱོད་_100_,སྤྱོད་_100_,སྤྱོད་_100_,སྤྱོད་_100_,སྤྱོད་_100_,སྤྱོད་_100_,སྤྱོད་_100_
[ཡུལ་_100_],ཡུལ་_100_,ཡུལ་_100_,ཡུལ་_100_,ཡུལ་_100_,ཡུལ་_100_,ཡུལ་_100_,ཡུལ་_100_,ཡུལ་_100_
[ལགས_100_],ལགས_100_,ལགས_100_,ལགས_100_,ལགས_100_,ལགས_100_,ལགས_100_,ལགས_100_,ལགས_100_
[། །​_100_],། །​_100_,། །​_100_,། །​_100_,། །​_100_,། །​_100_,། །​_100_,། །​_100_,། །​_100_
[མགོན་_100_],མགོན་_100_,མགོན་_100_,མགོན་_100_,མགོན་_100_,མགོན་_100_,མགོན་_100_,མགོན་_100_,མགོན་_100_
[པོ་_100_],པོ་_100_,པོ་_100_,པོ་_100_,པོ་_100_,པོ་_100_,པོ་_100_,པོ་_100_,པོ་_100_
[ཁྱོད་_100_],ཁྱོད་_100_,ཁྱོད་_100_,ཁྱོད་_100_,ཁྱོད་_100_,ཁྱོད་_100_,ཁྱོད་_100_,ཁྱོད་_100_,ཁྱོད་_100_
[ལ་_100_],ལ་_100_,ལ་_100_,ལ་_100_,ལ་_100_,ལ་_100_,ལ་_100_,ལ་_100_,ལ་_100_
[ཇི་_100_],ཇི་_100_,ཇི་_100_,ཇི་_100_,ཇི་_100_,ཇི་_100_,ཇི་_100_,ཇི་_100_,ཇི་_100_
[ལྟར་_100_],ལྟར་_100_,ལྟར་_100_,ལྟར་_100_,ལྟར་_100_,ལྟར་_100_,ལྟར་_100_,ལྟར་_100_,ལྟར་_100_
[བསྟོད_100_],བསྟོད_100_,བསྟོད_100_,བསྟོད_100_,བསྟོད_100_,བསྟོད_100_,བསྟོད_100_,བསྟོད_100_,བསྟོད_100_
[། །​_100_],། །​_100_,། །​_100_,། །​_100_,། །​_100_,། །​_100_,། །​_100_,། །​_100_,། །​_100_
[འོན་_100_],འོན་_100_,འོན་_100_,འོན་_100_,འོན་_100_,འོན་_100_,འོན་_100_,འོན་_100_,འོན་_100_
[ཀྱང་_100_],ཀྱང་_100_,ཀྱང་_100_,ཀྱང་_100_,ཀྱང་_100_,ཀྱང་_100_,ཀྱང་_100_,ཀྱང་_100_,ཀྱང་_100_
[འཇིག་_100_],འཇིག་_100_,འཇིག་_100_,འཇིག་_100_,འཇིག་_100_,འཇིག་_100_,འཇིག་_100_,འཇིག་_100_,འཇིག་_100_
[རྟེན་_100_],རྟེན་_100_,རྟེན་_100_,རྟེན་_100_,རྟེན་_100_,རྟེན་_100_,རྟེན་_100_,རྟེན་_100_,རྟེན་_100_
[བཏགས་_100_],བཏགས་_100_,བཏགས་_100_,བཏགས་_100_,བཏགས་_100_,བཏགས་_100_,བཏགས་_100_,བཏགས་_100_,བཏགས་_100_
[རྟེན་_66_],རྟེན་_66_,བརྟེན་_22_,བརྟེན་_22_,རྟེན་_66_,རྟེན་_66_,རྟེན་_66_,རྟེན་_66_,རྟེན་“_11_
[གྱིས_100_],གྱིས_100_,གྱིས_100_,གྱིས_100_,གྱིས_100_,གྱིས_100_,གྱིས_100_,གྱིས_100_,གྱིས_100_
[། །​_100_],། །​_100_,། །​_100_,། །​_100_,། །​_100_,། །​_100_,། །​_100_,། །​_100_,། །​_100_
[ཁྱོད་_100_],ཁྱོད་_100_,ཁྱོད་_100_,ཁྱོད་_100_,ཁྱོད་_100_,ཁྱོད་_100_,ཁྱོད་_100_,ཁྱོད་_100_,ཁྱོད་_100_
[ནི་_100_],ནི་_100_,ནི་_100_,ནི་_100_,ནི་_100_,ནི་_100_,ནི་_100_,ནི་_100_,ནི་_100_
[ཅི་_100_],ཅི་_100_,ཅི་_100_,ཅི་_100_,ཅི་_100_,ཅི་_100_,ཅི་_100_,ཅི་_100_,ཅི་_100_
[འདྲ་_100_],འདྲ་_100_,འདྲ་_100_,འདྲ་_100_,འདྲ་_100_,འདྲ་_100_,འདྲ་_100_,འདྲ་_100_,འདྲ་_100_
[དེ་_100_],དེ་_100_,དེ་_100_,དེ་_100_,དེ་_100_,དེ་_100_,དེ་_100_,དེ་_100_,དེ་_100_
[བཞིན་_100_],བཞིན་_100_,བཞིན་_100_,བཞིན་_100_,བཞིན་_100_,བཞིན་_100_,བཞིན་_100_,བཞིན་_100_,བཞིན་_100_
[དུ_100_],དུ_100_,དུ_100_,དུ_100_,དུ_100_,དུ_100_,དུ_100_,དུ_100_,དུ_100_
[། །​_100_],། །​_100_,། །​_100_,། །​_100_,། །​_100_,། །​_100_,། །​_100_,། །​_100_,། །​_100_
[བདག་_100_],བདག་_100_,བདག་_100_,བདག་_100_,བདག་_100_,བདག་_100_,བདག་_100_,བདག་_100_,བདག་_100_
[གིས་_100_],གིས་_100_,གིས་_100_,གིས་_100_,གིས་_100_,གིས་_100_,གིས་_100_,གིས་_100_,གིས་_100_
[གུས་_100_],གུས་_100_,གུས་_100_,གུས་_100_,གུས་_100_,གུས་_100_,གུས་_100_,གུས་_100_,གུས་_100_
[པས་_100_],པས་_100_,པས་_100_,པས་_100_,པས་_100_,པས་_100_,པས་_100_,པས་_100_,པས་_100_
[བླ་_100_],བླ་_100_,བླ་_100_,བླ་_100_,བླ་_100_,བླ་_100_,བླ་_100_,བླ་_100_,བླ་_100_
[མ་_100_],མ་_100_,མ་_100_,མ་_100_,མ་_100_,མ་_100_,མ་_100_,མ་_100_,མ་_100_
[བསྟོད_100_],བསྟོད_100_,བསྟོད_100_,བསྟོད_100_,བསྟོད_100_,བསྟོད_100_,བསྟོད_100_,བསྟོད_100_,བསྟོད_100_
[། །​_100_],། །​_100_,། །​_100_,། །​_100_,། །​_100_,། །​_100_,། །​_100_,། །​_100_,། །​_100_
[ངོ་_100_],ངོ་_100_,ངོ་_100_,ངོ་_100_,ངོ་_100_,ངོ་_100_,ངོ་_100_,ངོ་_100_,ངོ་_100_
[བོ་_100_],བོ་_100_,བོ་_100_,བོ་_100_,བོ་_100_,བོ་_100_,བོ་_100_,བོ་_100_,བོ་_100_
[ཉིད་_100_],ཉིད་_100_,ཉིད་_100_,ཉིད་_100_,ཉིད་_100_,ཉིད་_100_,ཉིད་_100_,ཉིད་_100_,ཉིད་_100_
[ཀྱིས་_100_],ཀྱིས་_100_,ཀྱིས་_100_,ཀྱིས་_100_,ཀྱིས་_100_,ཀྱིས་_100_,ཀྱིས་_100_,ཀྱིས་_100_,ཀྱིས་_100_
[མ་_100_],མ་_100_,མ་_100_,མ་_100_,མ་_100_,མ་_100_,མ་_100_,མ་_100_,མ་_100_
[སྐྱེས་_100_],སྐྱེས་_100_,སྐྱེས་_100_,སྐྱེས་_100_,སྐྱེས་_100_,སྐྱེས་_100_,སྐྱེས་_100_,སྐྱེས་_100_,སྐྱེས་_100_
[ཏེ_100_],ཏེ_100_,ཏེ_100_,ཏེ_100_,ཏེ_100_,ཏེ_100_,ཏེ_100_,ཏེ_100_,ཏེ_100_
[། །​_100_],། །​_100_,། །​_100_,། །​_100_,། །​_100_,། །​_100_,། །​_100_,། །​_100_,། །​_100_
[ཁྱོད་_100_],ཁྱོད་_100_,ཁྱོད་_100_,ཁྱོད་_100_,ཁྱོད་_100_,ཁྱོད་_100_,ཁྱོད་_100_,ཁྱོད་_100_,ཁྱོད་_100_
[ལ་_100_],ལ་_100_,ལ་_100_,ལ་_100_,ལ་_100_,ལ་_100_,ལ་_100_,ལ་_100_,ལ་_100_
[སྐྱེ་_100_],སྐྱེ་_100_,སྐྱེ་_100_,སྐྱེ་_100_,སྐྱེ་_100_,སྐྱེ་_100_,སྐྱེ་_100_,སྐྱེ་_100_,སྐྱེ་_100_
[བ་_100_],བ་_100_,བ་_100_,བ་_100_,བ་_100_,བ་_100_,བ་_100_,བ་_100_,བ་_100_
[ཡོང་_100_],ཡོང་_100_,ཡོང་_100_,ཡོང་_100_,ཡོང་_100_,ཡོང་_100_,ཡོང་_100_,ཡོང་_100_,ཡོང་_100_
[མི་_100_],མི་_100_,མི་_100_,མི་_100_,མི་_100_,མི་_100_,མི་_100_,མི་_100_,མི་_100_
[མངའ_100_],མངའ_100_,མངའ_100_,མངའ_100_,མངའ_100_,མངའ_100_,མངའ_100_,མངའ_100_,མངའ_100_
[། །​_100_],། །​_100_,། །​_100_,། །​_100_,། །​_100_,། །​_100_,། །​_100_,། །​_100_,། །​_100_
[མགོན་_100_],མགོན་_100_,མགོན་_100_,མགོན་_100_,མགོན་_100_,མགོན་_100_,མགོན་_100_,མགོན་_100_,མགོན་_100_
[པོ་_100_],པོ་_100_,པོ་_100_,པོ་_100_,པོ་_100_,པོ་_100_,པོ་_100_,པོ་_100_,པོ་_100_
[གཤེགས་_100_],གཤེགས་_100_,གཤེགས་_100_,གཤེགས་_100_,གཤེགས་_100_,གཤེགས་_100_,གཤེགས་_100_,གཤེགས་_100_,གཤེགས་_100_
[དང་_100_],དང་_100_,དང་_100_,དང་_100_,དང་_100_,དང་_100_,དང་_100_,དང་_100_,དང་_100_
[བྱོན་_100_],བྱོན་_100_,བྱོན་_100_,བྱོན་_100_,བྱོན་_100_,བྱོན་_100_,བྱོན་_100_,བྱོན་_100_,བྱོན་_100_
[མི་_100_],མི་_100_,མི་_100_,མི་_100_,མི་_100_,མི་_100_,མི་_100_,མི་_100_,མི་_100_
[མངའ_100_],མངའ_100_,མངའ_100_,མངའ_100_,མངའ_100_,མངའ_100_,མངའ_100_,མངའ_100_,མངའ_100_
[། །​_100_],། །​_100_,། །​_100_,། །​_100_,། །​_100_,། །​_100_,། །​_100_,། །​_100_,། །​_100_
[དངོས་_100_],དངོས་_100_,དངོས་_100_,དངོས་_100_,དངོས་_100_,དངོས་_100_,དངོས་_100_,དངོས་_100_,དངོས་_100_
[མེད་_100_],མེད་_100_,མེད་_100_,མེད་_100_,མེད་_100_,མེད་_100_,མེད་_100_,མེད་_100_,མེད་_100_
[ཁྱོད་_100_],ཁྱོད་_100_,ཁྱོད་_100_,ཁྱོད་_100_,ཁྱོད་_100_,ཁྱོད་_100_,ཁྱོད་_100_,ཁྱོད་_100_,ཁྱོད་_100_
[ལ་_100_],ལ་_100_,ལ་_100_,ལ་_100_,ལ་_100_,ལ་_100_,ལ་_100_,ལ་_100_,ལ་_100_
[ཕྱག་_100_],ཕྱག་_100_,ཕྱག་_100_,ཕྱག་_100_,ཕྱག་_100_,ཕྱག་_100_,ཕྱག་_100_,ཕྱག་_100_,ཕྱག་_100_
[འཚལ་_100_],འཚལ་_100_,འཚལ་_100_,འཚལ་_100_,འཚལ་_100_,འཚལ་_100_,འཚལ་_100_,འཚལ་_100_,འཚལ་_100_
[བསྟོད_100_],བསྟོད_100_,བསྟོད_100_,བསྟོད_100_,བསྟོད_100_,བསྟོད_100_,བསྟོད_100_,བསྟོད_100_,བསྟོད_100_
[། །​_100_],། །​_100_,། །​_100_,། །​_100_,། །​_100_,། །​_100_,། །​_100_,། །​_100_,། །​_100_
[ཁྱོད་_100_],ཁྱོད་_100_,ཁྱོད་_100_,ཁྱོད་_100_,ཁྱོད་_100_,ཁྱོད་_100_,ཁྱོད་_100_,ཁྱོད་_100_,ཁྱོད་_100_
[ལ་_100_],ལ་_100_,ལ་_100_,ལ་_100_,ལ་_100_,ལ་_100_,ལ་_100_,ལ་_100_,ལ་_100_
[དངོས་_100_],དངོས་_100_,དངོས་_100_,དངོས་_100_,དངོས་_100_,དངོས་_100_,དངོས་_100_,དངོས་_100_,དངོས་_100_
[དང་_100_],དང་_100_,དང་_100_,དང་_100_,དང་_100_,དང་_100_,དང་_100_,དང་_100_,དང་_100_
[དངོས་_100_],དངོས་_100_,དངོས་_100_,དངོས་_100_,དངོས་_100_,དངོས་_100_,དངོས་_100_,དངོས་_100_,དངོས་_100_
[མེད་_100_],མེད་_100_,མེད་_100_,མེད་_100_,མེད་_100_,མེད་_100_,མེད་_100_,མེད་_100_,མེད་_100_
[མིན_100_],མིན_100_,མིན_100_,མིན_100_,མིན_100_,མིན_100_,མིན_100_,མིན_100_,མིན_100_
[། །​_100_],། །​_100_,། །​_100_,། །​_100_,། །​_100_,། །​_100_,། །​_100_,། །​_100_,། །​_100_
[ཆད་_100_],ཆད་_100_,ཆད་_100_,ཆད་_100_,ཆད་_100_,ཆད་_100_,ཆད་_100_,ཆད་_100_,ཆད་_100_
[པ་_100_],པ་_100_,པ་_100_,པ་_100_,པ་_100_,པ་_100_,པ་_100_,པ་_100_,པ་_100_
[མ་_100_],མ་_100_,མ་_100_,མ་_100_,མ་_100_,མ་_100_,མ་_100_,མ་_100_,མ་_100_
[ལགས་_100_],ལགས་_100_,ལགས་_100_,ལགས་_100_,ལགས་_100_,ལགས་_100_,ལགས་_100_,ལགས་_100_,ལགས་_100_
[ཐེར་_100_],ཐེར་_100_,ཐེར་_100_,ཐེར་_100_,ཐེར་_100_,ཐེར་_100_,ཐེར་_100_,ཐེར་_100_,ཐེར་_100_
[ཟུག་_100_],ཟུག་_100_,ཟུག་_100_,ཟུག་_100_,ཟུག་_100_,ཟུག་_100_,ཟུག་_100_,ཟུག་_100_,ཟུག་_100_
[མིན_100_],མིན_100_,མིན_100_,མིན_100_,མིན_100_,མིན_100_,མིན_100_,མིན_100_,མིན_100_
[། །​_100_],། །​_100_,། །​_100_,། །​_100_,། །​_100_,། །​_100_,། །​_100_,། །​_100_,། །​_100_
[ཁྱོད་_100_],ཁྱོད་_100_,ཁྱོད་_100_,ཁྱོད་_100_,ཁྱོད་_100_,ཁྱོད་_100_,ཁྱོད་_100_,ཁྱོད་_100_,ཁྱོད་_100_
[རྟག་_100_],རྟག་_100_,རྟག་_100_,རྟག་_100_,རྟག་_100_,རྟག་_100_,རྟག་_100_,རྟག་_100_,རྟག་_100_
[མ་_100_],མ་_100_,མ་_100_,མ་_100_,མ་_100_,མ་_100_,མ་_100_,མ་_100_,མ་_100_
[ལགས་_100_],ལགས་_100_,ལགས་_100_,ལགས་_100_,ལགས་_100_,ལགས་_100_,ལགས་_100_,ལགས་_100_,ལགས་_100_
[མི་_100_],མི་_100_,མི་_100_,མི་_100_,མི་_100_,མི་_100_,མི་_100_,མི་_100_,མི་_100_
[རྟག་_100_],རྟག་_100_,རྟག་_100_,རྟག་_100_,རྟག་_100_,རྟག་_100_,རྟག་_100_,རྟག་_100_,རྟག་_100_
[མིན_100_],མིན_100_,མིན_100_,མིན_100_,མིན_100_,མིན_100_,མིན_100_,མིན_100_,མིན_100_
[། །​_100_],། །​_100_,། །​_100_,། །​_100_,། །​_100_,། །​_100_,། །​_100_,། །​_100_,། །​_100_
[གཉིས་_100_],གཉིས་_100_,གཉིས་_100_,གཉིས་_100_,གཉིས་_100_,གཉིས་_100_,གཉིས་_100_,གཉིས་_100_,གཉིས་_100_
[མེད་_100_],མེད་_100_,མེད་_100_,མེད་_100_,མེད་_100_,མེད་_100_,མེད་_100_,མེད་_100_,མེད་_100_
[ཁྱོད་_100_],ཁྱོད་_100_,ཁྱོད་_100_,ཁྱོད་_100_,ཁྱོད་_100_,ཁྱོད་_100_,ཁྱོད་_100_,ཁྱོད་_100_,ཁྱོད་_100_
[ལ་_100_],ལ་_100_,ལ་_100_,ལ་_100_,ལ་_100_,ལ་_100_,ལ་_100_,ལ་_100_,ལ་_100_
[ཕྱག་_100_],ཕྱག་_100_,ཕྱག་_100_,ཕྱག་_100_,ཕྱག་_100_,ཕྱག་_100_,ཕྱག་_100_,ཕྱག་_100_,ཕྱག་_100_
[འཚལ་_100_],འཚལ་_100_,འཚལ་_100_,འཚལ་_100_,འཚལ་_100_,འཚལ་_100_,འཚལ་_100_,འཚལ་_100_,འཚལ་_100_
[བསྟོད_100_],བསྟོད_100_,བསྟོད_100_,བསྟོད_100_,བསྟོད_100_,བསྟོད_100_,བསྟོད_100_,བསྟོད_100_,བསྟོད_100_
[། །​_100_],། །​_100_,། །​_100_,། །​_100_,། །​_100_,། །​_100_,། །​_100_,། །​_100_,། །​_100_
[དམར་_100_],དམར་_100_,དམར་_100_,དམར་_100_,དམར་_100_,དམར་_100_,དམར་_100_,དམར་_100_,དམར་_100_
[དང་_100_],དང་_100_,དང་_100_,དང་_100_,དང་_100_,དང་_100_,དང་_100_,དང་_100_,དང་_100_
[ལྗང་_100_],ལྗང་_100_,ལྗང་_100_,ལྗང་_100_,ལྗང་_100_,ལྗང་_100_,ལྗང་_100_,ལྗང་_100_,ལྗང་_100_
[དང་_100_],དང་_100_,དང་_100_,དང་_100_,དང་_100_,དང་_100_,དང་_100_,དང་_100_,དང་_100_
[ལེ་_100_],ལེ་_100_,ལེ་_100_,ལེ་_100_,ལེ་_100_,ལེ་_100_,ལེ་_100_,ལེ་_100_,ལེ་_100_
[བརྒན་_100_],བརྒན་_100_,བརྒན་_100_,བརྒན་_100_,བརྒན་_100_,བརྒན་_100_,བརྒན་_100_,བརྒན་_100_,བརྒན་_100_
[དང་_100_],དང་_100_,དང་_100_,དང་_100_,དང་_100_,དང་_100_,དང་_100_,དང་_100_,དང་_100_
[། །​_100_],། །​_100_,། །​_100_,། །​_100_,། །​_100_,། །​_100_,། །​_100_,། །​_100_,། །​_100_
[སེར་_100_],སེར་_100_,སེར་_100_,སེར་_100_,སེར་_100_,སེར་_100_,སེར་_100_,སེར་_100_,སེར་_100_
[དང་_100_],དང་_100_,དང་_100_,དང་_100_,དང་_100_,དང་_100_,དང་_100_,དང་_100_,དང་_100_
[དཀར་_100_],དཀར་_100_,དཀར་_100_,དཀར་_100_,དཀར་_100_,དཀར་_100_,དཀར་_100_,དཀར་_100_,དཀར་_100_
[དང་_88_],དང་_88_,དང་_88_,དང་_88_,དང་_88_,དང་_88_,དང་_88_,དང་_88_,འཕགས་པ་རྗེ་བཙུན་འཇམ་དཔལ་གྱི་དོན་དམ་པའི་བསྟོད་པ། །​ ༢༤༣དང་_11_
[གནག་_100_],གནག་_100_,གནག་_100_,གནག་_100_,གནག་_100_,གནག་_100_,གནག་_100_,གནག་_100_,གནག་_100_
[མ་_100_],མ་_100_,མ་_100_,མ་_100_,མ་_100_,མ་_100_,མ་_100_,མ་_100_,མ་_100_
[ལགས_100_],ལགས_100_,ལགས_100_,ལགས_100_,ལགས_100_,ལགས_100_,ལགས_100_,ལགས_100_,ལགས_100_
[། །​_100_],། །​_100_,། །​_100_,། །​_100_,། །​_100_,། །​_100_,། །​_100_,། །​_100_,། །​_100_
[ཁྱོད་_100_],ཁྱོད་_100_,ཁྱོད་_100_,ཁྱོད་_100_,ཁྱོད་_100_,ཁྱོད་_100_,ཁྱོད་_100_,ཁྱོད་_100_,ཁྱོད་_100_
[ལ་_100_],ལ་_100_,ལ་_100_,ལ་_100_,ལ་_100_,ལ་_100_,ལ་_100_,ལ་_100_,ལ་_100_
[ཁ་_100_],ཁ་_100_,ཁ་_100_,ཁ་_100_,ཁ་_100_,ཁ་_100_,ཁ་_100_,ཁ་_100_,ཁ་_100_
[དོག་_100_],དོག་_100_,དོག་_100_,དོག་_100_,དོག་_100_,དོག་_100_,དོག་_100_,དོག་_100_,དོག་_100_
[ཡོང་_100_],ཡོང་_100_,ཡོང་_100_,ཡོང་_100_,ཡོང་_100_,ཡོང་_100_,ཡོང་_100_,ཡོང་_100_,ཡོང་_100_
[མི་_100_],མི་_100_,མི་_100_,མི་_100_,མི་_100_,མི་_100_,མི་_100_,མི་_100_,མི་_100_
[མངའ_100_],མངའ_100_,མངའ_100_,མངའ_100_,མངའ_100_,མངའ_100_,མངའ_100_,མངའ_100_,མངའ_100_
[། །​_100_],། །​_100_,། །​_100_,། །​_100_,། །​_100_,། །​_100_,། །​_100_,། །​_100_,། །​_100_
[མདོག་_100_],མདོག་_100_,མདོག་_100_,མདོག་_100_,མདོག་_100_,མདོག་_100_,མདོག་_100_,མདོག་_100_,མདོག་_100_
[བྲལ་_100_],བྲལ་_100_,བྲལ་_100_,བྲལ་_100_,བྲལ་_100_,བྲལ་_100_,བྲལ་_100_,བྲལ་_100_,བྲལ་_100_
[ཁྱོད་_100_],ཁྱོད་_100_,ཁྱོད་_100_,ཁྱོད་_100_,ཁྱོད་_100_,ཁྱོད་_100_,ཁྱོད་_100_,ཁྱོད་_100_,ཁྱོད་_100_
[ལ་_100_],ལ་_100_,ལ་_100_,ལ་_100_,ལ་_100_,ལ་_100_,ལ་_100_,ལ་_100_,ལ་_100_
[ཕྱག་_100_],ཕྱག་_100_,ཕྱག་_100_,ཕྱག་_100_,ཕྱག་_100_,ཕྱག་_100_,ཕྱག་_100_,ཕྱག་_100_,ཕྱག་_100_
[འཚལ་_100_],འཚལ་_100_,འཚལ་_100_,འཚལ་_100_,འཚལ་_100_,འཚལ་_100_,འཚལ་_100_,འཚལ་_100_,འཚལ་_100_
[བསྟོད_100_],བསྟོད_100_,བསྟོད_100_,བསྟོད_100_,བསྟོད_100_,བསྟོད_100_,བསྟོད_100_,བསྟོད_100_,བསྟོད_100_
[། །​_100_],། །​_100_,། །​_100_,། །​_100_,། །​_100_,། །​_100_,། །​_100_,། །​_100_,། །​_100_
[ཁྱོད་_100_],ཁྱོད་_100_,ཁྱོད་_100_,ཁྱོད་_100_,ཁྱོད་_100_,ཁྱོད་_100_,ཁྱོད་_100_,ཁྱོད་_100_,ཁྱོད་_100_
[ནི་_100_],ནི་_100_,ནི་_100_,ནི་_100_,ནི་_100_,ནི་_100_,ནི་_100_,ནི་_100_,ནི་_100_
[ཆེ་_100_],ཆེ་_100_,ཆེ་_100_,ཆེ་_100_,ཆེ་_100_,ཆེ་_100_,ཆེ་_100_,ཆེ་_100_,ཆེ་_100_
[དང་_100_],དང་_100_,དང་_100_,དང་_100_,དང་_100_,དང་_100_,དང་_100_,དང་_100_,དང་_100_
[ཆུང་_100_],ཆུང་_100_,ཆུང་_100_,ཆུང་_100_,ཆུང་_100_,ཆུང་_100_,ཆུང་_100_,ཆུང་_100_,ཆུང་_100_
[བ་_100_],བ་_100_,བ་_100_,བ་_100_,བ་_100_,བ་_100_,བ་_100_,བ་_100_,བ་_100_
[དང་_100_],དང་_100_,དང་_100_,དང་_100_,དང་_100_,དང་_100_,དང་_100_,དང་_100_,དང་_100_
[། །​_88_],། །​_88_,། །​_88_,། །​_88_,། །​_88_,། །​_88_,། _11_,། །​_88_,། །​_88_
[སྦོམ་_100_],སྦོམ་_100_,སྦོམ་_100_,སྦོམ་_100_,སྦོམ་_100_,སྦོམ་_100_,སྦོམ་_100_,སྦོམ་_100_,སྦོམ་_100_
[དང་_100_],དང་_100_,དང་_100_,དང་_100_,དང་_100_,དང་_100_,དང་_100_,དང་_100_,དང་_100_
[ཕྲ་_100_],ཕྲ་_100_,ཕྲ་_100_,ཕྲ་_100_,ཕྲ་_100_,ཕྲ་_100_,ཕྲ་_100_,ཕྲ་_100_,ཕྲ་_100_
[བ་_100_],བ་_100_,བ་_100_,བ་_100_,བ་_100_,བ་_100_,བ་_100_,བ་_100_,བ་_100_
[ཁྱོད་_100_],ཁྱོད་_100_,ཁྱོད་_100_,ཁྱོད་_100_,ཁྱོད་_100_,ཁྱོད་_100_,ཁྱོད་_100_,ཁྱོད་_100_,ཁྱོད་_100_
[མིན་_100_],མིན་_100_,མིན་_100_,མིན་_100_,མིན་_100_,མིན་_100_,མིན་_100_,མིན་_100_,མིན་_100_
[ཏེ_100_],ཏེ_100_,ཏེ_100_,ཏེ_100_,ཏེ_100_,ཏེ_100_,ཏེ_100_,ཏེ_100_,ཏེ_100_
[། །​_100_],། །​_100_,། །​_100_,། །​_100_,། །​_100_,། །​_100_,། །​_100_,། །​_100_,། །​_100_
[རིང་_100_],རིང་_100_,རིང་_100_,རིང་_100_,རིང་_100_,རིང་_100_,རིང་_100_,རིང་_100_,རིང་_100_
[དང་_100_],དང་_100_,དང་_100_,དང་_100_,དང་_100_,དང་_100_,དང་_100_,དང་_100_,དང་_100_
[ཐུང་_100_],ཐུང་_100_,ཐུང་_100_,ཐུང་_100_,ཐུང་_100_,ཐུང་_100_,ཐུང་_100_,ཐུང་_100_,ཐུང་_100_
[བའི་_100_],བའི་_100_,བའི་_100_,བའི་_100_,བའི་_100_,བའི་_100_,བའི་_100_,བའི་_100_,བའི་_100_
[ཁམས་_100_],ཁམས་_100_,ཁམས་_100_,ཁམས་_100_,ཁམས་_100_,ཁམས་_100_,ཁམས་_100_,ཁམས་_100_,ཁམས་_100_
[མ་_100_],མ་_100_,མ་_100_,མ་_100_,མ་_100_,མ་_100_,མ་_100_,མ་_100_,མ་_100_
[ལགས_100_],ལགས_100_,ལགས_100_,ལགས_100_,ལགས_100_,ལགས_100_,ལགས_100_,ལགས_100_,ལགས_100_
[། །​_100_],། །​_100_,། །​_100_,། །​_100_,། །​_100_,། །​_100_,། །​_100_,། །​_100_,། །​_100_
[ཚད་_100_],ཚད་_100_,ཚད་_100_,ཚད་_100_,ཚད་_100_,ཚད་_100_,ཚད་_100_,ཚད་_100_,ཚད་_100_
[མེད་_100_],མེད་_100_,མེད་_100_,མེད་_100_,མེད་_100_,མེད་_100_,མེད་_100_,མེད་_100_,མེད་_100_
[ཁྱོད་_100_],ཁྱོད་_100_,ཁྱོད་_100_,ཁྱོད་_100_,ཁྱོད་_100_,ཁྱོད་_100_,ཁྱོད་_100_,ཁྱོད་_100_,ཁྱོད་_100_
[ལ་_100_],ལ་_100_,ལ་_100_,ལ་_100_,ལ་_100_,ལ་_100_,ལ་_100_,ལ་_100_,ལ་_100_
[ཕྱག་_100_],ཕྱག་_100_,ཕྱག་_100_,ཕྱག་_100_,ཕྱག་_100_,ཕྱག་_100_,ཕྱག་_100_,ཕྱག་_100_,ཕྱག་_100_
[འཚལ་_100_],འཚལ་_100_,འཚལ་_100_,འཚལ་_100_,འཚལ་_100_,འཚལ་_100_,འཚལ་_100_,འཚལ་_100_,འཚལ་_100_
[བསྟོད_100_],བསྟོད_100_,བསྟོད_100_,བསྟོད_100_,བསྟོད_100_,བསྟོད_100_,བསྟོད_100_,བསྟོད_100_,བསྟོད_100_
[། །​_100_],། །​_100_,། །​_100_,། །​_100_,། །​_100_,། །​_100_,། །​_100_,། །​_100_,། །​_100_
[ཤེས་_100_],ཤེས་_100_,ཤེས་_100_,ཤེས་_100_,ཤེས་_100_,ཤེས་_100_,ཤེས་_100_,ཤེས་_100_,ཤེས་_100_
[པས་_100_],པས་_100_,པས་_100_,པས་_100_,པས་_100_,པས་_100_,པས་_100_,པས་_100_,པས་_100_
[སྲིད་_100_],སྲིད་_100_,སྲིད་_100_,སྲིད་_100_,སྲིད་_100_,སྲིད་_100_,སྲིད་_100_,སྲིད་_100_,སྲིད་_100_
[ལ་_100_],ལ་_100_,ལ་_100_,ལ་_100_,ལ་_100_,ལ་_100_,ལ་_100_,ལ་_100_,ལ་_100_
[མི་_100_],མི་_100_,མི་_100_,མི་_100_,མི་_100_,མི་_100_,མི་_100_,མི་_100_,མི་_100_
[གནས་_100_],གནས་_100_,གནས་_100_,གནས་_100_,གནས་_100_,གནས་_100_,གནས་_100_,གནས་_100_,གནས་_100_
[ཤིང་_100_],ཤིང་_100_,ཤིང་_100_,ཤིང་_100_,ཤིང་_100_,ཤིང་_100_,ཤིང་_100_,ཤིང་_100_,ཤིང་_100_
[། །​_100_],། །​_100_,། །​_100_,། །​_100_,། །​_100_,། །​_100_,། །​_100_,། །​_100_,། །​_100_
[སྙིང་_100_],སྙིང་_100_,སྙིང་_100_,སྙིང་_100_,སྙིང་_100_,སྙིང་_100_,སྙིང་_100_,སྙིང་_100_,སྙིང་_100_
[རྗེས་_100_],རྗེས་_100_,རྗེས་_100_,རྗེས་_100_,རྗེས་_100_,རྗེས་_100_,རྗེས་_100_,རྗེས་_100_,རྗེས་_100_
[ཞི་_100_],ཞི་_100_,ཞི་_100_,ཞི་_100_,ཞི་_100_,ཞི་_100_,ཞི་_100_,ཞི་_100_,ཞི་_100_
[ལ་_100_],ལ་_100_,ལ་_100_,ལ་_100_,ལ་_100_,ལ་_100_,ལ་_100_,ལ་_100_,ལ་_100_
[མི་_100_],མི་_100_,མི་_100_,མི་_100_,མི་_100_,མི་_100_,མི་_100_,མི་_100_,མི་_100_
[གནས་_100_],གནས་_100_,གནས་_100_,གནས་_100_,གནས་_100_,གནས་_100_,གནས་_100_,གནས་_100_,གནས་_100_
[ཏེ_100_],ཏེ_100_,ཏེ_100_,ཏེ_100_,ཏེ_100_,ཏེ_100_,ཏེ_100_,ཏེ_100_,ཏེ_100_
[། །​_100_],། །​_100_,། །​_100_,། །​_100_,། །​_100_,། །​_100_,། །​_100_,། །​_100_,། །​_100_
[མྱ་_100_],མྱ་_100_,མྱ་_100_,མྱ་_100_,མྱ་_100_,མྱ་_100_,མྱ་_100_,མྱ་_100_,མྱ་_100_
[ངན་_100_],ངན་_100_,ངན་_100_,ངན་_100_,ངན་_100_,ངན་_100_,ངན་_100_,ངན་_100_,ངན་_100_
[འདས་_100_],འདས་_100_,འདས་_100_,འདས་_100_,འདས་_100_,འདས་_100_,འདས་_100_,འདས་_100_,འདས་_100_
[དང་_100_],དང་_100_,དང་_100_,དང་_100_,དང་_100_,དང་_100_,དང་_100_,དང་_100_,དང་_100_
[འཁོར་_100_],འཁོར་_100_,འཁོར་_100_,འཁོར་_100_,འཁོར་_100_,འཁོར་_100_,འཁོར་_100_,འཁོར་_100_,འཁོར་_100_
[མི་_100_],མི་_100_,མི་_100_,མི་_100_,མི་_100_,མི་_100_,མི་_100_,མི་_100_,མི་_100_
[གནས_100_],གནས_100_,གནས_100_,གནས_100_,གནས_100_,གནས_100_,གནས_100_,གནས_100_,གནས_100_
[། །​_100_],། །​_100_,། །​_100_,། །​_100_,། །​_100_,། །​_100_,། །​_100_,། །​_100_,། །​_100_
[མི་_100_],མི་_100_,མི་_100_,མི་_100_,མི་_100_,མི་_100_,མི་_100_,མི་_100_,མི་_100_
[གནས་_100_],གནས་_100_,གནས་_100_,གནས་_100_,གནས་_100_,གནས་_100_,གནས་_100_,གནས་_100_,གནས་_100_
[ཁྱོད་_100_],ཁྱོད་_100_,ཁྱོད་_100_,ཁྱོད་_100_,ཁྱོད་_100_,ཁྱོད་_100_,ཁྱོད་_100_,ཁྱོད་_100_,ཁྱོད་_100_
[ལ་_100_],ལ་_100_,ལ་_100_,ལ་_100_,ལ་_100_,ལ་_100_,ལ་_100_,ལ་_100_,ལ་_100_
[ཕྱག་_100_],ཕྱག་_100_,ཕྱག་_100_,ཕྱག་_100_,ཕྱག་_100_,ཕྱག་_100_,ཕྱག་_100_,ཕྱག་_100_,ཕྱག་_100_
[འཚལ་_100_],འཚལ་_100_,འཚལ་_100_,འཚལ་_100_,འཚལ་_100_,འཚལ་_100_,འཚལ་_100_,འཚལ་_100_,འཚལ་_100_
[བསྟོད_100_],བསྟོད_100_,བསྟོད_100_,བསྟོད_100_,བསྟོད_100_,བསྟོད_100_,བསྟོད_100_,བསྟོད_100_,བསྟོད_100_
[། །​_100_],། །​_100_,། །​_100_,། །​_100_,། །​_100_,། །​_100_,། །​_100_,། །​_100_,། །​_100_
[ཆོས་_100_],ཆོས་_100_,ཆོས་_100_,ཆོས་_100_,ཆོས་_100_,ཆོས་_100_,ཆོས་_100_,ཆོས་_100_,ཆོས་_100_
[རྣམས་_100_],རྣམས་_100_,རྣམས་_100_,རྣམས་_100_,རྣམས་_100_,རྣམས་_100_,རྣམས་_100_,རྣམས་_100_,རྣམས་_100_
[ཀུན་_100_],ཀུན་_100_,ཀུན་_100_,ཀུན་_100_,ཀུན་_100_,ཀུན་_100_,ཀུན་_100_,ཀུན་_100_,ཀུན་_100_
[ལ་_100_],ལ་_100_,ལ་_100_,ལ་_100_,ལ་_100_,ལ་_100_,ལ་_100_,ལ་_100_,ལ་_100_
[མི་_100_],མི་_100_,མི་_100_,མི་_100_,མི་_100_,མི་_100_,མི་_100_,མི་_100_,མི་_100_
[གནས་_100_],གནས་_100_,གནས་_100_,གནས་_100_,གནས་_100_,གནས་_100_,གནས་_100_,གནས་_100_,གནས་_100_
[ཤིང་_100_],ཤིང་_100_,ཤིང་_100_,ཤིང་_100_,ཤིང་_100_,ཤིང་_100_,ཤིང་_100_,ཤིང་_100_,ཤིང་_100_
[། །​_100_],། །​_100_,། །​_100_,། །​_100_,། །​_100_,། །​_100_,། །​_100_,། །​_100_,། །​_100_
[ཆོས་_100_],ཆོས་_100_,ཆོས་_100_,ཆོས་_100_,ཆོས་_100_,ཆོས་_100_,ཆོས་_100_,ཆོས་_100_,ཆོས་_100_
[ཀུན་_100_],ཀུན་_100_,ཀུན་_100_,ཀུན་_100_,ཀུན་_100_,ཀུན་_100_,ཀུན་_100_,ཀུན་_100_,ཀུན་_100_
[རྟོགས་_100_],རྟོགས་_100_,རྟོགས་_100_,རྟོགས་_100_,རྟོགས་_100_,རྟོགས་_100_,རྟོགས་_100_,རྟོགས་_100_,རྟོགས་_100_
[པར་_100_],པར་_100_,པར་_100_,པར་_100_,པར་_100_,པར་_100_,པར་_100_,པར་_100_,པར་_100_
[ཐུགས་_100_],ཐུགས་_100_,ཐུགས་_100_,ཐུགས་_100_,ཐུགས་_100_,ཐུགས་_100_,ཐུགས་_100_,ཐུགས་_100_,ཐུགས་_100_
[སུ་_100_],སུ་_100_,སུ་_100_,སུ་_100_,སུ་_100_,སུ་_100_,སུ་_100_,སུ་_100_,སུ་_100_
[ཆུད_100_],ཆུད_100_,ཆུད_100_,ཆུད_100_,ཆུད_100_,ཆུད_100_,ཆུད_100_,ཆུད_100_,ཆུད_100_
[། །​_100_],། །​_100_,། །​_100_,། །​_100_,། །​_100_,། །​_100_,། །​_100_,། །​_100_,། །​_100_
[མཆོག་_100_],མཆོག་_100_,མཆོག་_100_,མཆོག་_100_,མཆོག་_100_,མཆོག་_100_,མཆོག་_100_,མཆོག་_100_,མཆོག་_100_
[ཏུ་_100_],ཏུ་_100_,ཏུ་_100_,ཏུ་_100_,ཏུ་_100_,ཏུ་_100_,ཏུ་_100_,ཏུ་_100_,ཏུ་_100_
[ཟབ་_100_],ཟབ་_100_,ཟབ་_100_,ཟབ་_100_,ཟབ་_100_,ཟབ་_100_,ཟབ་_100_,ཟབ་_100_,ཟབ་_100_
[པ་_100_],པ་_100_,པ་_100_,པ་_100_,པ་_100_,པ་_100_,པ་_100_,པ་_100_,པ་_100_
[ཉིད་_100_],ཉིད་_100_,ཉིད་_100_,ཉིད་_100_,ཉིད་_100_,ཉིད་_100_,ཉིད་_100_,ཉིད་_100_,ཉིད་_100_
[བརྟེན་_77_],བརྟེན་_77_,བསྟེན་_22_,བསྟེན་_22_,བརྟེན་_77_,བརྟེན་_77_,བརྟེན་_77_,བརྟེན་_77_,བརྟེན་_77_
[པ_100_],པ_100_,པ_100_,པ_100_,པ_100_,པ_100_,པ_100_,པ_100_,པ_100_
[། །​_88_],། །​_88_,། །​_88_,། །​_88_,། །​_88_,། །​_88_,། །​_88_,། །​ _11_,། །​_88_
[ཟབ་_100_],ཟབ་_100_,ཟབ་_100_,ཟབ་_100_,ཟབ་_100_,ཟབ་_100_,ཟབ་_100_,ཟབ་_100_,ཟབ་_100_
[པ་_100_],པ་_100_,པ་_100_,པ་_100_,པ་_100_,པ་_100_,པ་_100_,པ་_100_,པ་_100_
[ཁྱོད་_100_],ཁྱོད་_100_,ཁྱོད་_100_,ཁྱོད་_100_,ཁྱོད་_100_,ཁྱོད་_100_,ཁྱོད་_100_,ཁྱོད་_100_,ཁྱོད་_100_
[ལ་_100_],ལ་_100_,ལ་_100_,ལ་_100_,ལ་_100_,ལ་_100_,ལ་_100_,ལ་_100_,ལ་_100_
[ཕྱག་_100_],ཕྱག་_100_,ཕྱག་_100_,ཕྱག་_100_,ཕྱག་_100_,ཕྱག་_100_,ཕྱག་_100_,ཕྱག་_100_,ཕྱག་_100_
[འཚལ་_100_],འཚལ་_100_,འཚལ་_100_,འཚལ་_100_,འཚལ་_100_,འཚལ་_100_,འཚལ་_100_,འཚལ་_100_,འཚལ་_100_
[བསྟོད_100_],བསྟོད_100_,བསྟོད_100_,བསྟོད_100_,བསྟོད_100_,བསྟོད_100_,བསྟོད_100_,བསྟོད_100_,བསྟོད_100_
[། །​_88_],། །​_88_,། །​_88_,། །​_88_,། །​_88_,། །​_88_,། །​_88_,། །​_88_,། །​ _11_
[དེ་_100_],དེ་_100_,དེ་_100_,དེ་_100_,དེ་_100_,དེ་_100_,དེ་_100_,དེ་_100_,དེ་_100_
[ལྟར་_100_],ལྟར་_100_,ལྟར་_100_,ལྟར་_100_,ལྟར་_100_,ལྟར་_100_,ལྟར་_100_,ལྟར་_100_,ལྟར་_100_
[བསྟོད་_100_],བསྟོད་_100_,བསྟོད་_100_,བསྟོད་_100_,བསྟོད་_100_,བསྟོད་_100_,བསྟོད་_100_,བསྟོད་_100_,བསྟོད་_100_
[ན་_100_],ན་_100_,ན་_100_,ན་_100_,ན་_100_,ན་_100_,ན་_100_,ན་_100_,ན་_100_
[བསྟོད་_100_],བསྟོད་_100_,བསྟོད་_100_,བསྟོད་_100_,བསྟོད་_100_,བསྟོད་_100_,བསྟོད་_100_,བསྟོད་_100_,བསྟོད་_100_
[བགྲང་_100_],བགྲང་_100_,བགྲང་_100_,བགྲང་_100_,བགྲང་_100_,བགྲང་_100_,བགྲང་_100_,བགྲང་_100_,བགྲང་_100_
[གི_100_],གི_100_,གི_100_,གི_100_,གི_100_,གི_100_,གི_100_,གི_100_,གི_100_
[། །​_100_],། །​_100_,། །​_100_,། །​_100_,། །​_100_,། །​_100_,། །​_100_,། །​_100_,། །​_100_
[གཞན་_100_],གཞན་_100_,གཞན་_100_,གཞན་_100_,གཞན་_100_,གཞན་_100_,གཞན་_100_,གཞན་_100_,གཞན་_100_
[དུ་_100_],དུ་_100_,དུ་_100_,དུ་_100_,དུ་_100_,དུ་_100_,དུ་_100_,དུ་_100_,དུ་_100_
[ཁྱོད་_100_],ཁྱོད་_100_,ཁྱོད་_100_,ཁྱོད་_100_,ཁྱོད་_100_,ཁྱོད་_100_,ཁྱོད་_100_,ཁྱོད་_100_,ཁྱོད་_100_
[ལ་_100_],ལ་_100_,ལ་_100_,ལ་_100_,ལ་_100_,ལ་_100_,ལ་_100_,ལ་_100_,ལ་_100_
[ཇི་_100_],ཇི་_100_,ཇི་_100_,ཇི་_100_,ཇི་_100_,ཇི་_100_,ཇི་_100_,ཇི་_100_,ཇི་_100_
[ལྟར་_100_],ལྟར་_100_,ལྟར་_100_,ལྟར་_100_,ལྟར་_100_,ལྟར་_100_,ལྟར་_100_,ལྟར་_100_,ལྟར་_100_
[བསྟོད_100_],བསྟོད_100_,བསྟོད_100_,བསྟོད_100_,བསྟོད_100_,བསྟོད_100_,བསྟོད_100_,བསྟོད_100_,བསྟོད_100_
[། །​_100_],། །​_100_,། །​_100_,། །​_100_,། །​_100_,། །​_100_,། །​_100_,། །​_100_,། །​_100_
[ཆོས་_100_],ཆོས་_100_,ཆོས་_100_,ཆོས་_100_,ཆོས་_100_,ཆོས་_100_,ཆོས་_100_,ཆོས་_100_,ཆོས་_100_
[རྣམས་_100_],རྣམས་_100_,རྣམས་_100_,རྣམས་_100_,རྣམས་_100_,རྣམས་_100_,རྣམས་_100_,རྣམས་_100_,རྣམས་_100_
[ཐམས་_100_],ཐམས་_100_,ཐམས་_100_,ཐམས་_100_,ཐམས་_100_,ཐམས་_100_,ཐམས་_100_,ཐམས་_100_,ཐམས་_100_
[ཅད་_100_],ཅད་_100_,ཅད་_100_,ཅད་_100_,ཅད་_100_,ཅད་_100_,ཅད་_100_,ཅད་_100_,ཅད་_100_
[སྟོང་_100_],སྟོང་_100_,སྟོང་_100_,སྟོང་_100_,སྟོང་_100_,སྟོང་_100_,སྟོང་_100_,སྟོང་_100_,སྟོང་_100_
[པ་_100_],པ་_100_,པ་_100_,པ་_100_,པ་_100_,པ་_100_,པ་_100_,པ་_100_,པ་_100_
[ལ། །​_88_],ལ། །​_88_,ལ། །​_88_,ལ། །​_88_,ལ། །​_88_,ལ། །​_88_,ལ། །​_88_,ལ། །​_88_,ལ་།_11_
[སུ་_100_],སུ་_100_,སུ་_100_,སུ་_100_,སུ་_100_,སུ་_100_,སུ་_100_,སུ་_100_,སུ་_100_
[ལ་_100_],ལ་_100_,ལ་_100_,ལ་_100_,ལ་_100_,ལ་_100_,ལ་_100_,ལ་_100_,ལ་_100_
[བསྟོད་_100_],བསྟོད་_100_,བསྟོད་_100_,བསྟོད་_100_,བསྟོད་_100_,བསྟོད་_100_,བསྟོད་_100_,བསྟོད་_100_,བསྟོད་_100_
[ཅིང་_100_],ཅིང་_100_,ཅིང་_100_,ཅིང་_100_,ཅིང་_100_,ཅིང་_100_,ཅིང་_100_,ཅིང་_100_,ཅིང་_100_
[སུ་_100_],སུ་_100_,སུ་_100_,སུ་_100_,སུ་_100_,སུ་_100_,སུ་_100_,སུ་_100_,སུ་_100_
[ཡིས་_100_],ཡིས་_100_,ཡིས་_100_,ཡིས་_100_,ཡིས་_100_,ཡིས་_100_,ཡིས་_100_,ཡིས་_100_,ཡིས་_100_
[བསྟོད_100_],བསྟོད_100_,བསྟོད_100_,བསྟོད_100_,བསྟོད_100_,བསྟོད_100_,བསྟོད_100_,བསྟོད_100_,བསྟོད_100_
[། །​_100_],། །​_100_,། །​_100_,། །​_100_,། །​_100_,། །​_100_,། །​_100_,། །​_100_,། །​_100_
[མཐའ་_100_],མཐའ་_100_,མཐའ་_100_,མཐའ་_100_,མཐའ་_100_,མཐའ་_100_,མཐའ་_100_,མཐའ་_100_,མཐའ་_100_
[མ་_100_],མ་_100_,མ་_100_,མ་_100_,མ་_100_,མ་_100_,མ་_100_,མ་_100_,མ་_100_
[མཆིས་_100_],མཆིས་_100_,མཆིས་_100_,མཆིས་_100_,མཆིས་_100_,མཆིས་_100_,མཆིས་_100_,མཆིས་_100_,མཆིས་_100_
[ཤིང་_100_],ཤིང་_100_,ཤིང་_100_,ཤིང་_100_,ཤིང་_100_,ཤིང་_100_,ཤིང་_100_,ཤིང་_100_,ཤིང་_100_
[དབུས་_100_],དབུས་_100_,དབུས་_100_,དབུས་_100_,དབུས་_100_,དབུས་_100_,དབུས་_100_,དབུས་_100_,དབུས་_100_
[མ་_100_],མ་_100_,མ་_100_,མ་_100_,མ་_100_,མ་_100_,མ་_100_,མ་_100_,མ་_100_
[མཆིས_100_],མཆིས_100_,མཆིས_100_,མཆིས_100_,མཆིས_100_,མཆིས_100_,མཆིས_100_,མཆིས_100_,མཆིས_100_
[། །​_100_],། །​_100_,། །​_100_,། །​_100_,། །​_100_,། །​_100_,། །​_100_,། །​_100_,། །​_100_
[གཟུང་_100_],གཟུང་_100_,གཟུང་_100_,གཟུང་_100_,གཟུང་_100_,གཟུང་_100_,གཟུང་_100_,གཟུང་_100_,གཟུང་_100_
[དང་_100_],དང་_100_,དང་_100_,དང་_100_,དང་_100_,དང་_100_,དང་_100_,དང་_100_,དང་_100_
[འཛིན་_100_],འཛིན་_100_,འཛིན་_100_,འཛིན་_100_,འཛིན་_100_,འཛིན་_100_,འཛིན་_100_,འཛིན་_100_,འཛིན་_100_
[པ་_100_],པ་_100_,པ་_100_,པ་_100_,པ་_100_,པ་_100_,པ་_100_,པ་_100_,པ་_100_
[རྣམ་_100_],རྣམ་_100_,རྣམ་_100_,རྣམ་_100_,རྣམ་_100_,རྣམ་_100_,རྣམ་_100_,རྣམ་_100_,རྣམ་_100_
[སྤངས་_100_],སྤངས་_100_,སྤངས་_100_,སྤངས་_100_,སྤངས་_100_,སྤངས་_100_,སྤངས་_100_,སྤངས་_100_,སྤངས་_100_
[པའི_100_],པའི_100_,པའི_100_,པའི_100_,པའི_100_,པའི_100_,པའི_100_,པའི_100_,པའི_100_
[། །​_100_],། །​_100_,། །​_100_,། །​_100_,། །​_100_,། །​_100_,། །​_100_,། །​_100_,། །​_100_
[རྟོག་_100_],རྟོག་_100_,རྟོག་_100_,རྟོག་_100_,རྟོག་_100_,རྟོག་_100_,རྟོག་_100_,རྟོག་_100_,རྟོག་_100_
[བྲལ་_100_],བྲལ་_100_,བྲལ་_100_,བྲལ་_100_,བྲལ་_100_,བྲལ་_100_,བྲལ་_100_,བྲལ་_100_,བྲལ་_100_
[ཁྱོད་_100_],ཁྱོད་_100_,ཁྱོད་_100_,ཁྱོད་_100_,ཁྱོད་_100_,ཁྱོད་_100_,ཁྱོད་_100_,ཁྱོད་_100_,ཁྱོད་_100_
[ལ་_100_],ལ་_100_,ལ་_100_,ལ་_100_,ལ་_100_,ལ་_100_,ལ་_100_,ལ་_100_,ལ་_100_
[ཕྱག་_100_],ཕྱག་_100_,ཕྱག་_100_,ཕྱག་_100_,ཕྱག་_100_,ཕྱག་_100_,ཕྱག་_100_,ཕྱག་_100_,ཕྱག་_100_
[འཚལ་_100_],འཚལ་_100_,འཚལ་_100_,འཚལ་_100_,འཚལ་_100_,འཚལ་_100_,འཚལ་_100_,འཚལ་_100_,འཚལ་_100_
[བསྟོད_100_],བསྟོད_100_,བསྟོད_100_,བསྟོད_100_,བསྟོད_100_,བསྟོད_100_,བསྟོད_100_,བསྟོད_100_,བསྟོད_100_
[། །​_100_],། །​_100_,། །​_100_,། །​_100_,། །​_100_,། །​_100_,། །​_100_,། །​_100_,། །​_100_
[བླ་_100_],བླ་_100_,བླ་_100_,བླ་_100_,བླ་_100_,བླ་_100_,བླ་_100_,བླ་_100_,བླ་_100_
[མ་_100_],མ་_100_,མ་_100_,མ་_100_,མ་_100_,མ་_100_,མ་_100_,མ་_100_,མ་_100_
[མགོན་_100_],མགོན་_100_,མགོན་_100_,མགོན་_100_,མགོན་_100_,མགོན་_100_,མགོན་_100_,མགོན་_100_,མགོན་_100_
[པོ་_100_],པོ་_100_,པོ་_100_,པོ་_100_,པོ་_100_,པོ་_100_,པོ་_100_,པོ་_100_,པོ་_100_
[འཇམ་_100_],འཇམ་_100_,འཇམ་_100_,འཇམ་_100_,འཇམ་_100_,འཇམ་_100_,འཇམ་_100_,འཇམ་_100_,འཇམ་_100_
[དབྱངས་_100_],དབྱངས་_100_,དབྱངས་_100_,དབྱངས་_100_,དབྱངས་_100_,དབྱངས་_100_,དབྱངས་_100_,དབྱངས་_100_,དབྱངས་_100_
[ཀྱི_100_],ཀྱི_100_,ཀྱི_100_,ཀྱི_100_,ཀྱི_100_,ཀྱི_100_,ཀྱི_100_,ཀྱི_100_,ཀྱི_100_
[། །​_100_],། །​_100_,། །​_100_,། །​_100_,། །​_100_,། །​_100_,། །​_100_,། །​_100_,། །​_100_
[དོན་_100_],དོན་_100_,དོན་_100_,དོན་_100_,དོན་_100_,དོན་_100_,དོན་_100_,དོན་_100_,དོན་_100_
[དམ་_100_],དམ་_100_,དམ་_100_,དམ་_100_,དམ་_100_,དམ་_100_,དམ་_100_,དམ་_100_,དམ་_100_
[ཡང་_100_],ཡང་_100_,ཡང་_100_,ཡང་_100_,ཡང་_100_,ཡང་_100_,ཡང་_100_,ཡང་_100_,ཡང་_100_
[དག་_100_],དག་_100_,དག་_100_,དག་_100_,དག་_100_,དག་_100_,དག་_100_,དག་_100_,དག་_100_
[མཚན་_100_],མཚན་_100_,མཚན་_100_,མཚན་_100_,མཚན་_100_,མཚན་_100_,མཚན་_100_,མཚན་_100_,མཚན་_100_
[བརྗོད་_100_],བརྗོད་_100_,བརྗོད་_100_,བརྗོད་_100_,བརྗོད་_100_,བརྗོད་_100_,བརྗོད་_100_,བརྗོད་_100_,བརྗོད་_100_
[པའི_88_],པའི_88_,པའི_88_,པའི_88_,པའི_88_,པའི_88_,པའོ_11_,པའི_88_,པའི_88_
[། །​_100_],། །​_100_,། །​_100_,། །​_100_,། །​_100_,། །​_100_,། །​_100_,། །​_100_,། །​_100_
[བསོད་_100_],བསོད་_100_,བསོད་_100_,བསོད་_100_,བསོད་_100_,བསོད་_100_,བསོད་_100_,བསོད་_100_,བསོད་_100_
[ནམས་_100_],ནམས་_100_,ནམས་_100_,ནམས་_100_,ནམས་_100_,ནམས་_100_,ནམས་_100_,ནམས་_100_,ནམས་_100_
[འདི་_100_],འདི་_100_,འདི་_100_,འདི་_100_,འདི་_100_,འདི་_100_,འདི་_100_,འདི་_100_,འདི་_100_
[ཡིས་_100_],ཡིས་_100_,ཡིས་_100_,ཡིས་_100_,ཡིས་_100_,ཡིས་_100_,ཡིས་_100_,ཡིས་_100_,ཡིས་_100_
[འཇིག་_100_],འཇིག་_100_,འཇིག་_100_,འཇིག་_100_,འཇིག་_100_,འཇིག་_100_,འཇིག་_100_,འཇིག་_100_,འཇིག་_100_
[རྟེན་_100_],རྟེན་_100_,རྟེན་_100_,རྟེན་_100_,རྟེན་_100_,རྟེན་_100_,རྟེན་_100_,རྟེན་_100_,རྟེན་_100_
[འདི_100_],འདི_100_,འདི_100_,འདི_100_,འདི_100_,འདི_100_,འདི_100_,འདི_100_,འདི_100_
[། །​_100_],། །​_100_,། །​_100_,། །​_100_,། །​_100_,། །​_100_,། །​_100_,། །​_100_,། །​_100_
[བདེ་_100_],བདེ་_100_,བདེ་_100_,བདེ་_100_,བདེ་_100_,བདེ་_100_,བདེ་_100_,བདེ་_100_,བདེ་_100_
[བར་_100_],བར་_100_,བར་_100_,བར་_100_,བར་_100_,བར་_100_,བར་_100_,བར་_100_,བར་_100_
[གཤེགས་_100_],གཤེགས་_100_,གཤེགས་_100_,གཤེགས་_100_,གཤེགས་_100_,གཤེགས་_100_,གཤེགས་_100_,གཤེགས་_100_,གཤེགས་_100_
[པ་_100_],པ་_100_,པ་_100_,པ་_100_,པ་_100_,པ་_100_,པ་_100_,པ་_100_,པ་_100_
[འདྲ་_100_],འདྲ་_100_,འདྲ་_100_,འདྲ་_100_,འདྲ་_100_,འདྲ་_100_,འདྲ་_100_,འདྲ་_100_,འདྲ་_100_
[བར་_100_],བར་_100_,བར་_100_,བར་_100_,བར་_100_,བར་_100_,བར་_100_,བར་_100_,བར་_100_
[ཤོག _100_],ཤོག _100_,ཤོག _100_,ཤོག _100_,ཤོག _100_,ཤོག _100_,ཤོག _100_,ཤོག _100_,ཤོག _100_
[།​_100_],།​_100_,།​_100_,།​_100_,།​_100_,།​_100_,།​_100_,།​_100_,།​_100_
[འཕགས་_100_],འཕགས་_100_,འཕགས་_100_,འཕགས་_100_,འཕགས་_100_,འཕགས་_100_,འཕགས་_100_,འཕགས་_100_,འཕགས་_100_
[པ་_100_],པ་_100_,པ་_100_,པ་_100_,པ་_100_,པ་_100_,པ་_100_,པ་_100_,པ་_100_
[རྗེ་_100_],རྗེ་_100_,རྗེ་_100_,རྗེ་_100_,རྗེ་_100_,རྗེ་_100_,རྗེ་_100_,རྗེ་_100_,རྗེ་_100_
[བཙུན་_100_],བཙུན་_100_,བཙུན་_100_,བཙུན་_100_,བཙུན་_100_,བཙུན་_100_,བཙུན་_100_,བཙུན་_100_,བཙུན་_100_
[འཇམ་_100_],འཇམ་_100_,འཇམ་_100_,འཇམ་_100_,འཇམ་_100_,འཇམ་_100_,འཇམ་_100_,འཇམ་_100_,འཇམ་_100_
[དཔལ་_100_],དཔལ་_100_,དཔལ་_100_,དཔལ་_100_,དཔལ་_100_,དཔལ་_100_,དཔལ་_100_,དཔལ་_100_,དཔལ་_100_
[གྱི་_100_],གྱི་_100_,གྱི་_100_,གྱི་_100_,གྱི་_100_,གྱི་_100_,གྱི་_100_,གྱི་_100_,གྱི་_100_
[དོན་_100_],དོན་_100_,དོན་_100_,དོན་_100_,དོན་_100_,དོན་_100_,དོན་_100_,དོན་_100_,དོན་_100_
[དམ་_100_],དམ་_100_,དམ་_100_,དམ་_100_,དམ་_100_,དམ་_100_,དམ་_100_,དམ་_100_,དམ་_100_
[པའི་_100_],པའི་_100_,པའི་_100_,པའི་_100_,པའི་_100_,པའི་_100_,པའི་_100_,པའི་_100_,པའི་_100_
[བསྟོད་_100_],བསྟོད་_100_,བསྟོད་_100_,བསྟོད་_100_,བསྟོད་_100_,བསྟོད་_100_,བསྟོད་_100_,བསྟོད་_100_,བསྟོད་_100_
[པ་_88_],པ་_88_,པ་_88_,པ་_88_,པ་_88_,པ་_88_,པ ་_11_,པ་_88_,པ་_88_
[ཞེས་_100_],ཞེས་_100_,ཞེས་_100_,ཞེས་_100_,ཞེས་_100_,ཞེས་_100_,ཞེས་_100_,ཞེས་_100_,ཞེས་_100_
[བྱ་_100_],བྱ་_100_,བྱ་_100_,བྱ་_100_,བྱ་_100_,བྱ་_100_,བྱ་_100_,བྱ་_100_,བྱ་_100_
[བ་_100_],བ་_100_,བ་_100_,བ་_100_,བ་_100_,བ་_100_,བ་_100_,བ་_100_,བ་_100_
[སློབ་_100_],སློབ་_100_,སློབ་_100_,སློབ་_100_,སློབ་_100_,སློབ་_100_,སློབ་_100_,སློབ་_100_,སློབ་_100_
[དཔོན་ཆེན་པོ་_77_],དཔོན་ཆེན་པོ་_77_,དཔོན་ཆེན་པོ་_77_,དཔོན་_11_,དཔོན་ཆེན་པོ་_77_,དཔོན་ཆེན་པོ་_77_,དཔོན་ཆེན་པོ་_77_,དཔོན་ཆེན་པོ་_77_,དཔོན་ཆེན་པོ་༧_11_
[ཀླུ་_100_],ཀླུ་_100_,ཀླུ་_100_,ཀླུ་_100_,ཀླུ་_100_,ཀླུ་_100_,ཀླུ་_100_,ཀླུ་_100_,ཀླུ་_100_
[སྒྲུབ་_100_],སྒྲུབ་_100_,སྒྲུབ་_100_,སྒྲུབ་_100_,སྒྲུབ་_100_,སྒྲུབ་_100_,སྒྲུབ་_100_,སྒྲུབ་_100_,སྒྲུབ་_100_
[ཀྱི་_100_],ཀྱི་_100_,ཀྱི་_100_,ཀྱི་_100_,ཀྱི་_100_,ཀྱི་_100_,ཀྱི་_100_,ཀྱི་_100_,ཀྱི་_100_
[ཞལ་_100_],ཞལ་_100_,ཞལ་_100_,ཞལ་_100_,ཞལ་_100_,ཞལ་_100_,ཞལ་_100_,ཞལ་_100_,ཞལ་_100_
[སྔ་_100_],སྔ་_100_,སྔ་_100_,སྔ་_100_,སྔ་_100_,སྔ་_100_,སྔ་_100_,སྔ་_100_,སྔ་_100_
[ནས་_100_],ནས་_100_,ནས་_100_,ནས་_100_,ནས་_100_,ནས་_100_,ནས་_100_,ནས་_100_,ནས་_100_
[མཛད་_100_],མཛད་_100_,མཛད་_100_,མཛད་_100_,མཛད་_100_,མཛད་_100_,མཛད་_100_,མཛད་_100_,མཛད་_100_
[པ་_100_],པ་_100_,པ་_100_,པ་_100_,པ་_100_,པ་_100_,པ་_100_,པ་_100_,པ་_100_
[རྫོགས་_100_],རྫོགས་_100_,རྫོགས་_100_,རྫོགས་_100_,རྫོགས་_100_,རྫོགས་_100_,རྫོགས་_100_,རྫོགས་_100_,རྫོགས་_100_
[སོ_100_],སོ_100_,སོ_100_,སོ_100_,སོ_100_,སོ_100_,སོ_100_,སོ_100_,སོ_100_
[། །​ _44_],། །​ _44_,། །​ _44_,། །​ _44_,། །​_11_,།། །​།_44_,།། །​།_44_,།། །​།_44_,།། །​།_44_
