༅༅། །​_14_,༄༅༅། །​_14_,[༄༅། _28_],༄༅། །​_14_,། །​_14_,༄༅། _28_,༄༅། །​ _14_
[རྒྱ་_100_],རྒྱ་_100_,རྒྱ་_100_,རྒྱ་_100_,རྒྱ་_100_,རྒྱ་_100_,རྒྱ་_100_
[གར་_100_],གར་_100_,གར་_100_,གར་_100_,གར་_100_,གར་_100_,གར་_100_
[སྐད་_100_],སྐད་_100_,སྐད་_100_,སྐད་_100_,སྐད་_100_,སྐད་_100_,སྐད་_100_
[དུ། ཤྲཱི་མ་ཧཱ་ཀཱ་ལ་སྱཱ་ཥྚ་པ་ད་སྟོ་ཏྲ་ནཱ་མ། བོད་སྐད་དུ_28_],དུ། ཤྲཱི་མ་ཧཱ་ཀཱ་ལ་སྱཱ་ཥྚ་པ་ད་སྟོ་ཏྲ་ནཱ་མ། བོད་སྐད་དུ_28_,དུ། ཤྲཱི་མ་ཧཱ་ཀཱ་ལ་སྱཱཥྚ་པ་ད་སྟོ་ཏྲ་ནཱ་མ། བོད་སྐད་དུ_14_,དུ_14_,དུ། ཤྲཱི་མ་ཧཱ་ཀཱ་ལ་སྱཥྚ་མནྟྲ་སྟོ་ཏྲ་ནཱ་མ། བོད་སྐད་དུ_14_,དུ། ཤྲཱི་མ་ཧཱ་ཀཱ་ལ་སྱ་ན་པ་དྭ་ཨསྚ་སྟོ་ཏྲ་ན་མ། བོད་སྐད་དུ_14_,དུ། ཤྲཱིམ་ཧཱ་ཀཱ་ལ་སྱ་ན་པ་དྭ་ཨཉྫ་སྟོ་ཏྲ་ན་མ། བོད་སྐད་དུ_14_
[། _100_],། _100_,། _100_,། _100_,། _100_,། _100_,། _100_
[དཔལ་_100_],དཔལ་_100_,དཔལ་_100_,དཔལ་_100_,དཔལ་_100_,དཔལ་_100_,དཔལ་_100_
[ནག་_100_],ནག་_100_,ནག་_100_,ནག་_100_,ནག་_100_,ནག་_100_,ནག་_100_
[པོ་_100_],པོ་_100_,པོ་_100_,པོ་_100_,པོ་_100_,པོ་_100_,པོ་_100_
[ཆེན་_100_],ཆེན་_100_,ཆེན་_100_,ཆེན་_100_,ཆེན་_100_,ཆེན་_100_,ཆེན་_100_
[པོའི་_85_],པོའི་_85_,པོའི་_85_,པོའི་_85_,པོ་ལ་_14_,པོའི་_85_,པོའི་_85_
[བསྟོད་_100_],བསྟོད་_100_,བསྟོད་_100_,བསྟོད་_100_,བསྟོད་_100_,བསྟོད་_100_,བསྟོད་_100_
[པ་_100_],པ་_100_,པ་_100_,པ་_100_,པ་_100_,པ་_100_,པ་_100_
[རྐང་_100_],རྐང་_100_,རྐང་_100_,རྐང་_100_,རྐང་_100_,རྐང་_100_,རྐང་_100_
[པ་_100_],པ་_100_,པ་_100_,པ་_100_,པ་_100_,པ་_100_,པ་_100_
[བརྒྱད་_100_],བརྒྱད་_100_,བརྒྱད་_100_,བརྒྱད་_100_,བརྒྱད་_100_,བརྒྱད་_100_,བརྒྱད་_100_
[པ་_100_],པ་_100_,པ་_100_,པ་_100_,པ་_100_,པ་_100_,པ་_100_
[ཞེས་_100_],ཞེས་_100_,ཞེས་_100_,ཞེས་_100_,ཞེས་_100_,ཞེས་_100_,ཞེས་_100_
[བྱ་_100_],བྱ་_100_,བྱ་_100_,བྱ་_100_,བྱ་_100_,བྱ་_100_,བྱ་_100_
[བ_100_],བ_100_,བ_100_,བ_100_,བ_100_,བ_100_,བ_100_
[། _100_],། _100_,། _100_,། _100_,། _100_,། _100_,། _100_
[དཔལ་ནག་པོ་ཆེན་པོ་_71_],དཔལ་ནག་པོ་ཆེན་པོ་_71_,དཔལ་ནག་པོ་ཆེན་པོ་_71_,དཔལ་ནག་པོ་ཆེན་པོ་_71_,དཔལ་ནག་པོ་ཆེན་པོ་_71_,དཔལ་ཧེ་རུ་ཀ་_28_,དཔལ་ཧེ་རུ་ཀ་_28_
[ལ་_100_],ལ་_100_,ལ་_100_,ལ་_100_,ལ་_100_,ལ་_100_,ལ་_100_
[ཕྱག་_100_],ཕྱག་_100_,ཕྱག་_100_,ཕྱག་_100_,ཕྱག་_100_,ཕྱག་_100_,ཕྱག་_100_
[འཚལ་_100_],འཚལ་_100_,འཚལ་_100_,འཚལ་_100_,འཚལ་_100_,འཚལ་_100_,འཚལ་_100_
[ལོ_100_],ལོ_100_,ལོ_100_,ལོ_100_,ལོ_100_,ལོ_100_,ལོ_100_
[། །​ཨོཾ་གྲུབ་_71_],། །​ཨོཾ་གྲུབ་_71_,། །​ཨོཾ་གྲུབ་_71_,། །​ཨོཾ་གྲུབ་_71_,། །​ཨོཾ་གྲུབ་_71_,། །​ ཨོ་འགྲུབ་_28_,། །​ ཨོ་འགྲུབ་_28_
[པར་_100_],པར་_100_,པར་_100_,པར་_100_,པར་_100_,པར་_100_,པར་_100_
[གྱུར་_100_],གྱུར་_100_,གྱུར་_100_,གྱུར་_100_,གྱུར་_100_,གྱུར་_100_,གྱུར་_100_
[ཅིག །​ཧཱུཾ་ཧཱུཾ་ཕཊ་ཅེས་དྲག་པོའི་སྒྲ་ཡིས་སྲིད་པ་གསུམ་གྱི་ཁོངས་ནི་མ་ལུས་འགེངས་ནུས་པའི། །​ཧ་ཧ་ཊ་ཊ་ཞེས་བརྗོད་གང་ཞིག་དུས་ཀུན་དུ་ནི་བདུད་སྡེ་ཤིན་ཏུ་འཇིགས་མཛད་ཅིང་། །​ཀཾ་ཀཾ་ཀཾ་ཞེས་ཐོད་པའི་ཕྲེང་བས་དབུ་ལ་སྤྲས་ཤིང་ནག་པོའི་མཆུ་དང་མཚུངས་པའི་སྐུ། །​བྲུཾ་བྲུཾ་བྲུ་ཞེས་ཁྲོས་པའི་མཆོག་གི་ཁྲོ་གཉེར་འཇིགས་མཛད་འཇིགས་པ་ཁ་གདངས་ཤ་ཟ་ཞིང་། །​དབུ་སྐྲ་དང་ནི་སྨ་ར་ཆེས་སེར་ཉེ་བར་སྤྱོད་པའི་ཞིང་སྐྱོང་ཁྱོད་ཀྱིས་སྲུང་བར་མཛོད། །​རཾ་རཾ་རཾ་ཞེས་སྤྱན་དམར་འཁྱུག་ཅིང་བསྒྱུར་མཛད་ཀྲུཾ་ཀྲུཾ་ཀྲུཾ་ཞེས་རབ་སྒྲོགས་སྤྱན་གྱིས་གཟིགས_14_],ཅིག །​ཧཱུཾ་ཧཱུཾ་ཕཊ་ཅེས་དྲག་པོའི་སྒྲ་ཡིས་སྲིད་པ་གསུམ་གྱི་ཁོངས་ནི་མ་ལུས་འགེངས་ནུས་པའི། །​ཧ་ཧ་ཊ་ཊ་ཞེས་བརྗོད་གང་ཞིག་དུས་ཀུན་དུ་ནི་བདུད་སྡེ་ཤིན་ཏུ་འཇིགས་མཛད་ཅིང་། །​ཀཾ་ཀཾ་ཀཾ་ཞེས་ཐོད་པའི་ཕྲེང་བས་དབུ་ལ་སྤྲས་ཤིང་ནག་པོའི་མཆུ་དང་མཚུངས་པའི་སྐུ། །​བྲུཾ་བྲུཾ་བྲུཾ་ཞེས་ཁྲོས་པའི་མཆོག་གི་ཁྲོ་གཉེར་འཇིགས་མཛད་འཇིགས་པ་ཁ་གདངས་ཤ་ཟ་ཞིང་། །​དབུ་སྐྲ་དང་ནི་སྨ་ར་ཆེས་སེར་ཉེ་བར་སྤྱོད་པའི་ཞིང་སྐྱོང་ཁྱོད་ཀྱིས་སྲུང་བར་མཛོད། །​རཾ་རཾ་རཾ་ཞེས་སྤྱན་དམར་འཁྱུག་ཅིང་བསྒྱུར་མཛད་ཀྲུཾ་ཀྲུཾ་ཀྲུཾ་ཞེས་རབ་སྒྲོགས་སྤྱན་གྱིས་གཟིགས_14_,ཅིག །​ཧཱུྃ་ཧཱུྃ་ཕཊ་ཅེས་དྲག་པོའི་སྒྲ་ཡིས་སྲིད་པ་གསུམ་གྱི་ཁོངས་ནི་མ་ལུས་འགེངས་ནུས་ཤིང་། །​ཧཱ་ཧཱ་ཊྚ་ཊྚ་ཞེས་བཞད་གང་ཞིག་དུས་ཀུན་ཏུ་ནི་ཤིན་ཏུ་རབ་ཏུ་འཇིགས་མཛད་པ། །​ཀྃ་ཀྃ་ཀྃ་ཞེས་ཐོད་པའི་ཕྲེང་བས་དབུ་ལ་སྤྲས་ཤིང་ནག་པོའི་མཆུ་དང་མཚུངས་པའི་སྐུ། །​བྷྲཱུྃ་བྷྲཱུྃ་བྷྲཱུྃ་ཞེས་ནུས་པ་མཆོག་གི་ཁྲོ་གཉེར་འཇིགས་མཛད་འཇིགས་པའི་ཁ་གདངས་ཤ་ཟ་ཞིང་། །​དབུ་སྐྲ་དང་ནི་སྨ་ར་ཆེས་སེར་ཉེ་བར་བསྐྱོད་པའི་ཞིང་སྐྱོང་ཁྱོད་ཀྱིས་བསྲུང་བར་མཛོད། །​རྃ་རྃ་རྃ་ཞེས་སྤྱན་དམར་འཁྲུག་ཅིང་སྒྱུར་མཛད་ཀྲུྃ་ཀྲུྃ་ཀྲུྃ་ཞེས་རབ་ཁྲོས་སྤྱན་གྱིས་གཟིགས_14_,ཅིག །​ཧཱུཾ་ཧཱུཾ་ཕཊ་ཅེས་དྲག་པོའི་སྒྲ་ཡིས་སྲིད་པ་གསུམ་གྱི་ཁོངས་ནི་མ་ལུས་འགེངས་ནུས་པའི། །​ཧ་ཧ་ཊ་ཊ་ཞེས་བརྗོད་གང་ཞིག་དུས་ཀུན་དུ་ནི་བདུད་སྡེ་ཤིན་ཏུ་འཇིགས་མཛད་ཅིང་། །​ཀཾ་ཀཾ་ཀཾ་ཞེས་ཁྲོད་པའི་ཕྲེང་བས་དབུལ་སྤྲས་ཤིང་ནག་པོའི་མཆུ་དང་མཚུངས་པའི་སྐུ། །​བྲུཾ་བྲུཾ་བྲུཾ་ཞེས་ཁྲོས་པའི་མཆོག་གི་ཁྲོ་གཉེར་འཇིགས་མཛད་འཇིགས་པ་ཁ་གདངས་ཤ་ཟ་ཞིང་། །​དབུ་སྐྲ་དང་ནི་སྨ་ར་ཆེས་སེར་ཉེ་བར་སྤྱོད་པའི་ཞིང་སྐྱོང་ཁྱོད་ཀྱིས་སྲུང་བར་མཛོད། །​རཾ་རཾ་རཾ་ཞེས་སྤྱན་དམར་འཁྱུག་ཅིང་བསྒྱུར་མཛད་ཀྲུཾ་ཀྲུཾ་ཀྲུཾ་ཞེས་རབ་སྒྲོགས་སྤྱན་གྱིས་གཟིགས_14_,ཅིག །​ཧཱུཾ་ཧཱུཾ་ཕཊ་ཅེས་དྲག་པོའི་སྒྲ་ཡིས་སྲིད་པ་གསུམ་གྱི་ཁོང་ནི་མ་ལུས་འགེངས་ནུས་པའི། །​ཧ་ཧ་ཊ་ཊ་ཞེས་བཞད་སྒྲ་ཡིས་གང་ཞིག་དུས་ཀུན་དུ་ནི་ཤིན་ཏུ་འཇིགས་མཛད།ཅིང་། །​ཀཾ་ཀཾ་ཀཾ་ཞེས་ཐོད་པའི་ཕྲེང་བས་དབུ་ལ་སྤྲས་ཤིང་ནག་པོའི་མཐུ་དང་མཚུངས་པའི་སྐུ། །​བྷྲུཾ་བྷྲུཾ་བྷྲུཾ་ཞེས་ཁྲོས་པའི་མཆོག་གི་ཁྲོ་གཉེར་འཇིགས་མཛད་འཇིགས་པའི་ཁྭ་གདངས་ཤ་ཟ་ཞིང་། །​དབུ་སྐྲ་དང་ནི་སྨར་ཆེས་སེར་ཉེ་བར་སྤྱོད་པའི་ཞིང་སྐྱོད་ཁྱོད་ཀྱིས་སྲུང་བར་མཛོད། །​རཾ་རཾ་རཾ་ཞེས་སྤྱན་མར་འཁྲུག་ཅིང་བསྒྱུར་མཛད་ཀྲུཾ་ཀྲུཾ་ཀྲུཾ་ཞེས་རབ་སྒྲོགས་སྤྱན་གྱིས་གཟིགས_14_,ཅིག །​ཧ་ཧ་ཧཱུྃ་དང་ཀཱི་ལི་ཀཱི་ལི་ཞེས་སྒྲོག་འབྱུང་པོ་རོ་ལངས་ཚོགས་རྣམས་མྱུར་བསད་ནས། །​སྐུ་ལ་མི་ཡི་ཤ་དང་རྒྱུ་མས་སྦྲེལ་བའི་ཕྲེང་བས་ཀུན་ནས་བརྒྱན་ཅིང་ཞལ་དུ་གསོལ། །​འདོད་པའི་གཟུགས་དང་མི་སྡུག་གཟུགས་ཅན་ཕྱག་གཡོན་ཁཊཾ་གར་བཅས་མི་ཡི་ཐོད་པ་བསྣམས_14_,ཅིག ཧ་ཧ་ཧྭ་དང་ཀཱི་ལི་ཀཱི་ལི་ཞེས་སྒྲོགས་འབྱུང་པོ་རོ་ལངས་ཚོགས་རྣམས་མྱུར་བསད་ནས། སྐུ་ལ་མི་ཡི་ཤ་དང་རྒྱུ་མས་སྦྲེལ་བའི་ཕྲེང་བས་ཀུན་ནས་བརྒྱན་ཅིང་ཞལ་དུ་གསོལ། །​འདོད་པའི་གཟུགས་དང་མི་སྡུག་གཟུགས་ཅན་ཕྱག་གཡོན་ཁཌྭཾ་གར་བཅས་མི་ཡི་ཐོད་པ་བསྣམས_14_
[། །​_100_],། །​_100_,། །​_100_,། །​_100_,། །​_100_,། །​_100_,། །​_100_
[སྨིན་_100_],སྨིན་_100_,སྨིན་_100_,སྨིན་_100_,སྨིན་_100_,སྨིན་_100_,སྨིན་_100_
[མ་_100_],མ་_100_,མ་_100_,མ་_100_,མ་_100_,མ་_100_,མ་_100_
[སེར་_100_],སེར་_100_,སེར་_100_,སེར་_100_,སེར་_100_,སེར་_100_,སེར་_100_
[ཞིང་_100_],ཞིང་_100_,ཞིང་_100_,ཞིང་_100_,ཞིང་_100_,ཞིང་_100_,ཞིང་_100_
[མཆེ་གཙིགས་_71_],མཆེ་གཙིགས་_71_,མཆེ་གཙིགས་_71_,མཆེ་གཙིགས་_71_,མཆེ་གཙིགས་_71_,སྤྱན་དམར་_28_,སྤྱན་དམར་_28_
[རོ་_100_],རོ་_100_,རོ་_100_,རོ་_100_,རོ་_100_,རོ་_100_,རོ་_100_
[ཡི་_100_],ཡི་_100_,ཡི་_100_,ཡི་_100_,ཡི་_100_,ཡི་_100_,ཡི་_100_
[གདན་_100_],གདན་_100_,གདན་_100_,གདན་_100_,གདན་_100_,གདན་_100_,གདན་_100_
[ལ་_100_],ལ་_100_,ལ་_100_,ལ་_100_,ལ་_100_,ལ་_100_,ལ་_100_
[དགྱེས་_100_],དགྱེས་_100_,དགྱེས་_100_,དགྱེས་_100_,དགྱེས་_100_,དགྱེས་_100_,དགྱེས་_100_
[པའི་_100_],པའི་_100_,པའི་_100_,པའི་_100_,པའི་_100_,པའི་_100_,པའི་_100_
[ཞིང་_100_],ཞིང་_100_,ཞིང་_100_,ཞིང་_100_,ཞིང་_100_,ཞིང་_100_,ཞིང་_100_
[སྐྱོང་_100_],སྐྱོང་_100_,སྐྱོང་_100_,སྐྱོང་_100_,སྐྱོང་_100_,སྐྱོང་_100_,སྐྱོང་_100_
[ཁྱོད་_100_],ཁྱོད་_100_,ཁྱོད་_100_,ཁྱོད་_100_,ཁྱོད་_100_,ཁྱོད་_100_,ཁྱོད་_100_
[ཀྱིས་_100_],ཀྱིས་_100_,ཀྱིས་_100_,ཀྱིས་_100_,ཀྱིས་_100_,ཀྱིས་_100_,ཀྱིས་_100_
[ཞིང་_100_],ཞིང་_100_,ཞིང་_100_,ཞིང་_100_,ཞིང་_100_,ཞིང་_100_,ཞིང་_100_
[སྐྱོང་_100_],སྐྱོང་_100_,སྐྱོང་_100_,སྐྱོང་_100_,སྐྱོང་_100_,སྐྱོང་_100_,སྐྱོང་_100_
[མཛོད_100_],མཛོད_100_,མཛོད_100_,མཛོད_100_,མཛོད_100_,མཛོད_100_,མཛོད_100_
[། །​ཧ་ཧ་ཧཱུཾ་དང་ཀཱི་ལི་ཀཱི་ལི་ཞེས་སྒྲོགས་ཕྱག་གཡོན་ཁ་ཊྭཱཾ་གར་བཅས་ཐོད་པ་བསྣམས། །​རུ་རུ་རུ་ཞེས་ཁྲག་གི་རྒྱུན་འབབ་ཕྱག་གིས་བསྣམས་ཤིང་གསོལ་བ་འཐུང་བ་ལ་དགྱེས་ཤིང་། །​ཁཾ་ཁཾ་ཁཾ་ཞེས་གཏུམ་མོའི་ཕྱག་གཡས་གྲི་གུག་རལ་གྲི་བགེགས་རྣམས་ལ་ནི་རོལ་མཛད་པས། །​ཌཾ་ཌཾ་ཌཾ་_42_],། །​ཧ་ཧ་ཧཱུཾ་དང་ཀཱི་ལི་ཀཱི་ལི་ཞེས་སྒྲོགས་ཕྱག་གཡོན་ཁ་ཊྭཱཾ་གར་བཅས་ཐོད་པ་བསྣམས། །​རུ་རུ་རུ་ཞེས་ཁྲག་གི་རྒྱུན་འབབ་ཕྱག་གིས་བསྣམས་ཤིང་གསོལ་བ་འཐུང་བ་ལ་དགྱེས་ཤིང་། །​ཁཾ་ཁཾ་ཁཾ་ཞེས་གཏུམ་མོའི་ཕྱག་གཡས་གྲི་གུག་རལ་གྲི་བགེགས་རྣམས་ལ་ནི་རོལ་མཛད་པས། །​ཌཾ་ཌཾ་ཌཾ་_42_,། །​ཧཱ་ཧཱ་ཧཱུྃ་དང་ཀི་ལི་ཀི་ལི་ཞེས་སྒྲོགས་ཕྱག་གཡོན་ཁ་ཊྭཱཾ་གར་བཅས་ཐོད་པ་བསྣམས། །​རུ་རུ་རུ་ཞེས་ཁྲག་རྒྱུན་འབབས་པ་ཕྱག་གིས་བསྣམས་ཤིང་གསོལ་མཛད་འཐུང་བ་ལ་དགྱེས་ཤིང་། །​ཁཾ་ཁཾ་ཁཾ་ཞེས་གཏུམ་པོའི་ཕྱག་གཡས་གྲི་གུག་རལ་གྲིས་བགེགས་རྣམས་ལ་ནི་རོལ་མཛད་པ། །​ཌྃ་ཌྃ་ཌྃ་_14_,། །​ཧ་ཧ་ཧཱུཾ་དང་ཀཱི་ལི་ཀཱི་ལི་ཞེས་སྒྲོགས་ཕྱག་གཡོན་ཁ་ཊྭཱཾ་གར་བཅས་ཐོད་པ་བསྣམས། །​རུ་རུ་རུ་ཞེས་ཁྲག་གི་རྒྱུན་འབབ་ཕྱག་གིས་བསྣམས་ཤིང་གསོལ་བ་འཐུང་བ་ལ་དགྱེས་ཤིང་། །​ཁཾ་ཁཾ་ཁཾ་ཞེས་གཏུམ་མོའི་ཕྱག་གཡས་གྲི་གུག་རལ་གྲི་བགེགས་རྣམས་ལ་ནི་རོལ་མཛད་པས། །​ཌཾ་ཌཾ་ཌཾ་_42_,། །​ཧ་ཧ་ཧཱུཾ་དང་ཀཱི་ལི་ཀཱི་ལི་ཞེས་སྒྲོགས་ཕྱག་གཡོན་ཁ་ཊྭཱཾ་གར་བཅས་ཐོད་པ་བསྣམས། །​རུ་རུ་རུ་ཞེས་ཁྲག་རྒྱུན་འབབ་པ་ཕྱག་གིས་བསྣམས་ཤིང་གསོལ་བ་འཐུངས་པ་ལ་དགྱེས་ཤིང་། །​ཁཾ་ཁཾ་ཁཾ་ཞེས་གཏུམ་པའི་ཕྱག་གཡས་གྲི་གུག་རལ་གྲི་བགེགས་རྣམས་ལ་ནི་རོལ་མཛད་པའི། །​ཊཾ་ཊཾ་ཊཾ་_14_,། །​ཕོ་ཕོ་ཕེཾ་_14_,། །​ཕོ་ཕོ་ཕོ་_14_
[ཞེས་_100_],ཞེས་_100_,ཞེས་_100_,ཞེས་_100_,ཞེས་_100_,ཞེས་_100_,ཞེས་_100_
[ཌ་མ་རུ་ཅན་འདི་ཡིས་འདུལ་མཛད་འཁོར་བཅས་ཞིང་སྐྱོང་ཁྱོད་ཀྱིས་སྲུངས_28_],ཌ་མ་རུ་ཅན་འདི་ཡིས་འདུལ་མཛད་འཁོར་བཅས་ཞིང་སྐྱོང་ཁྱོད་ཀྱིས་སྲུངས_28_,ཌ་མ་རུ་ཅན་འདི་ཡིས་འདུལ་མཛད་འཁོར་བཅས་ཞིང་སྐྱོང་ཁྱོད་ཀྱིས་སྲུང་_14_,ཌ་མ་རུ་ཅན་འདི་ཡིས་འདུལ་མཛད་འཁོར་བཅས་ཞིང་སྐྱོང་ཁྱོད་ཀྱི་སྲུངས_14_,ཌ་མ་རུ་ཅན་འདི་ཡིས་འདུལ་ཚད་འཁོར་བཅས་ཞིང་སྐྱོང་ཁྱོད་ཀྱིས་སྲུངས_14_,སྒྲོག་པས་སོ་སོར་བསྐྱོད་པའི་མེ་དཔུང་ཆེན་པོའི་དབུས་སུ་རབ་བཞུགས་ནས_14_,སྒྲོགས་པས་སོ་སོར་བསྐྱོད་པའི་མེ་དཔུང་ཆེན་པོའི་དབུས་སུ་རབ་བཞུགས་ནས_14_
[། །​_100_],། །​_100_,། །​_100_,། །​_100_,། །​_100_,། །​_100_,། །​_100_
[རབ་_100_],རབ་_100_,རབ་_100_,རབ་_100_,རབ་_100_,རབ་_100_,རབ་_100_
[ཏུ་_100_],ཏུ་_100_,ཏུ་_100_,ཏུ་_100_,ཏུ་_100_,ཏུ་_100_,ཏུ་_100_
[རྔམ་_71_],རྔམ་_71_,རྔམ་_71_,རྔམ་_71_,རྔམ་_71_,གསལ་_28_,གསལ་_28_
[ཞིང་_100_],ཞིང་_100_,ཞིང་_100_,ཞིང་_100_,ཞིང་_100_,ཞིང་_100_,ཞིང་_100_
[མགོ་_100_],མགོ་_100_,མགོ་_100_,མགོ་_100_,མགོ་_100_,མགོ་_100_,མགོ་_100_
[བོ་_100_],བོ་_100_,བོ་_100_,བོ་_100_,བོ་_100_,བོ་_100_,བོ་_100_
[རྣམས་_100_],རྣམས་_100_,རྣམས་_100_,རྣམས་_100_,རྣམས་_100_,རྣམས་_100_,རྣམས་_100_
[ཀྱི་_100_],ཀྱི་_100_,ཀྱི་_100_,ཀྱི་_100_,ཀྱི་_100_,ཀྱི་_100_,ཀྱི་_100_
[ཕྲེང་_100_],ཕྲེང་_100_,ཕྲེང་_100_,ཕྲེང་_100_,ཕྲེང་_100_,ཕྲེང་_100_,ཕྲེང་_100_
[བས་_100_],བས་_100_,བས་_100_,བས་_100_,བས་_100_,བས་_100_,བས་_100_
[གཤིན་རྗེ་དང་མཚུངས་འཇིགས་པའི་སྐུ་བརྒྱན་ཅིང་_71_],གཤིན་རྗེ་དང་མཚུངས་འཇིགས་པའི་སྐུ་བརྒྱན་ཅིང་_71_,གཤིན་རྗེ་དང་མཚུངས་འཇིགས་པའི་སྐུ་བརྒྱན་ཅིང་_71_,གཤིན་རྗེ་དང་མཚུངས་འཇིགས་པའི་སྐུ་བརྒྱན་ཅིང་_71_,གཤིན་རྗེ་དང་མཚུངས་འཇིགས་པའི་སྐུ་བརྒྱན་ཅིང་_71_,འཇིགས་པའི་སྐུ་བརྒྱན་གཤིན་རྗེ་དང་མཚུངས་པ_14_,འཇིགས་པའི་སྐུ་རྒྱན་གཤིན་རྗེ་དང་མཚུངས་པ_14_
[། །​_100_],། །​_100_,། །​_100_,། །​_100_,། །​_100_,། །​_100_,། །​_100_
ཀྵཱཾ་ཀྵཱཾ་ཀྵཱཾ་ཞེས་བཟོད་པའི་ཤུགས་_14_,[ཀྵཾ་ཀྵཾ་ཀྵཾ་ཞེས་བཟོད་པའི་ཤུགས་_28_],ཀྵི་ཀྵཱིཾ་ཀྵཱིཾ་ཞེས་བཟོད་པའི་གཟུགས་_14_,ཀྵཾ་ཀྵཾ་ཀྵཾ་ཞེས་བཟོད་པའི་ཤུགས་_28_,ཀྵཾ་ཀྵཾ་ཀྵཾ་ཞེས་བཟོད་པའི་ཐུགས་_14_,དྲག་ཤུལ་ཕྱག་གིས་བསད་པ་རྣམས་ཀྱི་མི་མགོ་མ་ལུས་བཟུང་ནས་ཁྲག་རྒྱུན་འབབས་པ་གསལ། །​རལ་པས་རལ་བ་སེལ ་ཞིང་མི་ཡིས་གད་པའི་ས་ལ་ཞིང་སྐྱོང་ཁྱོད་ཀྱིས་ཞིང་སྐྱོང་མཛོད། །​ཀྵེཾ་ཀྵེཾ་ཀྵེཾ་ཞེས་བརྫོད་ལས་སྐུ་_14_,དྲག་ཤུལ་ཕྱག་གིས་བསད་པ་རྣམས་ཀྱིས་མི་མགོ་མ་ལུས་བཟུང་ནས་ཁྲག་རྒྱུན་འབབས་པ་གསོལ། །​རོལ་པས་རོལ་པ་སེལ་ཞིང་མི་ཡི་གང་བའི་ས་ལ་ཞིང་སྐྱོང་ཁྱོད་ཀྱིས་ཞིང་སྐྱོང་མཛོད། །​ཀྱེ་ཀྱེ་ཀྱེ་ཞེས་བརྗོད་པའི་སྐུ་_14_
[ཅན་_100_],ཅན་_100_,ཅན་_100_,ཅན་_100_,ཅན་_100_,ཅན་_100_,ཅན་_100_
[ཅ་_100_],ཅ་_100_,ཅ་_100_,ཅ་_100_,ཅ་_100_,ཅ་_100_,ཅ་_100_
[ཅོ་_100_],ཅོ་_100_,ཅོ་_100_,ཅོ་_100_,ཅོ་_100_,ཅོ་_100_,ཅོ་_100_
[སྒྲོགས་_85_],སྒྲོགས་_85_,སྒྲོགས་_85_,སྒྲོགས་_85_,སྒྲོགས་_85_,སྒྲོག་_14_,སྒྲོགས་_85_
[པར་_100_],པར་_100_,པར་_100_,པར་_100_,པར་_100_,པར་_100_,པར་_100_
[བྱེད་_100_],བྱེད་_100_,བྱེད་_100_,བྱེད་_100_,བྱེད་_100_,བྱེད་_100_,བྱེད་_100_
[པའི་_85_],པའི་_85_,པའི་_85_,བའི་_14_,པའི་_85_,པའི་_85_,པའི་_85_
[གདུག་_100_],གདུག་_100_,གདུག་_100_,གདུག་_100_,གདུག་_100_,གདུག་_100_,གདུག་_100_
[པ་_100_],པ་_100_,པ་_100_,པ་_100_,པ་_100_,པ་_100_,པ་_100_
[རྣམས་_100_],རྣམས་_100_,རྣམས་_100_,རྣམས་_100_,རྣམས་_100_,རྣམས་_100_,རྣམས་_100_
[བཟུང་_100_],བཟུང་_100_,བཟུང་_100_,བཟུང་_100_,བཟུང་_100_,བཟུང་_100_,བཟུང་_100_
[སྟེ_100_],སྟེ_100_,སྟེ_100_,སྟེ_100_,སྟེ_100_,སྟེ_100_,སྟེ_100_
[། །​_100_],། །​_100_,། །​_100_,། །​_100_,། །​_100_,། །​_100_,། །​_100_
[གཅིག་_100_],གཅིག་_100_,གཅིག་_100_,གཅིག་_100_,གཅིག་_100_,གཅིག་_100_,གཅིག་_100_
[པུས་_85_],པུས་_85_,པུས་_85_,བུས་_14_,པུས་_85_,པུས་_85_,པུས་_85_
[སྣ་_100_],སྣ་_100_,སྣ་_100_,སྣ་_100_,སྣ་_100_,སྣ་_100_,སྣ་_100_
[ཚོགས་_71_],ཚོགས་_71_,ཚོགས་_71_,ཚོགས་_71_,ཚོགས་_71_,ཚོགས་འཇིག་རྟེན་_28_,ཚོགས་འཇིག་རྟེན་_28_
[མནན་_100_],མནན་_100_,མནན་_100_,མནན་_100_,མནན་_100_,མནན་_100_,མནན་_100_
[ནས་ཀ་ཀ་ཧ་ཧ་_42_],ནས་ཀ་ཀ་ཧ་ཧ་_42_,ཅིང་མནན་ནས་ཀ་ཧ་ཀ་ཧ་_14_,ནས་ཀ་ཀ་ཧ་ཧ་_42_,ཅིང་མནན་ནས་ཧ་ཀ་ཧ་ཀ་_14_,ནས་ཀ་ཧ་ཀ་ཧ་_28_,ནས་ཀ་ཧ་ཀ་ཧ་_28_
[བརྗོད་_100_],བརྗོད་_100_,བརྗོད་_100_,བརྗོད་_100_,བརྗོད་_100_,བརྗོད་_100_,བརྗོད་_100_
[མཛད་_100_],མཛད་_100_,མཛད་_100_,མཛད་_100_,མཛད་_100_,མཛད་_100_,མཛད་_100_
[ཆར་_100_],ཆར་_100_,ཆར་_100_,ཆར་_100_,ཆར་_100_,ཆར་_100_,ཆར་_100_
[སྤྲིན་_100_],སྤྲིན་_100_,སྤྲིན་_100_,སྤྲིན་_100_,སྤྲིན་_100_,སྤྲིན་_100_,སྤྲིན་_100_
[སྔོན་_100_],སྔོན་_100_,སྔོན་_100_,སྔོན་_100_,སྔོན་_100_,སྔོན་_100_,སྔོན་_100_
[པོ་ལྟ་བུའི་མདོག །​སྐུ་ལ་མི་ཡི་ཤ་དང་རྒྱུ་མས་བྲེལ་བའི་རྒྱན་གྱིས་ཀུན་ནས་བརྒྱན་ཅིང་ཞལ་དུ་གསོལ། །​དྲག་ཤུལ་ཕྱག་གིས་འདོད་པའི་གཟུགས་དང་མི་སྡུག་གཟུགས་ཅན་གྱི་ནི་འབྱུང་པོ་རོ་ལངས་ཚོགས། །​མ་ལུས་བཟུང་ནས་མྱུར་དུ་བསད་པ་རྣམས་ཀྱི་མགོ་བོའི་ཁྲག་རྒྱུན་འབབ་པ་རབ་ཏུ་གསོལ། །​ཧྲཱིཾ་ཀྵུ་ཤྲཱི་ཞེས་_14_],པོ་ལྟ་བུའི་མདོག །​སྐུ་ལ་མི་ཡི་ཤ་དང་རྒྱུ་མས་བྲེལ་བའི་རྒྱན་གྱིས་ཀུན་ནས་བརྒྱན་ཅིང་ཞལ་དུ་གསོལ། །​དྲག་ཤུལ་ཕྱག་གིས་འདོད་པའི་གཟུགས་དང་མི་སྡུག་གཟུགས་ཅན་གྱི་ནི་འབྱུང་པོ་རོ་ལངས་ཚོགས། །​མ་ལུས་བཟུང་ནས་མྱུར་དུ་བསད་པ་རྣམས་ཀྱི་མགོ་བོའི་ཁྲག་རྒྱུན་འབབ་པ་རབ་ཏུ་གསོལ། །​ཧྲཱིཾ་ཀྵུཾ་ཤྲཱི་ཞེས་_14_,པོའི་མདོག །​སྐུ་ལ་མི་ཡི་ཤ་དང་རྒྱུ་མས་སྦྲེལ་བའི་ཕྲེང་བས་ཀུན་ནས་བརྒྱན་ཅིང་ཞལ་དུ་གསོལ། །​དྲག་ཤུལ་ཕྱག་གིས་འདོད་པའི་གཟུགས་དང་མི་སྡུག་གཟུགས་ཅན་གྱིས་ནི་འབྱུང་པོ་རོ་ལངས་ཚོགས། །​མ་ལུས་བཟུང་ནས་མྱུར་དུ་བསད་པ་རྣམས་ཀྱི་མགོ་བོ་ཁྲག་རྒྱུན་འབབས་པ་རབ་ཏུ་གསོལ། །​ཧྲཱིཾ་ཀྵུྃ་ཤྲཱིའི་_14_,པོ་ལྷ་བུའི་མདོག །​སྐུ་ལ་མི་ཡི་ཤ་དང་རྒྱུ་མས་བྲེལ་བའི་རྒྱན་གྱིས་ཀུན་ནས་བརྒྱན་ཅིགང་ཞལ་དུ་གསོལ། །​དྲག་ཤུལ་ཕྱག་གིས་འདོད་པའི་གཟུགས་དང་མི་སྡུག་གཟུགས་ཅན་གྱི་ནི་འབྱུང་བོ་རོ་ལངས་ཚོགས། །​མ་ལུས་བཟུང་ནས་མྱུར་དུ་བསད་པ་རྣམས་ཀྱི་མགོ་བོའི་ཁྲག་རྒྱུན་འབབ་པ་རབ་ཏུ་གསོལ། །​ཧྲཱིཾ་ཀྵུཾ་ཤྲཱི་ཞེས་_14_,པོའི་མདོག །​སྐུ་ལ་མི་ཡི་ཤ་དང་རྒྱུ་མས་བྲེལ་བའི་རྒྱན་གྱིས་ཀུན་ནས་བརྒྱན་ཅིང་ཞལ་དུ་གསོལ། །​དྲག་ཤུལ་ཕྱག་གིས་འདོད་པའི་གཟུགས་དང་མི་སྡུག་གཟུགས་ཅན་གྱི་ནི་འབྱུང་བོ་རོ་ལངས་ཚོགས། །​མ་ལུས་བཟུང་ནས་མྱུར་དུ་བསད་པ་རྣམས་ཀྱི་མགོ་བོའི་ཁྲག་རྒྱུན་འབབ་པ་རབ་ཏུ་གསོལ། །​ཧྲིཾ་ཀྵིཾ་ཤྲཱིཾ་གི་_14_,པོའི་མདོག །​ཧྲཱིཾ་ཧྲཱིཾ་ཤྲཱི་ཞེས་_14_,པོའི་མདོག །​ཧྲི་ཧྲི་ཤྲཱི་ཞེས་_14_
[སྔགས་_100_],སྔགས་_100_,སྔགས་_100_,སྔགས་_100_,སྔགས་_100_,སྔགས་_100_,སྔགས་_100_
[ཀྱི་_100_],ཀྱི་_100_,ཀྱི་_100_,ཀྱི་_100_,ཀྱི་_100_,ཀྱི་_100_,ཀྱི་_100_
[གསུངས་_57_],གསུངས་_57_,གསུང་_42_,གསུངས་_57_,གསུངས་_57_,གསུང་_42_,གསུང་_42_
[ཅན་_100_],ཅན་_100_,ཅན་_100_,ཅན་_100_,ཅན་_100_,ཅན་_100_,ཅན་_100_
[པ་_100_],པ་_100_,པ་_100_,པ་_100_,པ་_100_,པ་_100_,པ་_100_
[ཙ་_100_],ཙ་_100_,ཙ་_100_,ཙ་_100_,ཙ་_100_,ཙ་_100_,ཙ་_100_
[པ་_100_],པ་_100_,པ་_100_,པ་_100_,པ་_100_,པ་_100_,པ་_100_
[ཙའི་_100_],ཙའི་_100_,ཙའི་_100_,ཙའི་_100_,ཙའི་_100_,ཙའི་_100_,ཙའི་_100_
[སྔགས་_100_],སྔགས་_100_,སྔགས་_100_,སྔགས་_100_,སྔགས་_100_,སྔགས་_100_,སྔགས་_100_
[ཀྱིས་_100_],ཀྱིས་_100_,ཀྱིས་_100_,ཀྱིས་_100_,ཀྱིས་_100_,ཀྱིས་_100_,ཀྱིས་_100_
[བགེགས་_100_],བགེགས་_100_,བགེགས་_100_,བགེགས་_100_,བགེགས་_100_,བགེགས་_100_,བགེགས་_100_
[རྣམས་རབ་ཏུ་བསྲེགས། །​རོལ་པས་རོལ་པ་སེལ་ཞིང་མི་ཡིས་གང་བའི་མཚོ་ལ་_28_],རྣམས་རབ་ཏུ་བསྲེགས། །​རོལ་པས་རོལ་པ་སེལ་ཞིང་མི་ཡིས་གང་བའི་མཚོ་ལ་_28_,རྣམས་རབ་ཏུ་བསྲེགས། །​རོལ་པས་རོལ་པ་སེར་ཞིང་མེ་ཡིས་གང་བའི་ས་ལ་_14_,རྣམས་རབ་ཏུ་བསྲེགས། །​རོལ་པས་རོལ་པ་སེལ་ཞིང་མི་ཡིས་གང་བའི་མཚོལ་_14_,རྣམས་རབ་ཏུ་སྲེག །​རོལ་པས་རོལ་པ་སེལ་ཞིང་མི་ཡིས་གང་བའི་མཚོ་ལ་_14_,ཀྱི་ལུས་ཅན་སྲེག །​སྒྲུབ་པོ་རྣམས་ཀྱི་བགེགས་རྣམས་མྱུར་དུ་སྐྱོད་པར་མཛོད་ཅིག་_14_,ཀྱི་ལུས་ཅན་བསྲེགས། །​སྒྲུབ་པོ་རྣམས་ཀྱི་བགེགས་རྣམས་མྱུར་དུ་སྐྱོད་པར་མཛོད་ཅིག་_14_
[ཞིང་_100_],ཞིང་_100_,ཞིང་_100_,ཞིང་_100_,ཞིང་_100_,ཞིང་_100_,ཞིང་_100_
[སྐྱོང་ཁྱོད་ཀྱིས་བསྲུང་བ་མཛད_42_],སྐྱོང་ཁྱོད་ཀྱིས་བསྲུང་བ་མཛད_42_,སྐྱོང་ཁྱོད་ཀྱིས་སྲུང་བར་མཛོད_14_,སྐྱོང་ཁྱོད་ཀྱིས་བསྲུང་བ་མཛད_42_,སྐྱོང་ཁྱོད་ཀྱིས་སྲུང་བར་མཛད_14_,རྣམས་ངེས་པར་ཞིང་སྐྱོང་མཛོད_28_,རྣམས་ངེས་པར་ཞིང་སྐྱོང་མཛོད_28_
[། །​_100_],། །​_100_,། །​_100_,། །​_100_,། །​_100_,། །​_100_,། །​_100_
[ཕེཾ་ཕེཾ་ཕཊ་ཅེས་སྒྲོགས་པ་སོ་སོར་བསྐྱོད་པའི་མེ་དཔུང་ཆེན་པོའི་དབུས་སུ་བཞུགས་ནས་སུ_57_],ཕེཾ་ཕེཾ་ཕཊ་ཅེས་སྒྲོགས་པ་སོ་སོར་བསྐྱོད་པའི་མེ་དཔུང་ཆེན་པོའི་དབུས་སུ་བཞུགས་ནས་སུ_57_,ཕོ་ཕོ་ཕོ་ཞེས་སྒྲོགས་པས་སོ་སོར་བསྐྱོད་པའི་མེ་དཔུང་ཆེན་པོའི་དབུས་སུ་བཞུགས་ནས་སུ_14_,ཕེཾ་ཕེཾ་ཕཊ་ཅེས་སྒྲོགས་པ་སོ་སོར་བསྐྱོད་པའི་མེ་དཔུང་ཆེན་པོའི་དབུས་སུ་བཞུགས་ནས་སུ_57_,ཕེཾ་ཕེཾ་ཕཊ་ཅེས་སྒྲོགས་པ་སོ་སོར་བསྐྱོད་པའི་མེ་དཔུང་ཆེན་པོའི་དབུས་སུ་བཞུགས་ནས་སུ_57_,ཧཱུྃ་ཧཱུྃ་ཕྲཊ་ཅེས་དྲག་པོའི་སྒྲ་ཡིས་སྲིད་པ་གསུམ་གྱི་ཁོང་རྣམས་མ་ལུས་འགེངས་ནུས་ཤིང་_14_,ཧཱུྃ་ཧཱུྃ་ཕཊ་ཅེས་དྲག་པོའི་སྒྲ་ཡིས་སྲིད་པ་གསུམ་གྱི་ཁོང་རྣམས་མ་ལུས་འགེངས་ནུས་ཤིང་_14_
[། །​_100_],། །​_100_,། །​_100_,། །​_100_,། །​_100_,། །​_100_,། །​_100_
[རིགས་ཀྱི་ལུས་ཅན་སྲུང་བར་མཛད་ཅིང་སྒྲུབ་པ་རྣམས་ཀྱི་ཞིང་རྣམས་ངེས་པར་ཞིང་སྐྱོང་མཛོད། །​ཕྱུགས་_28_],རིགས་ཀྱི་ལུས་ཅན་སྲུང་བར་མཛད་ཅིང་སྒྲུབ་པ་རྣམས་ཀྱི་ཞིང་རྣམས་ངེས་པར་ཞིང་སྐྱོང་མཛོད། །​ཕྱུགས་_28_,རིགས་ཀྱི་ལུས་ཅན་སྐྱོང་བར་མཛོད་ཅིག་སྒྲུབ་པོ་རྣམས་ཀྱི་ཞིང་རྣམས་ངེས་པར་ཞིང་སྐྱོང་མཛོད། །​ཕྱུགས་_14_,རིགས་ཀྱི་ལུས་ཅན་སྲུང་བར་མཛད་ཅིང་སྒྲུབ་པ་རྣམས་ཀྱི་ཞིང་རྣམས་ངེས་བར་ཞིང་སྐྱོང་མཛོད། །​  ཕྱུགས་_14_,རིགས་ཀྱི་ལུས་ཅན་སྲུང་བར་མཛོད་ཅིག་སྒྲུབ་བོ་རྣམས་ཀྱི་ཞིང་རྣམས་ངེས་པར་སྐྱོང་མཛོད་ཅིག །​ཕྱུགས་_14_,ཧ་ཧ་ཌ་ཌ་ཞེས་བཞད་གང་ཞིག་དུས་ཀུན་དུ་ནི་ཤིན་ཏུ་རབ་ཏུ་འཇིགས་མཛད་པ། །​ཕྱུག་_14_,ཧ་ཧ་ཌ་ཌ་ཞེས་བཞད་གང་ཞིག་དུས་ཀུན་དུ་ནི་ཤིན་ཏུ་རབ་ཏུ་འཇིགས་མཛད་པ༑ །​ཕྱུག་_14_
[རྣམས་_100_],རྣམས་_100_,རྣམས་_100_,རྣམས་_100_,རྣམས་_100_,རྣམས་_100_,རྣམས་_100_
[ཀྱི་_57_],ཀྱི་_57_,ཀྱི་_57_,ཀྱི་_57_,ཀྱིས་_42_,ཀྱིས་_42_,ཀྱིས་_42_
[ནི་_100_],ནི་_100_,ནི་_100_,ནི་_100_,ནི་_100_,ནི་_100_,ནི་_100_
[ཉིན་_100_],ཉིན་_100_,ཉིན་_100_,ཉིན་_100_,ཉིན་_100_,ཉིན་_100_,ཉིན་_100_
[རེ་_85_],རེ་_85_,རེ་_85_,རེ་_85_,ར་_14_,རེ་_85_,རེ་_85_
[བཞིན་_100_],བཞིན་_100_,བཞིན་_100_,བཞིན་_100_,བཞིན་_100_,བཞིན་_100_,བཞིན་_100_
[དུ་_100_],དུ་_100_,དུ་_100_,དུ་_100_,དུ་_100_,དུ་_100_,དུ་_100_
[བགེགས་_71_],བགེགས་_71_,བགེགས་_71_,བགེགས་_71_,བགེགས་_71_,བདུད་_28_,བདུད་_28_
[དང་_100_],དང་_100_,དང་_100_,དང་_100_,དང་_100_,དང་_100_,དང་_100_
[སྡིག་_71_],སྡིག་_71_,སྡིག་_71_,སྡིག་_71_,སྡིག་_71_,བགེགས་_28_,བགེགས་_28_
[འཇོམས་_100_],འཇོམས་_100_,འཇོམས་_100_,འཇོམས་_100_,འཇོམས་_100_,འཇོམས་_100_,འཇོམས་_100_
[དྲི་_100_],དྲི་_100_,དྲི་_100_,དྲི་_100_,དྲི་_100_,དྲི་_100_,དྲི་_100_
[མེད་_100_],མེད་_100_,མེད་_100_,མེད་_100_,མེད་_100_,མེད་_100_,མེད་_100_
[བརྙེས་_100_],བརྙེས་_100_,བརྙེས་_100_,བརྙེས་_100_,བརྙེས་_100_,བརྙེས་_100_,བརྙེས་_100_
[པ་_85_],པ་_85_,པ་_85_,བ་_14_,པ་_85_,པ་_85_,པ་_85_
[ཆུ་_100_],ཆུ་_100_,ཆུ་_100_,ཆུ་_100_,ཆུ་_100_,ཆུ་_100_,ཆུ་_100_
[ཉི་_71_],ཉི་_71_,ཉི་_71_,ཉི་_71_,ཉི་_71_,ཟླ་_28_,ཟླ་_28_
[བཞིན_100_],བཞིན_100_,བཞིན_100_,བཞིན_100_,བཞིན_100_,བཞིན_100_,བཞིན_100_
[། །​ཙཾ་ཙཾ་ཙཾ་_57_],། །​ཙཾ་ཙཾ་ཙཾ་_57_,། །​ཙྃ་ཙྃ་ཙྃ་_14_,། །​ཙཾ་ཙཾ་ཙཾ་_57_,། །​ཙཾ་ཙཾ་ཙཾ་_57_,། །​དབུ་སྐྲ་དང་ནི་སྨ་ར་ཆེས་སེར་ཉེ་བར་བསྐྱོད་པའི་ཞིང་སྐྱོང་ཁྱོད་ཀྱིས་ཞིང་སྐྱོང་མཛོད། །​རཾ་རཾ་རཾ་ཞེས་སྤྱན་དམར་འཁྲུག་ཅིང་བསྒྱུར་མཛད་ཀྲུཾ་ཀྲུཾ་ཀྲུཾ་ཞེས་ཁྲོས་པའི་སྤྱན་གྱིས་གཟིགས། །​ཁཾ་ཁཾ་ཁཾ་ཞེས་གཏུམ་པའི་ཤུགས་ཀྱིས་ཕྱག་གཡས་གྲི་གུག་རལ་གྲིསབགེགས་རྣམས་ལ་ནི་རོལ་མཛད་ཅིང་། །​རུ་རུ་རུ་ཞེས་ཁྲག་ནི་ཕྱག་གིས་བསྣམས་ཤིང་ཞལ་དུ་གསོལ་མཛད་འཐུང་བ་ལ་དགྱེས་པ། །​ཌཾ་ཌཾ་ཌཾ་ཞེས་ཌཱ་མ་རུ་ཅན་འདི་ཡིས་འདུལ་མཛད་འཁོར་བཅས་ཞིང་སྐྱོང་ཁྱོད་ཀྱིས་བསྲུང་། །​ཀཾ་ཀཾ་ཀཾ་ཞེས་བརྗོད་ཅིང་ཐོད་པའི་ཕྲེང་བས་དབུ་ལ་བརྒྱན་ཅིང་ནག་པོ་ཆུ་དང་འདྲ་བའི་སྐུ། །​ཙཾ་ཙཾ་ཙཾ་_14_,། །​དབུ་སྐྲ་དང་ནི་སྨ་ར་ཆེས་སེར་ཉེ་བར་བསྐྱོད་པའི་ཞིང་སྐྱོང་ཁྱོད་ཀྱིས་ཞིང་སྐྱོང་མཛོད། །​རཾ་རཾ་རཾ་ཞེས་སྤྱན་དམར་འཁྲུགས་ཅིང་བསྒྱུར་མཛདཀྲུཾ་ཀྲུཾ་ཀྲུཾ་ཞེས་ཁྲོས་པའི་སྤྱན་གྱིས་གཟིགས། །​ཁཾ་ཁཾ་ཁཾ་ཞེས་གཏུམ་པའི་ཤུགས་ཀྱིས་ཕྱག་གཡས་གྲི་གུག་རལ་གྲིས་བགེགས་རྣམས་ལ་ནི་རོལ་མཛད་ཅིང་། །​རུ་རུ་རུ་ཞེས་ཁྲག་ནི་ཕྱག་གིས་བསྣམས་ཤིང་ཞལ་དུ་གསོལ་མཛད་འཐུང་བ་ལ་དགྱེས་པ། །​ཌཾ་ཌཾ་ཌཾ་ཞེས་ཌཱ་མ་རུ་ཅན་འདི་ཡིས་འདུལ་མཛད་འཁོར་བཅས་ཞིང་སྐྱོང་ཁྱོད་ཀྱིས་བསྲུང་། །​ཀཾ་ཀཾ་ཀཾ་ཞེས་བརྗོད་ཅིང་ཐོད་པའི་ཕྲེང་བས་དབུ་ལ་བརྒྱན་ཅིང་ནག་པོ་ཆུ་དང་འདྲ་བའི་སྐུ། །​ཙོ་ཙོ་ཙོ་_14_
[ཞེས་_100_],ཞེས་_100_,ཞེས་_100_,ཞེས་_100_,ཞེས་_100_,ཞེས་_100_,ཞེས་_100_
[གཏུམ་_100_],གཏུམ་_100_,གཏུམ་_100_,གཏུམ་_100_,གཏུམ་_100_,གཏུམ་_100_,གཏུམ་_100_
[པའི་_71_],པའི་_71_,པོའི་_28_,པའི་_71_,པོའི་_28_,པའི་_71_,པའི་_71_
[ཤུགས་_100_],ཤུགས་_100_,ཤུགས་_100_,ཤུགས་_100_,ཤུགས་_100_,ཤུགས་_100_,ཤུགས་_100_
[ཀྱིས་_100_],ཀྱིས་_100_,ཀྱིས་_100_,ཀྱིས་_100_,ཀྱིས་_100_,ཀྱིས་_100_,ཀྱིས་_100_
[རབ་_100_],རབ་_100_,རབ་_100_,རབ་_100_,རབ་_100_,རབ་_100_,རབ་_100_
དབྱེ་_42_,དབྱེ་_42_,[གཡོས་_57_],དབྱེ་_42_,གཡོས་_57_,གཡོས་_57_,གཡོས་_57_
[རྨད་_100_],རྨད་_100_,རྨད་_100_,རྨད་_100_,རྨད་_100_,རྨད་_100_,རྨད་_100_
[བྱུང་_100_],བྱུང་_100_,བྱུང་_100_,བྱུང་_100_,བྱུང་_100_,བྱུང་_100_,བྱུང་_100_
[འོད་ཀྱི་_42_],འོད་ཀྱི་_42_,ས་ཡི་_14_,འོད་ཀྱི་_42_,འོད་ཀྱིས་_42_,འོད་ཀྱིས་_42_,འོད་ཀྱིས་_42_
[འཇིག་_100_],འཇིག་_100_,འཇིག་_100_,འཇིག་_100_,འཇིག་_100_,འཇིག་_100_,འཇིག་_100_
[རྟེན་སྣང་_85_],རྟེན་སྣང་_85_,རྟེན་སྣང་_85_,རྟེན་_14_,རྟེན་སྣང་_85_,རྟེན་སྣང་_85_,རྟེན་སྣང་_85_
[མཛད་_100_],མཛད་_100_,མཛད་_100_,མཛད་_100_,མཛད་_100_,མཛད་_100_,མཛད་_100_
[པ_100_],པ_100_,པ_100_,པ_100_,པ_100_,པ_100_,པ_100_
[། །​_100_],། །​_100_,། །​_100_,། །​_100_,། །​_100_,། །​_100_,། །​_100_
[ཀྲཾ་ཀྲཾ་ཀྲཾ་_42_],ཀྲཾ་ཀྲཾ་ཀྲཾ་_42_,ཀྲྃ་ཀྲྃ་ཀྲྃ་_14_,ཀྲཾ་ཀྲཾ་ཀྲཾ་_42_,ཀྲིཾ་ཀྲིཾ་ཀྲིཾ་_14_,ཀྲྀ་ཀྲྀ་ཀྲྀ་_28_,ཀྲྀ་ཀྲྀ་ཀྲྀ་_28_
[ཞེས་_100_],ཞེས་_100_,ཞེས་_100_,ཞེས་_100_,ཞེས་_100_,ཞེས་_100_,ཞེས་_100_
[གཤེགས་_100_],གཤེགས་_100_,གཤེགས་_100_,གཤེགས་_100_,གཤེགས་_100_,གཤེགས་_100_,གཤེགས་_100_
[པས་_100_],པས་_100_,པས་_100_,པས་_100_,པས་_100_,པས་_100_,པས་_100_
[དགྲ་_100_],དགྲ་_100_,དགྲ་_100_,དགྲ་_100_,དགྲ་_100_,དགྲ་_100_,དགྲ་_100_
[བོ་_85_],བོ་_85_,བོའི་_14_,བོ་_85_,བོ་_85_,བོ་_85_,བོ་_85_
[ཉོན་_100_],ཉོན་_100_,ཉོན་_100_,ཉོན་_100_,ཉོན་_100_,ཉོན་_100_,ཉོན་_100_
[མོངས་_100_],མོངས་_100_,མོངས་_100_,མོངས་_100_,མོངས་_100_,མོངས་_100_,མོངས་_100_
[པ་_100_],པ་_100_,པ་_100_,པ་_100_,པ་_100_,པ་_100_,པ་_100_
[རྣམས་_71_],རྣམས་_71_,རྣམས་_71_,རྣམས་_71_,རྣམས་_71_,རྣམས་མ་ལུས་_28_,རྣམས་མ་ལུས་_28_
[ངེས་_100_],ངེས་_100_,ངེས་_100_,ངེས་_100_,ངེས་_100_,ངེས་_100_,ངེས་_100_
[པར་ཉོན་མོངས་_71_],པར་ཉོན་མོངས་_71_,པར་ཉོན་མོངས་_71_,པར་ཉོན་མོངས་_71_,པར་ཉོན་མོངས་_71_,པར་_28_,པར་_28_
[འཇོམས་_100_],འཇོམས་_100_,འཇོམས་_100_,འཇོམས་_100_,འཇོམས་_100_,འཇོམས་_100_,འཇོམས་_100_
[མཛད་_100_],མཛད་_100_,མཛད་_100_,མཛད་_100_,མཛད་_100_,མཛད་_100_,མཛད་_100_
[ཅིང་། །​སཾ་སཾ་སཾ་_28_],ཅིང་། སཾ་སཾ་སཾ་_14_,ཅིང་། །​སྃ་སྃ་སྃ་_14_,ཅིང་།   སཾ་སཾ་སཾ་_14_,ཅིང་། །​སཾ་སཾ་སཾ་_28_,པ། །​སཾ་སཾ་སཾ་_28_,པ། །​སཾ་སཾ་སཾ་_28_
[ཞེས་_100_],ཞེས་_100_,ཞེས་_100_,ཞེས་_100_,ཞེས་_100_,ཞེས་_100_,ཞེས་_100_
[ཚོགས་_71_],ཚོགས་_71_,ཚོགས་_71_,ཚོགས་_71_,ཚོགས་_71_,ཚངས་_28_,ཚངས་_28_
[པའི་_100_],པའི་_100_,པའི་_100_,པའི་_100_,པའི་_100_,པའི་_100_,པའི་_100_
[བདག་_100_],བདག་_100_,བདག་_100_,བདག་_100_,བདག་_100_,བདག་_100_,བདག་_100_
[ཉིད་_100_],ཉིད་_100_,ཉིད་_100_,ཉིད་_100_,ཉིད་_100_,ཉིད་_100_,ཉིད་_100_
[དམ་ཚིག་ཐོས་_85_],དམ་ཚིག་ཐོས་_85_,དམ་ཚིག་ཐོས་_85_,དམ་ཚིག་ཐོས་_85_,དག་ཐོས་ཅིང་_14_,དམ་ཚིག་ཐོས་_85_,དམ་ཚིག་ཐོས་_85_
[འཛིན་_100_],འཛིན་_100_,འཛིན་_100_,འཛིན་_100_,འཛིན་_100_,འཛིན་_100_,འཛིན་_100_
[ཞིང་_100_],ཞིང་_100_,ཞིང་_100_,ཞིང་_100_,ཞིང་_100_,ཞིང་_100_,ཞིང་_100_
[སྐྱོང་_100_],སྐྱོང་_100_,སྐྱོང་_100_,སྐྱོང་_100_,སྐྱོང་_100_,སྐྱོང་_100_,སྐྱོང་_100_
[གང་_100_],གང་_100_,གང་_100_,གང་_100_,གང་_100_,གང་_100_,གང་_100_
[ཡིན་_100_],ཡིན་_100_,ཡིན་_100_,ཡིན་_100_,ཡིན་_100_,ཡིན་_100_,ཡིན་_100_
[ཁྱོད་_100_],ཁྱོད་_100_,ཁྱོད་_100_,ཁྱོད་_100_,ཁྱོད་_100_,ཁྱོད་_100_,ཁྱོད་_100_
[ཀྱིས་_100_],ཀྱིས་_100_,ཀྱིས་_100_,ཀྱིས་_100_,ཀྱིས་_100_,ཀྱིས་_100_,ཀྱིས་_100_
[སྐྱོངས_71_],སྐྱོངས_71_,སྐྱོངས_71_,སྐྱོངས_71_,སྐྱོངས_71_,སྐྱོང་_28_,སྐྱོང་_28_
[། །​_100_],། །​_100_,། །​_100_,། །​_100_,། །​_100_,། །​_100_,། །​_100_
[བཾ་བཾ་བཾ་_57_],བཾ་བཾ་བཾ་_57_,བྃ་བྃ་བྃ་_14_,བཾ་བཾ་བཾ་_57_,བཾ་བཾ་བཾ་_57_,བཾ་བཾ་ཐཾ་_14_,བི་བི་བི་_14_
[ཞེས་_71_],ཞེས་_71_,ཞེས་_71_,ཞེས་_71_,ཞེས་_71_,ཞེས་སྣ་ཚོགས་_28_,ཞེས་སྣ་ཚོགས་_28_
[གཤིན་_100_],གཤིན་_100_,གཤིན་_100_,གཤིན་_100_,གཤིན་_100_,གཤིན་_100_,གཤིན་_100_
[རྗེ་_100_],རྗེ་_100_,རྗེ་_100_,རྗེ་_100_,རྗེ་_100_,རྗེ་_100_,རྗེ་_100_
[ལྟར་_100_],ལྟར་_100_,ལྟར་_100_,ལྟར་_100_,ལྟར་_100_,ལྟར་_100_,ལྟར་_100_
[འགྲོ་_85_],འགྲོ་_85_,ཁྲོ་_14_,འགྲོ་_85_,འགྲོ་_85_,འགྲོ་_85_,འགྲོ་_85_
[དྲི་_100_],དྲི་_100_,དྲི་_100_,དྲི་_100_,དྲི་_100_,དྲི་_100_,དྲི་_100_
[མ་_100_],མ་_100_,མ་_100_,མ་_100_,མ་_100_,མ་_100_,མ་_100_
[མེད་_100_],མེད་_100_,མེད་_100_,མེད་_100_,མེད་_100_,མེད་_100_,མེད་_100_
[པའི་སྣ་ཚོགས་_71_],པའི་སྣ་ཚོགས་_71_,པའི་སྣ་ཚོགས་_71_,པའི་སྣ་ཚོགས་_71_,པའི་སྣ་ཚོགས་_71_,པའི་_28_,པའི་_28_
[ཆུ་_100_],ཆུ་_100_,ཆུ་_100_,ཆུ་_100_,ཆུ་_100_,ཆུ་_100_,ཆུ་_100_
[བཞིན་_100_],བཞིན་_100_,བཞིན་_100_,བཞིན་_100_,བཞིན་_100_,བཞིན་_100_,བཞིན་_100_
[གཟིགས་_100_],གཟིགས་_100_,གཟིགས་_100_,གཟིགས་_100_,གཟིགས་_100_,གཟིགས་_100_,གཟིགས་_100_
[མཛད་_100_],མཛད་_100_,མཛད་_100_,མཛད་_100_,མཛད་_100_,མཛད་_100_,མཛད་_100_
[ཅིང་_100_],ཅིང་_100_,ཅིང་_100_,ཅིང་_100_,ཅིང་_100_,ཅིང་_100_,ཅིང་_100_
[། །​_100_],། །​_100_,། །​_100_,། །​_100_,། །​_100_,། །​_100_,། །​_100_
[ཡཾ་ཡཾ་ཡཾ་ཞེས་_71_],ཡཾ་ཡཾ་ཡཾ་ཞེས་_71_,ཡྃ་ཡྃ་ཡྃ་ཞེས་_14_,ཡཾ་ཡཾ་ཡཾ་ཞིས་_14_,ཡཾ་ཡཾ་ཡཾ་ཞེས་_71_,ཡཾ་ཡཾ་ཡཾ་ཞེས་_71_,ཡཾ་ཡཾ་ཡཾ་ཞེས་_71_
[རླུང་_100_],རླུང་_100_,རླུང་_100_,རླུང་_100_,རླུང་_100_,རླུང་_100_,རླུང་_100_
[གི་_100_],གི་_100_,གི་_100_,གི་_100_,གི་_100_,གི་_100_,གི་_100_
[ཤུགས་_100_],ཤུགས་_100_,ཤུགས་_100_,ཤུགས་_100_,ཤུགས་_100_,ཤུགས་_100_,ཤུགས་_100_
[ཀྱིས་_100_],ཀྱིས་_100_,ཀྱིས་_100_,ཀྱིས་_100_,ཀྱིས་_100_,ཀྱིས་_100_,ཀྱིས་_100_
[མྱུར་_100_],མྱུར་_100_,མྱུར་_100_,མྱུར་_100_,མྱུར་_100_,མྱུར་_100_,མྱུར་_100_
[དུ་_100_],དུ་_100_,དུ་_100_,དུ་_100_,དུ་_100_,དུ་_100_,དུ་_100_
[རྒྱུ་_100_],རྒྱུ་_100_,རྒྱུ་_100_,རྒྱུ་_100_,རྒྱུ་_100_,རྒྱུ་_100_,རྒྱུ་_100_
[ཞིང་_100_],ཞིང་_100_,ཞིང་_100_,ཞིང་_100_,ཞིང་_100_,ཞིང་_100_,ཞིང་_100_
[ཉོན་_100_],ཉོན་_100_,ཉོན་_100_,ཉོན་_100_,ཉོན་_100_,ཉོན་_100_,ཉོན་_100_
[མོངས་_100_],མོངས་_100_,མོངས་_100_,མོངས་_100_,མོངས་_100_,མོངས་_100_,མོངས་_100_
[འཇིག་_85_],འཇིག་_85_,འཇིག་_85_,འཇིགས་_14_,འཇིག་_85_,འཇིག་_85_,འཇིག་_85_
[རྟེན་_100_],རྟེན་_100_,རྟེན་_100_,རྟེན་_100_,རྟེན་_100_,རྟེན་_100_,རྟེན་_100_
[གནོད་_100_],གནོད་_100_,གནོད་_100_,གནོད་_100_,གནོད་_100_,གནོད་_100_,གནོད་_100_
[བྱེད་_100_],བྱེད་_100_,བྱེད་_100_,བྱེད་_100_,བྱེད་_100_,བྱེད་_100_,བྱེད་_100_
[མཁྱེན_100_],མཁྱེན_100_,མཁྱེན_100_,མཁྱེན_100_,མཁྱེན_100_,མཁྱེན_100_,མཁྱེན_100_
[། །​ཀླིཾ་ཀླིཾ་ཀླིཾ་ཞེས་_28_],། །​ཀླིཾ་ཀླིཾ་ཀླིཾ་ཞེས་_28_,། །​ཀྵཱྃ་ཀྵཱྃ་ཀྵཱྃ་ཞེས་_14_,། །​ཀླིཾ  ཀླིཾ་ཀླིཾ་ཞེས་_14_,། །​ཀླཾ་ཀླིཾ་ཀླུཾ་ཞེས་_14_,། །​ བྷྲཱུྃ་བྷྲཱུྃ་བྷྲཱུྃ་ཞེས་ནུས་པ་མཆོག་གིས་ཁྲོ་གཉེར་གཟིགས་མཛད་འཇིགས་པའི་ཁ་གདངས་ཤ་ཟ་ཞིང་། །​ཀྵིཾ་ཀྵིཾ་ཞེས་ཕན་པར་མཛད་ཅིང་གནོད་པ་སྐད་ཅིག་གིས་སེལ་ཞིང་སྐྱོང་མཛོད། །​ ཀླཾ་ཀླཾ་ཀླུ་ཞེས་སྒྲོགས་_14_,། བྷྲཱུཾ་བྷྲཱུཾ་བྷྲཱུཾཞེས་ནུས་པ་མཆོག་གིས་ཁྲོ་གཉེར་གཟིགས་མཛད་འཇིགས་པའི་ཁ་གདངས་ཤ་ཟ་ཞིང་། །​ཀྵིཾ་ཀྵིཾཀཱི་ཞེས་ཕན་པར་མཛད་ཅིང་གནོད་པ་སྐད་ཅིག་གིས་སེལ་ཞིང་སྐྱོང་ཁྱོད་ཀྱིས་ཞིང་སྐྱོང་མཛོད། །​ཀླཾ་ཀླཾ་ཀླུཾ་ཞེས་སྒྲོགས་_14_
[གདུག་_100_],གདུག་_100_,གདུག་_100_,གདུག་_100_,གདུག་_100_,གདུག་_100_,གདུག་_100_
[པའི་_100_],པའི་_100_,པའི་_100_,པའི་_100_,པའི་_100_,པའི་_100_,པའི་_100_
[གཟུགས་_100_],གཟུགས་_100_,གཟུགས་_100_,གཟུགས་_100_,གཟུགས་_100_,གཟུགས་_100_,གཟུགས་_100_
[ཀྱིས་_71_],ཀྱིས་_71_,ཀྱིས་_71_,ཀྱིས་_71_,ཀྱིས་_71_,ཅན་_28_,ཅན་_28_
[སྲིད་_100_],སྲིད་_100_,སྲིད་_100_,སྲིད་_100_,སྲིད་_100_,སྲིད་_100_,སྲིད་_100_
[གསུམ་_100_],གསུམ་_100_,གསུམ་_100_,གསུམ་_100_,གསུམ་_100_,གསུམ་_100_,གསུམ་_100_
[ཉིན་_100_],ཉིན་_100_,ཉིན་_100_,ཉིན་_100_,ཉིན་_100_,ཉིན་_100_,ཉིན་_100_
[མཚན་_100_],མཚན་_100_,མཚན་_100_,མཚན་_100_,མཚན་_100_,མཚན་_100_,མཚན་_100_
[དུས་_100_],དུས་_100_,དུས་_100_,དུས་_100_,དུས་_100_,དུས་_100_,དུས་_100_
[ཀུན་_100_],ཀུན་_100_,ཀུན་_100_,ཀུན་_100_,ཀུན་_100_,ཀུན་_100_,ཀུན་_100_
[ཉོན་_100_],ཉོན་_100_,ཉོན་_100_,ཉོན་_100_,ཉོན་_100_,ཉོན་_100_,ཉོན་_100_
[མོངས་_100_],མོངས་_100_,མོངས་_100_,མོངས་_100_,མོངས་_100_,མོངས་_100_,མོངས་_100_
[གྱུར་_100_],གྱུར་_100_,གྱུར་_100_,གྱུར་_100_,གྱུར་_100_,གྱུར་_100_,གྱུར་_100_
[པ་_100_],པ་_100_,པ་_100_,པ་_100_,པ་_100_,པ་_100_,པ་_100_
[གང་_100_],གང་_100_,གང་_100_,གང་_100_,གང་_100_,གང་_100_,གང་_100_
[། །​པཾ་པཾ་པཾ་_57_],། །​པཾ་པཾ་པཾ་_57_,། །​ཀྵྃ་ཀྵྃ་ཀྵྃ་ཞེས་ཕན་པར་མཛད་ཅིང་གནོད་པ་སྐད་ཅིག་གིས་སེལ་ཞིང་སྐྱོང་ཁྱོད་ཀྱིས་སྐྱོངས། །​པྃ་པྃ་པྃ་_14_,། །​པཾ་པཾ་པཾ་_57_,། །​པཾ་པཾ་པཾ་_57_,། །​པཾ་པཾ ་པཾ་_14_,། །​པི་པཾ་པཾ་_14_
[ཞེས་_100_],ཞེས་_100_,ཞེས་_100_,ཞེས་_100_,ཞེས་_100_,ཞེས་_100_,ཞེས་_100_
[ཐུགས་_100_],ཐུགས་_100_,ཐུགས་_100_,ཐུགས་_100_,ཐུགས་_100_,ཐུགས་_100_,ཐུགས་_100_
[རྗེའི་_100_],རྗེའི་_100_,རྗེའི་_100_,རྗེའི་_100_,རྗེའི་_100_,རྗེའི་_100_,རྗེའི་_100_
[ཞགས་_100_],ཞགས་_100_,ཞགས་_100_,ཞགས་_100_,ཞགས་_100_,ཞགས་_100_,ཞགས་_100_
[པས་_100_],པས་_100_,པས་_100_,པས་_100_,པས་_100_,པས་_100_,པས་_100_
[བྱོལ་_100_],བྱོལ་_100_,བྱོལ་_100_,བྱོལ་_100_,བྱོལ་_100_,བྱོལ་_100_,བྱོལ་_100_
[སོང་_100_],སོང་_100_,སོང་_100_,སོང་_100_,སོང་_100_,སོང་_100_,སོང་_100_
[རྣམས་_100_],རྣམས་_100_,རྣམས་_100_,རྣམས་_100_,རྣམས་_100_,རྣམས་_100_,རྣམས་_100_
[འཛིན་_100_],འཛིན་_100_,འཛིན་_100_,འཛིན་_100_,འཛིན་_100_,འཛིན་_100_,འཛིན་_100_
[ཕྱག་_100_],ཕྱག་_100_,ཕྱག་_100_,ཕྱག་_100_,ཕྱག་_100_,ཕྱག་_100_,ཕྱག་_100_
[གིས་_100_],གིས་_100_,གིས་_100_,གིས་_100_,གིས་_100_,གིས་_100_,གིས་_100_
[གདུལ་_100_],གདུལ་_100_,གདུལ་_100_,གདུལ་_100_,གདུལ་_100_,གདུལ་_100_,གདུལ་_100_
[བྱ་_100_],བྱ་_100_,བྱ་_100_,བྱ་_100_,བྱ་_100_,བྱ་_100_,བྱ་_100_
[རྣམས་_100_],རྣམས་_100_,རྣམས་_100_,རྣམས་_100_,རྣམས་_100_,རྣམས་_100_,རྣམས་_100_
[སྐྱོང་_100_],སྐྱོང་_100_,སྐྱོང་_100_,སྐྱོང་_100_,སྐྱོང་_100_,སྐྱོང་_100_,སྐྱོང་_100_
ལ_42_,ལ_42_,[བ_57_],ལ_42_,བ_57_,བ_57_,བ_57_
[། །​_100_],། །​_100_,། །​_100_,། །​_100_,། །​_100_,། །​_100_,། །​_100_
[སྔགས་_100_],སྔགས་_100_,སྔགས་_100_,སྔགས་_100_,སྔགས་_100_,སྔགས་_100_,སྔགས་_100_
[བདག་_100_],བདག་_100_,བདག་_100_,བདག་_100_,བདག་_100_,བདག་_100_,བདག་_100_
[སྔགས་_100_],སྔགས་_100_,སྔགས་_100_,སྔགས་_100_,སྔགས་_100_,སྔགས་_100_,སྔགས་_100_
[ཀྱི་_100_],ཀྱི་_100_,ཀྱི་_100_,ཀྱི་_100_,ཀྱི་_100_,ཀྱི་_100_,ཀྱི་_100_
[ལུས་_57_],ལུས་_57_,གཟུགས་_14_,ལུས་_57_,ལུས་_57_,སྐུ་_28_,སྐུ་_28_
[ཅན་_100_],ཅན་_100_,ཅན་_100_,ཅན་_100_,ཅན་_100_,ཅན་_100_,ཅན་_100_
[ཐུགས་_100_],ཐུགས་_100_,ཐུགས་_100_,ཐུགས་_100_,ཐུགས་_100_,ཐུགས་_100_,ཐུགས་_100_
[ཀྱི་_100_],ཀྱི་_100_,ཀྱི་_100_,ཀྱི་_100_,ཀྱི་_100_,ཀྱི་_100_,ཀྱི་_100_
[སྔགས་_42_],སྔགས་_42_,བསྔགས་_42_,སྔགསང་_14_,སྔགས་_42_,བསྔགས་_42_,བསྔགས་_42_
[པ་_100_],པ་_100_,པ་_100_,པ་_100_,པ་_100_,པ་_100_,པ་_100_
[རྣམས་_100_],རྣམས་_100_,རྣམས་_100_,རྣམས་_100_,རྣམས་_100_,རྣམས་_100_,རྣམས་_100_
[ལ་འབྲས་བུ་_57_],ལ་འབྲས་བུ་_57_,ལ་_42_,ལ་འབྲས་བུ་_57_,ལ་འབྲས་བུ་_57_,ལ་_42_,ལ་_42_
[བློ་_100_],བློ་_100_,བློ་_100_,བློ་_100_,བློ་_100_,བློ་_100_,བློ་_100_
[གྲོས་_42_],གྲོས་_42_,གྲོས་འབྲས་བུ་_42_,ལགྲོས་_14_,གྲོས་_42_,གྲོས་འབྲས་བུ་_42_,གྲོས་འབྲས་བུ་_42_
[མཚུངས་_100_],མཚུངས་_100_,མཚུངས་_100_,མཚུངས་_100_,མཚུངས་_100_,མཚུངས་_100_,མཚུངས་_100_
[མེད་_100_],མེད་_100_,མེད་_100_,མེད་_100_,མེད་_100_,མེད་_100_,མེད་_100_
[སྟེར_100_],སྟེར_100_,སྟེར_100_,སྟེར_100_,སྟེར_100_,སྟེར_100_,སྟེར_100_
[། །​_100_],། །​_100_,། །​_100_,། །​_100_,། །​_100_,། །​_100_,། །​_100_
[ཞིང་_100_],ཞིང་_100_,ཞིང་_100_,ཞིང་_100_,ཞིང་_100_,ཞིང་_100_,ཞིང་_100_
[རྣམས་_100_],རྣམས་_100_,རྣམས་_100_,རྣམས་_100_,རྣམས་_100_,རྣམས་_100_,རྣམས་_100_
[སྐྱོང་བར་_71_],སྐྱོང་བར་_71_,སྐྱོང་བར་_71_,སྐྱོངས་པར་_14_,སྐྱོད་བར་_14_,སྐྱོང་བར་_71_,སྐྱོང་བར་_71_
[མཛད་_100_],མཛད་_100_,མཛད་_100_,མཛད་_100_,མཛད་_100_,མཛད་_100_,མཛད་_100_
[པ་_100_],པ་_100_,པ་_100_,པ་_100_,པ་_100_,པ་_100_,པ་_100_
[ཁྱོད་_100_],ཁྱོད་_100_,ཁྱོད་_100_,ཁྱོད་_100_,ཁྱོད་_100_,ཁྱོད་_100_,ཁྱོད་_100_
[ཀྱིས་_100_],ཀྱིས་_100_,ཀྱིས་_100_,ཀྱིས་_100_,ཀྱིས་_100_,ཀྱིས་_100_,ཀྱིས་_100_
[འགྲོ་_100_],འགྲོ་_100_,འགྲོ་_100_,འགྲོ་_100_,འགྲོ་_100_,འགྲོ་_100_,འགྲོ་_100_
[བའི་ལུས་རྣམས་_57_],བའི་ལུས་རྣམས་_57_,བའི་ལུས་རྣམས་_57_,བའི་ལུས་རྣསས་_14_,བའི་ལུས་རྣམས་_57_,བ་_28_,བ་_28_
[མ་_100_],མ་_100_,མ་_100_,མ་_100_,མ་_100_,མ་_100_,མ་_100_
[ལུས་_71_],ལུས་_71_,ལུས་_71_,ལུས་_71_,ལུས་_71_,ལུས་པ་རྣམས་_28_,ལུས་པ་རྣམས་_28_
[ཡུན་_100_],ཡུན་_100_,ཡུན་_100_,ཡུན་_100_,ཡུན་_100_,ཡུན་_100_,ཡུན་_100_
[རིང་_100_],རིང་_100_,རིང་_100_,རིང་_100_,རིང་_100_,རིང་_100_,རིང་_100_
སྐྱོང་_42_,སྐྱོང་_42_,[བསྐྱང་_57_],སྐྱོང་_42_,བསྐྱང་_57_,བསྐྱང་_57_,བསྐྱང་_57_
[དུ་_100_],དུ་_100_,དུ་_100_,དུ་_100_,དུ་_100_,དུ་_100_,དུ་_100_
[གསོལ། །​_71_],གསོལ། །​_71_,གསོལ། _14_,གསོལ། །​_71_,གསོ། །​_14_,གསོལ། །​_71_,གསོལ། །​_71_
[སྒྲུབ་_100_],སྒྲུབ་_100_,སྒྲུབ་_100_,སྒྲུབ་_100_,སྒྲུབ་_100_,སྒྲུབ་_100_,སྒྲུབ་_100_
[པ་_100_],པ་_100_,པ་_100_,པ་_100_,པ་_100_,པ་_100_,པ་_100_
[པོའམ་_85_],པོའམ་_85_,པོའམ་_85_,པོའམ་_85_,པོ་ཡི་_14_,པོའམ་_85_,པོའམ་_85_
[སློབ་_100_],སློབ་_100_,སློབ་_100_,སློབ་_100_,སློབ་_100_,སློབ་_100_,སློབ་_100_
[དཔོན་_100_],དཔོན་_100_,དཔོན་_100_,དཔོན་_100_,དཔོན་_100_,དཔོན་_100_,དཔོན་_100_
[འགའ་_57_],འགའ་_57_,གང་_42_,འགའ་_57_,འགའ་_57_,གང་_42_,གང་_42_
[ཞིག་ཐོས་འཛིན་གང་ཞིག་_42_],ཞིག་ཐོས་འཛིན་གང་ཞིག་_42_,ཞིག་དམ་ཚིག་ཐོས་འཛིན་གང་ཞིག་_14_,ཞིག་ཐོས་འཛིན་གང་ཞིག་_42_,ཞིག་དམ་ཚིག་གང་ཞིག་_14_,ཞིག་དམ་ཚིག་ཐོས་འཛིན་_28_,ཞིག་དམ་ཚིག་ཐོས་འཛིན་_28_
[བློ་_100_],བློ་_100_,བློ་_100_,བློ་_100_,བློ་_100_,བློ་_100_,བློ་_100_
[ལྡན་_100_],ལྡན་_100_,ལྡན་_100_,ལྡན་_100_,ལྡན་_100_,ལྡན་_100_,ལྡན་_100_
[ནུས་_42_],ནུས་_42_,གྱུར་_14_,ནུས་_42_,གུས་_42_,གུས་_42_,གུས་_42_
[པ་_100_],པ་_100_,པ་_100_,པ་_100_,པ་_100_,པ་_100_,པ་_100_
[དང་། །​ཐུན་གསུམ་དུ་_42_],དང་། །​ཐུན་གསུམ་དུ་_42_,དག །​ཐུན་གསུམ་དུ་_14_,དང་། །​ཐུན་གསུམ་དུ་_42_,ཡི། །​ཐུང་ཉིས་སུ་_14_,དང་བཅས་པ། །​ཐུན་གསུམ་དུ་_28_,དང་བཅས་པ། །​ཐུན་གསུམ་དུ་_28_
[ནི་_100_],ནི་_100_,ནི་_100_,ནི་_100_,ནི་_100_,ནི་_100_,ནི་_100_
[སྔགས་_100_],སྔགས་_100_,སྔགས་_100_,སྔགས་_100_,སྔགས་_100_,སྔགས་_100_,སྔགས་_100_
[རྣམས་_100_],རྣམས་_100_,རྣམས་_100_,རྣམས་_100_,རྣམས་_100_,རྣམས་_100_,རྣམས་_100_
[བརྒྱད་_100_],བརྒྱད་_100_,བརྒྱད་_100_,བརྒྱད་_100_,བརྒྱད་_100_,བརྒྱད་_100_,བརྒྱད་_100_
[པོ་_71_],པོ་_71_,པོ་_71_,པོ་_71_,པོ་_71_,པོ་འདི་ནི་_28_,པོ་འདི་ནི་_28_
[ཀློག་_100_],ཀློག་_100_,ཀློག་_100_,ཀློག་_100_,ཀློག་_100_,ཀློག་_100_,ཀློག་_100_
[བྱེད་དེ་ནི་_71_],བྱེད་དེ་ནི་_71_,བྱེད་དེ་ནི་_71_,བྱེད་དེ་ནི་_71_,བྱེད་དེ་ནི་_71_,བྱེད་_28_,བྱེད་_28_
[བསོད་_100_],བསོད་_100_,བསོད་_100_,བསོད་_100_,བསོད་_100_,བསོད་_100_,བསོད་_100_
[ནམས་_100_],ནམས་_100_,ནམས་_100_,ནམས་_100_,ནམས་_100_,ནམས་_100_,ནམས་_100_
[ལྡན་_100_],ལྡན་_100_,ལྡན་_100_,ལྡན་_100_,ལྡན་_100_,ལྡན་_100_,ལྡན་_100_
[པར་_100_],པར་_100_,པར་_100_,པར་_100_,པར་_100_,པར་_100_,པར་_100_
[འགྱུར་བ་དང་_57_],འགྱུར་བ་དང་_57_,འགྱུར་བ་དང་_57_,འགྱུར་བ་དང་_57_,གྱུར་པ་དང་_14_,གྱུར་པ་གང་_28_,གྱུར་པ་གང་_28_
[། །​_100_],། །​_100_,། །​_100_,། །​_100_,། །​_100_,། །​_100_,། །​_100_
[ཚེ་_100_],ཚེ་_100_,ཚེ་_100_,ཚེ་_100_,ཚེ་_100_,ཚེ་_100_,ཚེ་_100_
[དང་_100_],དང་_100_,དང་_100_,དང་_100_,དང་_100_,དང་_100_,དང་_100_
[དཔལ་_100_],དཔལ་_100_,དཔལ་_100_,དཔལ་_100_,དཔལ་_100_,དཔལ་_100_,དཔལ་_100_
[དང་_100_],དང་_100_,དང་_100_,དང་_100_,དང་_100_,དང་_100_,དང་_100_
[གྲགས་_100_],གྲགས་_100_,གྲགས་_100_,གྲགས་_100_,གྲགས་_100_,གྲགས་_100_,གྲགས་_100_
དང་འབྱོར་པ་_28_,དང་འབྱོར་པ་_28_,[དང་མཐུ་སྟོབས་འབྱོར་པ་_42_],དང་འབྱོར་བ་_14_,དང་མཐུ་སྟོབས་འབྱོར་བ་_14_,དང་མཐུ་སྟོབས་འབྱོར་པ་_42_,དང་མཐུ་སྟོབས་འབྱོར་པ་_42_
[འཛིན་_100_],འཛིན་_100_,འཛིན་_100_,འཛིན་_100_,འཛིན་_100_,འཛིན་_100_,འཛིན་_100_
[དང་_71_],དང་_71_,དང་_71_,དང་_71_,དང་_71_,ལྡན་_28_,ལྡན་_28_
[གཟི་རྒྱས་པ་དང་མཚུངས་མེད་དང་_42_],གཟི་རྒྱས་པ་དང་མཚུངས་མེད་དང་_42_,གཟི་བརྗིད་རྒྱས་པ་མཚུངས་མེད་སྟེར_14_,གཟི་རྒྱས་པ་དང་མཚུངས་མེད་དང་_42_,གཟི་བརྗིད་རྒྱས་པ་མཚུངས་པ་མེད_14_,གཟི་བརྗིད་མཚུངས་མེད་རྒྱས་པ་དང་_28_,གཟི་བརྗིད་མཚུངས་མེད་རྒྱས་པ་དང་_28_
[། །​_100_],། །​_100_,། །​_100_,། །​_100_,། །​_100_,། །​_100_,། །​_100_
[ས་_100_],ས་_100_,ས་_100_,ས་_100_,ས་_100_,ས་_100_,ས་_100_
སྟེངས་_42_,སྟེངས་_42_,[སྟེང་_57_],སྟེངས་_42_,སྟེང་_57_,སྟེང་_57_,སྟེང་_57_
[དང་_100_],དང་_100_,དང་_100_,དང་_100_,དང་_100_,དང་_100_,དང་_100_
[ནི་_100_],ནི་_100_,ནི་_100_,ནི་_100_,ནི་_100_,ནི་_100_,ནི་_100_
[མཐོ་_100_],མཐོ་_100_,མཐོ་_100_,མཐོ་_100_,མཐོ་_100_,མཐོ་_100_,མཐོ་_100_
[རིས་_100_],རིས་_100_,རིས་_100_,རིས་_100_,རིས་_100_,རིས་_100_,རིས་_100_
[སུའང་དེ་ཡི་བགེགས་ཀྱི་_42_],སུའང་དེ་ཡི་བགེགས་ཀྱི་_42_,སུ་ཡང་དེ་ཡི་བགེགས་ཀྱི་_14_,སུའང་དེ་ཡི་བགེགསཀྱི་_14_,སུའང་དེ་ཡི་བགེགས་ཀྱི་_42_,སུ་ཡང་འདི་ཡིས་བགེགས་ཀྱི་_28_,སུ་ཡང་འདི་ཡིས་བགེགས་ཀྱི་_28_
[ཚོགས་_100_],ཚོགས་_100_,ཚོགས་_100_,ཚོགས་_100_,ཚོགས་_100_,ཚོགས་_100_,ཚོགས་_100_
[རྣམས་_85_],རྣམས་_85_,ནི་_14_,རྣམས་_85_,རྣམས་_85_,རྣམས་_85_,རྣམས་_85_
[རྟག་_100_],རྟག་_100_,རྟག་_100_,རྟག་_100_,རྟག་_100_,རྟག་_100_,རྟག་_100_
[ཏུ་_100_],ཏུ་_100_,ཏུ་_100_,ཏུ་_100_,ཏུ་_100_,ཏུ་_100_,ཏུ་_100_
[ཉམས་_100_],ཉམས་_100_,ཉམས་_100_,ཉམས་_100_,ཉམས་_100_,ཉམས་_100_,ཉམས་_100_
[པར་_100_],པར་_100_,པར་_100_,པར་_100_,པར་_100_,པར་_100_,པར་_100_
[འགྱུར། །​_71_],འགྱུར། །​_71_,འགྱུར། །​_71_,འགྱུར། །​_71_,འགྱུར། །​_71_,གྱུར། །​ _14_,གྱུར། །​_14_
[དཔལ་_100_],དཔལ་_100_,དཔལ་_100_,དཔལ་_100_,དཔལ་_100_,དཔལ་_100_,དཔལ་_100_
[ནག་_100_],ནག་_100_,ནག་_100_,ནག་_100_,ནག་_100_,ནག་_100_,ནག་_100_
[པོ་_100_],པོ་_100_,པོ་_100_,པོ་_100_,པོ་_100_,པོ་_100_,པོ་_100_
[ཆེན་_100_],ཆེན་_100_,ཆེན་_100_,ཆེན་_100_,ཆེན་_100_,ཆེན་_100_,ཆེན་_100_
[པོ་ལ་_57_],པོ་ལ་_57_,པོའི་_42_,པོ་ལ་_57_,པོ་ལ་_57_,པོའི་_42_,པོའི་_42_
[བསྟོད་_100_],བསྟོད་_100_,བསྟོད་_100_,བསྟོད་_100_,བསྟོད་_100_,བསྟོད་_100_,བསྟོད་_100_
[པ་_85_],པ་_85_,པ་_85_,པ་_85_,བ་_14_,པ་_85_,པ་_85_
[རྐང་_100_],རྐང་_100_,རྐང་_100_,རྐང་_100_,རྐང་_100_,རྐང་_100_,རྐང་_100_
[པ་_100_],པ་_100_,པ་_100_,པ་_100_,པ་_100_,པ་_100_,པ་_100_
[བརྒྱད་_100_],བརྒྱད་_100_,བརྒྱད་_100_,བརྒྱད་_100_,བརྒྱད་_100_,བརྒྱད་_100_,བརྒྱད་_100_
[པ་_100_],པ་_100_,པ་_100_,པ་_100_,པ་_100_,པ་_100_,པ་_100_
[ཞེས་_100_],ཞེས་_100_,ཞེས་_100_,ཞེས་_100_,ཞེས་_100_,ཞེས་_100_,ཞེས་_100_
[བྱ་_100_],བྱ་_100_,བྱ་_100_,བྱ་_100_,བྱ་_100_,བྱ་_100_,བྱ་_100_
[བ། _42_],བ། _42_,བ་_42_,བ། །​_14_,བ། _42_,བ་_42_,བ་_42_
[སློབ་_100_],སློབ་_100_,སློབ་_100_,སློབ་_100_,སློབ་_100_,སློབ་_100_,སློབ་_100_
དཔོན་_42_,དཔོན་_42_,[དཔོན་ཆེན་པོ་_57_],དཔོན་_42_,དཔོན་ཆེན་པོ་_57_,དཔོན་ཆེན་པོ་_57_,དཔོན་ཆེན་པོ་_57_
[འཕགས་_100_],འཕགས་_100_,འཕགས་_100_,འཕགས་_100_,འཕགས་_100_,འཕགས་_100_,འཕགས་_100_
[པ་_100_],པ་_100_,པ་_100_,པ་_100_,པ་_100_,པ་_100_,པ་_100_
[ཀླུ་_100_],ཀླུ་_100_,ཀླུ་_100_,ཀླུ་_100_,ཀླུ་_100_,ཀླུ་_100_,ཀླུ་_100_
[སྒྲུབ་_100_],སྒྲུབ་_100_,སྒྲུབ་_100_,སྒྲུབ་_100_,སྒྲུབ་_100_,སྒྲུབ་_100_,སྒྲུབ་_100_
[ཀྱིས་མཛད་པ་རྫོགས་སོ། །​_42_],ཀྱིས་མཛད་པ་རྫོགས་སོ། །​_42_,ཀྱི་ཞལ་སྔ་ནས་མཛད་པ་རྫོགས་སོ། །​རྒྱ་གར་གྱི་མཁན་པོ་ཀོ་ས་ལའི་རྣལ་འབྱོར་པ་བེ་རོ་ཙ་ན་བཛྲ་དང་། བོད་ཀྱི་ལོ་ཙཱ་བ་བཙུན་པ་དིང་རི་ཆོས་གྲགས་ཀྱིས་བསྒྱུར་ཅིང་ཞུས་ཏེ་གཏན་ལ་ཕབ་པའོ།། །​།_14_,ཀྱིས་མཛད་པ་རྫོགས་སོ། །​_42_,ཀྱི་ཞལ་མངའ་ནས་མཛད་པའོ། །​རྒྱ་གར་གྱི་མཁན་པོ་ཤྲི་བཻ་རོ་ཙ་ན་བཛྲ་དང་། བོད་ཀྱི་ལོ་ཙཱ་བ་བནྡེ་ལྡི་རི་ཆོས་གྲགས་ཀྱིས་བསྒྱུར་ཅིང་ཞུས་ཏེ་གཏན་ལ་ཕབ་པའོ། །​_14_,ཀྱིས་མཛད་པ་རྫོགས་སོ།_28_,ཀྱིས་མཛད་པ་རྫོགས་སོ།_28_
