[༄༅། །​ཡི་གེ་བརྒྱ་པ།༄༅༅། །​_44_],༄༅། །​ཡི་གེ་བརྒྱ་པ།༄༅༅། །​_44_,༄༅། །​ཡི་གེ་བརྒྱ་པ།༄༅༅། །​_44_,༄༅། །​ཡི་གེ་བརྒྱ་པ།༄༅༅། །​_44_,༄༅༅། །​_33_,༄༅༅། །​_33_,༄༅༅། །​_33_,༄༅། །​ _11_,_11_
[རྒྱ་_100_],རྒྱ་_100_,རྒྱ་_100_,རྒྱ་_100_,རྒྱ་_100_,རྒྱ་_100_,རྒྱ་_100_,རྒྱ་_100_,རྒྱ་_100_
[གར་_100_],གར་_100_,གར་_100_,གར་_100_,གར་_100_,གར་_100_,གར་_100_,གར་_100_,གར་_100_
[སྐད་_100_],སྐད་_100_,སྐད་_100_,སྐད་_100_,སྐད་_100_,སྐད་_100_,སྐད་_100_,སྐད་_100_,སྐད་_100_
[དུ_100_],དུ_100_,དུ_100_,དུ_100_,དུ_100_,དུ_100_,དུ_100_,དུ_100_,དུ_100_
[། ཨཀྵ་ར་_66_],། ཨཀྵ་ར་_66_,། ཨཀྵ་ར་_66_,། ཨཀྵ་ར་_66_,། ཨཀྵར་_22_,། ཨཀྵར་_22_,། ཨཀྵ་ར་_66_,། ཨཀྟ་ར་_11_,། ཨཀྵ་ར་_66_
[ཤ་_100_],ཤ་_100_,ཤ་_100_,ཤ་_100_,ཤ་_100_,ཤ་_100_,ཤ་_100_,ཤ་_100_,ཤ་_100_
[ཏ་_100_],ཏ་_100_,ཏ་_100_,ཏ་_100_,ཏ་_100_,ཏ་_100_,ཏ་_100_,ཏ་_100_,ཏ་_100_
[ཀ །​_88_],ཀ །​_88_,ཀ །​_88_,ཀ །​_88_,ཀ །​_88_,ཀ །​_88_,ཀ །​_88_,ཀ།_11_,ཀ །​_88_
[བོད་_100_],བོད་_100_,བོད་_100_,བོད་_100_,བོད་_100_,བོད་_100_,བོད་_100_,བོད་_100_,བོད་_100_
[སྐད་_100_],སྐད་_100_,སྐད་_100_,སྐད་_100_,སྐད་_100_,སྐད་_100_,སྐད་_100_,སྐད་_100_,སྐད་_100_
[དུ_100_],དུ_100_,དུ_100_,དུ_100_,དུ_100_,དུ_100_,དུ_100_,དུ_100_,དུ_100_
[། _88_],། _88_,། _88_,། _88_,། _88_,། _88_,། _88_,། _88_,།  _11_
[ཡི་_100_],ཡི་_100_,ཡི་_100_,ཡི་_100_,ཡི་_100_,ཡི་_100_,ཡི་_100_,ཡི་_100_,ཡི་_100_
[གེ་_100_],གེ་_100_,གེ་_100_,གེ་_100_,གེ་_100_,གེ་_100_,གེ་_100_,གེ་_100_,གེ་_100_
[བརྒྱ་_100_],བརྒྱ་_100_,བརྒྱ་_100_,བརྒྱ་_100_,བརྒྱ་_100_,བརྒྱ་_100_,བརྒྱ་_100_,བརྒྱ་_100_,བརྒྱ་_100_
[པ། _77_],པ། _77_,པ། _77_,པ། _77_,པ། _77_,པ། _77_,པ། _77_,པ༑ _11_,པ །​ _11_
[འཇམ་_100_],འཇམ་_100_,འཇམ་_100_,འཇམ་_100_,འཇམ་_100_,འཇམ་_100_,འཇམ་_100_,འཇམ་_100_,འཇམ་_100_
[པའི་_100_],པའི་_100_,པའི་_100_,པའི་_100_,པའི་_100_,པའི་_100_,པའི་_100_,པའི་_100_,པའི་_100_
[དཔལ་_100_],དཔལ་_100_,དཔལ་_100_,དཔལ་_100_,དཔལ་_100_,དཔལ་_100_,དཔལ་_100_,དཔལ་_100_,དཔལ་_100_
[རྡོ་_100_],རྡོ་_100_,རྡོ་_100_,རྡོ་_100_,རྡོ་_100_,རྡོ་_100_,རྡོ་_100_,རྡོ་_100_,རྡོ་_100_
[རྗེ་_100_],རྗེ་_100_,རྗེ་_100_,རྗེ་_100_,རྗེ་_100_,རྗེ་_100_,རྗེ་_100_,རྗེ་_100_,རྗེ་_100_
[ལ་_100_],ལ་_100_,ལ་_100_,ལ་_100_,ལ་_100_,ལ་_100_,ལ་_100_,ལ་_100_,ལ་_100_
[ཕྱག་_100_],ཕྱག་_100_,ཕྱག་_100_,ཕྱག་_100_,ཕྱག་_100_,ཕྱག་_100_,ཕྱག་_100_,ཕྱག་_100_,ཕྱག་_100_
[འཚལ་_100_],འཚལ་_100_,འཚལ་_100_,འཚལ་_100_,འཚལ་_100_,འཚལ་_100_,འཚལ་_100_,འཚལ་_100_,འཚལ་_100_
[ལོ_100_],ལོ_100_,ལོ_100_,ལོ_100_,ལོ_100_,ལོ_100_,ལོ_100_,ལོ_100_,ལོ_100_
[། །​_100_],། །​_100_,། །​_100_,། །​_100_,། །​_100_,། །​_100_,། །​_100_,། །​_100_,། །​_100_
[དངོས་_100_],དངོས་_100_,དངོས་_100_,དངོས་_100_,དངོས་_100_,དངོས་_100_,དངོས་_100_,དངོས་_100_,དངོས་_100_
[པོ་_100_],པོ་_100_,པོ་_100_,པོ་_100_,པོ་_100_,པོ་_100_,པོ་_100_,པོ་_100_,པོ་_100_
[རྣམས་_77_],རྣམས་_77_,རྣམ་_22_,རྣམ་_22_,རྣམས་_77_,རྣམས་_77_,རྣམས་_77_,རྣམས་_77_,རྣམས་_77_
[གཅིག་_100_],གཅིག་_100_,གཅིག་_100_,གཅིག་_100_,གཅིག་_100_,གཅིག་_100_,གཅིག་_100_,གཅིག་_100_,གཅིག་_100_
[པ་_100_],པ་_100_,པ་_100_,པ་_100_,པ་_100_,པ་_100_,པ་_100_,པ་_100_,པ་_100_
[ཉིད་_100_],ཉིད་_100_,ཉིད་_100_,ཉིད་_100_,ཉིད་_100_,ཉིད་_100_,ཉིད་_100_,ཉིད་_100_,ཉིད་_100_
[མ་_100_],མ་_100_,མ་_100_,མ་_100_,མ་_100_,མ་_100_,མ་_100_,མ་_100_,མ་_100_
[ཡིན་_100_],ཡིན་_100_,ཡིན་_100_,ཡིན་_100_,ཡིན་_100_,ཡིན་_100_,ཡིན་_100_,ཡིན་_100_,ཡིན་_100_
[ནོ_100_],ནོ_100_,ནོ_100_,ནོ_100_,ནོ_100_,ནོ_100_,ནོ_100_,ནོ_100_,ནོ_100_
[། །​_100_],། །​_100_,། །​_100_,། །​_100_,། །​_100_,། །​_100_,། །​_100_,། །​_100_,། །​_100_
[གཞན་_100_],གཞན་_100_,གཞན་_100_,གཞན་_100_,གཞན་_100_,གཞན་_100_,གཞན་_100_,གཞན་_100_,གཞན་_100_
[པ་_100_],པ་_100_,པ་_100_,པ་_100_,པ་_100_,པ་_100_,པ་_100_,པ་_100_,པ་_100_
[ཉིད་_100_],ཉིད་_100_,ཉིད་_100_,ཉིད་_100_,ཉིད་_100_,ཉིད་_100_,ཉིད་_100_,ཉིད་_100_,ཉིད་_100_
[ཀྱང་_100_],ཀྱང་_100_,ཀྱང་_100_,ཀྱང་_100_,ཀྱང་_100_,ཀྱང་_100_,ཀྱང་_100_,ཀྱང་_100_,ཀྱང་_100_
[དེ་_100_],དེ་_100_,དེ་_100_,དེ་_100_,དེ་_100_,དེ་_100_,དེ་_100_,དེ་_100_,དེ་_100_
[བཞིན་_100_],བཞིན་_100_,བཞིན་_100_,བཞིན་_100_,བཞིན་_100_,བཞིན་_100_,བཞིན་_100_,བཞིན་_100_,བཞིན་_100_
[ནོ_100_],ནོ_100_,ནོ_100_,ནོ_100_,ནོ_100_,ནོ_100_,ནོ_100_,ནོ_100_,ནོ_100_
[། །​_100_],། །​_100_,། །​_100_,། །​_100_,། །​_100_,། །​_100_,། །​_100_,། །​_100_,། །​_100_
[ཡོད་_100_],ཡོད་_100_,ཡོད་_100_,ཡོད་_100_,ཡོད་_100_,ཡོད་_100_,ཡོད་_100_,ཡོད་_100_,ཡོད་_100_
[པ་_100_],པ་_100_,པ་_100_,པ་_100_,པ་_100_,པ་_100_,པ་_100_,པ་_100_,པ་_100_
[ཉིད་_100_],ཉིད་_100_,ཉིད་_100_,ཉིད་_100_,ཉིད་_100_,ཉིད་_100_,ཉིད་_100_,ཉིད་_100_,ཉིད་_100_
[དུ་_100_],དུ་_100_,དུ་_100_,དུ་_100_,དུ་_100_,དུ་_100_,དུ་_100_,དུ་_100_,དུ་_100_
[བསྒྲུབ་_100_],བསྒྲུབ་_100_,བསྒྲུབ་_100_,བསྒྲུབ་_100_,བསྒྲུབ་_100_,བསྒྲུབ་_100_,བསྒྲུབ་_100_,བསྒྲུབ་_100_,བསྒྲུབ་_100_
[པར་_100_],པར་_100_,པར་_100_,པར་_100_,པར་_100_,པར་_100_,པར་_100_,པར་_100_,པར་_100_
[བྱ་_100_],བྱ་_100_,བྱ་_100_,བྱ་_100_,བྱ་_100_,བྱ་_100_,བྱ་_100_,བྱ་_100_,བྱ་_100_
[བ་_100_],བ་_100_,བ་_100_,བ་_100_,བ་_100_,བ་_100_,བ་_100_,བ་_100_,བ་_100_
[ཡིན་_100_],ཡིན་_100_,ཡིན་_100_,ཡིན་_100_,ཡིན་_100_,ཡིན་_100_,ཡིན་_100_,ཡིན་_100_,ཡིན་_100_
[ནོ_100_],ནོ_100_,ནོ_100_,ནོ_100_,ནོ_100_,ནོ_100_,ནོ_100_,ནོ_100_,ནོ_100_
[། །​_100_],། །​_100_,། །​_100_,། །​_100_,། །​_100_,། །​_100_,། །​_100_,། །​_100_,། །​_100_
[མེད་_100_],མེད་_100_,མེད་_100_,མེད་_100_,མེད་_100_,མེད་_100_,མེད་_100_,མེད་_100_,མེད་_100_
[པ་_100_],པ་_100_,པ་_100_,པ་_100_,པ་_100_,པ་_100_,པ་_100_,པ་_100_,པ་_100_
[ཉིད་_100_],ཉིད་_100_,ཉིད་_100_,ཉིད་_100_,ཉིད་_100_,ཉིད་_100_,ཉིད་_100_,ཉིད་_100_,ཉིད་_100_
[ཀྱང་_100_],ཀྱང་_100_,ཀྱང་_100_,ཀྱང་_100_,ཀྱང་_100_,ཀྱང་_100_,ཀྱང་_100_,ཀྱང་_100_,ཀྱང་_100_
[བསྒྲུབ་_100_],བསྒྲུབ་_100_,བསྒྲུབ་_100_,བསྒྲུབ་_100_,བསྒྲུབ་_100_,བསྒྲུབ་_100_,བསྒྲུབ་_100_,བསྒྲུབ་_100_,བསྒྲུབ་_100_
[པར་_100_],པར་_100_,པར་_100_,པར་_100_,པར་_100_,པར་_100_,པར་_100_,པར་_100_,པར་_100_
[བྱ་_100_],བྱ་_100_,བྱ་_100_,བྱ་_100_,བྱ་_100_,བྱ་_100_,བྱ་_100_,བྱ་_100_,བྱ་_100_
[བའོ_88_],བའོ_88_,བའོ_88_,བའོ_88_,བའོ_88_,བའོ_88_,བའོ_88_,བའོ_88_,པའོ_11_
[། །​_100_],། །​_100_,། །​_100_,། །​_100_,། །​_100_,། །​_100_,། །​_100_,། །​_100_,། །​_100_
[རྒྱུ་_100_],རྒྱུ་_100_,རྒྱུ་_100_,རྒྱུ་_100_,རྒྱུ་_100_,རྒྱུ་_100_,རྒྱུ་_100_,རྒྱུ་_100_,རྒྱུ་_100_
[ཡོད་_100_],ཡོད་_100_,ཡོད་_100_,ཡོད་_100_,ཡོད་_100_,ཡོད་_100_,ཡོད་_100_,ཡོད་_100_,ཡོད་_100_
[པ་_100_],པ་_100_,པ་_100_,པ་_100_,པ་_100_,པ་_100_,པ་_100_,པ་_100_,པ་_100_
[མ་_100_],མ་_100_,མ་_100_,མ་_100_,མ་_100_,མ་_100_,མ་_100_,མ་_100_,མ་_100_
[ཡིན་_100_],ཡིན་_100_,ཡིན་_100_,ཡིན་_100_,ཡིན་_100_,ཡིན་_100_,ཡིན་_100_,ཡིན་_100_,ཡིན་_100_
[ནོ_100_],ནོ_100_,ནོ_100_,ནོ_100_,ནོ_100_,ནོ_100_,ནོ_100_,ནོ_100_,ནོ_100_
[། །​_88_],། །​_88_,། །​_88_,། །​_88_,། །​_88_,། །​_88_,། །​_88_,༑ །​_11_,། །​_88_
[མ་_100_],མ་_100_,མ་_100_,མ་_100_,མ་_100_,མ་_100_,མ་_100_,མ་_100_,མ་_100_
[ཡིན་_100_],ཡིན་_100_,ཡིན་_100_,ཡིན་_100_,ཡིན་_100_,ཡིན་_100_,ཡིན་_100_,ཡིན་_100_,ཡིན་_100_
[ཏེ་_100_],ཏེ་_100_,ཏེ་_100_,ཏེ་_100_,ཏེ་_100_,ཏེ་_100_,ཏེ་_100_,ཏེ་_100_,ཏེ་_100_
[ལྟོས་_100_],ལྟོས་_100_,ལྟོས་_100_,ལྟོས་_100_,ལྟོས་_100_,ལྟོས་_100_,ལྟོས་_100_,ལྟོས་_100_,ལྟོས་_100_
[པའི་_100_],པའི་_100_,པའི་_100_,པའི་_100_,པའི་_100_,པའི་_100_,པའི་_100_,པའི་_100_,པའི་_100_
[ཕྱིར་_100_],ཕྱིར་_100_,ཕྱིར་_100_,ཕྱིར་_100_,ཕྱིར་_100_,ཕྱིར་_100_,ཕྱིར་_100_,ཕྱིར་_100_,ཕྱིར་_100_
[རོ_100_],རོ_100_,རོ_100_,རོ_100_,རོ_100_,རོ_100_,རོ_100_,རོ_100_,རོ_100_
[། །​_100_],། །​_100_,། །​_100_,། །​_100_,། །​_100_,། །​_100_,། །​_100_,། །​_100_,། །​_100_
[འདོད་_100_],འདོད་_100_,འདོད་_100_,འདོད་_100_,འདོད་_100_,འདོད་_100_,འདོད་_100_,འདོད་_100_,འདོད་_100_
[པས་_100_],པས་_100_,པས་_100_,པས་_100_,པས་_100_,པས་_100_,པས་_100_,པས་_100_,པས་_100_
[ཡོད་_100_],ཡོད་_100_,ཡོད་_100_,ཡོད་_100_,ཡོད་_100_,ཡོད་_100_,ཡོད་_100_,ཡོད་_100_,ཡོད་_100_
[པ་_100_],པ་_100_,པ་_100_,པ་_100_,པ་_100_,པ་_100_,པ་_100_,པ་_100_,པ་_100_
[མ་_100_],མ་_100_,མ་_100_,མ་_100_,མ་_100_,མ་_100_,མ་_100_,མ་_100_,མ་_100_
[ཡིན་_100_],ཡིན་_100_,ཡིན་_100_,ཡིན་_100_,ཡིན་_100_,ཡིན་_100_,ཡིན་_100_,ཡིན་_100_,ཡིན་_100_
[ནོ_100_],ནོ_100_,ནོ_100_,ནོ_100_,ནོ_100_,ནོ_100_,ནོ_100_,ནོ_100_,ནོ_100_
[། །​_100_],། །​_100_,། །​_100_,། །​_100_,། །​_100_,། །​_100_,། །​_100_,། །​_100_,། །​_100_
[བརྡ་_100_],བརྡ་_100_,བརྡ་_100_,བརྡ་_100_,བརྡ་_100_,བརྡ་_100_,བརྡ་_100_,བརྡ་_100_,བརྡ་_100_
[མ་_100_],མ་_100_,མ་_100_,མ་_100_,མ་_100_,མ་_100_,མ་_100_,མ་_100_,མ་_100_
[གྲུབ་_100_],གྲུབ་_100_,གྲུབ་_100_,གྲུབ་_100_,གྲུབ་_100_,གྲུབ་_100_,གྲུབ་_100_,གྲུབ་_100_,གྲུབ་_100_
[བོ_77_],བོ_77_,བོ_77_,བོ_77_,བོ_77_,བོ_77_,བོ_77_,པོ_22_,པོ_22_
[། །​_100_],། །​_100_,། །​_100_,། །​_100_,། །​_100_,། །​_100_,། །​_100_,། །​_100_,། །​_100_
[གཏན་_100_],གཏན་_100_,གཏན་_100_,གཏན་_100_,གཏན་_100_,གཏན་_100_,གཏན་_100_,གཏན་_100_,གཏན་_100_
[ཚིགས་_100_],ཚིགས་_100_,ཚིགས་_100_,ཚིགས་_100_,ཚིགས་_100_,ཚིགས་_100_,ཚིགས་_100_,ཚིགས་_100_,ཚིགས་_100_
[དག་_100_],དག་_100_,དག་_100_,དག་_100_,དག་_100_,དག་_100_,དག་_100_,དག་_100_,དག་_100_
[དོན་_100_],དོན་_100_,དོན་_100_,དོན་_100_,དོན་_100_,དོན་_100_,དོན་_100_,དོན་_100_,དོན་_100_
[མེད་_100_],མེད་_100_,མེད་_100_,མེད་_100_,མེད་_100_,མེད་_100_,མེད་_100_,མེད་_100_,མེད་_100_
[དོ_100_],དོ_100_,དོ_100_,དོ_100_,དོ_100_,དོ_100_,དོ_100_,དོ_100_,དོ_100_
[། །​_100_],། །​_100_,། །​_100_,། །​_100_,། །​_100_,། །​_100_,། །​_100_,། །​_100_,། །​_100_
[རང་_100_],རང་_100_,རང་_100_,རང་_100_,རང་_100_,རང་_100_,རང་_100_,རང་_100_,རང་_100_
[བཞིན་_100_],བཞིན་_100_,བཞིན་_100_,བཞིན་_100_,བཞིན་_100_,བཞིན་_100_,བཞིན་_100_,བཞིན་_100_,བཞིན་_100_
[བརྗོད་_100_],བརྗོད་_100_,བརྗོད་_100_,བརྗོད་_100_,བརྗོད་_100_,བརྗོད་_100_,བརྗོད་_100_,བརྗོད་_100_,བརྗོད་_100_
[པར་_100_],པར་_100_,པར་_100_,པར་_100_,པར་_100_,པར་_100_,པར་_100_,པར་_100_,པར་_100_
[བྱའོ_100_],བྱའོ_100_,བྱའོ_100_,བྱའོ_100_,བྱའོ_100_,བྱའོ_100_,བྱའོ_100_,བྱའོ_100_,བྱའོ_100_
[། །​_100_],། །​_100_,། །​_100_,། །​_100_,། །​_100_,། །​_100_,། །​_100_,། །​_100_,། །​_100_
[གཅིག་_100_],གཅིག་_100_,གཅིག་_100_,གཅིག་_100_,གཅིག་_100_,གཅིག་_100_,གཅིག་_100_,གཅིག་_100_,གཅིག་_100_
[ཉིད་_100_],ཉིད་_100_,ཉིད་_100_,ཉིད་_100_,ཉིད་_100_,ཉིད་_100_,ཉིད་_100_,ཉིད་_100_,ཉིད་_100_
[ལ་_100_],ལ་_100_,ལ་_100_,ལ་_100_,ལ་_100_,ལ་_100_,ལ་_100_,ལ་_100_,ལ་_100_
[སྐྱོན་_100_],སྐྱོན་_100_,སྐྱོན་_100_,སྐྱོན་_100_,སྐྱོན་_100_,སྐྱོན་_100_,སྐྱོན་_100_,སྐྱོན་_100_,སྐྱོན་_100_
[ཡོད་_100_],ཡོད་_100_,ཡོད་_100_,ཡོད་_100_,ཡོད་_100_,ཡོད་_100_,ཡོད་_100_,ཡོད་_100_,ཡོད་_100_
[དོ_100_],དོ_100_,དོ_100_,དོ_100_,དོ_100_,དོ_100_,དོ_100_,དོ_100_,དོ_100_
[། །​_100_],། །​_100_,། །​_100_,། །​_100_,། །​_100_,། །​_100_,། །​_100_,། །​_100_,། །​_100_
[གཞན་_100_],གཞན་_100_,གཞན་_100_,གཞན་_100_,གཞན་_100_,གཞན་_100_,གཞན་_100_,གཞན་_100_,གཞན་_100_
[ཉིད་_100_],ཉིད་_100_,ཉིད་_100_,ཉིད་_100_,ཉིད་_100_,ཉིད་_100_,ཉིད་_100_,ཉིད་_100_,ཉིད་_100_
[ན་_100_],ན་_100_,ན་_100_,ན་_100_,ན་_100_,ན་_100_,ན་_100_,ན་_100_,ན་_100_
[དངོས་_100_],དངོས་_100_,དངོས་_100_,དངོས་_100_,དངོས་_100_,དངོས་_100_,དངོས་_100_,དངོས་_100_,དངོས་_100_
[པོ་_100_],པོ་_100_,པོ་_100_,པོ་_100_,པོ་_100_,པོ་_100_,པོ་_100_,པོ་_100_,པོ་_100_
[མེད་_100_],མེད་_100_,མེད་_100_,མེད་_100_,མེད་_100_,མེད་_100_,མེད་_100_,མེད་_100_,མེད་_100_
[པ་_100_],པ་_100_,པ་_100_,པ་_100_,པ་_100_,པ་_100_,པ་_100_,པ་_100_,པ་_100_
[ཡིན་_100_],ཡིན་_100_,ཡིན་_100_,ཡིན་_100_,ཡིན་_100_,ཡིན་_100_,ཡིན་_100_,ཡིན་_100_,ཡིན་_100_
[ནོ_100_],ནོ_100_,ནོ_100_,ནོ_100_,ནོ_100_,ནོ_100_,ནོ_100_,ནོ_100_,ནོ_100_
[། །​_100_],། །​_100_,། །​_100_,། །​_100_,། །​_100_,། །​_100_,། །​_100_,། །​_100_,། །​_100_
[འཛིན་_100_],འཛིན་_100_,འཛིན་_100_,འཛིན་_100_,འཛིན་_100_,འཛིན་_100_,འཛིན་_100_,འཛིན་_100_,འཛིན་_100_
[པར་_100_],པར་_100_,པར་_100_,པར་_100_,པར་_100_,པར་_100_,པར་_100_,པར་_100_,པར་_100_
[མི་_100_],མི་_100_,མི་_100_,མི་_100_,མི་_100_,མི་_100_,མི་_100_,མི་_100_,མི་_100_
[ནུས་_100_],ནུས་_100_,ནུས་_100_,ནུས་_100_,ནུས་_100_,ནུས་_100_,ནུས་_100_,ནུས་_100_,ནུས་_100_
[སོ_100_],སོ_100_,སོ_100_,སོ_100_,སོ_100_,སོ_100_,སོ_100_,སོ_100_,སོ_100_
[། །​_100_],། །​_100_,། །​_100_,། །​_100_,། །​_100_,། །​_100_,། །​_100_,། །​_100_,། །​_100_
[དངོས་_100_],དངོས་_100_,དངོས་_100_,དངོས་_100_,དངོས་_100_,དངོས་_100_,དངོས་_100_,དངོས་_100_,དངོས་_100_
[པོ་_100_],པོ་_100_,པོ་_100_,པོ་_100_,པོ་_100_,པོ་_100_,པོ་_100_,པོ་_100_,པོ་_100_
[མཐོང་_100_],མཐོང་_100_,མཐོང་_100_,མཐོང་_100_,མཐོང་_100_,མཐོང་_100_,མཐོང་_100_,མཐོང་_100_,མཐོང་_100_
[བ་_100_],བ་_100_,བ་_100_,བ་_100_,བ་_100_,བ་_100_,བ་_100_,བ་_100_,བ་_100_
[མ་_100_],མ་_100_,མ་_100_,མ་_100_,མ་_100_,མ་_100_,མ་_100_,མ་_100_,མ་_100_
[ཡིན་_100_],ཡིན་_100_,ཡིན་_100_,ཡིན་_100_,ཡིན་_100_,ཡིན་_100_,ཡིན་_100_,ཡིན་_100_,ཡིན་_100_
[ནོ_100_],ནོ_100_,ནོ_100_,ནོ_100_,ནོ_100_,ནོ_100_,ནོ_100_,ནོ_100_,ནོ_100_
[། །​_100_],། །​_100_,། །​_100_,། །​_100_,། །​_100_,། །​_100_,། །​_100_,། །​_100_,། །​_100_
[ཡོད་_100_],ཡོད་_100_,ཡོད་_100_,ཡོད་_100_,ཡོད་_100_,ཡོད་_100_,ཡོད་_100_,ཡོད་_100_,ཡོད་_100_
[པ་_100_],པ་_100_,པ་_100_,པ་_100_,པ་_100_,པ་_100_,པ་_100_,པ་_100_,པ་_100_
[ནི་_100_],ནི་_100_,ནི་_100_,ནི་_100_,ནི་_100_,ནི་_100_,ནི་_100_,ནི་_100_,ནི་_100_
[བྱ་_100_],བྱ་_100_,བྱ་_100_,བྱ་_100_,བྱ་_100_,བྱ་_100_,བྱ་_100_,བྱ་_100_,བྱ་_100_
[བ་_100_],བ་_100_,བ་_100_,བ་_100_,བ་_100_,བ་_100_,བ་_100_,བ་_100_,བ་_100_
[མ་_100_],མ་_100_,མ་_100_,མ་_100_,མ་_100_,མ་_100_,མ་_100_,མ་_100_,མ་_100_
[ཡིན་_100_],ཡིན་_100_,ཡིན་_100_,ཡིན་_100_,ཡིན་_100_,ཡིན་_100_,ཡིན་_100_,ཡིན་_100_,ཡིན་_100_
[ནོ_100_],ནོ_100_,ནོ_100_,ནོ_100_,ནོ_100_,ནོ_100_,ནོ_100_,ནོ_100_,ནོ_100_
[། །​_100_],། །​_100_,། །​_100_,། །​_100_,། །​_100_,། །​_100_,། །​_100_,། །​_100_,། །​_100_
[དེ་_100_],དེ་_100_,དེ་_100_,དེ་_100_,དེ་_100_,དེ་_100_,དེ་_100_,དེ་_100_,དེ་_100_
[དག་_100_],དག་_100_,དག་_100_,དག་_100_,དག་_100_,དག་_100_,དག་_100_,དག་_100_,དག་_100_
[ལ་_100_],ལ་_100_,ལ་_100_,ལ་_100_,ལ་_100_,ལ་_100_,ལ་_100_,ལ་_100_,ལ་_100_
[སྐྱེ་_100_],སྐྱེ་_100_,སྐྱེ་_100_,སྐྱེ་_100_,སྐྱེ་_100_,སྐྱེ་_100_,སྐྱེ་_100_,སྐྱེ་_100_,སྐྱེ་_100_
[བ་_100_],བ་_100_,བ་_100_,བ་_100_,བ་_100_,བ་_100_,བ་_100_,བ་_100_,བ་_100_
[མེད་_100_],མེད་_100_,མེད་_100_,མེད་_100_,མེད་_100_,མེད་_100_,མེད་_100_,མེད་_100_,མེད་_100_
[དོ_100_],དོ_100_,དོ_100_,དོ_100_,དོ_100_,དོ_100_,དོ_100_,དོ_100_,དོ_100_
[། །​_100_],། །​_100_,། །​_100_,། །​_100_,། །​_100_,། །​_100_,། །​_100_,། །​_100_,། །​_100_
[འདུས་_100_],འདུས་_100_,འདུས་_100_,འདུས་_100_,འདུས་_100_,འདུས་_100_,འདུས་_100_,འདུས་_100_,འདུས་_100_
[བྱས་_100_],བྱས་_100_,བྱས་_100_,བྱས་_100_,བྱས་_100_,བྱས་_100_,བྱས་_100_,བྱས་_100_,བྱས་_100_
[མེད་_100_],མེད་_100_,མེད་_100_,མེད་_100_,མེད་_100_,མེད་_100_,མེད་_100_,མེད་_100_,མེད་_100_
[དོ_100_],དོ_100_,དོ_100_,དོ_100_,དོ_100_,དོ_100_,དོ_100_,དོ_100_,དོ_100_
[། །​_100_],། །​_100_,། །​_100_,། །​_100_,། །​_100_,། །​_100_,། །​_100_,། །​_100_,། །​_100_
[ཕྱོགས་_100_],ཕྱོགས་_100_,ཕྱོགས་_100_,ཕྱོགས་_100_,ཕྱོགས་_100_,ཕྱོགས་_100_,ཕྱོགས་_100_,ཕྱོགས་_100_,ཕྱོགས་_100_
[གཅིག་_100_],གཅིག་_100_,གཅིག་_100_,གཅིག་_100_,གཅིག་_100_,གཅིག་_100_,གཅིག་_100_,གཅིག་_100_,གཅིག་_100_
[ཙམ་_100_],ཙམ་_100_,ཙམ་_100_,ཙམ་_100_,ཙམ་_100_,ཙམ་_100_,ཙམ་_100_,ཙམ་_100_,ཙམ་_100_
[མོ_100_],མོ_100_,མོ_100_,མོ_100_,མོ_100_,མོ_100_,མོ_100_,མོ_100_,མོ_100_
[། །​_100_],། །​_100_,། །​_100_,། །​_100_,། །​_100_,། །​_100_,། །​_100_,། །​_100_,། །​_100_
[རྨི་_100_],རྨི་_100_,རྨི་_100_,རྨི་_100_,རྨི་_100_,རྨི་_100_,རྨི་_100_,རྨི་_100_,རྨི་_100_
[ལམ་_100_],ལམ་_100_,ལམ་_100_,ལམ་_100_,ལམ་_100_,ལམ་_100_,ལམ་_100_,ལམ་_100_,ལམ་_100_
[དང་_100_],དང་_100_,དང་_100_,དང་_100_,དང་_100_,དང་_100_,དང་_100_,དང་_100_,དང་_100_
[མཚུངས་_100_],མཚུངས་_100_,མཚུངས་_100_,མཚུངས་_100_,མཚུངས་_100_,མཚུངས་_100_,མཚུངས་_100_,མཚུངས་_100_,མཚུངས་_100_
[སོ_100_],སོ_100_,སོ_100_,སོ_100_,སོ_100_,སོ_100_,སོ_100_,སོ_100_,སོ_100_
[། །​_100_],། །​_100_,། །​_100_,། །​_100_,། །​_100_,། །​_100_,། །​_100_,། །​_100_,། །​_100_
[མིང་_100_],མིང་_100_,མིང་_100_,མིང་_100_,མིང་_100_,མིང་_100_,མིང་_100_,མིང་_100_,མིང་_100_
[ནི་_100_],ནི་_100_,ནི་_100_,ནི་_100_,ནི་_100_,ནི་_100_,ནི་_100_,ནི་_100_,ནི་_100_
[དངོས་_100_],དངོས་_100_,དངོས་_100_,དངོས་_100_,དངོས་_100_,དངོས་_100_,དངོས་_100_,དངོས་_100_,དངོས་_100_
[པོ་_100_],པོ་_100_,པོ་_100_,པོ་_100_,པོ་_100_,པོ་_100_,པོ་_100_,པོ་_100_,པོ་_100_
[མ་_100_],མ་_100_,མ་_100_,མ་_100_,མ་_100_,མ་_100_,མ་_100_,མ་_100_,མ་_100_
[ཡིན་_100_],ཡིན་_100_,ཡིན་_100_,ཡིན་_100_,ཡིན་_100_,ཡིན་_100_,ཡིན་_100_,ཡིན་_100_,ཡིན་_100_
[ནོ_100_],ནོ_100_,ནོ_100_,ནོ_100_,ནོ_100_,ནོ_100_,ནོ_100_,ནོ_100_,ནོ_100_
[། །​_100_],། །​_100_,། །​_100_,། །​_100_,། །​_100_,། །​_100_,། །​_100_,། །​_100_,། །​_100_
[བསྒྲུབ་_100_],བསྒྲུབ་_100_,བསྒྲུབ་_100_,བསྒྲུབ་_100_,བསྒྲུབ་_100_,བསྒྲུབ་_100_,བསྒྲུབ་_100_,བསྒྲུབ་_100_,བསྒྲུབ་_100_
[བྱ་_100_],བྱ་_100_,བྱ་_100_,བྱ་_100_,བྱ་_100_,བྱ་_100_,བྱ་_100_,བྱ་_100_,བྱ་_100_
[དང་_100_],དང་_100_,དང་_100_,དང་_100_,དང་_100_,དང་_100_,དང་_100_,དང་_100_,དང་_100_
[མཚུངས་_100_],མཚུངས་_100_,མཚུངས་_100_,མཚུངས་_100_,མཚུངས་_100_,མཚུངས་_100_,མཚུངས་_100_,མཚུངས་_100_,མཚུངས་_100_
[སོ_100_],སོ_100_,སོ_100_,སོ_100_,སོ_100_,སོ_100_,སོ_100_,སོ_100_,སོ_100_
[། །​_77_],། །​_77_,། །​_77_,། །​_77_,། །​_77_,། །​_77_,། །​_77_,། །​ _22_,། །​ _22_
[ཡི་_100_],ཡི་_100_,ཡི་_100_,ཡི་_100_,ཡི་_100_,ཡི་_100_,ཡི་_100_,ཡི་_100_,ཡི་_100_
[གེ་_100_],གེ་_100_,གེ་_100_,གེ་_100_,གེ་_100_,གེ་_100_,གེ་_100_,གེ་_100_,གེ་_100_
[བརྒྱ་_100_],བརྒྱ་_100_,བརྒྱ་_100_,བརྒྱ་_100_,བརྒྱ་_100_,བརྒྱ་_100_,བརྒྱ་_100_,བརྒྱ་_100_,བརྒྱ་_100_
[པ་_88_],པ་_88_,པ་_88_,པ་_88_,པ་_88_,པ་_88_,པ་_88_,པ་_88_,པ ་_11_
[རྫོགས་_100_],རྫོགས་_100_,རྫོགས་_100_,རྫོགས་_100_,རྫོགས་_100_,རྫོགས་_100_,རྫོགས་_100_,རྫོགས་_100_,རྫོགས་_100_
[སོ_100_],སོ_100_,སོ_100_,སོ_100_,སོ_100_,སོ_100_,སོ_100_,སོ_100_,སོ_100_
[། །​ _44_],། །​ _44_,། །​ _44_,། །​ _44_,། །​_33_,། །​_33_,།_11_,།། །​།_11_,། །​_33_
