[༄༅། །​རྟེན་ཅིང་འབྲེལ་བར་འབྱུང་བའི་སྙིང་པོའི་ཚིག་ལེའུར་བྱས་པ།༄༅༅། །​_30_],༄༅། །​རྟེན་ཅིང་འབྲེལ་བར་འབྱུང་བའི་སྙིང་པོའི་ཚིག་ལེའུར་བྱས་པ།༄༅༅། །​_30_,༄༅། །​རྟེན་ཅིང་འབྲེལ་བར་འབྱུང་བའི་སྙིང་པོའི་ཚིག་ལེའུར་བྱས་པ།༄༅༅། །​_30_,༄༅། །​རྟེན་ཅིང་འབྲེལ་བར་འབྱུང་བའི་སྙིང་པོའི་ཚིག་ལེའུར་བྱས་པ།༄༅༅། །​_30_,༄༅༅། །​_15_,༄༅༅། །​_15_,རྟེན་ཅིང་འབྲེལ་པར་འབྱུང་བའི་སྙིང་པོའི་ཚིག་ལེའུར་བྱས་པ།_7_,རྟེན་ཅིང་འབྲེལ་བར་འབྱུང་བའི་སྙིང་པོའི་ཚིག་ལེའུར་བྱས་པ།        _7_,༄༅། །​རྟེན་ཅིང་འབྲེལ་བར་འབྱུང་བའི་སྙིང་པོའ་ཚིག་ལེའུར་བྱས་པ་བཞུགས་སོ། །​_7_,རྟེན་ཅིང་འབྲེལ་བར་འབྱུང་བའི་སྙིང་པོའི་ཚིག་ལེའུར་བྱས་པ། _7_,༅༅། །​_7_,རྟེན་ཅིང་འབྲེལ་བར་འབྱུང་བའི་སྙིང་པོའི་ཚིག་ལེའུར་བྱས་པ།_7_,༄༅། །​རྟེན་ཅིང་འབྲེལ་པར་འབྱུང་བའི་སྙིང་པོའི་ཚིག་ལེའུར་བྱས་པ།༄༅། །​_7_
[རྒྱ་_100_],རྒྱ་_100_,རྒྱ་_100_,རྒྱ་_100_,རྒྱ་_100_,རྒྱ་_100_,རྒྱ་_100_,རྒྱ་_100_,རྒྱ་_100_,རྒྱ་_100_,རྒྱ་_100_,རྒྱ་_100_,རྒྱ་_100_
[གར་_100_],གར་_100_,གར་_100_,གར་_100_,གར་_100_,གར་_100_,གར་_100_,གར་_100_,གར་_100_,གར་_100_,གར་_100_,གར་_100_,གར་_100_
[སྐད་_100_],སྐད་_100_,སྐད་_100_,སྐད་_100_,སྐད་_100_,སྐད་_100_,སྐད་_100_,སྐད་_100_,སྐད་_100_,སྐད་_100_,སྐད་_100_,སྐད་_100_,སྐད་_100_
[དུ_100_],དུ_100_,དུ_100_,དུ_100_,དུ_100_,དུ_100_,དུ_100_,དུ_100_,དུ_100_,དུ_100_,དུ_100_,དུ_100_,དུ_100_
[། _100_],། _100_,། _100_,། _100_,། _100_,། _100_,། _100_,། _100_,། _100_,། _100_,། _100_,། _100_,། _100_
[པྲ་_100_],པྲ་_100_,པྲ་_100_,པྲ་_100_,པྲ་_100_,པྲ་_100_,པྲ་_100_,པྲ་_100_,པྲ་_100_,པྲ་_100_,པྲ་_100_,པྲ་_100_,པྲ་_100_
[ཏི་ཏྱ་_76_],ཏི་ཏྱ་_76_,ཏི་ཏྱ་_76_,ཏི་ཏྱ་_76_,ཏི་ཏྱ་_76_,ཏི་ཏྱ་_76_,ཏི་ཏྱ་_76_,ཏི་ཟ་_15_,ཏཱི་ཏྱ་_7_,ཏི་ཟ་_15_,ཏི་ཏྱ་_76_,ཏི་ཏྱ་_76_,ཏི་ཏྱ་_76_
[ས་_100_],ས་_100_,ས་_100_,ས་_100_,ས་_100_,ས་_100_,ས་_100_,ས་_100_,ས་_100_,ས་_100_,ས་_100_,ས་_100_,ས་_100_
[མུཏྤ་_53_],མུཏྤ་_53_,མུཏྤཱ་_15_,མུཏྤཱ་_15_,མུཏྤ་_53_,མུཏྤ་_53_,མུཏྤ་_53_,མུ་ཚ་_15_,མུ་ཏྱཱ་_7_,མུ་ཚ་_15_,མུཏྤ་_53_,མུ་ཏྤ་_7_,མུཏྤ་_53_
[ད་_100_],ད་_100_,ད་_100_,ད་_100_,ད་_100_,ད་_100_,ད་_100_,ད་_100_,ད་_100_,ད་_100_,ད་_100_,ད་_100_,ད་_100_
[ཧྲྀ་_92_],ཧྲྀ་_92_,ཧྲྀ་_92_,ཧྲྀ་_92_,ཧྲྀ་_92_,ཧྲྀ་_92_,ཧྲྀ་_92_,ཧྲྀ་_92_,ཧྲྀ་_92_,ཧྲྀ་_92_,ཧྲྀ་_92_,ཧྲྀ་_92_,ཧྲི་_7_
[ད་_100_],ད་_100_,ད་_100_,ད་_100_,ད་_100_,ད་_100_,ད་_100_,ད་_100_,ད་_100_,ད་_100_,ད་_100_,ད་_100_,ད་_100_
[ཡ་_100_],ཡ་_100_,ཡ་_100_,ཡ་_100_,ཡ་_100_,ཡ་_100_,ཡ་_100_,ཡ་_100_,ཡ་_100_,ཡ་_100_,ཡ་_100_,ཡ་_100_,ཡ་_100_
[ཀཱ་_100_],ཀཱ་_100_,ཀཱ་_100_,ཀཱ་_100_,ཀཱ་_100_,ཀཱ་_100_,ཀཱ་_100_,ཀཱ་_100_,ཀཱ་_100_,ཀཱ་_100_,ཀཱ་_100_,ཀཱ་_100_,ཀཱ་_100_
[རི་_100_],རི་_100_,རི་_100_,རི་_100_,རི་_100_,རི་_100_,རི་_100_,རི་_100_,རི་_100_,རི་_100_,རི་_100_,རི་_100_,རི་_100_
[ཀཱ །​_46_],ཀཱ །​_46_,ཀཱ །​_46_,ཀཱ །​_46_,ཀཱ། _30_,ཀཱ། _30_,ཀཱ། _30_,ཀཱ།_23_,ཀཱ། _30_,ཀཱ།_23_,ཀཱ །​_46_,ཀཱ །​_46_,ཀཱ།_23_
[བོད་_100_],བོད་_100_,བོད་_100_,བོད་_100_,བོད་_100_,བོད་_100_,བོད་_100_,བོད་_100_,བོད་_100_,བོད་_100_,བོད་_100_,བོད་_100_,བོད་_100_
[སྐད་_100_],སྐད་_100_,སྐད་_100_,སྐད་_100_,སྐད་_100_,སྐད་_100_,སྐད་_100_,སྐད་_100_,སྐད་_100_,སྐད་_100_,སྐད་_100_,སྐད་_100_,སྐད་_100_
[དུ_100_],དུ_100_,དུ_100_,དུ_100_,དུ_100_,དུ_100_,དུ_100_,དུ_100_,དུ_100_,དུ_100_,དུ_100_,དུ_100_,དུ_100_
[། _92_],། _92_,། _92_,། _92_,། _92_,། _92_,། _92_,། _92_,། _92_,། _92_,། _92_,།  _7_,། _92_
[རྟེན་_100_],རྟེན་_100_,རྟེན་_100_,རྟེན་_100_,རྟེན་_100_,རྟེན་_100_,རྟེན་_100_,རྟེན་_100_,རྟེན་_100_,རྟེན་_100_,རྟེན་_100_,རྟེན་_100_,རྟེན་_100_
[ཅིང་_100_],ཅིང་_100_,ཅིང་_100_,ཅིང་_100_,ཅིང་_100_,ཅིང་_100_,ཅིང་_100_,ཅིང་_100_,ཅིང་_100_,ཅིང་_100_,ཅིང་_100_,ཅིང་_100_,ཅིང་_100_
[འབྲེལ་_100_],འབྲེལ་_100_,འབྲེལ་_100_,འབྲེལ་_100_,འབྲེལ་_100_,འབྲེལ་_100_,འབྲེལ་_100_,འབྲེལ་_100_,འབྲེལ་_100_,འབྲེལ་_100_,འབྲེལ་_100_,འབྲེལ་_100_,འབྲེལ་_100_
[པར་_76_],པར་_76_,པར་_76_,པར་_76_,པར་_76_,པར་_76_,པར་_76_,བར་_23_,བར་_23_,བར་_23_,པར་_76_,པར་_76_,པར་_76_
[འབྱུང་_100_],འབྱུང་_100_,འབྱུང་_100_,འབྱུང་_100_,འབྱུང་_100_,འབྱུང་_100_,འབྱུང་_100_,འབྱུང་_100_,འབྱུང་_100_,འབྱུང་_100_,འབྱུང་_100_,འབྱུང་_100_,འབྱུང་_100_
[བའི་_100_],བའི་_100_,བའི་_100_,བའི་_100_,བའི་_100_,བའི་_100_,བའི་_100_,བའི་_100_,བའི་_100_,བའི་_100_,བའི་_100_,བའི་_100_,བའི་_100_
[སྙིང་_100_],སྙིང་_100_,སྙིང་_100_,སྙིང་_100_,སྙིང་_100_,སྙིང་_100_,སྙིང་_100_,སྙིང་_100_,སྙིང་_100_,སྙིང་_100_,སྙིང་_100_,སྙིང་_100_,སྙིང་_100_
[པོའི་_92_],པོའི་_92_,པོའི་_92_,པོའི་_92_,པོའི་_92_,པོའི་_92_,པོའི་_92_,པོའི་_92_,པོའ་_7_,པོའི་_92_,པོའི་_92_,པོའི་_92_,པོའི་_92_
[ཚིག་_100_],ཚིག་_100_,ཚིག་_100_,ཚིག་_100_,ཚིག་_100_,ཚིག་_100_,ཚིག་_100_,ཚིག་_100_,ཚིག་_100_,ཚིག་_100_,ཚིག་_100_,ཚིག་_100_,ཚིག་_100_
[ལེའུར་_100_],ལེའུར་_100_,ལེའུར་_100_,ལེའུར་_100_,ལེའུར་_100_,ལེའུར་_100_,ལེའུར་_100_,ལེའུར་_100_,ལེའུར་_100_,ལེའུར་_100_,ལེའུར་_100_,ལེའུར་_100_,ལེའུར་_100_
[བྱས་_100_],བྱས་_100_,བྱས་_100_,བྱས་_100_,བྱས་_100_,བྱས་_100_,བྱས་_100_,བྱས་_100_,བྱས་_100_,བྱས་_100_,བྱས་_100_,བྱས་_100_,བྱས་_100_
[པ_100_],པ_100_,པ_100_,པ_100_,པ_100_,པ_100_,པ_100_,པ_100_,པ_100_,པ_100_,པ_100_,པ_100_,པ_100_
[། _92_],། _92_,། _92_,། _92_,། _92_,། _92_,། _92_,། _92_,། _92_,། _92_,། _92_,། _92_,།_7_
[འཇམ་_100_],འཇམ་_100_,འཇམ་_100_,འཇམ་_100_,འཇམ་_100_,འཇམ་_100_,འཇམ་_100_,འཇམ་_100_,འཇམ་_100_,འཇམ་_100_,འཇམ་_100_,འཇམ་_100_,འཇམ་_100_
[དཔལ་_100_],དཔལ་_100_,དཔལ་_100_,དཔལ་_100_,དཔལ་_100_,དཔལ་_100_,དཔལ་_100_,དཔལ་_100_,དཔལ་_100_,དཔལ་_100_,དཔལ་_100_,དཔལ་_100_,དཔལ་_100_
[གཞོན་_100_],གཞོན་_100_,གཞོན་_100_,གཞོན་_100_,གཞོན་_100_,གཞོན་_100_,གཞོན་_100_,གཞོན་_100_,གཞོན་_100_,གཞོན་_100_,གཞོན་_100_,གཞོན་_100_,གཞོན་_100_
[ནུར་_100_],ནུར་_100_,ནུར་_100_,ནུར་_100_,ནུར་_100_,ནུར་_100_,ནུར་_100_,ནུར་_100_,ནུར་_100_,ནུར་_100_,ནུར་_100_,ནུར་_100_,ནུར་_100_
[གྱུར་_100_],གྱུར་_100_,གྱུར་_100_,གྱུར་_100_,གྱུར་_100_,གྱུར་_100_,གྱུར་_100_,གྱུར་_100_,གྱུར་_100_,གྱུར་_100_,གྱུར་_100_,གྱུར་_100_,གྱུར་_100_
[པ་_100_],པ་_100_,པ་_100_,པ་_100_,པ་_100_,པ་_100_,པ་_100_,པ་_100_,པ་_100_,པ་_100_,པ་_100_,པ་_100_,པ་_100_
[ལ་_100_],ལ་_100_,ལ་_100_,ལ་_100_,ལ་_100_,ལ་_100_,ལ་_100_,ལ་_100_,ལ་_100_,ལ་_100_,ལ་_100_,ལ་_100_,ལ་_100_
[ཕྱག་_100_],ཕྱག་_100_,ཕྱག་_100_,ཕྱག་_100_,ཕྱག་_100_,ཕྱག་_100_,ཕྱག་_100_,ཕྱག་_100_,ཕྱག་_100_,ཕྱག་_100_,ཕྱག་_100_,ཕྱག་_100_,ཕྱག་_100_
[འཚལ་_100_],འཚལ་_100_,འཚལ་_100_,འཚལ་_100_,འཚལ་_100_,འཚལ་_100_,འཚལ་_100_,འཚལ་_100_,འཚལ་_100_,འཚལ་_100_,འཚལ་_100_,འཚལ་_100_,འཚལ་_100_
[ལོ_100_],ལོ_100_,ལོ_100_,ལོ_100_,ལོ_100_,ལོ_100_,ལོ_100_,ལོ_100_,ལོ_100_,ལོ_100_,ལོ_100_,ལོ_100_,ལོ_100_
[། །​_92_],། །​_92_,། །​_92_,། །​_92_,། །​_92_,། །​_92_,། །​_92_,། །​_92_,།།_7_,། །​_92_,། །​_92_,། །​_92_,། །​_92_
[ཡན་_100_],ཡན་_100_,ཡན་_100_,ཡན་_100_,ཡན་_100_,ཡན་_100_,ཡན་_100_,ཡན་_100_,ཡན་_100_,ཡན་_100_,ཡན་_100_,ཡན་_100_,ཡན་_100_
[ལག་_100_],ལག་_100_,ལག་_100_,ལག་_100_,ལག་_100_,ལག་_100_,ལག་_100_,ལག་_100_,ལག་_100_,ལག་_100_,ལག་_100_,ལག་_100_,ལག་_100_
[བྱེ་_100_],བྱེ་_100_,བྱེ་_100_,བྱེ་_100_,བྱེ་_100_,བྱེ་_100_,བྱེ་_100_,བྱེ་_100_,བྱེ་_100_,བྱེ་_100_,བྱེ་_100_,བྱེ་_100_,བྱེ་_100_
[བྲག་_100_],བྲག་_100_,བྲག་_100_,བྲག་_100_,བྲག་_100_,བྲག་_100_,བྲག་_100_,བྲག་_100_,བྲག་_100_,བྲག་_100_,བྲག་_100_,བྲག་_100_,བྲག་_100_
[བཅུ་_100_],བཅུ་_100_,བཅུ་_100_,བཅུ་_100_,བཅུ་_100_,བཅུ་_100_,བཅུ་_100_,བཅུ་_100_,བཅུ་_100_,བཅུ་_100_,བཅུ་_100_,བཅུ་_100_,བཅུ་_100_
[གཉིས་_100_],གཉིས་_100_,གཉིས་_100_,གཉིས་_100_,གཉིས་_100_,གཉིས་_100_,གཉིས་_100_,གཉིས་_100_,གཉིས་_100_,གཉིས་_100_,གཉིས་_100_,གཉིས་_100_,གཉིས་_100_
[གང་_100_],གང་_100_,གང་_100_,གང་_100_,གང་_100_,གང་_100_,གང་_100_,གང་_100_,གང་_100_,གང་_100_,གང་_100_,གང་_100_,གང་_100_
[། །​_100_],། །​_100_,། །​_100_,། །​_100_,། །​_100_,། །​_100_,། །​_100_,། །​_100_,། །​_100_,། །​_100_,། །​_100_,། །​_100_,། །​_100_
[ཐུབ་_100_],ཐུབ་_100_,ཐུབ་_100_,ཐུབ་_100_,ཐུབ་_100_,ཐུབ་_100_,ཐུབ་_100_,ཐུབ་_100_,ཐུབ་_100_,ཐུབ་_100_,ཐུབ་_100_,ཐུབ་_100_,ཐུབ་_100_
[པས་_100_],པས་_100_,པས་_100_,པས་_100_,པས་_100_,པས་_100_,པས་_100_,པས་_100_,པས་_100_,པས་_100_,པས་_100_,པས་_100_,པས་_100_
[རྟེན་_100_],རྟེན་_100_,རྟེན་_100_,རྟེན་_100_,རྟེན་_100_,རྟེན་_100_,རྟེན་_100_,རྟེན་_100_,རྟེན་_100_,རྟེན་_100_,རྟེན་_100_,རྟེན་_100_,རྟེན་_100_
[འབྱུང་_100_],འབྱུང་_100_,འབྱུང་_100_,འབྱུང་_100_,འབྱུང་_100_,འབྱུང་_100_,འབྱུང་_100_,འབྱུང་_100_,འབྱུང་_100_,འབྱུང་_100_,འབྱུང་_100_,འབྱུང་_100_,འབྱུང་_100_
[གསུངས་_100_],གསུངས་_100_,གསུངས་_100_,གསུངས་_100_,གསུངས་_100_,གསུངས་_100_,གསུངས་_100_,གསུངས་_100_,གསུངས་_100_,གསུངས་_100_,གསུངས་_100_,གསུངས་_100_,གསུངས་_100_
[དེ་_100_],དེ་_100_,དེ་_100_,དེ་_100_,དེ་_100_,དེ་_100_,དེ་_100_,དེ་_100_,དེ་_100_,དེ་_100_,དེ་_100_,དེ་_100_,དེ་_100_
[དག །​_92_],དག །​_92_,དག །​_92_,དག །​_92_,དག །​_92_,དག །​_92_,དག །​_92_,དག །​_92_,དག།_7_,དག །​_92_,དག །​_92_,དག །​_92_,དག །​_92_
[ཉོན་_100_],ཉོན་_100_,ཉོན་_100_,ཉོན་_100_,ཉོན་_100_,ཉོན་_100_,ཉོན་_100_,ཉོན་_100_,ཉོན་_100_,ཉོན་_100_,ཉོན་_100_,ཉོན་_100_,ཉོན་_100_
[མོངས་_100_],མོངས་_100_,མོངས་_100_,མོངས་_100_,མོངས་_100_,མོངས་_100_,མོངས་_100_,མོངས་_100_,མོངས་_100_,མོངས་_100_,མོངས་_100_,མོངས་_100_,མོངས་_100_
[ལས་_100_],ལས་_100_,ལས་_100_,ལས་_100_,ལས་_100_,ལས་_100_,ལས་_100_,ལས་_100_,ལས་_100_,ལས་_100_,ལས་_100_,ལས་_100_,ལས་_100_
[དང་_100_],དང་_100_,དང་_100_,དང་_100_,དང་_100_,དང་_100_,དང་_100_,དང་_100_,དང་_100_,དང་_100_,དང་_100_,དང་_100_,དང་_100_
[སྡུག་_100_],སྡུག་_100_,སྡུག་_100_,སྡུག་_100_,སྡུག་_100_,སྡུག་_100_,སྡུག་_100_,སྡུག་_100_,སྡུག་_100_,སྡུག་_100_,སྡུག་_100_,སྡུག་_100_,སྡུག་_100_
[བསྔལ་_100_],བསྔལ་_100_,བསྔལ་_100_,བསྔལ་_100_,བསྔལ་_100_,བསྔལ་_100_,བསྔལ་_100_,བསྔལ་_100_,བསྔལ་_100_,བསྔལ་_100_,བསྔལ་_100_,བསྔལ་_100_,བསྔལ་_100_
[དང་_100_],དང་_100_,དང་_100_,དང་_100_,དང་_100_,དང་_100_,དང་_100_,དང་_100_,དང་_100_,དང་_100_,དང་_100_,དང་_100_,དང་_100_
[། །​_100_],། །​_100_,། །​_100_,། །​_100_,། །​_100_,། །​_100_,། །​_100_,། །​_100_,། །​_100_,། །​_100_,། །​_100_,། །​_100_,། །​_100_
[གསུམ་_100_],གསུམ་_100_,གསུམ་_100_,གསུམ་_100_,གསུམ་_100_,གསུམ་_100_,གསུམ་_100_,གསུམ་_100_,གསུམ་_100_,གསུམ་_100_,གསུམ་_100_,གསུམ་_100_,གསུམ་_100_
[པོ་_100_],པོ་_100_,པོ་_100_,པོ་_100_,པོ་_100_,པོ་_100_,པོ་_100_,པོ་_100_,པོ་_100_,པོ་_100_,པོ་_100_,པོ་_100_,པོ་_100_
[དག་_100_],དག་_100_,དག་_100_,དག་_100_,དག་_100_,དག་_100_,དག་_100_,དག་_100_,དག་_100_,དག་_100_,དག་_100_,དག་_100_,དག་_100_
[ཏུ་_100_],ཏུ་_100_,ཏུ་_100_,ཏུ་_100_,ཏུ་_100_,ཏུ་_100_,ཏུ་_100_,ཏུ་_100_,ཏུ་_100_,ཏུ་_100_,ཏུ་_100_,ཏུ་_100_,ཏུ་_100_
[ཟད་_100_],ཟད་_100_,ཟད་_100_,ཟད་_100_,ཟད་_100_,ཟད་_100_,ཟད་_100_,ཟད་_100_,ཟད་_100_,ཟད་_100_,ཟད་_100_,ཟད་_100_,ཟད་_100_
[པར་_100_],པར་_100_,པར་_100_,པར་_100_,པར་_100_,པར་_100_,པར་_100_,པར་_100_,པར་_100_,པར་_100_,པར་_100_,པར་_100_,པར་_100_
[འདུས_100_],འདུས_100_,འདུས_100_,འདུས_100_,འདུས_100_,འདུས_100_,འདུས_100_,འདུས_100_,འདུས_100_,འདུས_100_,འདུས_100_,འདུས_100_,འདུས_100_
[། །​_92_],། །​_92_,། །​_92_,། །​_92_,། །​_92_,། །​_92_,། །​_92_,། །​_92_,།།_7_,། །​_92_,། །​_92_,། །​_92_,། །​_92_
[དང་_100_],དང་_100_,དང་_100_,དང་_100_,དང་_100_,དང་_100_,དང་_100_,དང་_100_,དང་_100_,དང་_100_,དང་_100_,དང་_100_,དང་_100_
[པོ་_100_],པོ་_100_,པོ་_100_,པོ་_100_,པོ་_100_,པོ་_100_,པོ་_100_,པོ་_100_,པོ་_100_,པོ་_100_,པོ་_100_,པོ་_100_,པོ་_100_
[བརྒྱད་_100_],བརྒྱད་_100_,བརྒྱད་_100_,བརྒྱད་_100_,བརྒྱད་_100_,བརྒྱད་_100_,བརྒྱད་_100_,བརྒྱད་_100_,བརྒྱད་_100_,བརྒྱད་_100_,བརྒྱད་_100_,བརྒྱད་_100_,བརྒྱད་_100_
[དང་_92_],དང་_92_,པ་_7_,དང་_92_,དང་_92_,དང་_92_,དང་_92_,དང་_92_,དང་_92_,དང་_92_,དང་_92_,དང་_92_,དང་_92_
[དགུ་_100_],དགུ་_100_,དགུ་_100_,དགུ་_100_,དགུ་_100_,དགུ་_100_,དགུ་_100_,དགུ་_100_,དགུ་_100_,དགུ་_100_,དགུ་_100_,དགུ་_100_,དགུ་_100_
[ཉོན་_100_],ཉོན་_100_,ཉོན་_100_,ཉོན་_100_,ཉོན་_100_,ཉོན་_100_,ཉོན་_100_,ཉོན་_100_,ཉོན་_100_,ཉོན་_100_,ཉོན་_100_,ཉོན་_100_,ཉོན་_100_
[མོངས_100_],མོངས_100_,མོངས_100_,མོངས_100_,མོངས_100_,མོངས_100_,མོངས_100_,མོངས_100_,མོངས_100_,མོངས_100_,མོངས_100_,མོངས_100_,མོངས_100_
[། །​_92_],། །​_92_,། །​_92_,། །​_92_,། །​_92_,། །​_92_,། །​_92_,། །​_92_,། །​ _7_,། །​_92_,། །​_92_,། །​_92_,། །​_92_
[གཉིས་_100_],གཉིས་_100_,གཉིས་_100_,གཉིས་_100_,གཉིས་_100_,གཉིས་_100_,གཉིས་_100_,གཉིས་_100_,གཉིས་_100_,གཉིས་_100_,གཉིས་_100_,གཉིས་_100_,གཉིས་_100_
[དང་_100_],དང་_100_,དང་_100_,དང་_100_,དང་_100_,དང་_100_,དང་_100_,དང་_100_,དང་_100_,དང་_100_,དང་_100_,དང་_100_,དང་_100_
[བཅུ་_100_],བཅུ་_100_,བཅུ་_100_,བཅུ་_100_,བཅུ་_100_,བཅུ་_100_,བཅུ་_100_,བཅུ་_100_,བཅུ་_100_,བཅུ་_100_,བཅུ་_100_,བཅུ་_100_,བཅུ་_100_
[པ་_100_],པ་_100_,པ་_100_,པ་_100_,པ་_100_,པ་_100_,པ་_100_,པ་_100_,པ་_100_,པ་_100_,པ་_100_,པ་_100_,པ་_100_
[ལས་_100_],ལས་_100_,ལས་_100_,ལས་_100_,ལས་_100_,ལས་_100_,ལས་_100_,ལས་_100_,ལས་_100_,ལས་_100_,ལས་_100_,ལས་_100_,ལས་_100_
[ཡིན་_100_],ཡིན་_100_,ཡིན་_100_,ཡིན་_100_,ཡིན་_100_,ཡིན་_100_,ཡིན་_100_,ཡིན་_100_,ཡིན་_100_,ཡིན་_100_,ཡིན་_100_,ཡིན་_100_,ཡིན་_100_
[ཏེ། །​_92_],ཏེ། །​_92_,ཏེ། །​_92_,ཏེ། །​_92_,ཏེ། །​_92_,ཏེ། །​_92_,ཏེ། །​_92_,ཏེ། །​_92_,ཏེ །​ །​_7_,ཏེ། །​_92_,ཏེ། །​_92_,ཏེ། །​_92_,ཏེ། །​_92_
[ལྷག་_100_],ལྷག་_100_,ལྷག་_100_,ལྷག་_100_,ལྷག་_100_,ལྷག་_100_,ལྷག་_100_,ལྷག་_100_,ལྷག་_100_,ལྷག་_100_,ལྷག་_100_,ལྷག་_100_,ལྷག་_100_
[མ་_100_],མ་_100_,མ་_100_,མ་_100_,མ་_100_,མ་_100_,མ་_100_,མ་_100_,མ་_100_,མ་_100_,མ་_100_,མ་_100_,མ་_100_
[བདུན་_100_],བདུན་_100_,བདུན་_100_,བདུན་_100_,བདུན་_100_,བདུན་_100_,བདུན་_100_,བདུན་_100_,བདུན་_100_,བདུན་_100_,བདུན་_100_,བདུན་_100_,བདུན་_100_
[ཡང་_100_],ཡང་_100_,ཡང་_100_,ཡང་_100_,ཡང་_100_,ཡང་_100_,ཡང་_100_,ཡང་_100_,ཡང་_100_,ཡང་_100_,ཡང་_100_,ཡང་_100_,ཡང་_100_
[སྡུག་_100_],སྡུག་_100_,སྡུག་_100_,སྡུག་_100_,སྡུག་_100_,སྡུག་_100_,སྡུག་_100_,སྡུག་_100_,སྡུག་_100_,སྡུག་_100_,སྡུག་_100_,སྡུག་_100_,སྡུག་_100_
[བསྔལ་_100_],བསྔལ་_100_,བསྔལ་_100_,བསྔལ་_100_,བསྔལ་_100_,བསྔལ་_100_,བསྔལ་_100_,བསྔལ་_100_,བསྔལ་_100_,བསྔལ་_100_,བསྔལ་_100_,བསྔལ་_100_,བསྔལ་_100_
[ཡིན_100_],ཡིན_100_,ཡིན_100_,ཡིན_100_,ཡིན_100_,ཡིན_100_,ཡིན_100_,ཡིན_100_,ཡིན_100_,ཡིན_100_,ཡིན_100_,ཡིན_100_,ཡིན_100_
[། །​_100_],། །​_100_,། །​_100_,། །​_100_,། །​_100_,། །​_100_,། །​_100_,། །​_100_,། །​_100_,། །​_100_,། །​_100_,། །​_100_,། །​_100_
[བཅུ་_100_],བཅུ་_100_,བཅུ་_100_,བཅུ་_100_,བཅུ་_100_,བཅུ་_100_,བཅུ་_100_,བཅུ་_100_,བཅུ་_100_,བཅུ་_100_,བཅུ་_100_,བཅུ་_100_,བཅུ་_100_
[གཉིས་_100_],གཉིས་_100_,གཉིས་_100_,གཉིས་_100_,གཉིས་_100_,གཉིས་_100_,གཉིས་_100_,གཉིས་_100_,གཉིས་_100_,གཉིས་_100_,གཉིས་_100_,གཉིས་_100_,གཉིས་_100_
[ཆོས་_100_],ཆོས་_100_,ཆོས་_100_,ཆོས་_100_,ཆོས་_100_,ཆོས་_100_,ཆོས་_100_,ཆོས་_100_,ཆོས་_100_,ཆོས་_100_,ཆོས་_100_,ཆོས་_100_,ཆོས་_100_
[ནི་_100_],ནི་_100_,ནི་_100_,ནི་_100_,ནི་_100_,ནི་_100_,ནི་_100_,ནི་_100_,ནི་_100_,ནི་_100_,ནི་_100_,ནི་_100_,ནི་_100_
[གསུམ་_100_],གསུམ་_100_,གསུམ་_100_,གསུམ་_100_,གསུམ་_100_,གསུམ་_100_,གསུམ་_100_,གསུམ་_100_,གསུམ་_100_,གསུམ་_100_,གསུམ་_100_,གསུམ་_100_,གསུམ་_100_
[དུ་_100_],དུ་_100_,དུ་_100_,དུ་_100_,དུ་_100_,དུ་_100_,དུ་_100_,དུ་_100_,དུ་_100_,དུ་_100_,དུ་_100_,དུ་_100_,དུ་_100_
[འདུས_100_],འདུས_100_,འདུས_100_,འདུས_100_,འདུས_100_,འདུས_100_,འདུས_100_,འདུས_100_,འདུས_100_,འདུས_100_,འདུས_100_,འདུས_100_,འདུས_100_
[། །​_92_],། །​_92_,། །​_92_,། །​_92_,། །​_92_,། །​_92_,། །​_92_,། །​_92_,།།_7_,། །​_92_,། །​_92_,། །​_92_,། །​_92_
[གསུམ་_100_],གསུམ་_100_,གསུམ་_100_,གསུམ་_100_,གསུམ་_100_,གསུམ་_100_,གསུམ་_100_,གསུམ་_100_,གསུམ་_100_,གསུམ་_100_,གསུམ་_100_,གསུམ་_100_,གསུམ་_100_
[པོ་_100_],པོ་_100_,པོ་_100_,པོ་_100_,པོ་_100_,པོ་_100_,པོ་_100_,པོ་_100_,པོ་_100_,པོ་_100_,པོ་_100_,པོ་_100_,པོ་_100_
[དག་_84_],དག་_84_,དག་_84_,དག་_84_,དག་_84_,དག་_84_,དག་_84_,དག _15_,དག་_84_,དག _15_,དག་_84_,དག་_84_,དག་_84_
[ལས་_100_],ལས་_100_,ལས་_100_,ལས་_100_,ལས་_100_,ལས་_100_,ལས་_100_,ལས་_100_,ལས་_100_,ལས་_100_,ལས་_100_,ལས་_100_,ལས་_100_
[གཉིས་_100_],གཉིས་_100_,གཉིས་_100_,གཉིས་_100_,གཉིས་_100_,གཉིས་_100_,གཉིས་_100_,གཉིས་_100_,གཉིས་_100_,གཉིས་_100_,གཉིས་_100_,གཉིས་_100_,གཉིས་_100_
[འབྱུང་_100_],འབྱུང་_100_,འབྱུང་_100_,འབྱུང་_100_,འབྱུང་_100_,འབྱུང་_100_,འབྱུང་_100_,འབྱུང་_100_,འབྱུང་_100_,འབྱུང་_100_,འབྱུང་_100_,འབྱུང་_100_,འབྱུང་_100_
[སྟེ_100_],སྟེ_100_,སྟེ_100_,སྟེ_100_,སྟེ_100_,སྟེ_100_,སྟེ_100_,སྟེ_100_,སྟེ_100_,སྟེ_100_,སྟེ_100_,སྟེ_100_,སྟེ_100_
[། །​_100_],། །​_100_,། །​_100_,། །​_100_,། །​_100_,། །​_100_,། །​_100_,། །​_100_,། །​_100_,། །​_100_,། །​_100_,། །​_100_,། །​_100_
[གཉིས་_100_],གཉིས་_100_,གཉིས་_100_,གཉིས་_100_,གཉིས་_100_,གཉིས་_100_,གཉིས་_100_,གཉིས་_100_,གཉིས་_100_,གཉིས་_100_,གཉིས་_100_,གཉིས་_100_,གཉིས་_100_
[ལས་_100_],ལས་_100_,ལས་_100_,ལས་_100_,ལས་_100_,ལས་_100_,ལས་_100_,ལས་_100_,ལས་_100_,ལས་_100_,ལས་_100_,ལས་_100_,ལས་_100_
[བདུན་_100_],བདུན་_100_,བདུན་_100_,བདུན་_100_,བདུན་_100_,བདུན་_100_,བདུན་_100_,བདུན་_100_,བདུན་_100_,བདུན་_100_,བདུན་_100_,བདུན་_100_,བདུན་_100_
[འབྱུང་_100_],འབྱུང་_100_,འབྱུང་_100_,འབྱུང་_100_,འབྱུང་_100_,འབྱུང་_100_,འབྱུང་_100_,འབྱུང་_100_,འབྱུང་_100_,འབྱུང་_100_,འབྱུང་_100_,འབྱུང་_100_,འབྱུང་_100_
[བདུན་_100_],བདུན་_100_,བདུན་_100_,བདུན་_100_,བདུན་_100_,བདུན་_100_,བདུན་_100_,བདུན་_100_,བདུན་_100_,བདུན་_100_,བདུན་_100_,བདུན་_100_,བདུན་_100_
[ལས་_100_],ལས་_100_,ལས་_100_,ལས་_100_,ལས་_100_,ལས་_100_,ལས་_100_,ལས་_100_,ལས་_100_,ལས་_100_,ལས་_100_,ལས་_100_,ལས་_100_
[ཀྱང་_100_],ཀྱང་_100_,ཀྱང་_100_,ཀྱང་_100_,ཀྱང་_100_,ཀྱང་_100_,ཀྱང་_100_,ཀྱང་_100_,ཀྱང་_100_,ཀྱང་_100_,ཀྱང་_100_,ཀྱང་_100_,ཀྱང་_100_
[། །​_92_],། །​_92_,། །​_92_,། །​_92_,། །​_92_,། །​_92_,། །​_92_,། །​_92_,།།_7_,། །​_92_,། །​_92_,། །​_92_,། །​_92_
[གསུམ་_100_],གསུམ་_100_,གསུམ་_100_,གསུམ་_100_,གསུམ་_100_,གསུམ་_100_,གསུམ་_100_,གསུམ་_100_,གསུམ་_100_,གསུམ་_100_,གསུམ་_100_,གསུམ་_100_,གསུམ་_100_
[འབྱུང་_100_],འབྱུང་_100_,འབྱུང་_100_,འབྱུང་_100_,འབྱུང་_100_,འབྱུང་_100_,འབྱུང་_100_,འབྱུང་_100_,འབྱུང་_100_,འབྱུང་_100_,འབྱུང་_100_,འབྱུང་_100_,འབྱུང་_100_
[སྲིད་_100_],སྲིད་_100_,སྲིད་_100_,སྲིད་_100_,སྲིད་_100_,སྲིད་_100_,སྲིད་_100_,སྲིད་_100_,སྲིད་_100_,སྲིད་_100_,སྲིད་_100_,སྲིད་_100_,སྲིད་_100_
[པའི་_100_],པའི་_100_,པའི་_100_,པའི་_100_,པའི་_100_,པའི་_100_,པའི་_100_,པའི་_100_,པའི་_100_,པའི་_100_,པའི་_100_,པའི་_100_,པའི་_100_
[འཁོར་_100_],འཁོར་_100_,འཁོར་_100_,འཁོར་_100_,འཁོར་_100_,འཁོར་_100_,འཁོར་_100_,འཁོར་_100_,འཁོར་_100_,འཁོར་_100_,འཁོར་_100_,འཁོར་_100_,འཁོར་_100_
[ལོ་_100_],ལོ་_100_,ལོ་_100_,ལོ་_100_,ལོ་_100_,ལོ་_100_,ལོ་_100_,ལོ་_100_,ལོ་_100_,ལོ་_100_,ལོ་_100_,ལོ་_100_,ལོ་_100_
[དེ_100_],དེ_100_,དེ_100_,དེ_100_,དེ_100_,དེ_100_,དེ_100_,དེ_100_,དེ_100_,དེ_100_,དེ_100_,དེ_100_,དེ_100_
[། །​_100_],། །​_100_,། །​_100_,། །​_100_,། །​_100_,། །​_100_,། །​_100_,། །​_100_,། །​_100_,། །​_100_,། །​_100_,། །​_100_,། །​_100_
[ཉིད་_100_],ཉིད་_100_,ཉིད་_100_,ཉིད་_100_,ཉིད་_100_,ཉིད་_100_,ཉིད་_100_,ཉིད་_100_,ཉིད་_100_,ཉིད་_100_,ཉིད་_100_,ཉིད་_100_,ཉིད་_100_
[ནི་_100_],ནི་_100_,ནི་_100_,ནི་_100_,ནི་_100_,ནི་_100_,ནི་_100_,ནི་_100_,ནི་_100_,ནི་_100_,ནི་_100_,ནི་_100_,ནི་_100_
[ཡང་_100_],ཡང་_100_,ཡང་_100_,ཡང་_100_,ཡང་_100_,ཡང་_100_,ཡང་_100_,ཡང་_100_,ཡང་_100_,ཡང་_100_,ཡང་_100_,ཡང་_100_,ཡང་_100_
[དང་_100_],དང་_100_,དང་_100_,དང་_100_,དང་_100_,དང་_100_,དང་_100_,དང་_100_,དང་_100_,དང་_100_,དང་_100_,དང་_100_,དང་_100_
[ཡང་_100_],ཡང་_100_,ཡང་_100_,ཡང་_100_,ཡང་_100_,ཡང་_100_,ཡང་_100_,ཡང་_100_,ཡང་_100_,ཡང་_100_,ཡང་_100_,ཡང་_100_,ཡང་_100_
[དུ་_100_],དུ་_100_,དུ་_100_,དུ་_100_,དུ་_100_,དུ་_100_,དུ་_100_,དུ་_100_,དུ་_100_,དུ་_100_,དུ་_100_,དུ་_100_,དུ་_100_
[འཁོར_100_],འཁོར_100_,འཁོར_100_,འཁོར_100_,འཁོར_100_,འཁོར_100_,འཁོར_100_,འཁོར_100_,འཁོར_100_,འཁོར_100_,འཁོར_100_,འཁོར_100_,འཁོར_100_
[། །​_92_],། །​_92_,། །​_92_,། །​_92_,། །​_92_,། །​_92_,། །​_92_,། །​_92_,།།_7_,། །​_92_,། །​_92_,། །​_92_,། །​_92_
[འགྲོ་_100_],འགྲོ་_100_,འགྲོ་_100_,འགྲོ་_100_,འགྲོ་_100_,འགྲོ་_100_,འགྲོ་_100_,འགྲོ་_100_,འགྲོ་_100_,འགྲོ་_100_,འགྲོ་_100_,འགྲོ་_100_,འགྲོ་_100_
[ཀུན་_100_],ཀུན་_100_,ཀུན་_100_,ཀུན་_100_,ཀུན་_100_,ཀུན་_100_,ཀུན་_100_,ཀུན་_100_,ཀུན་_100_,ཀུན་_100_,ཀུན་_100_,ཀུན་_100_,ཀུན་_100_
[རྒྱུ་_100_],རྒྱུ་_100_,རྒྱུ་_100_,རྒྱུ་_100_,རྒྱུ་_100_,རྒྱུ་_100_,རྒྱུ་_100_,རྒྱུ་_100_,རྒྱུ་_100_,རྒྱུ་_100_,རྒྱུ་_100_,རྒྱུ་_100_,རྒྱུ་_100_
[དང་_100_],དང་_100_,དང་_100_,དང་_100_,དང་_100_,དང་_100_,དང་_100_,དང་_100_,དང་_100_,དང་_100_,དང་_100_,དང་_100_,དང་_100_
[འབྲས་_100_],འབྲས་_100_,འབྲས་_100_,འབྲས་_100_,འབྲས་_100_,འབྲས་_100_,འབྲས་_100_,འབྲས་_100_,འབྲས་_100_,འབྲས་_100_,འབྲས་_100_,འབྲས་_100_,འབྲས་_100_
[བུ་_100_],བུ་_100_,བུ་_100_,བུ་_100_,བུ་_100_,བུ་_100_,བུ་_100_,བུ་_100_,བུ་_100_,བུ་_100_,བུ་_100_,བུ་_100_,བུ་_100_
[སྟེ_100_],སྟེ_100_,སྟེ_100_,སྟེ_100_,སྟེ_100_,སྟེ_100_,སྟེ_100_,སྟེ_100_,སྟེ_100_,སྟེ_100_,སྟེ_100_,སྟེ_100_,སྟེ_100_
[། །​_100_],། །​_100_,། །​_100_,། །​_100_,། །​_100_,། །​_100_,། །​_100_,། །​_100_,། །​_100_,། །​_100_,། །​_100_,། །​_100_,། །​_100_
[འདི་_100_],འདི་_100_,འདི་_100_,འདི་_100_,འདི་_100_,འདི་_100_,འདི་_100_,འདི་_100_,འདི་_100_,འདི་_100_,འདི་_100_,འདི་_100_,འདི་_100_
[ལ་_100_],ལ་_100_,ལ་_100_,ལ་_100_,ལ་_100_,ལ་_100_,ལ་_100_,ལ་_100_,ལ་_100_,ལ་_100_,ལ་_100_,ལ་_100_,ལ་_100_
[སེམས་_100_],སེམས་_100_,སེམས་_100_,སེམས་_100_,སེམས་_100_,སེམས་_100_,སེམས་_100_,སེམས་_100_,སེམས་_100_,སེམས་_100_,སེམས་_100_,སེམས་_100_,སེམས་_100_
[ཅན་_100_],ཅན་_100_,ཅན་_100_,ཅན་_100_,ཅན་_100_,ཅན་_100_,ཅན་_100_,ཅན་_100_,ཅན་_100_,ཅན་_100_,ཅན་_100_,ཅན་_100_,ཅན་_100_
[ཅི་_100_],ཅི་_100_,ཅི་_100_,ཅི་_100_,ཅི་_100_,ཅི་_100_,ཅི་_100_,ཅི་_100_,ཅི་_100_,ཅི་_100_,ཅི་_100_,ཅི་_100_,ཅི་_100_
[ཡང་_100_],ཡང་_100_,ཡང་_100_,ཡང་_100_,ཡང་_100_,ཡང་_100_,ཡང་_100_,ཡང་_100_,ཡང་_100_,ཡང་_100_,ཡང་_100_,ཡང་_100_,ཡང་_100_
[མེད_100_],མེད_100_,མེད_100_,མེད_100_,མེད_100_,མེད_100_,མེད_100_,མེད_100_,མེད_100_,མེད_100_,མེད_100_,མེད_100_,མེད_100_
[། །​_92_],། །​_92_,། །​_92_,། །​_92_,། །​_92_,། །​_92_,། །​_92_,། །​_92_,།།_7_,། །​_92_,། །​_92_,། །​_92_,། །​_92_
[སྟོང་_100_],སྟོང་_100_,སྟོང་_100_,སྟོང་_100_,སྟོང་_100_,སྟོང་_100_,སྟོང་_100_,སྟོང་_100_,སྟོང་_100_,སྟོང་_100_,སྟོང་_100_,སྟོང་_100_,སྟོང་_100_
[པ་_100_],པ་_100_,པ་_100_,པ་_100_,པ་_100_,པ་_100_,པ་_100_,པ་_100_,པ་_100_,པ་_100_,པ་_100_,པ་_100_,པ་_100_
[ཁོ་_100_],ཁོ་_100_,ཁོ་_100_,ཁོ་_100_,ཁོ་_100_,ཁོ་_100_,ཁོ་_100_,ཁོ་_100_,ཁོ་_100_,ཁོ་_100_,ཁོ་_100_,ཁོ་_100_,ཁོ་_100_
[ནའི་_100_],ནའི་_100_,ནའི་_100_,ནའི་_100_,ནའི་_100_,ནའི་_100_,ནའི་_100_,ནའི་_100_,ནའི་_100_,ནའི་_100_,ནའི་_100_,ནའི་_100_,ནའི་_100_
[ཆོས་_100_],ཆོས་_100_,ཆོས་_100_,ཆོས་_100_,ཆོས་_100_,ཆོས་_100_,ཆོས་_100_,ཆོས་_100_,ཆོས་_100_,ཆོས་_100_,ཆོས་_100_,ཆོས་_100_,ཆོས་_100_
[རྣམས་_100_],རྣམས་_100_,རྣམས་_100_,རྣམས་_100_,རྣམས་_100_,རྣམས་_100_,རྣམས་_100_,རྣམས་_100_,རྣམས་_100_,རྣམས་_100_,རྣམས་_100_,རྣམས་_100_,རྣམས་_100_
[ལས_100_],ལས_100_,ལས_100_,ལས_100_,ལས_100_,ལས_100_,ལས_100_,ལས_100_,ལས_100_,ལས_100_,ལས_100_,ལས_100_,ལས_100_
[། །​_100_],། །​_100_,། །​_100_,། །​_100_,། །​_100_,། །​_100_,། །​_100_,། །​_100_,། །​_100_,། །​_100_,། །​_100_,། །​_100_,། །​_100_
[སྟོང་_100_],སྟོང་_100_,སྟོང་_100_,སྟོང་_100_,སྟོང་_100_,སྟོང་_100_,སྟོང་_100_,སྟོང་_100_,སྟོང་_100_,སྟོང་_100_,སྟོང་_100_,སྟོང་_100_,སྟོང་_100_
[པའི་_100_],པའི་_100_,པའི་_100_,པའི་_100_,པའི་_100_,པའི་_100_,པའི་_100_,པའི་_100_,པའི་_100_,པའི་_100_,པའི་_100_,པའི་_100_,པའི་_100_
[ཆོས་_100_],ཆོས་_100_,ཆོས་_100_,ཆོས་_100_,ཆོས་_100_,ཆོས་_100_,ཆོས་_100_,ཆོས་_100_,ཆོས་_100_,ཆོས་_100_,ཆོས་_100_,ཆོས་_100_,ཆོས་_100_
[རྣམས་_100_],རྣམས་_100_,རྣམས་_100_,རྣམས་_100_,རྣམས་_100_,རྣམས་_100_,རྣམས་_100_,རྣམས་_100_,རྣམས་_100_,རྣམས་_100_,རྣམས་_100_,རྣམས་_100_,རྣམས་_100_
[འབྱུང་_100_],འབྱུང་_100_,འབྱུང་_100_,འབྱུང་_100_,འབྱུང་_100_,འབྱུང་_100_,འབྱུང་_100_,འབྱུང་_100_,འབྱུང་_100_,འབྱུང་_100_,འབྱུང་_100_,འབྱུང་_100_,འབྱུང་_100_
[བ་_92_],བ་_92_,བ་_92_,བ་_92_,བ་_92_,བ་_92_,བ་_92_,བ་_92_,བར་_7_,བ་_92_,བ་_92_,བ་_92_,བ་_92_
[ཟད_100_],ཟད_100_,ཟད_100_,ཟད_100_,ཟད_100_,ཟད_100_,ཟད_100_,ཟད_100_,ཟད_100_,ཟད_100_,ཟད_100_,ཟད_100_,ཟད_100_
[། །​_84_],། །​_84_,། །​_84_,། །​_84_,། །​_84_,། །​_84_,། །​_84_,། །​_84_,།།_7_,། །​_84_,། །​_84_,། །​_84_,། །​་_7_
[བདག་_100_],བདག་_100_,བདག་_100_,བདག་_100_,བདག་_100_,བདག་_100_,བདག་_100_,བདག་_100_,བདག་_100_,བདག་_100_,བདག་_100_,བདག་_100_,བདག་_100_
[དང་_100_],དང་_100_,དང་_100_,དང་_100_,དང་_100_,དང་_100_,དང་_100_,དང་_100_,དང་_100_,དང་_100_,དང་_100_,དང་_100_,དང་_100_
[བདག་_100_],བདག་_100_,བདག་_100_,བདག་_100_,བདག་_100_,བདག་_100_,བདག་_100_,བདག་_100_,བདག་_100_,བདག་_100_,བདག་_100_,བདག་_100_,བདག་_100_
[གི་_100_],གི་_100_,གི་_100_,གི་_100_,གི་_100_,གི་_100_,གི་_100_,གི་_100_,གི་_100_,གི་_100_,གི་_100_,གི་_100_,གི་_100_
[མེད་_92_],མེད་_92_,མེད་_92_,མེད་_92_,མེད་_92_,མེད་_92_,མེད་_92_,མེད་_92_,མེད་_92_,མེད་_92_,མེད་_92_,མེད་_92_,མེད་ རྟེན་ཅིང་འབྲེལ་པར་འབྱུང་བའི་སྙིང་པོའི་ཚིག་ལེའུར་བྱས་པ།_7_
[པའི་_100_],པའི་_100_,པའི་_100_,པའི་_100_,པའི་_100_,པའི་_100_,པའི་_100_,པའི་_100_,པའི་_100_,པའི་_100_,པའི་_100_,པའི་_100_,པའི་_100_
[ཆོས། །​_92_],ཆོས། །​_92_,ཆོས། །​_92_,ཆོས། །​_92_,ཆོས། །​_92_,ཆོས། །​_92_,ཆོས། །​_92_,ཆོས། །​_92_,ཆོས། །​_92_,ཆོས། །​_92_,ཆོས། །​_92_,ཆོས། །​_92_,ཆོས །​ །​_7_
[ཁ་_100_],ཁ་_100_,ཁ་_100_,ཁ་_100_,ཁ་_100_,ཁ་_100_,ཁ་_100_,ཁ་_100_,ཁ་_100_,ཁ་_100_,ཁ་_100_,ཁ་_100_,ཁ་_100_
[ཐོན་_84_],ཐོན་_84_,ཏོན་_15_,ཏོན་_15_,ཐོན་_84_,ཐོན་_84_,ཐོན་_84_,ཐོན་_84_,ཐོན་_84_,ཐོན་_84_,ཐོན་_84_,ཐོན་_84_,ཐོན་_84_
[མར་_100_],མར་_100_,མར་_100_,མར་_100_,མར་_100_,མར་_100_,མར་_100_,མར་_100_,མར་_100_,མར་_100_,མར་_100_,མར་_100_,མར་_100_
[མེ་_100_],མེ་_100_,མེ་_100_,མེ་_100_,མེ་_100_,མེ་_100_,མེ་_100_,མེ་_100_,མེ་_100_,མེ་_100_,མེ་_100_,མེ་_100_,མེ་_100_
[མེ་_100_],མེ་_100_,མེ་_100_,མེ་_100_,མེ་_100_,མེ་_100_,མེ་_100_,མེ་_100_,མེ་_100_,མེ་_100_,མེ་_100_,མེ་_100_,མེ་_100_
[ལོང་_100_],ལོང་_100_,ལོང་_100_,ལོང་_100_,ལོང་_100_,ལོང་_100_,ལོང་_100_,ལོང་_100_,ལོང་_100_,ལོང་_100_,ལོང་_100_,ལོང་_100_,ལོང་_100_
[རྒྱ། །​_69_],རྒྱ། །​_69_,བརྒྱ། །​_15_,བརྒྱ། །​_15_,རྒྱ། །​_69_,རྒྱ། །​_69_,རྒྱ། །​_69_,རྒྱ། །​_69_,རྒྱ།།_7_,རྒྱ། །​_69_,རྒྱ། །​_69_,རྒྱ། །​_69_,རྒྱའི། །​_7_
[མེ་_100_],མེ་_100_,མེ་_100_,མེ་_100_,མེ་_100_,མེ་_100_,མེ་_100_,མེ་_100_,མེ་_100_,མེ་_100_,མེ་_100_,མེ་_100_,མེ་_100_
[ཤེལ་_100_],ཤེལ་_100_,ཤེལ་_100_,ཤེལ་_100_,ཤེལ་_100_,ཤེལ་_100_,ཤེལ་_100_,ཤེལ་_100_,ཤེལ་_100_,ཤེལ་_100_,ཤེལ་_100_,ཤེལ་_100_,ཤེལ་_100_
[ས་_100_],ས་_100_,ས་_100_,ས་_100_,ས་_100_,ས་_100_,ས་_100_,ས་_100_,ས་_100_,ས་_100_,ས་_100_,ས་_100_,ས་_100_
[བོན་_100_],བོན་_100_,བོན་_100_,བོན་_100_,བོན་_100_,བོན་_100_,བོན་_100_,བོན་_100_,བོན་_100_,བོན་_100_,བོན་_100_,བོན་_100_,བོན་_100_
[སྐྱུར་_100_],སྐྱུར་_100_,སྐྱུར་_100_,སྐྱུར་_100_,སྐྱུར་_100_,སྐྱུར་_100_,སྐྱུར་_100_,སྐྱུར་_100_,སྐྱུར་_100_,སྐྱུར་_100_,སྐྱུར་_100_,སྐྱུར་_100_,སྐྱུར་_100_
[དང་_100_],དང་_100_,དང་_100_,དང་_100_,དང་_100_,དང་_100_,དང་_100_,དང་_100_,དང་_100_,དང་_100_,དང་_100_,དང་_100_,དང་_100_
[སྒྲས_100_],སྒྲས_100_,སྒྲས_100_,སྒྲས_100_,སྒྲས_100_,སྒྲས_100_,སྒྲས_100_,སྒྲས_100_,སྒྲས_100_,སྒྲས_100_,སྒྲས_100_,སྒྲས_100_,སྒྲས_100_
[། །​_100_],། །​_100_,། །​_100_,། །​_100_,། །​_100_,། །​_100_,། །​_100_,། །​_100_,། །​_100_,། །​_100_,། །​_100_,། །​_100_,། །​_100_
[ཕུང་_100_],ཕུང་_100_,ཕུང་_100_,ཕུང་_100_,ཕུང་_100_,ཕུང་_100_,ཕུང་_100_,ཕུང་_100_,ཕུང་_100_,ཕུང་_100_,ཕུང་_100_,ཕུང་_100_,ཕུང་_100_
[པོ་_100_],པོ་_100_,པོ་_100_,པོ་_100_,པོ་_100_,པོ་_100_,པོ་_100_,པོ་_100_,པོ་_100_,པོ་_100_,པོ་_100_,པོ་_100_,པོ་_100_
[ཉིང་_100_],ཉིང་_100_,ཉིང་_100_,ཉིང་_100_,ཉིང་_100_,ཉིང་_100_,ཉིང་_100_,ཉིང་_100_,ཉིང་_100_,ཉིང་_100_,ཉིང་_100_,ཉིང་_100_,ཉིང་_100_
[མཚམས་_100_],མཚམས་_100_,མཚམས་_100_,མཚམས་_100_,མཚམས་_100_,མཚམས་_100_,མཚམས་_100_,མཚམས་_100_,མཚམས་_100_,མཚམས་_100_,མཚམས་_100_,མཚམས་_100_,མཚམས་_100_
[སྦྱོར་_100_],སྦྱོར་_100_,སྦྱོར་_100_,སྦྱོར་_100_,སྦྱོར་_100_,སྦྱོར་_100_,སྦྱོར་_100_,སྦྱོར་_100_,སྦྱོར་_100_,སྦྱོར་_100_,སྦྱོར་_100_,སྦྱོར་_100_,སྦྱོར་_100_
[བ་_100_],བ་_100_,བ་_100_,བ་_100_,བ་_100_,བ་_100_,བ་_100_,བ་_100_,བ་_100_,བ་_100_,བ་_100_,བ་_100_,བ་_100_
[ཡང་_100_],ཡང་_100_,ཡང་_100_,ཡང་_100_,ཡང་_100_,ཡང་_100_,ཡང་_100_,ཡང་_100_,ཡང་_100_,ཡང་_100_,ཡང་_100_,ཡང་_100_,ཡང་_100_
[། །​_92_],། །​_92_,། །​_92_,། །​_92_,། །​_92_,། །​_92_,། །​_92_,། །​_92_,།།_7_,། །​_92_,། །​_92_,། །​_92_,། །​_92_
[མི་_100_],མི་_100_,མི་_100_,མི་_100_,མི་_100_,མི་_100_,མི་_100_,མི་_100_,མི་_100_,མི་_100_,མི་_100_,མི་_100_,མི་_100_
[འཕོ་_100_],འཕོ་_100_,འཕོ་_100_,འཕོ་_100_,འཕོ་_100_,འཕོ་_100_,འཕོ་_100_,འཕོ་_100_,འཕོ་_100_,འཕོ་_100_,འཕོ་_100_,འཕོ་_100_,འཕོ་_100_
[བར་_100_],བར་_100_,བར་_100_,བར་_100_,བར་_100_,བར་_100_,བར་_100_,བར་_100_,བར་_100_,བར་_100_,བར་_100_,བར་_100_,བར་_100_
[ཡང་_100_],ཡང་_100_,ཡང་_100_,ཡང་_100_,ཡང་_100_,ཡང་_100_,ཡང་_100_,ཡང་_100_,ཡང་_100_,ཡང་_100_,ཡང་_100_,ཡང་_100_,ཡང་_100_
[མཁས་_100_],མཁས་_100_,མཁས་_100_,མཁས་_100_,མཁས་_100_,མཁས་_100_,མཁས་_100_,མཁས་_100_,མཁས་_100_,མཁས་_100_,མཁས་_100_,མཁས་_100_,མཁས་_100_
[རྟོགས་_100_],རྟོགས་_100_,རྟོགས་_100_,རྟོགས་_100_,རྟོགས་_100_,རྟོགས་_100_,རྟོགས་_100_,རྟོགས་_100_,རྟོགས་_100_,རྟོགས་_100_,རྟོགས་_100_,རྟོགས་_100_,རྟོགས་_100_
[བྱ_100_],བྱ_100_,བྱ_100_,བྱ_100_,བྱ_100_,བྱ_100_,བྱ_100_,བྱ_100_,བྱ_100_,བྱ_100_,བྱ_100_,བྱ_100_,བྱ_100_
[། །​_100_],། །​_100_,། །​_100_,། །​_100_,། །​_100_,། །​_100_,། །​_100_,། །​_100_,། །​_100_,། །​_100_,། །​_100_,། །​_100_,། །​_100_
[ཤིན་_100_],ཤིན་_100_,ཤིན་_100_,ཤིན་_100_,ཤིན་_100_,ཤིན་_100_,ཤིན་_100_,ཤིན་_100_,ཤིན་_100_,ཤིན་_100_,ཤིན་_100_,ཤིན་_100_,ཤིན་_100_
[ཏུ་_100_],ཏུ་_100_,ཏུ་_100_,ཏུ་_100_,ཏུ་_100_,ཏུ་_100_,ཏུ་_100_,ཏུ་_100_,ཏུ་_100_,ཏུ་_100_,ཏུ་_100_,ཏུ་_100_,ཏུ་_100_
[ཕྲ་_100_],ཕྲ་_100_,ཕྲ་_100_,ཕྲ་_100_,ཕྲ་_100_,ཕྲ་_100_,ཕྲ་_100_,ཕྲ་_100_,ཕྲ་_100_,ཕྲ་_100_,ཕྲ་_100_,ཕྲ་_100_,ཕྲ་_100_
[བའི་_100_],བའི་_100_,བའི་_100_,བའི་_100_,བའི་_100_,བའི་_100_,བའི་_100_,བའི་_100_,བའི་_100_,བའི་_100_,བའི་_100_,བའི་_100_,བའི་_100_
[དངོས་_92_],དངོས་_92_,དངོས་ལ་_7_,དངོས་_92_,དངོས་_92_,དངོས་_92_,དངོས་_92_,དངོས་_92_,དངོས་_92_,དངོས་_92_,དངོས་_92_,དངོས་_92_,དངོས་_92_
[ལ་_100_],ལ་_100_,ལ་_100_,ལ་_100_,ལ་_100_,ལ་_100_,ལ་_100_,ལ་_100_,ལ་_100_,ལ་_100_,ལ་_100_,ལ་_100_,ལ་_100_
[ཡང་_100_],ཡང་_100_,ཡང་_100_,ཡང་_100_,ཡང་_100_,ཡང་_100_,ཡང་_100_,ཡང་_100_,ཡང་_100_,ཡང་_100_,ཡང་_100_,ཡང་_100_,ཡང་_100_
[། །​_92_],། །​_92_,། །​_92_,། །​_92_,། །​_92_,། །​_92_,། །​_92_,། །​_92_,།།_7_,། །​_92_,། །​_92_,། །​_92_,། །​_92_
[གང་_100_],གང་_100_,གང་_100_,གང་_100_,གང་_100_,གང་_100_,གང་_100_,གང་_100_,གང་_100_,གང་_100_,གང་_100_,གང་_100_,གང་_100_
[གི་_76_],གི་_76_,གིས་_15_,གིས་_15_,གི་_76_,གི་_76_,གི་_76_,གི་_76_,གི་_76_,གི་_76_,གི་_76_,གི་_76_,གི་“ _7_
[ཆད་_100_],ཆད་_100_,ཆད་_100_,ཆད་_100_,ཆད་_100_,ཆད་_100_,ཆད་_100_,ཆད་_100_,ཆད་_100_,ཆད་_100_,ཆད་_100_,ཆད་_100_,ཆད་_100_
[པར་_100_],པར་_100_,པར་_100_,པར་_100_,པར་_100_,པར་_100_,པར་_100_,པར་_100_,པར་_100_,པར་_100_,པར་_100_,པར་_100_,པར་_100_
[རྣམ་_100_],རྣམ་_100_,རྣམ་_100_,རྣམ་_100_,རྣམ་_100_,རྣམ་_100_,རྣམ་_100_,རྣམ་_100_,རྣམ་_100_,རྣམ་_100_,རྣམ་_100_,རྣམ་_100_,རྣམ་_100_
[བརྟགས་_100_],བརྟགས་_100_,བརྟགས་_100_,བརྟགས་_100_,བརྟགས་_100_,བརྟགས་_100_,བརྟགས་_100_,བརྟགས་_100_,བརྟགས་_100_,བརྟགས་_100_,བརྟགས་_100_,བརྟགས་_100_,བརྟགས་_100_
[པ_100_],པ_100_,པ_100_,པ_100_,པ_100_,པ_100_,པ_100_,པ_100_,པ_100_,པ_100_,པ_100_,པ_100_,པ_100_
[། །​_84_],། །​_84_,། །​_84_,། །​_84_,། །​_84_,། །​_84_,། །​_84_,༑ །​_15_,། །​_84_,༑ །​_15_,། །​_84_,། །​_84_,། །​_84_
[རྣམ་_100_],རྣམ་_100_,རྣམ་_100_,རྣམ་_100_,རྣམ་_100_,རྣམ་_100_,རྣམ་_100_,རྣམ་_100_,རྣམ་_100_,རྣམ་_100_,རྣམ་_100_,རྣམ་_100_,རྣམ་_100_
[པར་_100_],པར་_100_,པར་_100_,པར་_100_,པར་_100_,པར་_100_,པར་_100_,པར་_100_,པར་_100_,པར་_100_,པར་_100_,པར་_100_,པར་_100_
[མི་_100_],མི་_100_,མི་_100_,མི་_100_,མི་_100_,མི་_100_,མི་_100_,མི་_100_,མི་_100_,མི་_100_,མི་_100_,མི་_100_,མི་_100_
[མཁས་_100_],མཁས་_100_,མཁས་_100_,མཁས་_100_,མཁས་_100_,མཁས་_100_,མཁས་_100_,མཁས་_100_,མཁས་_100_,མཁས་_100_,མཁས་_100_,མཁས་_100_,མཁས་_100_
[དེ་_100_],དེ་_100_,དེ་_100_,དེ་_100_,དེ་_100_,དེ་_100_,དེ་_100_,དེ་_100_,དེ་_100_,དེ་_100_,དེ་_100_,དེ་_100_,དེ་_100_
[ཡི་_92_],ཡི་_92_,ཡི་_92_,ཡི་_92_,ཡི་_92_,ཡི་_92_,ཡི་_92_,ཡི་_92_,ཡི་_92_,ཡི་_92_,ཡི་_92_,ཡི་_92_,ཡི་“_7_
[ནི_100_],ནི_100_,ནི_100_,ནི_100_,ནི_100_,ནི_100_,ནི_100_,ནི_100_,ནི_100_,ནི_100_,ནི_100_,ནི_100_,ནི_100_
[། །​_84_],། །​_84_,། །​_84_,། །​_84_,། །​_84_,། །​_84_,། །​_84_,། །​_84_,།།_7_,། །​_84_,། །​_84_,། །​_84_,། །​ _7_
[རྐྱེན་_100_],རྐྱེན་_100_,རྐྱེན་_100_,རྐྱེན་_100_,རྐྱེན་_100_,རྐྱེན་_100_,རྐྱེན་_100_,རྐྱེན་_100_,རྐྱེན་_100_,རྐྱེན་_100_,རྐྱེན་_100_,རྐྱེན་_100_,རྐྱེན་_100_
[ལས་_100_],ལས་_100_,ལས་_100_,ལས་_100_,ལས་_100_,ལས་_100_,ལས་_100_,ལས་_100_,ལས་_100_,ལས་_100_,ལས་_100_,ལས་_100_,ལས་_100_
[བྱུང་_100_],བྱུང་_100_,བྱུང་_100_,བྱུང་_100_,བྱུང་_100_,བྱུང་_100_,བྱུང་_100_,བྱུང་_100_,བྱུང་_100_,བྱུང་_100_,བྱུང་_100_,བྱུང་_100_,བྱུང་_100_
[བའི་_100_],བའི་_100_,བའི་_100_,བའི་_100_,བའི་_100_,བའི་_100_,བའི་_100_,བའི་_100_,བའི་_100_,བའི་_100_,བའི་_100_,བའི་_100_,བའི་_100_
[དོན་_100_],དོན་_100_,དོན་_100_,དོན་_100_,དོན་_100_,དོན་_100_,དོན་_100_,དོན་_100_,དོན་_100_,དོན་_100_,དོན་_100_,དོན་_100_,དོན་_100_
[མ་_100_],མ་_100_,མ་_100_,མ་_100_,མ་_100_,མ་_100_,མ་_100_,མ་_100_,མ་_100_,མ་_100_,མ་_100_,མ་_100_,མ་_100_
[མཐོང་_100_],མཐོང་_100_,མཐོང་_100_,མཐོང་_100_,མཐོང་_100_,མཐོང་_100_,མཐོང་_100_,མཐོང་_100_,མཐོང་_100_,མཐོང་_100_,མཐོང་_100_,མཐོང་_100_,མཐོང་_100_
[། །​_100_],། །​_100_,། །​_100_,། །​_100_,། །​_100_,། །​_100_,། །​_100_,། །​_100_,། །​_100_,། །​_100_,། །​_100_,། །​_100_,། །​_100_
[འདི་_100_],འདི་_100_,འདི་_100_,འདི་_100_,འདི་_100_,འདི་_100_,འདི་_100_,འདི་_100_,འདི་_100_,འདི་_100_,འདི་_100_,འདི་_100_,འདི་_100_
[ལ་_100_],ལ་_100_,ལ་_100_,ལ་_100_,ལ་_100_,ལ་_100_,ལ་_100_,ལ་_100_,ལ་_100_,ལ་_100_,ལ་_100_,ལ་_100_,ལ་_100_
[གསལ་_84_],གསལ་_84_,བསལ་_15_,བསལ་_15_,གསལ་_84_,གསལ་_84_,གསལ་_84_,གསལ་_84_,གསལ་_84_,གསལ་_84_,གསལ་_84_,གསལ་_84_,གསལ་_84_
[བྱ་_100_],བྱ་_100_,བྱ་_100_,བྱ་_100_,བྱ་_100_,བྱ་_100_,བྱ་_100_,བྱ་_100_,བྱ་_100_,བྱ་_100_,བྱ་_100_,བྱ་_100_,བྱ་_100_
[གང་_100_],གང་_100_,གང་_100_,གང་_100_,གང་_100_,གང་_100_,གང་_100_,གང་_100_,གང་_100_,གང་_100_,གང་_100_,གང་_100_,གང་_100_
[ཡང་_100_],ཡང་_100_,ཡང་_100_,ཡང་_100_,ཡང་_100_,ཡང་_100_,ཡང་_100_,ཡང་_100_,ཡང་_100_,ཡང་_100_,ཡང་_100_,ཡང་_100_,ཡང་_100_
[མེད_100_],མེད_100_,མེད_100_,མེད_100_,མེད_100_,མེད_100_,མེད_100_,མེད_100_,མེད_100_,མེད_100_,མེད_100_,མེད_100_,མེད_100_
[། །​_100_],། །​_100_,། །​_100_,། །​_100_,། །​_100_,། །​_100_,། །​_100_,། །​_100_,། །​_100_,། །​_100_,། །​_100_,། །​_100_,། །​_100_
[གཞག་_84_],གཞག་_84_,བཞག་_15_,བཞག་_15_,གཞག་_84_,གཞག་_84_,གཞག་_84_,གཞག་_84_,གཞག་_84_,གཞག་_84_,གཞག་_84_,གཞག་_84_,གཞག་_84_
[པར་_100_],པར་_100_,པར་_100_,པར་_100_,པར་_100_,པར་_100_,པར་_100_,པར་_100_,པར་_100_,པར་_100_,པར་_100_,པར་_100_,པར་_100_
[བྱ་_100_],བྱ་_100_,བྱ་_100_,བྱ་_100_,བྱ་_100_,བྱ་_100_,བྱ་_100_,བྱ་_100_,བྱ་_100_,བྱ་_100_,བྱ་_100_,བྱ་_100_,བྱ་_100_
[བ་_100_],བ་_100_,བ་_100_,བ་_100_,བ་_100_,བ་_100_,བ་_100_,བ་_100_,བ་_100_,བ་_100_,བ་_100_,བ་_100_,བ་_100_
[ཅི་_100_],ཅི་_100_,ཅི་_100_,ཅི་_100_,ཅི་_100_,ཅི་_100_,ཅི་_100_,ཅི་_100_,ཅི་_100_,ཅི་_100_,ཅི་_100_,ཅི་_100_,ཅི་_100_
[ཡང་_100_],ཡང་_100_,ཡང་_100_,ཡང་_100_,ཡང་_100_,ཡང་_100_,ཡང་_100_,ཡང་_100_,ཡང་_100_,ཡང་_100_,ཡང་_100_,ཡང་_100_,ཡང་_100_
[མེད_100_],མེད_100_,མེད_100_,མེད_100_,མེད_100_,མེད_100_,མེད_100_,མེད_100_,མེད_100_,མེད_100_,མེད_100_,མེད_100_,མེད_100_
[། །​_92_],། །​_92_,། །​_92_,། །​_92_,། །​_92_,། །​_92_,། །​_92_,། །​_92_,།།_7_,། །​_92_,། །​_92_,། །​_92_,། །​_92_
[ཡང་_100_],ཡང་_100_,ཡང་_100_,ཡང་_100_,ཡང་_100_,ཡང་_100_,ཡང་_100_,ཡང་_100_,ཡང་_100_,ཡང་_100_,ཡང་_100_,ཡང་_100_,ཡང་_100_
[དག་_100_],དག་_100_,དག་_100_,དག་_100_,དག་_100_,དག་_100_,དག་_100_,དག་_100_,དག་_100_,དག་_100_,དག་_100_,དག་_100_,དག་_100_
[ཉིད་_100_],ཉིད་_100_,ཉིད་_100_,ཉིད་_100_,ཉིད་_100_,ཉིད་_100_,ཉིད་_100_,ཉིད་_100_,ཉིད་_100_,ཉིད་_100_,ཉིད་_100_,ཉིད་_100_,ཉིད་_100_
[ལ་_100_],ལ་_100_,ལ་_100_,ལ་_100_,ལ་_100_,ལ་_100_,ལ་_100_,ལ་_100_,ལ་_100_,ལ་_100_,ལ་_100_,ལ་_100_,ལ་_100_
[ཡང་_100_],ཡང་_100_,ཡང་_100_,ཡང་_100_,ཡང་_100_,ཡང་_100_,ཡང་_100_,ཡང་_100_,ཡང་_100_,ཡང་_100_,ཡང་_100_,ཡང་_100_,ཡང་_100_
[དག་_100_],དག་_100_,དག་_100_,དག་_100_,དག་_100_,དག་_100_,དག་_100_,དག་_100_,དག་_100_,དག་_100_,དག་_100_,དག་_100_,དག་_100_
[བལྟ_100_],བལྟ_100_,བལྟ_100_,བལྟ_100_,བལྟ_100_,བལྟ_100_,བལྟ_100_,བལྟ_100_,བལྟ_100_,བལྟ_100_,བལྟ_100_,བལྟ_100_,བལྟ_100_
[། །​_100_],། །​_100_,། །​_100_,། །​_100_,། །​_100_,། །​_100_,། །​_100_,། །​_100_,། །​_100_,། །​_100_,། །​_100_,། །​_100_,། །​_100_
[ཡང་_100_],ཡང་_100_,ཡང་_100_,ཡང་_100_,ཡང་_100_,ཡང་_100_,ཡང་_100_,ཡང་_100_,ཡང་_100_,ཡང་_100_,ཡང་_100_,ཡང་_100_,ཡང་_100_
[དག་_100_],དག་_100_,དག་_100_,དག་_100_,དག་_100_,དག་_100_,དག་_100_,དག་_100_,དག་_100_,དག་_100_,དག་_100_,དག་_100_,དག་_100_
[མཐོང་_100_],མཐོང་_100_,མཐོང་_100_,མཐོང་_100_,མཐོང་_100_,མཐོང་_100_,མཐོང་_100_,མཐོང་_100_,མཐོང་_100_,མཐོང་_100_,མཐོང་_100_,མཐོང་_100_,མཐོང་_100_
[ན་_100_],ན་_100_,ན་_100_,ན་_100_,ན་_100_,ན་_100_,ན་_100_,ན་_100_,ན་_100_,ན་_100_,ན་_100_,ན་_100_,ན་_100_
[རྣམ་_100_],རྣམ་_100_,རྣམ་_100_,རྣམ་_100_,རྣམ་_100_,རྣམ་_100_,རྣམ་_100_,རྣམ་_100_,རྣམ་_100_,རྣམ་_100_,རྣམ་_100_,རྣམ་_100_,རྣམ་_100_
[པར་_100_],པར་_100_,པར་_100_,པར་_100_,པར་_100_,པར་_100_,པར་_100_,པར་_100_,པར་_100_,པར་_100_,པར་_100_,པར་_100_,པར་_100_
[གྲོལ_100_],གྲོལ_100_,གྲོལ_100_,གྲོལ_100_,གྲོལ_100_,གྲོལ_100_,གྲོལ_100_,གྲོལ_100_,གྲོལ_100_,གྲོལ_100_,གྲོལ_100_,གྲོལ_100_,གྲོལ_100_
[། །​_84_],། །​_84_,། །​_84_,། །​_84_,། །​_84_,། །​_84_,། །​_84_,། །​_84_,།།_7_,། །​_84_,། །​_84_,། །​ _7_,། །​_84_
[རྟེན་_100_],རྟེན་_100_,རྟེན་_100_,རྟེན་_100_,རྟེན་_100_,རྟེན་_100_,རྟེན་_100_,རྟེན་_100_,རྟེན་_100_,རྟེན་_100_,རྟེན་_100_,རྟེན་_100_,རྟེན་_100_
[ཅིང་_100_],ཅིང་_100_,ཅིང་_100_,ཅིང་_100_,ཅིང་_100_,ཅིང་_100_,ཅིང་_100_,ཅིང་_100_,ཅིང་_100_,ཅིང་_100_,ཅིང་_100_,ཅིང་_100_,ཅིང་_100_
[འབྲེལ་_100_],འབྲེལ་_100_,འབྲེལ་_100_,འབྲེལ་_100_,འབྲེལ་_100_,འབྲེལ་_100_,འབྲེལ་_100_,འབྲེལ་_100_,འབྲེལ་_100_,འབྲེལ་_100_,འབྲེལ་_100_,འབྲེལ་_100_,འབྲེལ་_100_
[པར་_100_],པར་_100_,པར་_100_,པར་_100_,པར་_100_,པར་_100_,པར་_100_,པར་_100_,པར་_100_,པར་_100_,པར་_100_,པར་_100_,པར་_100_
[འབྱུང་_100_],འབྱུང་_100_,འབྱུང་_100_,འབྱུང་_100_,འབྱུང་_100_,འབྱུང་_100_,འབྱུང་_100_,འབྱུང་_100_,འབྱུང་_100_,འབྱུང་_100_,འབྱུང་_100_,འབྱུང་_100_,འབྱུང་_100_
[བའི་_100_],བའི་_100_,བའི་_100_,བའི་_100_,བའི་_100_,བའི་_100_,བའི་_100_,བའི་_100_,བའི་_100_,བའི་_100_,བའི་_100_,བའི་_100_,བའི་_100_
[སྙིང་_100_],སྙིང་_100_,སྙིང་_100_,སྙིང་_100_,སྙིང་_100_,སྙིང་_100_,སྙིང་_100_,སྙིང་_100_,སྙིང་_100_,སྙིང་_100_,སྙིང་_100_,སྙིང་_100_,སྙིང་_100_
[པོའི་ཚིག་_76_],པོའི་ཚིག་_76_,པོའི་ཚིག་_76_,པོའི་ཚིག་_76_,པོའི་ཚིག་_76_,པོའི་ཚིག་_76_,པོའི་ཚིག་_76_,པོའི་ཚིག _15_,པོའ་ཚིག་_7_,པོའི་ཚིག _15_,པོའི་ཚིག་_76_,པོའི་ཚིག་_76_,པོའི་ཚིག་_76_
[ལེའུར་_100_],ལེའུར་_100_,ལེའུར་_100_,ལེའུར་_100_,ལེའུར་_100_,ལེའུར་_100_,ལེའུར་_100_,ལེའུར་_100_,ལེའུར་_100_,ལེའུར་_100_,ལེའུར་_100_,ལེའུར་_100_,ལེའུར་_100_
[བྱས་_100_],བྱས་_100_,བྱས་_100_,བྱས་_100_,བྱས་_100_,བྱས་_100_,བྱས་_100_,བྱས་_100_,བྱས་_100_,བྱས་_100_,བྱས་_100_,བྱས་_100_,བྱས་_100_
[པ། _69_],པ། _69_,པ། _69_,པ། _69_,པ། _69_,པ། _69_,པ། _69_,པ། །​_15_,པ་_7_,པ། །​_15_,པ། _69_,པ །​ །​_7_,པ། _69_
[སློབ་_100_],སློབ་_100_,སློབ་_100_,སློབ་_100_,སློབ་_100_,སློབ་_100_,སློབ་_100_,སློབ་_100_,སློབ་_100_,སློབ་_100_,སློབ་_100_,སློབ་_100_,སློབ་_100_
[དཔོན་_100_],དཔོན་_100_,དཔོན་_100_,དཔོན་_100_,དཔོན་_100_,དཔོན་_100_,དཔོན་_100_,དཔོན་_100_,དཔོན་_100_,དཔོན་_100_,དཔོན་_100_,དཔོན་_100_,དཔོན་_100_
[འཕགས་_100_],འཕགས་_100_,འཕགས་_100_,འཕགས་_100_,འཕགས་_100_,འཕགས་_100_,འཕགས་_100_,འཕགས་_100_,འཕགས་_100_,འཕགས་_100_,འཕགས་_100_,འཕགས་_100_,འཕགས་_100_
[པ་_100_],པ་_100_,པ་_100_,པ་_100_,པ་_100_,པ་_100_,པ་_100_,པ་_100_,པ་_100_,པ་_100_,པ་_100_,པ་_100_,པ་_100_
[ཀླུ་_100_],ཀླུ་_100_,ཀླུ་_100_,ཀླུ་_100_,ཀླུ་_100_,ཀླུ་_100_,ཀླུ་_100_,ཀླུ་_100_,ཀླུ་_100_,ཀླུ་_100_,ཀླུ་_100_,ཀླུ་_100_,ཀླུ་_100_
[སྒྲུབ་_100_],སྒྲུབ་_100_,སྒྲུབ་_100_,སྒྲུབ་_100_,སྒྲུབ་_100_,སྒྲུབ་_100_,སྒྲུབ་_100_,སྒྲུབ་_100_,སྒྲུབ་_100_,སྒྲུབ་_100_,སྒྲུབ་_100_,སྒྲུབ་_100_,སྒྲུབ་_100_
[ཀྱིས་_100_],ཀྱིས་_100_,ཀྱིས་_100_,ཀྱིས་_100_,ཀྱིས་_100_,ཀྱིས་_100_,ཀྱིས་_100_,ཀྱིས་_100_,ཀྱིས་_100_,ཀྱིས་_100_,ཀྱིས་_100_,ཀྱིས་_100_,ཀྱིས་_100_
[མཛད་_100_],མཛད་_100_,མཛད་_100_,མཛད་_100_,མཛད་_100_,མཛད་_100_,མཛད་_100_,མཛད་_100_,མཛད་_100_,མཛད་_100_,མཛད་_100_,མཛད་_100_,མཛད་_100_
[པ་_100_],པ་_100_,པ་_100_,པ་_100_,པ་_100_,པ་_100_,པ་_100_,པ་_100_,པ་_100_,པ་_100_,པ་_100_,པ་_100_,པ་_100_
[རྫོགས་_100_],རྫོགས་_100_,རྫོགས་_100_,རྫོགས་_100_,རྫོགས་_100_,རྫོགས་_100_,རྫོགས་_100_,རྫོགས་_100_,རྫོགས་_100_,རྫོགས་_100_,རྫོགས་_100_,རྫོགས་_100_,རྫོགས་_100_
[སོ_100_],སོ_100_,སོ_100_,སོ_100_,སོ_100_,སོ_100_,སོ_100_,སོ_100_,སོ_100_,སོ_100_,སོ_100_,སོ_100_,སོ_100_
། །​ _30_,། །​ _30_,། །​ _30_,། །​ _30_,། །​      །​ །​_7_,། །​          །​ །​_7_,[། །​_46_],། །​_46_,། །​_46_,། །​_46_,། །​_46_,། །​_46_,།། །​།_7_
