[༄༅། །​_83_],༄༅། །​_83_,༄༅། །​_83_,༄༅། །​_83_,༄༅། །​_83_,༄༅། །​ _16_
[ནག་_100_],ནག་_100_,ནག་_100_,ནག་_100_,ནག་_100_,ནག་_100_
[པོ་_100_],པོ་_100_,པོ་_100_,པོ་_100_,པོ་_100_,པོ་_100_
[ཆེན་_100_],ཆེན་_100_,ཆེན་_100_,ཆེན་_100_,ཆེན་_100_,ཆེན་_100_
[པོ་_100_],པོ་_100_,པོ་_100_,པོ་_100_,པོ་_100_,པོ་_100_
[ཕྱག་_100_],ཕྱག་_100_,ཕྱག་_100_,ཕྱག་_100_,ཕྱག་_100_,ཕྱག་_100_
[བཞི་_100_],བཞི་_100_,བཞི་_100_,བཞི་_100_,བཞི་_100_,བཞི་_100_
[པའི་_100_],པའི་_100_,པའི་_100_,པའི་_100_,པའི་_100_,པའི་_100_
[སྒྲུབ་_100_],སྒྲུབ་_100_,སྒྲུབ་_100_,སྒྲུབ་_100_,སྒྲུབ་_100_,སྒྲུབ་_100_
[ཐབས_100_],ཐབས_100_,ཐབས_100_,ཐབས_100_,ཐབས_100_,ཐབས_100_
[།༄། །​_83_],།༄། །​_83_,།༄། །​_83_,།༄། །​_83_,།༄། །​_83_,།༄༅། _16_
[ཕྱག་_100_],ཕྱག་_100_,ཕྱག་_100_,ཕྱག་_100_,ཕྱག་_100_,ཕྱག་_100_
[བཞི་_100_],བཞི་_100_,བཞི་_100_,བཞི་_100_,བཞི་_100_,བཞི་_100_
[པ་_83_],པ་_83_,པ་_83_,པ་_83_,པ་_83_,བ་_16_
[གཙོ་_100_],གཙོ་_100_,གཙོ་_100_,གཙོ་_100_,གཙོ་_100_,གཙོ་_100_
[རྐྱང་_100_],རྐྱང་_100_,རྐྱང་_100_,རྐྱང་_100_,རྐྱང་_100_,རྐྱང་_100_
[ཀླུ་_100_],ཀླུ་_100_,ཀླུ་_100_,ཀླུ་_100_,ཀླུ་_100_,ཀླུ་_100_
[སྒྲུབ་_100_],སྒྲུབ་_100_,སྒྲུབ་_100_,སྒྲུབ་_100_,སྒྲུབ་_100_,སྒྲུབ་_100_
[ལུགས་_100_],ལུགས་_100_,ལུགས་_100_,ལུགས་_100_,ལུགས་_100_,ལུགས་_100_
[ཀྱི་_100_],ཀྱི་_100_,ཀྱི་_100_,ཀྱི་_100_,ཀྱི་_100_,ཀྱི་_100_
[སྒྲུབ་_100_],སྒྲུབ་_100_,སྒྲུབ་_100_,སྒྲུབ་_100_,སྒྲུབ་_100_,སྒྲུབ་_100_
[ཐབས་_100_],ཐབས་_100_,ཐབས་_100_,ཐབས་_100_,ཐབས་_100_,ཐབས་_100_
[སོ_100_],སོ_100_,སོ_100_,སོ_100_,སོ_100_,སོ_100_
[། །​ ༄༅༅། །​_83_],། །​ ༄༅༅། །​_83_,། །​ ༄༅༅། །​_83_,། །​ ༄༅༅། །​_83_,། །​ ༄༅༅། །​_83_,། །​ _16_
[རྒྱ་_100_],རྒྱ་_100_,རྒྱ་_100_,རྒྱ་_100_,རྒྱ་_100_,རྒྱ་_100_
[གར་_100_],གར་_100_,གར་_100_,གར་_100_,གར་_100_,གར་_100_
[སྐད་_100_],སྐད་_100_,སྐད་_100_,སྐད་_100_,སྐད་_100_,སྐད་_100_
[དུ_100_],དུ_100_,དུ_100_,དུ_100_,དུ_100_,དུ_100_
[།_83_],།_83_,།_83_,།_83_,།_83_,། _16_
[ཙ་_100_],ཙ་_100_,ཙ་_100_,ཙ་_100_,ཙ་_100_,ཙ་_100_
[ཏུརྦྷུ་_83_],ཏུརྦྷུ་_83_,ཏུརྦྷུ་_83_,ཏུརྦྷུ་_83_,ཏུརྦྷུ་_83_,ཏུབྷོ་_16_
[ཛ་_100_],ཛ་_100_,ཛ་_100_,ཛ་_100_,ཛ་_100_,ཛ་_100_
[མ་_100_],མ་_100_,མ་_100_,མ་_100_,མ་_100_,མ་_100_
[ཧཱ་_100_],ཧཱ་_100_,ཧཱ་_100_,ཧཱ་_100_,ཧཱ་_100_,ཧཱ་_100_
[ཀཱ་_100_],ཀཱ་_100_,ཀཱ་_100_,ཀཱ་_100_,ཀཱ་_100_,ཀཱ་_100_
[ལ་_100_],ལ་_100_,ལ་_100_,ལ་_100_,ལ་_100_,ལ་_100_
[སཱ་_100_],སཱ་_100_,སཱ་_100_,སཱ་_100_,སཱ་_100_,སཱ་_100_
[དྷ་_100_],དྷ་_100_,དྷ་_100_,དྷ་_100_,དྷ་_100_,དྷ་_100_
[ནཾ_100_],ནཾ_100_,ནཾ_100_,ནཾ_100_,ནཾ_100_,ནཾ_100_
[།_83_],།_83_,།_83_,།_83_,།_83_,། _16_
[བོད་_100_],བོད་_100_,བོད་_100_,བོད་_100_,བོད་_100_,བོད་_100_
[སྐད་_100_],སྐད་_100_,སྐད་_100_,སྐད་_100_,སྐད་_100_,སྐད་_100_
[དུ_100_],དུ_100_,དུ_100_,དུ_100_,དུ_100_,དུ_100_
[།_83_],།_83_,།_83_,།_83_,།_83_,། _16_
[ནག་_100_],ནག་_100_,ནག་_100_,ནག་_100_,ནག་_100_,ནག་_100_
[པོ་_100_],པོ་_100_,པོ་_100_,པོ་_100_,པོ་_100_,པོ་_100_
[ཆེན་_100_],ཆེན་_100_,ཆེན་_100_,ཆེན་_100_,ཆེན་_100_,ཆེན་_100_
[པོ་_100_],པོ་_100_,པོ་_100_,པོ་_100_,པོ་_100_,པོ་_100_
[ཕྱག་_100_],ཕྱག་_100_,ཕྱག་_100_,ཕྱག་_100_,ཕྱག་_100_,ཕྱག་_100_
[བཞི་_100_],བཞི་_100_,བཞི་_100_,བཞི་_100_,བཞི་_100_,བཞི་_100_
[བའི་_83_],བའི་_83_,བའི་_83_,བའི་_83_,བའི་_83_,པའི་_16_
[སྒྲུབ་_100_],སྒྲུབ་_100_,སྒྲུབ་_100_,སྒྲུབ་_100_,སྒྲུབ་_100_,སྒྲུབ་_100_
[ཐབས_100_],ཐབས_100_,ཐབས_100_,ཐབས_100_,ཐབས_100_,ཐབས_100_
[། །​_83_],། །​_83_,། །​_83_,། །​_83_,། །​_83_,། _16_
[དཔལ་_100_],དཔལ་_100_,དཔལ་_100_,དཔལ་_100_,དཔལ་_100_,དཔལ་_100_
[ནག་_100_],ནག་_100_,ནག་_100_,ནག་_100_,ནག་_100_,ནག་_100_
[པོ་_100_],པོ་_100_,པོ་_100_,པོ་_100_,པོ་_100_,པོ་_100_
[ཆེན་_100_],ཆེན་_100_,ཆེན་_100_,ཆེན་_100_,ཆེན་_100_,ཆེན་_100_
[པོ་_100_],པོ་_100_,པོ་_100_,པོ་_100_,པོ་_100_,པོ་_100_
[ཕྱག་_100_],ཕྱག་_100_,ཕྱག་_100_,ཕྱག་_100_,ཕྱག་_100_,ཕྱག་_100_
[བཞི་_100_],བཞི་_100_,བཞི་_100_,བཞི་_100_,བཞི་_100_,བཞི་_100_
[པ་_100_],པ་_100_,པ་_100_,པ་_100_,པ་_100_,པ་_100_
[ལ་_100_],ལ་_100_,ལ་_100_,ལ་_100_,ལ་_100_,ལ་_100_
[ཕྱག་_100_],ཕྱག་_100_,ཕྱག་_100_,ཕྱག་_100_,ཕྱག་_100_,ཕྱག་_100_
[འཚལ་_100_],འཚལ་_100_,འཚལ་_100_,འཚལ་_100_,འཚལ་_100_,འཚལ་_100_
[ལོ_100_],ལོ_100_,ལོ_100_,ལོ_100_,ལོ_100_,ལོ_100_
[། །​_100_],། །​_100_,། །​_100_,། །​_100_,། །​_100_,། །​_100_
[དང་_100_],དང་_100_,དང་_100_,དང་_100_,དང་_100_,དང་_100_
[པོར་_100_],པོར་_100_,པོར་_100_,པོར་_100_,པོར་_100_,པོར་_100_
[རེ་_100_],རེ་_100_,རེ་_100_,རེ་_100_,རེ་_100_,རེ་_100_
[ཤིག་_83_],ཤིག་_83_,ཤིག་_83_,ཤིག་_83_,ཤིག་_83_,ཞིག་_16_
[སྔགས་_100_],སྔགས་_100_,སྔགས་_100_,སྔགས་_100_,སྔགས་_100_,སྔགས་_100_
[པས་_100_],པས་_100_,པས་_100_,པས་_100_,པས་_100_,པས་_100_
[རང་_100_],རང་_100_,རང་_100_,རང་_100_,རང་_100_,རང་_100_
[གི་_100_],གི་_100_,གི་_100_,གི་_100_,གི་_100_,གི་_100_
[འདོད་_100_],འདོད་_100_,འདོད་_100_,འདོད་_100_,འདོད་_100_,འདོད་_100_
[པའི་_100_],པའི་_100_,པའི་_100_,པའི་_100_,པའི་_100_,པའི་_100_
[ལྷའི་_100_],ལྷའི་_100_,ལྷའི་_100_,ལྷའི་_100_,ལྷའི་_100_,ལྷའི་_100_
[རྣལ་_100_],རྣལ་_100_,རྣལ་_100_,རྣལ་_100_,རྣལ་_100_,རྣལ་_100_
[འབྱོར་_100_],འབྱོར་_100_,འབྱོར་_100_,འབྱོར་_100_,འབྱོར་_100_,འབྱོར་_100_
[གྱི་_100_],གྱི་_100_,གྱི་_100_,གྱི་_100_,གྱི་_100_,གྱི་_100_
[བདག་_100_],བདག་_100_,བདག་_100_,བདག་_100_,བདག་_100_,བདག་_100_
[ཉིད་རྫོགས་པར་བྱས་ནས། _83_],ཉིད་རྫོགས་པར་བྱས་ནས། _83_,ཉིད་རྫོགས་པར་བྱས་ནས། _83_,ཉིད་རྫོགས་པར་བྱས་ནས། _83_,ཉིད་རྫོགས་པར་བྱས་ནས། _83_,ཉིད་_16_
[དེའི་_100_],དེའི་_100_,དེའི་_100_,དེའི་_100_,དེའི་_100_,དེའི་_100_
[རྗེས་_100_],རྗེས་_100_,རྗེས་_100_,རྗེས་_100_,རྗེས་_100_,རྗེས་_100_
[སུ་_100_],སུ་_100_,སུ་_100_,སུ་_100_,སུ་_100_,སུ་_100_
[ནམ་_100_],ནམ་_100_,ནམ་_100_,ནམ་_100_,ནམ་_100_,ནམ་_100_
[མཁའི་_100_],མཁའི་_100_,མཁའི་_100_,མཁའི་_100_,མཁའི་_100_,མཁའི་_100_
[ཕྱོགས་_100_],ཕྱོགས་_100_,ཕྱོགས་_100_,ཕྱོགས་_100_,ཕྱོགས་_100_,ཕྱོགས་_100_
[སུ་_100_],སུ་_100_,སུ་_100_,སུ་_100_,སུ་_100_,སུ་_100_
[པཾ་_100_],པཾ་_100_,པཾ་_100_,པཾ་_100_,པཾ་_100_,པཾ་_100_
[ཡིག་_100_],ཡིག་_100_,ཡིག་_100_,ཡིག་_100_,ཡིག་_100_,ཡིག་_100_
[ཡོངས་_100_],ཡོངས་_100_,ཡོངས་_100_,ཡོངས་_100_,ཡོངས་_100_,ཡོངས་_100_
[སུ་_100_],སུ་_100_,སུ་_100_,སུ་_100_,སུ་_100_,སུ་_100_
[གྱུར་_100_],གྱུར་_100_,གྱུར་_100_,གྱུར་_100_,གྱུར་_100_,གྱུར་_100_
[པ་ལས་པདྨ_83_],པ་ལས་པདྨ_83_,པ་ལས་པདྨ_83_,པ་ལས་པདྨ_83_,པ་ལས་པདྨ_83_,རྫོགས་པར་བྱས་ནས_16_
[། _100_],། _100_,། _100_,། _100_,། _100_,། _100_
[དེའི་_100_],དེའི་_100_,དེའི་_100_,དེའི་_100_,དེའི་_100_,དེའི་_100_
[སྟེང་_100_],སྟེང་_100_,སྟེང་_100_,སྟེང་_100_,སྟེང་_100_,སྟེང་_100_
[དུ་_100_],དུ་_100_,དུ་_100_,དུ་_100_,དུ་_100_,དུ་_100_
[ཨཱཿཡིག་_100_],ཨཱཿཡིག་_100_,ཨཱཿཡིག་_100_,ཨཱཿཡིག་_100_,ཨཱཿཡིག་_100_,ཨཱཿཡིག་_100_
[ཡོངས་_100_],ཡོངས་_100_,ཡོངས་_100_,ཡོངས་_100_,ཡོངས་_100_,ཡོངས་_100_
[སུ་_100_],སུ་_100_,སུ་_100_,སུ་_100_,སུ་_100_,སུ་_100_
[གྱུར་_100_],གྱུར་_100_,གྱུར་_100_,གྱུར་_100_,གྱུར་_100_,གྱུར་_100_
[པ་_100_],པ་_100_,པ་_100_,པ་_100_,པ་_100_,པ་_100_
[ལས་_100_],ལས་_100_,ལས་_100_,ལས་_100_,ལས་_100_,ལས་_100_
[ཉི་_100_],ཉི་_100_,ཉི་_100_,ཉི་_100_,ཉི་_100_,ཉི་_100_
[མའི་_100_],མའི་_100_,མའི་_100_,མའི་_100_,མའི་_100_,མའི་_100_
[དཀྱིལ་_100_],དཀྱིལ་_100_,དཀྱིལ་_100_,དཀྱིལ་_100_,དཀྱིལ་_100_,དཀྱིལ་_100_
[འཁོར་_83_],འཁོར་_83_,འཁོར་_83_,འཁོར་_83_,འཁོར་_83_,འཁོར་པ་ལས་པདྨ། _16_
[དེའི་_100_],དེའི་_100_,དེའི་_100_,དེའི་_100_,དེའི་_100_,དེའི་_100_
[དབུས་_100_],དབུས་_100_,དབུས་_100_,དབུས་_100_,དབུས་_100_,དབུས་_100_
[སུ་_100_],སུ་_100_,སུ་_100_,སུ་_100_,སུ་_100_,སུ་_100_
[ཡི་_100_],ཡི་_100_,ཡི་_100_,ཡི་_100_,ཡི་_100_,ཡི་_100_
[གེ་_100_],གེ་_100_,གེ་_100_,གེ་_100_,གེ་_100_,གེ་_100_
[ཧཱུཾ་_100_],ཧཱུཾ་_100_,ཧཱུཾ་_100_,ཧཱུཾ་_100_,ཧཱུཾ་_100_,ཧཱུཾ་_100_
[གི་_100_],གི་_100_,གི་_100_,གི་_100_,གི་_100_,གི་_100_
[ས་_100_],ས་_100_,ས་_100_,ས་_100_,ས་_100_,ས་_100_
[བོན་_100_],བོན་_100_,བོན་_100_,བོན་_100_,བོན་_100_,བོན་_100_
[ཡོངས་_100_],ཡོངས་_100_,ཡོངས་_100_,ཡོངས་_100_,ཡོངས་_100_,ཡོངས་_100_
[སུ་_100_],སུ་_100_,སུ་_100_,སུ་_100_,སུ་_100_,སུ་_100_
[གྱུར་_100_],གྱུར་_100_,གྱུར་_100_,གྱུར་_100_,གྱུར་_100_,གྱུར་_100_
[པ་_100_],པ་_100_,པ་_100_,པ་_100_,པ་_100_,པ་_100_
[ལས་_100_],ལས་_100_,ལས་_100_,ལས་_100_,ལས་_100_,ལས་_100_
[རྡོ་_100_],རྡོ་_100_,རྡོ་_100_,རྡོ་_100_,རྡོ་_100_,རྡོ་_100_
[རྗེ་_100_],རྗེ་_100_,རྗེ་_100_,རྗེ་_100_,རྗེ་_100_,རྗེ་_100_
[རྩེ་_100_],རྩེ་_100_,རྩེ་_100_,རྩེ་_100_,རྩེ་_100_,རྩེ་_100_
[ལྔ་_100_],ལྔ་_100_,ལྔ་_100_,ལྔ་_100_,ལྔ་_100_,ལྔ་_100_
[པ_100_],པ_100_,པ_100_,པ_100_,པ_100_,པ_100_
[། _100_],། _100_,། _100_,། _100_,། _100_,། _100_
[དེའི་_100_],དེའི་_100_,དེའི་_100_,དེའི་_100_,དེའི་_100_,དེའི་_100_
[ལྟེ་_100_],ལྟེ་_100_,ལྟེ་_100_,ལྟེ་_100_,ལྟེ་_100_,ལྟེ་_100_
[བར་_100_],བར་_100_,བར་_100_,བར་_100_,བར་_100_,བར་_100_
[ཧཱུཾ་_83_],ཧཱུཾ་_83_,ཧཱུཾ་_83_,ཧཱུཾ་_83_,ཧཱུཾ་_83_,ཧཱུྃ་_16_
[གི་_100_],གི་_100_,གི་_100_,གི་_100_,གི་_100_,གི་_100_
[ཡི་_100_],ཡི་_100_,ཡི་_100_,ཡི་_100_,ཡི་_100_,ཡི་_100_
[གེ་_100_],གེ་_100_,གེ་_100_,གེ་_100_,གེ་_100_,གེ་_100_
[བལྟས་_100_],བལྟས་_100_,བལྟས་_100_,བལྟས་_100_,བལྟས་_100_,བལྟས་_100_
[ལ_100_],ལ_100_,ལ_100_,ལ_100_,ལ_100_,ལ_100_
[།_83_],།_83_,།_83_,།_83_,།_83_,། _16_
[དེའི་_100_],དེའི་_100_,དེའི་_100_,དེའི་_100_,དེའི་_100_,དེའི་_100_
[འོད་_100_],འོད་_100_,འོད་_100_,འོད་_100_,འོད་_100_,འོད་_100_
[ཟེར་_100_],ཟེར་_100_,ཟེར་_100_,ཟེར་_100_,ཟེར་_100_,ཟེར་_100_
[གྱིས་_100_],གྱིས་_100_,གྱིས་_100_,གྱིས་_100_,གྱིས་_100_,གྱིས་_100_
[གདོད་_100_],གདོད་_100_,གདོད་_100_,གདོད་_100_,གདོད་_100_,གདོད་_100_
[མ་_100_],མ་_100_,མ་_100_,མ་_100_,མ་_100_,མ་_100_
[ནས་_100_],ནས་_100_,ནས་_100_,ནས་_100_,ནས་_100_,ནས་_100_
[གྲུབ་_100_],གྲུབ་_100_,གྲུབ་_100_,གྲུབ་_100_,གྲུབ་_100_,གྲུབ་_100_
[པའི་_100_],པའི་_100_,པའི་_100_,པའི་_100_,པའི་_100_,པའི་_100_
[འཆད་_100_],འཆད་_100_,འཆད་_100_,འཆད་_100_,འཆད་_100_,འཆད་_100_
[པར་_100_],པར་_100_,པར་_100_,པར་_100_,པར་_100_,པར་_100_
[འགྱུར་_100_],འགྱུར་_100_,འགྱུར་_100_,འགྱུར་_100_,འགྱུར་_100_,འགྱུར་_100_
[བའི་_100_],བའི་_100_,བའི་_100_,བའི་_100_,བའི་_100_,བའི་_100_
[སྐུ་_100_],སྐུ་_100_,སྐུ་_100_,སྐུ་_100_,སྐུ་_100_,སྐུ་_100_
[མདོག་_100_],མདོག་_100_,མདོག་_100_,མདོག་_100_,མདོག་_100_,མདོག་_100_
[ལ་_100_],ལ་_100_,ལ་_100_,ལ་_100_,ལ་_100_,ལ་_100_
[སོགས་_100_],སོགས་_100_,སོགས་_100_,སོགས་_100_,སོགས་_100_,སོགས་_100_
[པ་_100_],པ་_100_,པ་_100_,པ་_100_,པ་_100_,པ་_100_
[ཅན་_100_],ཅན་_100_,ཅན་_100_,ཅན་_100_,ཅན་_100_,ཅན་_100_
[གྱི་_100_],གྱི་_100_,གྱི་_100_,གྱི་_100_,གྱི་_100_,གྱི་_100_
[ནག་_100_],ནག་_100_,ནག་_100_,ནག་_100_,ནག་_100_,ནག་_100_
[པོ་_100_],པོ་_100_,པོ་_100_,པོ་_100_,པོ་_100_,པོ་_100_
[ཆེན་_100_],ཆེན་_100_,ཆེན་_100_,ཆེན་_100_,ཆེན་_100_,ཆེན་_100_
[པོ་_100_],པོ་_100_,པོ་_100_,པོ་_100_,པོ་_100_,པོ་_100_
[སྤྱན་_100_],སྤྱན་_100_,སྤྱན་_100_,སྤྱན་_100_,སྤྱན་_100_,སྤྱན་_100_
[དྲངས་_100_],དྲངས་_100_,དྲངས་_100_,དྲངས་_100_,དྲངས་_100_,དྲངས་_100_
[ལ_100_],ལ_100_,ལ_100_,ལ_100_,ལ_100_,ལ_100_
[། _100_],། _100_,། _100_,། _100_,། _100_,། _100_
[ཧཱུཾ་_83_],ཧཱུཾ་_83_,ཧཱུཾ་_83_,ཧཱུཾ་_83_,ཧཱུཾ་_83_,ཧཱུྃ་_16_
[གི་_100_],གི་_100_,གི་_100_,གི་_100_,གི་_100_,གི་_100_
[ཡི་_100_],ཡི་_100_,ཡི་_100_,ཡི་_100_,ཡི་_100_,ཡི་_100_
[གེ་_100_],གེ་_100_,གེ་_100_,གེ་_100_,གེ་_100_,གེ་_100_
[ལས་_100_],ལས་_100_,ལས་_100_,ལས་_100_,ལས་_100_,ལས་_100_
[སྤྲོས་_100_],སྤྲོས་_100_,སྤྲོས་_100_,སྤྲོས་_100_,སྤྲོས་_100_,སྤྲོས་_100_
[པའི་_100_],པའི་_100_,པའི་_100_,པའི་_100_,པའི་_100_,པའི་_100_
[མཆོད་_100_],མཆོད་_100_,མཆོད་_100_,མཆོད་_100_,མཆོད་_100_,མཆོད་_100_
[པའི་_100_],པའི་_100_,པའི་_100_,པའི་_100_,པའི་_100_,པའི་_100_
[ལྷ་_100_],ལྷ་_100_,ལྷ་_100_,ལྷ་_100_,ལྷ་_100_,ལྷ་_100_
[མོ་_100_],མོ་_100_,མོ་_100_,མོ་_100_,མོ་_100_,མོ་_100_
[རྣམས་_100_],རྣམས་_100_,རྣམས་_100_,རྣམས་_100_,རྣམས་_100_,རྣམས་_100_
[ཀྱིས་_100_],ཀྱིས་_100_,ཀྱིས་_100_,ཀྱིས་_100_,ཀྱིས་_100_,ཀྱིས་_100_
[ཡང་_100_],ཡང་_100_,ཡང་_100_,ཡང་_100_,ཡང་_100_,ཡང་_100_
[དག་_100_],དག་_100_,དག་_100_,དག་_100_,དག་_100_,དག་_100_
[པར་_100_],པར་_100_,པར་_100_,པར་_100_,པར་_100_,པར་_100_
[མཆོད་_100_],མཆོད་_100_,མཆོད་_100_,མཆོད་_100_,མཆོད་_100_,མཆོད་_100_
[ཅིང་_100_],ཅིང་_100_,ཅིང་_100_,ཅིང་_100_,ཅིང་_100_,ཅིང་_100_
[།_100_],།_100_,།_100_,།_100_,།_100_,།_100_
[སྡིག་_100_],སྡིག་_100_,སྡིག་_100_,སྡིག་_100_,སྡིག་_100_,སྡིག་_100_
[པ་_100_],པ་_100_,པ་_100_,པ་_100_,པ་_100_,པ་_100_
[བཤགས་_100_],བཤགས་_100_,བཤགས་_100_,བཤགས་_100_,བཤགས་_100_,བཤགས་_100_
[པ་_100_],པ་_100_,པ་_100_,པ་_100_,པ་_100_,པ་_100_
[ལ་_100_],ལ་_100_,ལ་_100_,ལ་_100_,ལ་_100_,ལ་_100_
[སོགས་_100_],སོགས་_100_,སོགས་_100_,སོགས་_100_,སོགས་_100_,སོགས་_100_
[པ་_100_],པ་_100_,པ་_100_,པ་_100_,པ་_100_,པ་_100_
[བྱའོ_100_],བྱའོ_100_,བྱའོ_100_,བྱའོ_100_,བྱའོ_100_,བྱའོ_100_
[། །​_100_],། །​_100_,། །​_100_,། །​_100_,། །​_100_,། །​_100_
[ཡང་_100_],ཡང་_100_,ཡང་_100_,ཡང་_100_,ཡང་_100_,ཡང་_100_
[དག་_100_],དག་_100_,དག་_100_,དག་_100_,དག་_100_,དག་_100_
[པར་_100_],པར་_100_,པར་_100_,པར་_100_,པར་_100_,པར་_100_
[བསྟོད་_100_],བསྟོད་_100_,བསྟོད་_100_,བསྟོད་_100_,བསྟོད་_100_,བསྟོད་_100_
[ནས_100_],ནས_100_,ནས_100_,ནས_100_,ནས_100_,ནས_100_
[། _100_],། _100_,། _100_,། _100_,། _100_,། _100_
[ཨོཾ་_100_],ཨོཾ་_100_,ཨོཾ་_100_,ཨོཾ་_100_,ཨོཾ་_100_,ཨོཾ་_100_
[ཨཱཿཧཱུཾ་_83_],ཨཱཿཧཱུཾ་_83_,ཨཱཿཧཱུཾ་_83_,ཨཱཿཧཱུཾ་_83_,ཨཱཿཧཱུཾ་_83_,ཨཱཿཧཱུྃ་_16_
[བཛྲ་_100_],བཛྲ་_100_,བཛྲ་_100_,བཛྲ་_100_,བཛྲ་_100_,བཛྲ་_100_
[མཎྜ་_100_],མཎྜ་_100_,མཎྜ་_100_,མཎྜ་_100_,མཎྜ་_100_,མཎྜ་_100_
[ལ་_100_],ལ་_100_,ལ་_100_,ལ་_100_,ལ་_100_,ལ་_100_
[མུཿདེ་_83_],མུཿདེ་_83_,མུཿདེ་_83_,མུཿདེ་_83_,མུཿདེ་_83_,མུདེ་_16_
[ནས་_100_],ནས་_100_,ནས་_100_,ནས་_100_,ནས་_100_,ནས་_100_
[ཚངས་_100_],ཚངས་_100_,ཚངས་_100_,ཚངས་_100_,ཚངས་_100_,ཚངས་_100_
[པའི་_100_],པའི་_100_,པའི་_100_,པའི་_100_,པའི་_100_,པའི་_100_
[གནས་_100_],གནས་_100_,གནས་_100_,གནས་_100_,གནས་_100_,གནས་_100_
[བཞི་_100_],བཞི་_100_,བཞི་_100_,བཞི་_100_,བཞི་_100_,བཞི་_100_
[བསྒོམ་_100_],བསྒོམ་_100_,བསྒོམ་_100_,བསྒོམ་_100_,བསྒོམ་_100_,བསྒོམ་_100_
[པར་_100_],པར་_100_,པར་_100_,པར་_100_,པར་_100_,པར་_100_
[བྱའོ_100_],བྱའོ_100_,བྱའོ_100_,བྱའོ_100_,བྱའོ_100_,བྱའོ_100_
[། །​_100_],། །​_100_,། །​_100_,། །​_100_,། །​_100_,། །​_100_
[དེ་_100_],དེ་_100_,དེ་_100_,དེ་_100_,དེ་_100_,དེ་_100_
[མ་_100_],མ་_100_,མ་_100_,མ་_100_,མ་_100_,མ་_100_
[ཐག་_100_],ཐག་_100_,ཐག་_100_,ཐག་_100_,ཐག་_100_,ཐག་_100_
[པར་_100_],པར་_100_,པར་_100_,པར་_100_,པར་_100_,པར་_100_
[ཐ་_100_],ཐ་_100_,ཐ་_100_,ཐ་_100_,ཐ་_100_,ཐ་_100_
[མལ་_100_],མལ་_100_,མལ་_100_,མལ་_100_,མལ་_100_,མལ་_100_
[པའི་_100_],པའི་_100_,པའི་_100_,པའི་_100_,པའི་_100_,པའི་_100_
[ལུས་_100_],ལུས་_100_,ལུས་_100_,ལུས་_100_,ལུས་_100_,ལུས་_100_
[ཀྱི་_100_],ཀྱི་_100_,ཀྱི་_100_,ཀྱི་_100_,ཀྱི་_100_,ཀྱི་_100_
[དངོས་_100_],དངོས་_100_,དངོས་_100_,དངོས་_100_,དངོས་_100_,དངོས་_100_
[པོ་_100_],པོ་_100_,པོ་_100_,པོ་_100_,པོ་_100_,པོ་_100_
[མེད་_100_],མེད་_100_,མེད་_100_,མེད་_100_,མེད་_100_,མེད་_100_
[པར་_100_],པར་_100_,པར་_100_,པར་_100_,པར་_100_,པར་_100_
[བལྟས་_100_],བལྟས་_100_,བལྟས་_100_,བལྟས་_100_,བལྟས་_100_,བལྟས་_100_
[ཏེ_100_],ཏེ_100_,ཏེ_100_,ཏེ_100_,ཏེ_100_,ཏེ_100_
[། _100_],། _100_,། _100_,། _100_,། _100_,། _100_
[ཆོས་_100_],ཆོས་_100_,ཆོས་_100_,ཆོས་_100_,ཆོས་_100_,ཆོས་_100_
[ཐམས་_100_],ཐམས་_100_,ཐམས་_100_,ཐམས་_100_,ཐམས་_100_,ཐམས་_100_
[ཅད་_100_],ཅད་_100_,ཅད་_100_,ཅད་_100_,ཅད་_100_,ཅད་_100_
[བདག་_100_],བདག་_100_,བདག་_100_,བདག་_100_,བདག་_100_,བདག་_100_
[མེད་_100_],མེད་_100_,མེད་_100_,མེད་_100_,མེད་_100_,མེད་_100_
[པར་_100_],པར་_100_,པར་_100_,པར་_100_,པར་_100_,པར་_100_
[ལྷག་_100_],ལྷག་_100_,ལྷག་_100_,ལྷག་_100_,ལྷག་_100_,ལྷག་_100_
[པར་_100_],པར་_100_,པར་_100_,པར་_100_,པར་_100_,པར་_100_
[མོས་_100_],མོས་_100_,མོས་_100_,མོས་_100_,མོས་_100_,མོས་_100_
[ནས_100_],ནས_100_,ནས_100_,ནས_100_,ནས_100_,ནས_100_
[། ཨོཾ་ཤཱུནྱ་_83_],། ཨོཾ་ཤཱུནྱ་_83_,། ཨོཾ་ཤཱུནྱ་_83_,། ཨོཾ་ཤཱུནྱ་_83_,། ཨོཾ་ཤཱུནྱ་_83_,། །​ཨོ་ཤུ་ནྱ་_16_
[ཏཱ་_100_],ཏཱ་_100_,ཏཱ་_100_,ཏཱ་_100_,ཏཱ་_100_,ཏཱ་_100_
[ཛྙཱ་_100_],ཛྙཱ་_100_,ཛྙཱ་_100_,ཛྙཱ་_100_,ཛྙཱ་_100_,ཛྙཱ་_100_
[ན་_100_],ན་_100_,ན་_100_,ན་_100_,ན་_100_,ན་_100_
[བཛྲ་_100_],བཛྲ་_100_,བཛྲ་_100_,བཛྲ་_100_,བཛྲ་_100_,བཛྲ་_100_
[སྭ་_100_],སྭ་_100_,སྭ་_100_,སྭ་_100_,སྭ་_100_,སྭ་_100_
[བྷཱ་_100_],བྷཱ་_100_,བྷཱ་_100_,བྷཱ་_100_,བྷཱ་_100_,བྷཱ་_100_
[ཝ་_100_],ཝ་_100_,ཝ་_100_,ཝ་_100_,ཝ་_100_,ཝ་_100_
[ཨཱཏྨ་_100_],ཨཱཏྨ་_100_,ཨཱཏྨ་_100_,ཨཱཏྨ་_100_,ཨཱཏྨ་_100_,ཨཱཏྨ་_100_
[ཀོཉྲཧཾ_83_],ཀོཉྲཧཾ_83_,ཀོཉྲཧཾ_83_,ཀོཉྲཧཾ_83_,ཀོཉྲཧཾ_83_,ཀོཉཧཾ_16_
[།_100_],།_100_,།_100_,།_100_,།_100_,།_100_
[ཞེས་_100_],ཞེས་_100_,ཞེས་_100_,ཞེས་_100_,ཞེས་_100_,ཞེས་_100_
[བྱ་_100_],བྱ་_100_,བྱ་_100_,བྱ་_100_,བྱ་_100_,བྱ་_100_
[བའི་_100_],བའི་_100_,བའི་_100_,བའི་_100_,བའི་_100_,བའི་_100_
[སྔགས་_100_],སྔགས་_100_,སྔགས་_100_,སྔགས་_100_,སྔགས་_100_,སྔགས་_100_
[བརྗོད་_100_],བརྗོད་_100_,བརྗོད་_100_,བརྗོད་_100_,བརྗོད་_100_,བརྗོད་_100_
[པར་_100_],པར་_100_,པར་_100_,པར་_100_,པར་_100_,པར་_100_
[བྱའོ_100_],བྱའོ_100_,བྱའོ_100_,བྱའོ_100_,བྱའོ_100_,བྱའོ_100_
[། །​_83_],། །​_83_,། །​_83_,། །​_83_,། །​_83_,། །​ _16_
[དེ་_100_],དེ་_100_,དེ་_100_,དེ་_100_,དེ་_100_,དེ་_100_
[ནས་_100_],ནས་_100_,ནས་_100_,ནས་_100_,ནས་_100_,ནས་_100_
[པདྨར་_83_],པདྨར་_83_,པདྨར་_83_,པདྨར་_83_,པདྨར་_83_,པདྨོར་_16_
[ཨ་_100_],ཨ་_100_,ཨ་_100_,ཨ་_100_,ཨ་_100_,ཨ་_100_
[ཡིག་_100_],ཡིག་_100_,ཡིག་_100_,ཡིག་_100_,ཡིག་_100_,ཡིག་_100_
[ཡོངས་_100_],ཡོངས་_100_,ཡོངས་_100_,ཡོངས་_100_,ཡོངས་_100_,ཡོངས་_100_
[སུ་_100_],སུ་_100_,སུ་_100_,སུ་_100_,སུ་_100_,སུ་_100_
[གྱུར་_100_],གྱུར་_100_,གྱུར་_100_,གྱུར་_100_,གྱུར་_100_,གྱུར་_100_
[པ་_100_],པ་_100_,པ་_100_,པ་_100_,པ་_100_,པ་_100_
[ལས་_100_],ལས་_100_,ལས་_100_,ལས་_100_,ལས་_100_,ལས་_100_
[ཟླ་_100_],ཟླ་_100_,ཟླ་_100_,ཟླ་_100_,ཟླ་_100_,ཟླ་_100_
[བའོ_100_],བའོ_100_,བའོ_100_,བའོ_100_,བའོ_100_,བའོ_100_
[། །​_100_],། །​_100_,། །​_100_,། །​_100_,། །​_100_,། །​_100_
[ཟླ་_100_],ཟླ་_100_,ཟླ་_100_,ཟླ་_100_,ཟླ་_100_,ཟླ་_100_
[བ་_100_],བ་_100_,བ་_100_,བ་_100_,བ་_100_,བ་_100_
[དེ་_100_],དེ་_100_,དེ་_100_,དེ་_100_,དེ་_100_,དེ་_100_
[ལ་_100_],ལ་_100_,ལ་_100_,ལ་_100_,ལ་_100_,ལ་_100_
[ཧཱུཾ་_83_],ཧཱུཾ་_83_,ཧཱུཾ་_83_,ཧཱུཾ་_83_,ཧཱུཾ་_83_,ཧཱུྃ་_16_
[ཡིག་_100_],ཡིག་_100_,ཡིག་_100_,ཡིག་_100_,ཡིག་_100_,ཡིག་_100_
[དཀར་_100_],དཀར་_100_,དཀར་_100_,དཀར་_100_,དཀར་_100_,དཀར་_100_
[པོ་_100_],པོ་_100_,པོ་_100_,པོ་_100_,པོ་_100_,པོ་_100_
[བལྟས་_100_],བལྟས་_100_,བལྟས་_100_,བལྟས་_100_,བལྟས་_100_,བལྟས་_100_
[ནས_100_],ནས_100_,ནས_100_,ནས_100_,ནས_100_,ནས_100_
[།_83_],།_83_,།_83_,།_83_,།_83_,། _16_
[དེ་_100_],དེ་_100_,དེ་_100_,དེ་_100_,དེ་_100_,དེ་_100_
[ཡོངས་_100_],ཡོངས་_100_,ཡོངས་_100_,ཡོངས་_100_,ཡོངས་_100_,ཡོངས་_100_
[སུ་_100_],སུ་_100_,སུ་_100_,སུ་_100_,སུ་_100_,སུ་_100_
[གྱུར་_100_],གྱུར་_100_,གྱུར་_100_,གྱུར་_100_,གྱུར་_100_,གྱུར་_100_
[པ་_100_],པ་_100_,པ་_100_,པ་_100_,པ་_100_,པ་_100_
[ལས་_100_],ལས་_100_,ལས་_100_,ལས་_100_,ལས་_100_,ལས་_100_
[རལ་_100_],རལ་_100_,རལ་_100_,རལ་_100_,རལ་_100_,རལ་_100_
[གྲིའོ_100_],གྲིའོ_100_,གྲིའོ_100_,གྲིའོ_100_,གྲིའོ_100_,གྲིའོ_100_
[། །​_100_],། །​_100_,། །​_100_,། །​_100_,། །​_100_,། །​_100_
[དེའི་_100_],དེའི་_100_,དེའི་_100_,དེའི་_100_,དེའི་_100_,དེའི་_100_
[སྟེང་_100_],སྟེང་_100_,སྟེང་_100_,སྟེང་_100_,སྟེང་_100_,སྟེང་_100_
[དུ་_100_],དུ་_100_,དུ་_100_,དུ་_100_,དུ་_100_,དུ་_100_
[ཟླ་_100_],ཟླ་_100_,ཟླ་_100_,ཟླ་_100_,ཟླ་_100_,ཟླ་_100_
[བའི་_100_],བའི་_100_,བའི་_100_,བའི་_100_,བའི་_100_,བའི་_100_
[དཀྱིལ་_100_],དཀྱིལ་_100_,དཀྱིལ་_100_,དཀྱིལ་_100_,དཀྱིལ་_100_,དཀྱིལ་_100_
[འཁོར་_100_],འཁོར་_100_,འཁོར་_100_,འཁོར་_100_,འཁོར་_100_,འཁོར་_100_
[ལ་_100_],ལ་_100_,ལ་_100_,ལ་_100_,ལ་_100_,ལ་_100_
[ཧཱུཾ་_100_],ཧཱུཾ་_100_,ཧཱུཾ་_100_,ཧཱུཾ་_100_,ཧཱུཾ་_100_,ཧཱུཾ་_100_
[གི་_100_],གི་_100_,གི་_100_,གི་_100_,གི་_100_,གི་_100_
[ས་_100_],ས་_100_,ས་_100_,ས་_100_,ས་_100_,ས་_100_
[བོན་_100_],བོན་_100_,བོན་_100_,བོན་_100_,བོན་_100_,བོན་_100_
[གྱིས་_100_],གྱིས་_100_,གྱིས་_100_,གྱིས་_100_,གྱིས་_100_,གྱིས་_100_
[བྱིན་_100_],བྱིན་_100_,བྱིན་_100_,བྱིན་_100_,བྱིན་_100_,བྱིན་_100_
[གྱིས་_100_],གྱིས་_100_,གྱིས་_100_,གྱིས་_100_,གྱིས་_100_,གྱིས་_100_
[བརླབ་_100_],བརླབ་_100_,བརླབ་_100_,བརླབ་_100_,བརླབ་_100_,བརླབ་_100_
[པོ_100_],པོ_100_,པོ_100_,པོ_100_,པོ_100_,པོ_100_
[། །​_100_],། །​_100_,། །​_100_,། །​_100_,། །​_100_,། །​_100_
[དེ་_100_],དེ་_100_,དེ་_100_,དེ་_100_,དེ་_100_,དེ་_100_
[ཐམས་_100_],ཐམས་_100_,ཐམས་_100_,ཐམས་_100_,ཐམས་_100_,ཐམས་_100_
[ཅད་_100_],ཅད་_100_,ཅད་_100_,ཅད་_100_,ཅད་_100_,ཅད་_100_
[ཡོངས་_100_],ཡོངས་_100_,ཡོངས་_100_,ཡོངས་_100_,ཡོངས་_100_,ཡོངས་_100_
[སུ་_100_],སུ་_100_,སུ་_100_,སུ་_100_,སུ་_100_,སུ་_100_
[གྱུར་_100_],གྱུར་_100_,གྱུར་_100_,གྱུར་_100_,གྱུར་_100_,གྱུར་_100_
[པ་_100_],པ་_100_,པ་_100_,པ་_100_,པ་_100_,པ་_100_
[ལས_100_],ལས_100_,ལས_100_,ལས_100_,ལས_100_,ལས_100_
[། _100_],། _100_,། _100_,། _100_,། _100_,། _100_
[དཔལ་_100_],དཔལ་_100_,དཔལ་_100_,དཔལ་_100_,དཔལ་_100_,དཔལ་_100_
[ལྡན་_100_],ལྡན་_100_,ལྡན་_100_,ལྡན་_100_,ལྡན་_100_,ལྡན་_100_
[ནག་_100_],ནག་_100_,ནག་_100_,ནག་_100_,ནག་_100_,ནག་_100_
[པོ་_100_],པོ་_100_,པོ་_100_,པོ་_100_,པོ་_100_,པོ་_100_
[ཆེན་_100_],ཆེན་_100_,ཆེན་_100_,ཆེན་_100_,ཆེན་_100_,ཆེན་_100_
[པོ་_100_],པོ་_100_,པོ་_100_,པོ་_100_,པོ་_100_,པོ་_100_
[སྐུ་_100_],སྐུ་_100_,སྐུ་_100_,སྐུ་_100_,སྐུ་_100_,སྐུ་_100_
[མདོག་_100_],མདོག་_100_,མདོག་_100_,མདོག་_100_,མདོག་_100_,མདོག་_100_
[སྔོན་_100_],སྔོན་_100_,སྔོན་_100_,སྔོན་_100_,སྔོན་_100_,སྔོན་_100_
[པོ_100_],པོ_100_,པོ_100_,པོ_100_,པོ_100_,པོ_100_
[། _100_],། _100_,། _100_,། _100_,། _100_,། _100_
[ཞལ་_100_],ཞལ་_100_,ཞལ་_100_,ཞལ་_100_,ཞལ་_100_,ཞལ་_100_
[གཅིག་_100_],གཅིག་_100_,གཅིག་_100_,གཅིག་_100_,གཅིག་_100_,གཅིག་_100_
[ཕྱག་_100_],ཕྱག་_100_,ཕྱག་_100_,ཕྱག་_100_,ཕྱག་_100_,ཕྱག་_100_
[བཞི་_100_],བཞི་_100_,བཞི་_100_,བཞི་_100_,བཞི་_100_,བཞི་_100_
[པ_100_],པ_100_,པ_100_,པ_100_,པ_100_,པ_100_
[། _100_],། _100_,། _100_,། _100_,། _100_,། _100_
[ཕྱག་_100_],ཕྱག་_100_,ཕྱག་_100_,ཕྱག་_100_,ཕྱག་_100_,ཕྱག་_100_
[གཡས་_100_],གཡས་_100_,གཡས་_100_,གཡས་_100_,གཡས་_100_,གཡས་_100_
[ན་_100_],ན་_100_,ན་_100_,ན་_100_,ན་_100_,ན་_100_
[རལ་_100_],རལ་_100_,རལ་_100_,རལ་_100_,རལ་_100_,རལ་_100_
[གྲི་_100_],གྲི་_100_,གྲི་_100_,གྲི་_100_,གྲི་_100_,གྲི་_100_
[དང་_100_],དང་_100_,དང་_100_,དང་_100_,དང་_100_,དང་_100_
[གྲི་_100_],གྲི་_100_,གྲི་_100_,གྲི་_100_,གྲི་_100_,གྲི་_100_
[གུག་_100_],གུག་_100_,གུག་_100_,གུག་_100_,གུག་_100_,གུག་_100_
[ཕྱག་_100_],ཕྱག་_100_,ཕྱག་_100_,ཕྱག་_100_,ཕྱག་_100_,ཕྱག་_100_
[གཡོན་_100_],གཡོན་_100_,གཡོན་_100_,གཡོན་_100_,གཡོན་_100_,གཡོན་_100_
[ན་_100_],ན་_100_,ན་_100_,ན་_100_,ན་_100_,ན་_100_
[རྩེ་_100_],རྩེ་_100_,རྩེ་_100_,རྩེ་_100_,རྩེ་_100_,རྩེ་_100_
[གསུམ་_100_],གསུམ་_100_,གསུམ་_100_,གསུམ་_100_,གསུམ་_100_,གསུམ་_100_
[དང་_100_],དང་_100_,དང་_100_,དང་_100_,དང་_100_,དང་_100_
[ཐོད་_100_],ཐོད་_100_,ཐོད་_100_,ཐོད་_100_,ཐོད་_100_,ཐོད་_100_
[པའོ_100_],པའོ_100_,པའོ_100_,པའོ_100_,པའོ_100_,པའོ_100_
[། །​_100_],། །​_100_,། །​_100_,། །​_100_,། །​_100_,། །​_100_
[ཐུང་_100_],ཐུང་_100_,ཐུང་_100_,ཐུང་_100_,ཐུང་_100_,ཐུང་_100_
[ཞིང་_100_],ཞིང་_100_,ཞིང་_100_,ཞིང་_100_,ཞིང་_100_,ཞིང་_100_
[གསུས་_100_],གསུས་_100_,གསུས་_100_,གསུས་_100_,གསུས་_100_,གསུས་_100_
[པ་_100_],པ་_100_,པ་_100_,པ་_100_,པ་_100_,པ་_100_
[འཕྱང་_100_],འཕྱང་_100_,འཕྱང་_100_,འཕྱང་_100_,འཕྱང་_100_,འཕྱང་_100_
[བ། །​_83_],བ། །​_83_,བ། །​_83_,བ། །​_83_,བ། །​_83_,པ༑ _16_
[ཀླུ་_100_],ཀླུ་_100_,ཀླུ་_100_,ཀླུ་_100_,ཀླུ་_100_,ཀླུ་_100_
[བརྒྱད་_100_],བརྒྱད་_100_,བརྒྱད་_100_,བརྒྱད་_100_,བརྒྱད་_100_,བརྒྱད་_100_
[ཀྱིས་_100_],ཀྱིས་_100_,ཀྱིས་_100_,ཀྱིས་_100_,ཀྱིས་_100_,ཀྱིས་_100_
[བརྒྱན་_100_],བརྒྱན་_100_,བརྒྱན་_100_,བརྒྱན་_100_,བརྒྱན་_100_,བརྒྱན་_100_
[པ_100_],པ_100_,པ_100_,པ_100_,པ_100_,པ_100_
[།_83_],།_83_,།_83_,།_83_,།_83_,། _16_
[སྟག་_100_],སྟག་_100_,སྟག་_100_,སྟག་_100_,སྟག་_100_,སྟག་_100_
[གི་_100_],གི་_100_,གི་_100_,གི་_100_,གི་_100_,གི་_100_
[ལྤགས་_100_],ལྤགས་_100_,ལྤགས་_100_,ལྤགས་_100_,ལྤགས་_100_,ལྤགས་_100_
[པའི་_100_],པའི་_100_,པའི་_100_,པའི་_100_,པའི་_100_,པའི་_100_
[ཤམ་_100_],ཤམ་_100_,ཤམ་_100_,ཤམ་_100_,ཤམ་_100_,ཤམ་_100_
[ཐབས་_100_],ཐབས་_100_,ཐབས་_100_,ཐབས་_100_,ཐབས་_100_,ཐབས་_100_
[ཅན_100_],ཅན_100_,ཅན_100_,ཅན_100_,ཅན_100_,ཅན_100_
[། །​_100_],། །​_100_,། །​_100_,། །​_100_,། །​_100_,། །​_100_
[མིའི་_100_],མིའི་_100_,མིའི་_100_,མིའི་_100_,མིའི་_100_,མིའི་_100_
[མགོ་_100_],མགོ་_100_,མགོ་_100_,མགོ་_100_,མགོ་_100_,མགོ་_100_
[བོའི་_100_],བོའི་_100_,བོའི་_100_,བོའི་_100_,བོའི་_100_,བོའི་_100_
[ཕྲེང་_100_],ཕྲེང་_100_,ཕྲེང་_100_,ཕྲེང་_100_,ཕྲེང་_100_,ཕྲེང་_100_
[བས་_100_],བས་_100_,བས་_100_,བས་_100_,བས་_100_,བས་_100_
[བརྒྱན་_100_],བརྒྱན་_100_,བརྒྱན་_100_,བརྒྱན་_100_,བརྒྱན་_100_,བརྒྱན་_100_
[པ_100_],པ_100_,པ_100_,པ_100_,པ_100_,པ_100_
[།འཇིགས་_83_],།འཇིགས་_83_,།འཇིགས་_83_,།འཇིགས་_83_,།འཇིགས་_83_,། ྋའཇིགས་_16_
[པར་_100_],པར་_100_,པར་_100_,པར་_100_,པར་_100_,པར་_100_
[མཛད་_100_],མཛད་_100_,མཛད་_100_,མཛད་_100_,མཛད་_100_,མཛད་_100_
[པ_100_],པ_100_,པ_100_,པ_100_,པ_100_,པ_100_
[། _100_],། _100_,། _100_,། _100_,། _100_,། _100_
[དམར་_100_],དམར་_100_,དམར་_100_,དམར་_100_,དམར་_100_,དམར་_100_
[ལ་_100_],ལ་_100_,ལ་_100_,ལ་_100_,ལ་_100_,ལ་_100_
[ཟླུམ་_100_],ཟླུམ་_100_,ཟླུམ་_100_,ཟླུམ་_100_,ཟླུམ་_100_,ཟླུམ་_100_
[པའི་_100_],པའི་_100_,པའི་_100_,པའི་_100_,པའི་_100_,པའི་_100_
[སྦྱན་_83_],སྦྱན་_83_,སྦྱན་_83_,སྦྱན་_83_,སྦྱན་_83_,སྤྱན་_16_
[གསུམ་_100_],གསུམ་_100_,གསུམ་_100_,གསུམ་_100_,གསུམ་_100_,གསུམ་_100_
[པ_100_],པ_100_,པ_100_,པ_100_,པ_100_,པ_100_
[།_83_],།_83_,།_83_,།_83_,།_83_,། _16_
[ཞལ་_100_],ཞལ་_100_,ཞལ་_100_,ཞལ་_100_,ཞལ་_100_,ཞལ་_100_
[མཆེ་_100_],མཆེ་_100_,མཆེ་_100_,མཆེ་_100_,མཆེ་_100_,མཆེ་_100_
[བ་_100_],བ་_100_,བ་_100_,བ་_100_,བ་_100_,བ་_100_
[རྣམ་_100_],རྣམ་_100_,རྣམ་_100_,རྣམ་_100_,རྣམ་_100_,རྣམ་_100_
[པར་_100_],པར་_100_,པར་_100_,པར་_100_,པར་_100_,པར་_100_
[གཙིགས་_100_],གཙིགས་_100_,གཙིགས་_100_,གཙིགས་_100_,གཙིགས་_100_,གཙིགས་_100_
[པ_100_],པ_100_,པ_100_,པ_100_,པ_100_,པ_100_
[། _100_],། _100_,། _100_,། _100_,། _100_,། _100_
[རྡོ་_100_],རྡོ་_100_,རྡོ་_100_,རྡོ་_100_,རྡོ་_100_,རྡོ་_100_
[རྗེ་_100_],རྗེ་_100_,རྗེ་_100_,རྗེ་_100_,རྗེ་_100_,རྗེ་_100_
[སེམས་_100_],སེམས་_100_,སེམས་_100_,སེམས་_100_,སེམས་_100_,སེམས་_100_
[དཔའི་_100_],དཔའི་_100_,དཔའི་_100_,དཔའི་_100_,དཔའི་_100_,དཔའི་_100_
[གཅོད་_66_],གཅོད་_66_,གཅོད་_66_,ཅོད་_33_,ཅོད་_33_,གཅོད་_66_
[པན་_100_],པན་_100_,པན་_100_,པན་_100_,པན་_100_,པན་_100_
[ཅན_100_],ཅན_100_,ཅན_100_,ཅན_100_,ཅན_100_,ཅན_100_
[། _100_],། _100_,། _100_,། _100_,། _100_,། _100_
[སེམས་_100_],སེམས་_100_,སེམས་_100_,སེམས་_100_,སེམས་_100_,སེམས་_100_
[དཔའི་_100_],དཔའི་_100_,དཔའི་_100_,དཔའི་_100_,དཔའི་_100_,དཔའི་_100_
[དཀྱིལ་_100_],དཀྱིལ་_100_,དཀྱིལ་_100_,དཀྱིལ་_100_,དཀྱིལ་_100_,དཀྱིལ་_100_
[མོ་_100_],མོ་_100_,མོ་_100_,མོ་_100_,མོ་_100_,མོ་_100_
[ཀྲུང་_100_],ཀྲུང་_100_,ཀྲུང་_100_,ཀྲུང་_100_,ཀྲུང་_100_,ཀྲུང་_100_
[གིས་_100_],གིས་_100_,གིས་_100_,གིས་_100_,གིས་_100_,གིས་_100_
[ཉི་_100_],ཉི་_100_,ཉི་_100_,ཉི་_100_,ཉི་_100_,ཉི་_100_
[མ་_100_],མ་_100_,མ་_100_,མ་_100_,མ་_100_,མ་_100_
[ལ་_100_],ལ་_100_,ལ་_100_,ལ་_100_,ལ་_100_,ལ་_100_
[གནས་_100_],གནས་_100_,གནས་_100_,གནས་_100_,གནས་_100_,གནས་_100_
[པ་_100_],པ་_100_,པ་_100_,པ་_100_,པ་_100_,པ་_100_
[ཉིད་_100_],ཉིད་_100_,ཉིད་_100_,ཉིད་_100_,ཉིད་_100_,ཉིད་_100_
[ཀྱིས་_100_],ཀྱིས་_100_,ཀྱིས་_100_,ཀྱིས་_100_,ཀྱིས་_100_,ཀྱིས་_100_
[རྫོགས་_100_],རྫོགས་_100_,རྫོགས་_100_,རྫོགས་_100_,རྫོགས་_100_,རྫོགས་_100_
[པའི་_100_],པའི་_100_,པའི་_100_,པའི་_100_,པའི་_100_,པའི་_100_
[ནག་_100_],ནག་_100_,ནག་_100_,ནག་_100_,ནག་_100_,ནག་_100_
[པོ་_100_],པོ་_100_,པོ་_100_,པོ་_100_,པོ་_100_,པོ་_100_
[ཆེན་_100_],ཆེན་_100_,ཆེན་_100_,ཆེན་_100_,ཆེན་_100_,ཆེན་_100_
[པོ་_100_],པོ་_100_,པོ་_100_,པོ་_100_,པོ་_100_,པོ་_100_
[བསམ་_100_],བསམ་_100_,བསམ་_100_,བསམ་_100_,བསམ་_100_,བསམ་_100_
[ནས_100_],ནས_100_,ནས_100_,ནས_100_,ནས_100_,ནས_100_
[། _100_],། _100_,། _100_,། _100_,། _100_,། _100_
[སྙིང་_100_],སྙིང་_100_,སྙིང་_100_,སྙིང་_100_,སྙིང་_100_,སྙིང་_100_
[གར་_100_],གར་_100_,གར་_100_,གར་_100_,གར་_100_,གར་_100_
[ཉི་_100_],ཉི་_100_,ཉི་_100_,ཉི་_100_,ཉི་_100_,ཉི་_100_
[མ་_100_],མ་_100_,མ་_100_,མ་_100_,མ་_100_,མ་_100_
[ལ་_100_],ལ་_100_,ལ་_100_,ལ་_100_,ལ་_100_,ལ་_100_
[གནས་_100_],གནས་_100_,གནས་_100_,གནས་_100_,གནས་_100_,གནས་_100_
[པའི་_100_],པའི་_100_,པའི་_100_,པའི་_100_,པའི་_100_,པའི་_100_
[ཧཱུཾ་_83_],ཧཱུཾ་_83_,ཧཱུཾ་_83_,ཧཱུཾ་_83_,ཧཱུཾ་_83_,ཧཱུྃ་_16_
[ཡིག་_100_],ཡིག་_100_,ཡིག་_100_,ཡིག་_100_,ཡིག་_100_,ཡིག་_100_
[གི་_100_],གི་_100_,གི་_100_,གི་_100_,གི་_100_,གི་_100_
[འོད་_100_],འོད་_100_,འོད་_100_,འོད་_100_,འོད་_100_,འོད་_100_
[ཟེར་_100_],ཟེར་_100_,ཟེར་_100_,ཟེར་_100_,ཟེར་_100_,ཟེར་_100_
[གྱིས_100_],གྱིས_100_,གྱིས_100_,གྱིས_100_,གྱིས_100_,གྱིས_100_
[། _100_],། _100_,། _100_,། _100_,། _100_,། _100_
[ཡེ་_100_],ཡེ་_100_,ཡེ་_100_,ཡེ་_100_,ཡེ་_100_,ཡེ་_100_
[ཤེས་_100_],ཤེས་_100_,ཤེས་_100_,ཤེས་_100_,ཤེས་_100_,ཤེས་_100_
[སེམས་_100_],སེམས་_100_,སེམས་_100_,སེམས་_100_,སེམས་_100_,སེམས་_100_
[དཔའ་_100_],དཔའ་_100_,དཔའ་_100_,དཔའ་_100_,དཔའ་_100_,དཔའ་_100_
[སྤྱན་_100_],སྤྱན་_100_,སྤྱན་_100_,སྤྱན་_100_,སྤྱན་_100_,སྤྱན་_100_
[དྲངས_100_],དྲངས_100_,དྲངས_100_,དྲངས_100_,དྲངས_100_,དྲངས_100_
[། _100_],། _100_,། _100_,། _100_,། _100_,། _100_
[དམ་_100_],དམ་_100_,དམ་_100_,དམ་_100_,དམ་_100_,དམ་_100_
[ཚིག་_100_],ཚིག་_100_,ཚིག་_100_,ཚིག་_100_,ཚིག་_100_,ཚིག་_100_
[སེམས་_100_],སེམས་_100_,སེམས་_100_,སེམས་_100_,སེམས་_100_,སེམས་_100_
[དཔའ་_100_],དཔའ་_100_,དཔའ་_100_,དཔའ་_100_,དཔའ་_100_,དཔའ་_100_
[དང་_100_],དང་_100_,དང་_100_,དང་_100_,དང་_100_,དང་_100_
[ལྷན་_100_],ལྷན་_100_,ལྷན་_100_,ལྷན་_100_,ལྷན་_100_,ལྷན་_100_
[ཅིག་_100_],ཅིག་_100_,ཅིག་_100_,ཅིག་_100_,ཅིག་_100_,ཅིག་_100_
[ངོ་_83_],ངོ་_83_,ངོ་_83_,ངོ་_83_,ངོ་_83_,རོ་_16_
[གཅིག་_100_],གཅིག་_100_,གཅིག་_100_,གཅིག་_100_,གཅིག་_100_,གཅིག་_100_
[པར་_100_],པར་_100_,པར་_100_,པར་_100_,པར་_100_,པར་_100_
[བསམ་_100_],བསམ་_100_,བསམ་_100_,བསམ་_100_,བསམ་_100_,བསམ་_100_
[པར་_100_],པར་_100_,པར་_100_,པར་_100_,པར་_100_,པར་_100_
[བྱ་_100_],བྱ་_100_,བྱ་_100_,བྱ་_100_,བྱ་_100_,བྱ་_100_
[སྟེ_100_],སྟེ_100_,སྟེ_100_,སྟེ_100_,སྟེ_100_,སྟེ_100_
[།_83_],།_83_,།_83_,།_83_,།_83_,། _16_
[ཡང་_100_],ཡང་_100_,ཡང་_100_,ཡང་_100_,ཡང་_100_,ཡང་_100_
[དག་_100_],དག་_100_,དག་_100_,དག་_100_,དག་_100_,དག་_100_
[པར་_100_],པར་_100_,པར་_100_,པར་_100_,པར་_100_,པར་_100_
[མཆོད་_100_],མཆོད་_100_,མཆོད་_100_,མཆོད་_100_,མཆོད་_100_,མཆོད་_100_
[ཅིང་_100_],ཅིང་_100_,ཅིང་_100_,ཅིང་_100_,ཅིང་_100_,ཅིང་_100_
[ཛཿཧཱུཾ་_83_],ཛཿཧཱུཾ་_83_,ཛཿཧཱུཾ་_83_,ཛཿཧཱུཾ་_83_,ཛཿཧཱུཾ་_83_,ཛཧཱུྃ་_16_
[བཾ་_100_],བཾ་_100_,བཾ་_100_,བཾ་_100_,བཾ་_100_,བཾ་_100_
[ཧོཿཞེས་_83_],ཧོཿཞེས་_83_,ཧོཿཞེས་_83_,ཧོཿཞེས་_83_,ཧོཿཞེས་_83_,ཧོཞེས་_16_
[བྱ་_100_],བྱ་_100_,བྱ་_100_,བྱ་_100_,བྱ་_100_,བྱ་_100_
[བས་_100_],བས་_100_,བས་_100_,བས་_100_,བས་_100_,བས་_100_
[སོ_100_],སོ_100_,སོ_100_,སོ_100_,སོ_100_,སོ_100_
[། །​_100_],། །​_100_,། །​_100_,། །​_100_,། །​_100_,། །​_100_
[སླར་_100_],སླར་_100_,སླར་_100_,སླར་_100_,སླར་_100_,སླར་_100_
[ཡང་_100_],ཡང་_100_,ཡང་_100_,ཡང་_100_,ཡང་_100_,ཡང་_100_
[དེ་_100_],དེ་_100_,དེ་_100_,དེ་_100_,དེ་_100_,དེ་_100_
[བཞིན་_100_],བཞིན་_100_,བཞིན་_100_,བཞིན་_100_,བཞིན་_100_,བཞིན་_100_
[གཤེགས་_100_],གཤེགས་_100_,གཤེགས་_100_,གཤེགས་_100_,གཤེགས་_100_,གཤེགས་_100_
[པ་_100_],པ་_100_,པ་_100_,པ་_100_,པ་_100_,པ་_100_
[སྤྱན་_100_],སྤྱན་_100_,སྤྱན་_100_,སྤྱན་_100_,སྤྱན་_100_,སྤྱན་_100_
[དྲངས_100_],དྲངས_100_,དྲངས_100_,དྲངས_100_,དྲངས_100_,དྲངས_100_
[།_100_],།_100_,།_100_,།_100_,།_100_,།_100_
[མཱ་_100_],མཱ་_100_,མཱ་_100_,མཱ་_100_,མཱ་_100_,མཱ་_100_
[མ་_100_],མ་_100_,མ་_100_,མ་_100_,མ་_100_,མ་_100_
[ཀཱི་_100_],ཀཱི་_100_,ཀཱི་_100_,ཀཱི་_100_,ཀཱི་_100_,ཀཱི་_100_
[ལ་_100_],ལ་_100_,ལ་_100_,ལ་_100_,ལ་_100_,ལ་_100_
[སོགས་_100_],སོགས་_100_,སོགས་_100_,སོགས་_100_,སོགས་_100_,སོགས་_100_
[པ་_100_],པ་_100_,པ་_100_,པ་_100_,པ་_100_,པ་_100_
[དེ་_100_],དེ་_100_,དེ་_100_,དེ་_100_,དེ་_100_,དེ་_100_
[རྣམས་_100_],རྣམས་_100_,རྣམས་_100_,རྣམས་_100_,རྣམས་_100_,རྣམས་_100_
[ཀྱིས་_100_],ཀྱིས་_100_,ཀྱིས་_100_,ཀྱིས་_100_,ཀྱིས་_100_,ཀྱིས་_100_
[བདུད་_100_],བདུད་_100_,བདུད་_100_,བདུད་_100_,བདུད་_100_,བདུད་_100_
[རྩིས་_100_],རྩིས་_100_,རྩིས་_100_,རྩིས་_100_,རྩིས་_100_,རྩིས་_100_
[དབང་_100_],དབང་_100_,དབང་_100_,དབང་_100_,དབང་_100_,དབང་_100_
[བསྐུར་_100_],བསྐུར་_100_,བསྐུར་_100_,བསྐུར་_100_,བསྐུར་_100_,བསྐུར་_100_
[བར་_100_],བར་_100_,བར་_100_,བར་_100_,བར་_100_,བར་_100_
[བསམ་_100_],བསམ་_100_,བསམ་_100_,བསམ་_100_,བསམ་_100_,བསམ་_100_
[པར་_100_],པར་_100_,པར་_100_,པར་_100_,པར་_100_,པར་_100_
[བྱའོ_100_],བྱའོ_100_,བྱའོ_100_,བྱའོ_100_,བྱའོ_100_,བྱའོ_100_
[། །​_100_],། །​_100_,། །​_100_,། །​_100_,། །​_100_,། །​_100_
[དེའི་_100_],དེའི་_100_,དེའི་_100_,དེའི་_100_,དེའི་_100_,དེའི་_100_
[རྗེས་_100_],རྗེས་_100_,རྗེས་_100_,རྗེས་_100_,རྗེས་_100_,རྗེས་_100_
[སུ་_100_],སུ་_100_,སུ་_100_,སུ་_100_,སུ་_100_,སུ་_100_
[རང་_100_],རང་_100_,རང་_100_,རང་_100_,རང་_100_,རང་_100_
[ཡེ་_100_],ཡེ་_100_,ཡེ་_100_,ཡེ་_100_,ཡེ་_100_,ཡེ་_100_
[ཤེས་_100_],ཤེས་_100_,ཤེས་_100_,ཤེས་_100_,ཤེས་_100_,ཤེས་_100_
[སེམས་_100_],སེམས་_100_,སེམས་_100_,སེམས་_100_,སེམས་_100_,སེམས་_100_
[དཔའི་_100_],དཔའི་_100_,དཔའི་_100_,དཔའི་_100_,དཔའི་_100_,དཔའི་_100_
[ས་_100_],ས་_100_,ས་_100_,ས་_100_,ས་_100_,ས་_100_
[བོན་_100_],བོན་_100_,བོན་_100_,བོན་_100_,བོན་_100_,བོན་_100_
[གྱི་_100_],གྱི་_100_,གྱི་_100_,གྱི་_100_,གྱི་_100_,གྱི་_100_
[འོད་_100_],འོད་_100_,འོད་_100_,འོད་_100_,འོད་_100_,འོད་_100_
[ཟེར་_100_],ཟེར་_100_,ཟེར་_100_,ཟེར་_100_,ཟེར་_100_,ཟེར་_100_
[ལས་_100_],ལས་_100_,ལས་_100_,ལས་_100_,ལས་_100_,ལས་_100_
[སྤྲོས་_100_],སྤྲོས་_100_,སྤྲོས་_100_,སྤྲོས་_100_,སྤྲོས་_100_,སྤྲོས་_100_
[པའི་_100_],པའི་_100_,པའི་_100_,པའི་_100_,པའི་_100_,པའི་_100_
[སྦྱན་_83_],སྦྱན་_83_,སྦྱན་_83_,སྦྱན་_83_,སྦྱན་_83_,སྤྱན་_16_
[མ་_100_],མ་_100_,མ་_100_,མ་_100_,མ་_100_,མ་_100_
[ལ་_100_],ལ་_100_,ལ་_100_,ལ་_100_,ལ་_100_,ལ་_100_
[སོགས་_100_],སོགས་_100_,སོགས་_100_,སོགས་_100_,སོགས་_100_,སོགས་_100_
[པའི་_100_],པའི་_100_,པའི་_100_,པའི་_100_,པའི་_100_,པའི་_100_
[ལྷ་_100_],ལྷ་_100_,ལྷ་_100_,ལྷ་_100_,ལྷ་_100_,ལྷ་_100_
[མོ་_100_],མོ་_100_,མོ་_100_,མོ་_100_,མོ་_100_,མོ་_100_
[རྣམས་_100_],རྣམས་_100_,རྣམས་_100_,རྣམས་_100_,རྣམས་_100_,རྣམས་_100_
[ཀྱིས་_100_],ཀྱིས་_100_,ཀྱིས་_100_,ཀྱིས་_100_,ཀྱིས་_100_,ཀྱིས་_100_
[མཆོད་_100_],མཆོད་_100_,མཆོད་_100_,མཆོད་_100_,མཆོད་_100_,མཆོད་_100_
[པ་_100_],པ་_100_,པ་_100_,པ་_100_,པ་_100_,པ་_100_
[དང་_100_],དང་_100_,དང་_100_,དང་_100_,དང་_100_,དང་_100_
[བསྟོད་_100_],བསྟོད་_100_,བསྟོད་_100_,བསྟོད་_100_,བསྟོད་_100_,བསྟོད་_100_
[པ་_100_],པ་_100_,པ་_100_,པ་_100_,པ་_100_,པ་_100_
[ཡང་_100_],ཡང་_100_,ཡང་_100_,ཡང་_100_,ཡང་_100_,ཡང་_100_
[བྱའོ_100_],བྱའོ_100_,བྱའོ_100_,བྱའོ_100_,བྱའོ_100_,བྱའོ_100_
[། །​_100_],། །​_100_,། །​_100_,། །​_100_,། །​_100_,། །​_100_
[དེ་_100_],དེ་_100_,དེ་_100_,དེ་_100_,དེ་_100_,དེ་_100_
[ནས་_100_],ནས་_100_,ནས་_100_,ནས་_100_,ནས་_100_,ནས་_100_
[དེ་_100_],དེ་_100_,དེ་_100_,དེ་_100_,དེ་_100_,དེ་_100_
[ལ་_100_],ལ་_100_,ལ་_100_,ལ་_100_,ལ་_100_,ལ་_100_
[བདུད་_100_],བདུད་_100_,བདུད་_100_,བདུད་_100_,བདུད་_100_,བདུད་_100_
[རྩི་_100_],རྩི་_100_,རྩི་_100_,རྩི་_100_,རྩི་_100_,རྩི་_100_
[ལྔ་_100_],ལྔ་_100_,ལྔ་_100_,ལྔ་_100_,ལྔ་_100_,ལྔ་_100_
[དང་_100_],དང་_100_,དང་_100_,དང་_100_,དང་_100_,དང་_100_
[། _100_],། _100_,། _100_,། _100_,། _100_,། _100_
[གཏོར་_100_],གཏོར་_100_,གཏོར་_100_,གཏོར་_100_,གཏོར་_100_,གཏོར་_100_
[མ་_100_],མ་_100_,མ་_100_,མ་_100_,མ་_100_,མ་_100_
[དང་_100_],དང་_100_,དང་_100_,དང་_100_,དང་_100_,དང་_100_
[། _100_],། _100_,། _100_,། _100_,། _100_,། _100_
[མཆོད་_100_],མཆོད་_100_,མཆོད་_100_,མཆོད་_100_,མཆོད་_100_,མཆོད་_100_
[པ་_100_],པ་_100_,པ་_100_,པ་_100_,པ་_100_,པ་_100_
[དབུལ་_100_],དབུལ་_100_,དབུལ་_100_,དབུལ་_100_,དབུལ་_100_,དབུལ་_100_
[བར་_100_],བར་_100_,བར་_100_,བར་_100_,བར་_100_,བར་_100_
[བྱའོ_100_],བྱའོ_100_,བྱའོ_100_,བྱའོ_100_,བྱའོ_100_,བྱའོ_100_
[། །​_100_],། །​_100_,། །​_100_,། །​_100_,། །​_100_,། །​_100_
[དེ་_100_],དེ་_100_,དེ་_100_,དེ་_100_,དེ་_100_,དེ་_100_
[ལ་_100_],ལ་_100_,ལ་_100_,ལ་_100_,ལ་_100_,ལ་_100_
[འབུལ་_100_],འབུལ་_100_,འབུལ་_100_,འབུལ་_100_,འབུལ་_100_,འབུལ་_100_
[བའི་_100_],བའི་_100_,བའི་_100_,བའི་_100_,བའི་_100_,བའི་_100_
[སྔགས་_100_],སྔགས་_100_,སྔགས་_100_,སྔགས་_100_,སྔགས་_100_,སྔགས་_100_
[ནི་_100_],ནི་_100_,ནི་_100_,ནི་_100_,ནི་_100_,ནི་_100_
[འདིའོ_100_],འདིའོ_100_,འདིའོ_100_,འདིའོ_100_,འདིའོ_100_,འདིའོ_100_
[། །​_100_],། །​_100_,། །​_100_,། །​_100_,། །​_100_,། །​_100_
[ན་_100_],ན་_100_,ན་_100_,ན་_100_,ན་_100_,ན་_100_
[མཿས་_83_],མཿས་_83_,མཿས་_83_,མཿས་_83_,མཿས་_83_,མས་_16_
[མནྟ་_100_],མནྟ་_100_,མནྟ་_100_,མནྟ་_100_,མནྟ་_100_,མནྟ་_100_
[ཀཱ་_100_],ཀཱ་_100_,ཀཱ་_100_,ཀཱ་_100_,ཀཱ་_100_,ཀཱ་_100_
[ཡ་ཝཱ་ཀྩོཏྟ་_83_],ཡ་ཝཱ་ཀྩོཏྟ་_83_,ཡ་ཝཱ་ཀྩོཏྟ་_83_,ཡ་ཝཱ་ཀྩོཏྟ་_83_,ཡ་ཝཱ་ཀྩོཏྟ་_83_,ཡ་ཝཱཀྐིཏྟ་_16_
[བཛྲ་_100_],བཛྲ་_100_,བཛྲ་_100_,བཛྲ་_100_,བཛྲ་_100_,བཛྲ་_100_
[ཎཱི_100_],ཎཱི_100_,ཎཱི_100_,ཎཱི_100_,ཎཱི_100_,ཎཱི_100_
[།_83_],།_83_,།_83_,།_83_,།_83_,། །​_16_
[ན་_100_],ན་_100_,ན་_100_,ན་_100_,ན་_100_,ན་_100_
[མོ་_100_],མོ་_100_,མོ་_100_,མོ་_100_,མོ་_100_,མོ་_100_
[བཛྲ་_100_],བཛྲ་_100_,བཛྲ་_100_,བཛྲ་_100_,བཛྲ་_100_,བཛྲ་_100_
[ཀྲོ་_100_],ཀྲོ་_100_,ཀྲོ་_100_,ཀྲོ་_100_,ཀྲོ་_100_,ཀྲོ་_100_
[དྷ་_100_],དྷ་_100_,དྷ་_100_,དྷ་_100_,དྷ་_100_,དྷ་_100_
[ཡ་_100_],ཡ་_100_,ཡ་_100_,ཡ་_100_,ཡ་_100_,ཡ་_100_
[མ་_100_],མ་_100_,མ་_100_,མ་_100_,མ་_100_,མ་_100_
[ཧཱ་_100_],ཧཱ་_100_,ཧཱ་_100_,ཧཱ་_100_,ཧཱ་_100_,ཧཱ་_100_
[དཾཥྚཏྐ་_83_],དཾཥྚཏྐ་_83_,དཾཥྚཏྐ་_83_,དཾཥྚཏྐ་_83_,དཾཥྚཏྐ་_83_,དཾཋཀྐ་_16_
[ཊ་_100_],ཊ་_100_,ཊ་_100_,ཊ་_100_,ཊ་_100_,ཊ་_100_
[བྷཻ་_83_],བྷཻ་_83_,བྷཻ་_83_,བྷཻ་_83_,བྷཻ་_83_,བྷི་_16_
[ར་_100_],ར་_100_,ར་_100_,ར་_100_,ར་_100_,ར་_100_
[ཝཱ་_100_],ཝཱ་_100_,ཝཱ་_100_,ཝཱ་_100_,ཝཱ་_100_,ཝཱ་_100_
[ཡ་_100_],ཡ་_100_,ཡ་_100_,ཡ་_100_,ཡ་_100_,ཡ་_100_
[ཨ་_100_],ཨ་_100_,ཨ་_100_,ཨ་_100_,ཨ་_100_,ཨ་_100_
[སི་_100_],སི་_100_,སི་_100_,སི་_100_,སི་_100_,སི་_100_
[མུ་_100_],མུ་_100_,མུ་_100_,མུ་_100_,མུ་_100_,མུ་_100_
[ཥ་_100_],ཥ་_100_,ཥ་_100_,ཥ་_100_,ཥ་_100_,ཥ་_100_
[ལ་_100_],ལ་_100_,ལ་_100_,ལ་_100_,ལ་_100_,ལ་_100_
[པ་_100_],པ་_100_,པ་_100_,པ་_100_,པ་_100_,པ་_100_
[ར་_100_],ར་_100_,ར་_100_,ར་_100_,ར་_100_,ར་_100_
[ཤཱུ་_83_],ཤཱུ་_83_,ཤཱུ་_83_,ཤཱུ་_83_,ཤཱུ་_83_,ཤུ་_16_
[པཱ་_100_],པཱ་_100_,པཱ་_100_,པཱ་_100_,པཱ་_100_,པཱ་_100_
[ཤ་_100_],ཤ་_100_,ཤ་_100_,ཤ་_100_,ཤ་_100_,ཤ་_100_
[གྲྀ་_83_],གྲྀ་_83_,གྲྀ་_83_,གྲྀ་_83_,གྲྀ་_83_,གྲི་_16_
[ཧཱི་_100_],ཧཱི་_100_,ཧཱི་_100_,ཧཱི་_100_,ཧཱི་_100_,ཧཱི་_100_
[ཏ་ཏ་_83_],ཏ་ཏ་_83_,ཏ་ཏ་_83_,ཏ་ཏ་_83_,ཏ་ཏ་_83_,ཏ་_16_
[ཧ་_100_],ཧ་_100_,ཧ་_100_,ཧ་_100_,ཧ་_100_,ཧ་_100_
[སྟཱ་_83_],སྟཱ་_83_,སྟཱ་_83_,སྟཱ་_83_,སྟཱ་_83_,ལྟ་_16_
[ཡ་_100_],ཡ་_100_,ཡ་_100_,ཡ་_100_,ཡ་_100_,ཡ་_100_
[ཨོཾ་_83_],ཨོཾ་_83_,ཨོཾ་_83_,ཨོཾ་_83_,ཨོཾ་_83_,ཨོ་_16_
[ཨ་_100_],ཨ་_100_,ཨ་_100_,ཨ་_100_,ཨ་_100_,ཨ་_100_
[མྲྀ་_100_],མྲྀ་_100_,མྲྀ་_100_,མྲྀ་_100_,མྲྀ་_100_,མྲྀ་_100_
[ཏ་ཀུ་ཎྜ་_83_],ཏ་ཀུ་ཎྜ་_83_,ཏ་ཀུ་ཎྜ་_83_,ཏ་ཀུ་ཎྜ་_83_,ཏ་ཀུ་ཎྜ་_83_,ཏ་ཀུཎྜ་_16_
[ལི་_100_],ལི་_100_,ལི་_100_,ལི་_100_,ལི་_100_,ལི་_100_
[ཁ་_100_],ཁ་_100_,ཁ་_100_,ཁ་_100_,ཁ་_100_,ཁ་_100_
[ཁ་_100_],ཁ་_100_,ཁ་_100_,ཁ་_100_,ཁ་_100_,ཁ་_100_
[ཁཱ་_100_],ཁཱ་_100_,ཁཱ་_100_,ཁཱ་_100_,ཁཱ་_100_,ཁཱ་_100_
[ཧི་_100_],ཧི་_100_,ཧི་_100_,ཧི་_100_,ཧི་_100_,ཧི་_100_
[ཁཱ་_100_],ཁཱ་_100_,ཁཱ་_100_,ཁཱ་_100_,ཁཱ་_100_,ཁཱ་_100_
[ཧི་_100_],ཧི་_100_,ཧི་_100_,ཧི་_100_,ཧི་_100_,ཧི་_100_
[ཏིཥྛ་_100_],ཏིཥྛ་_100_,ཏིཥྛ་_100_,ཏིཥྛ་_100_,ཏིཥྛ་_100_,ཏིཥྛ་_100_
[ཏིཥྛ་_100_],ཏིཥྛ་_100_,ཏིཥྛ་_100_,ཏིཥྛ་_100_,ཏིཥྛ་_100_,ཏིཥྛ་_100_
[བནྡྷ་_100_],བནྡྷ་_100_,བནྡྷ་_100_,བནྡྷ་_100_,བནྡྷ་_100_,བནྡྷ་_100_
[བནྡྷ་_100_],བནྡྷ་_100_,བནྡྷ་_100_,བནྡྷ་_100_,བནྡྷ་_100_,བནྡྷ་_100_
[ཧ་_100_],ཧ་_100_,ཧ་_100_,ཧ་_100_,ཧ་_100_,ཧ་_100_
[ན་_100_],ན་_100_,ན་_100_,ན་_100_,ན་_100_,ན་_100_
[ཧ་_100_],ཧ་_100_,ཧ་_100_,ཧ་_100_,ཧ་_100_,ཧ་_100_
[ན་_100_],ན་_100_,ན་_100_,ན་_100_,ན་_100_,ན་_100_
[ད་_100_],ད་_100_,ད་_100_,ད་_100_,ད་_100_,ད་_100_
[ཧ་_100_],ཧ་_100_,ཧ་_100_,ཧ་_100_,ཧ་_100_,ཧ་_100_
[ད་_100_],ད་_100_,ད་_100_,ད་_100_,ད་_100_,ད་_100_
[ཧ་_100_],ཧ་_100_,ཧ་_100_,ཧ་_100_,ཧ་_100_,ཧ་_100_
[པ་_100_],པ་_100_,པ་_100_,པ་_100_,པ་_100_,པ་_100_
[ཙ་_100_],ཙ་_100_,ཙ་_100_,ཙ་_100_,ཙ་_100_,ཙ་_100_
[པ་_100_],པ་_100_,པ་_100_,པ་_100_,པ་_100_,པ་_100_
[ཙ་_100_],ཙ་_100_,ཙ་_100_,ཙ་_100_,ཙ་_100_,ཙ་_100_
[གརྫ་_100_],གརྫ་_100_,གརྫ་_100_,གརྫ་_100_,གརྫ་_100_,གརྫ་_100_
[གརྫ་_100_],གརྫ་_100_,གརྫ་_100_,གརྫ་_100_,གརྫ་_100_,གརྫ་_100_
[བི་_100_],བི་_100_,བི་_100_,བི་_100_,བི་_100_,བི་_100_
[སྥོ་_83_],སྥོ་_83_,སྥོ་_83_,སྥོ་_83_,སྥོ་_83_,སྤོ་_16_
[ཊ་_100_],ཊ་_100_,ཊ་_100_,ཊ་_100_,ཊ་_100_,ཊ་_100_
[ཡ་_100_],ཡ་_100_,ཡ་_100_,ཡ་_100_,ཡ་_100_,ཡ་_100_
[བི་_100_],བི་_100_,བི་_100_,བི་_100_,བི་_100_,བི་_100_
[སྥོ་_83_],སྥོ་_83_,སྥོ་_83_,སྥོ་_83_,སྥོ་_83_,སྤོ་_16_
[ཊ་_100_],ཊ་_100_,ཊ་_100_,ཊ་_100_,ཊ་_100_,ཊ་_100_
[ཡ་_100_],ཡ་_100_,ཡ་_100_,ཡ་_100_,ཡ་_100_,ཡ་_100_
[སརྦྦ་བིགྷྣ་_83_],སརྦྦ་བིགྷྣ་_83_,སརྦྦ་བིགྷྣ་_83_,སརྦྦ་བིགྷྣ་_83_,སརྦྦ་བིགྷྣ་_83_,སརྦ་བིགྷཱ་_16_
[བི་_100_],བི་_100_,བི་_100_,བི་_100_,བི་_100_,བི་_100_
[ནཱ་_100_],ནཱ་_100_,ནཱ་_100_,ནཱ་_100_,ནཱ་_100_,ནཱ་_100_
[ཡ་_100_],ཡ་_100_,ཡ་_100_,ཡ་_100_,ཡ་_100_,ཡ་_100_
[ཀ་གཎ་_83_],ཀ་གཎ་_83_,ཀ་གཎ་_83_,ཀ་གཎ་_83_,ཀ་གཎ་_83_,ཀཾ་ག་ཎ་_16_
[པ་_100_],པ་_100_,པ་_100_,པ་_100_,པ་_100_,པ་_100_
[ཏི་_100_],ཏི་_100_,ཏི་_100_,ཏི་_100_,ཏི་_100_,ཏི་_100_
[ཛཱི་_100_],ཛཱི་_100_,ཛཱི་_100_,ཛཱི་_100_,ཛཱི་_100_,ཛཱི་_100_
[བི་_100_],བི་_100_,བི་_100_,བི་_100_,བི་_100_,བི་_100_
[ཏཱནྟ་_100_],ཏཱནྟ་_100_,ཏཱནྟ་_100_,ཏཱནྟ་_100_,ཏཱནྟ་_100_,ཏཱནྟ་_100_
[ཀ་_100_],ཀ་_100_,ཀ་_100_,ཀ་_100_,ཀ་_100_,ཀ་_100_
[རཱ་ཡ་ཧཱུཾ། _83_],རཱ་ཡ་ཧཱུཾ། _83_,རཱ་ཡ་ཧཱུཾ། _83_,རཱ་ཡ་ཧཱུཾ། _83_,རཱ་ཡ་ཧཱུཾ། _83_,རཱ་_16_
[ན་_100_],ན་_100_,ན་_100_,ན་_100_,ན་_100_,ན་_100_
[མཿས་_100_],མཿས་_100_,མཿས་_100_,མཿས་_100_,མཿས་_100_,མཿས་_100_
[མནྟ་_100_],མནྟ་_100_,མནྟ་_100_,མནྟ་_100_,མནྟ་_100_,མནྟ་_100_
[ཀཱ་_100_],ཀཱ་_100_,ཀཱ་_100_,ཀཱ་_100_,ཀཱ་_100_,ཀཱ་_100_
[ཡ་ཝཱ་ཀྩི་ཏྟ་_83_],ཡ་ཝཱ་ཀྩི་ཏྟ་_83_,ཡ་ཝཱ་ཀྩི་ཏྟ་_83_,ཡ་ཝཱ་ཀྩི་ཏྟ་_83_,ཡ་ཝཱ་ཀྩི་ཏྟ་_83_,ཡ་ཝཱཀྐིཏྟ་_16_
[བཛྲ་_100_],བཛྲ་_100_,བཛྲ་_100_,བཛྲ་_100_,བཛྲ་_100_,བཛྲ་_100_
[ཎཱི་_100_],ཎཱི་_100_,ཎཱི་_100_,ཎཱི་_100_,ཎཱི་_100_,ཎཱི་_100_
[ཨོཾ་ཨཱཿཧཱུཾ_83_],ཨོཾ་ཨཱཿཧཱུཾ_83_,ཨོཾ་ཨཱཿཧཱུཾ_83_,ཨོཾ་ཨཱཿཧཱུཾ_83_,ཨོཾ་ཨཱཿཧཱུཾ_83_,ཨོ་ཨཱཧཱུཾ_16_
[། _100_],། _100_,། _100_,། _100_,། _100_,། _100_
[ཨོཾ་_100_],ཨོཾ་_100_,ཨོཾ་_100_,ཨོཾ་_100_,ཨོཾ་_100_,ཨོཾ་_100_
[མཾ་_100_],མཾ་_100_,མཾ་_100_,མཾ་_100_,མཾ་_100_,མཾ་_100_
[མཾ་_100_],མཾ་_100_,མཾ་_100_,མཾ་_100_,མཾ་_100_,མཾ་_100_
[ཧཾ་_100_],ཧཾ་_100_,ཧཾ་_100_,ཧཾ་_100_,ཧཾ་_100_,ཧཾ་_100_
[ཧཾ་_100_],ཧཾ་_100_,ཧཾ་_100_,ཧཾ་_100_,ཧཾ་_100_,ཧཾ་_100_
[ཀཾ་_100_],ཀཾ་_100_,ཀཾ་_100_,ཀཾ་_100_,ཀཾ་_100_,ཀཾ་_100_
[ཀཾ་_100_],ཀཾ་_100_,ཀཾ་_100_,ཀཾ་_100_,ཀཾ་_100_,ཀཾ་_100_
[རཾ་_100_],རཾ་_100_,རཾ་_100_,རཾ་_100_,རཾ་_100_,རཾ་_100_
[རཾ་_83_],རཾ་_83_,རཾ་_83_,རཾ་_83_,རཾ་_83_,རཾ་ཡ་ཧཱུཾ། _16_
[ར་_100_],ར་_100_,ར་_100_,ར་_100_,ར་_100_,ར་_100_
[ར་_100_],ར་_100_,ར་_100_,ར་_100_,ར་_100_,ར་_100_
[མ་_100_],མ་_100_,མ་_100_,མ་_100_,མ་_100_,མ་_100_
[ཧཱ་_100_],ཧཱ་_100_,ཧཱ་_100_,ཧཱ་_100_,ཧཱ་_100_,ཧཱ་_100_
[མ་_100_],མ་_100_,མ་_100_,མ་_100_,མ་_100_,མ་_100_
[ཧཱ་_100_],ཧཱ་_100_,ཧཱ་_100_,ཧཱ་_100_,ཧཱ་_100_,ཧཱ་_100_
[ཀཱ་_100_],ཀཱ་_100_,ཀཱ་_100_,ཀཱ་_100_,ཀཱ་_100_,ཀཱ་_100_
[ལ་_100_],ལ་_100_,ལ་_100_,ལ་_100_,ལ་_100_,ལ་_100_
[ཡཾ་_100_],ཡཾ་_100_,ཡཾ་_100_,ཡཾ་_100_,ཡཾ་_100_,ཡཾ་_100_
[སིངྒ་_100_],སིངྒ་_100_,སིངྒ་_100_,སིངྒ་_100_,སིངྒ་_100_,སིངྒ་_100_
[རྡྷོ་_83_],རྡྷོ་_83_,རྡྷོ་_83_,རྡྷོ་_83_,རྡྷོ་_83_,རྣོ་_16_
[ཀེ་_100_],ཀེ་_100_,ཀེ་_100_,ཀེ་_100_,ཀེ་_100_,ཀེ་_100_
[ཤཝ་རྟྨ་_83_],ཤཝ་རྟྨ་_83_,ཤཝ་རྟྨ་_83_,ཤཝ་རྟྨ་_83_,ཤཝ་རྟྨ་_83_,ཤ་ཝརྞ་_16_
[ཎེ་_100_],ཎེ་_100_,ཎེ་_100_,ཎེ་_100_,ཎེ་_100_,ཎེ་_100_
[ཨི་_100_],ཨི་_100_,ཨི་_100_,ཨི་_100_,ཨི་_100_,ཨི་_100_
[མཾ་_100_],མཾ་_100_,མཾ་_100_,མཾ་_100_,མཾ་_100_,མཾ་_100_
[བ་_100_],བ་_100_,བ་_100_,བ་_100_,བ་_100_,བ་_100_
[ལིཾ་_100_],ལིཾ་_100_,ལིཾ་_100_,ལིཾ་_100_,ལིཾ་_100_,ལིཾ་_100_
[གྲྀཧྞ་གྲྀཧྞ་པ་གྲྀཧྞ་_83_],གྲྀཧྞ་གྲྀཧྞ་པ་གྲྀཧྞ་_83_,གྲྀཧྞ་གྲྀཧྞ་པ་གྲྀཧྞ་_83_,གྲྀཧྞ་གྲྀཧྞ་པ་གྲྀཧྞ་_83_,གྲྀཧྞ་གྲྀཧྞ་པ་གྲྀཧྞ་_83_,གྲིཉྩ་གྲིཉྩ་ཤྲཱིཙྪ་པ་ཡ་གྲིཉྩ་_16_
[པ་_100_],པ་_100_,པ་_100_,པ་_100_,པ་_100_,པ་_100_
[ཡ་_100_],ཡ་_100_,ཡ་_100_,ཡ་_100_,ཡ་_100_,ཡ་_100_
[ཨོཾ་_100_],ཨོཾ་_100_,ཨོཾ་_100_,ཨོཾ་_100_,ཨོཾ་_100_,ཨོཾ་_100_
[ཨཿཧཱུཾ་སརྦྦ་བིགྷྣ་_83_],ཨཿཧཱུཾ་སརྦྦ་བིགྷྣ་_83_,ཨཿཧཱུཾ་སརྦྦ་བིགྷྣ་_83_,ཨཿཧཱུཾ་སརྦྦ་བིགྷྣ་_83_,ཨཿཧཱུཾ་སརྦྦ་བིགྷྣ་_83_,ཨཱཿཧཱུྃ་སརྦ་བིགྷཱ་_16_
[བི་_100_],བི་_100_,བི་_100_,བི་_100_,བི་_100_,བི་_100_
[ནཱ་_100_],ནཱ་_100_,ནཱ་_100_,ནཱ་_100_,ནཱ་_100_,ནཱ་_100_
[ཡ་_100_],ཡ་_100_,ཡ་_100_,ཡ་_100_,ཡ་_100_,ཡ་_100_
[ཀ་_100_],ཀ་_100_,ཀ་_100_,ཀ་_100_,ཀ་_100_,ཀ་_100_
[ཨོཾ་_100_],ཨོཾ་_100_,ཨོཾ་_100_,ཨོཾ་_100_,ཨོཾ་_100_,ཨོཾ་_100_
[ཨ་_100_],ཨ་_100_,ཨ་_100_,ཨ་_100_,ཨ་_100_,ཨ་_100_
[ཀཱ་_100_],ཀཱ་_100_,ཀཱ་_100_,ཀཱ་_100_,ཀཱ་_100_,ཀཱ་_100_
[རོ་_100_],རོ་_100_,རོ་_100_,རོ་_100_,རོ་_100_,རོ་_100_
[མུ་_100_],མུ་_100_,མུ་_100_,མུ་_100_,མུ་_100_,མུ་_100_
[ཁཾ་_100_],ཁཾ་_100_,ཁཾ་_100_,ཁཾ་_100_,ཁཾ་_100_,ཁཾ་_100_
[སརྦྦ་དྷརྨྨཱ་_83_],སརྦྦ་དྷརྨྨཱ་_83_,སརྦྦ་དྷརྨྨཱ་_83_,སརྦྦ་དྷརྨྨཱ་_83_,སརྦྦ་དྷརྨྨཱ་_83_,སརྦ་དྷརྨ་_16_
[ཎཱ་_100_],ཎཱ་_100_,ཎཱ་_100_,ཎཱ་_100_,ཎཱ་_100_,ཎཱ་_100_
[མཱ་_100_],མཱ་_100_,མཱ་_100_,མཱ་_100_,མཱ་_100_,མཱ་_100_
[དྱ་ནུ་ཏྤནྣ་ཏྭོཏཱ་ཨོ་ཨཱཿཧཱུཾ་ཕཊ་སྭཱཧཱ། _83_],དྱ་ནུ་ཏྤནྣ་ཏྭོཏཱ་ཨོ་ཨཱཿཧཱུཾ་ཕཊ་སྭཱཧཱ། _83_,དྱ་ནུ་ཏྤནྣ་ཏྭོཏཱ་ཨོ་ཨཱཿཧཱུཾ་ཕཊ་སྭཱཧཱ། _83_,དྱ་ནུ་ཏྤནྣ་ཏྭོཏཱ་ཨོ་ཨཱཿཧཱུཾ་ཕཊ་སྭཱཧཱ། _83_,དྱ་ནུ་ཏྤནྣ་ཏྭོཏཱ་ཨོ་ཨཱཿཧཱུཾ་ཕཊ་སྭཱཧཱ། _83_,དྱ་ནུཏྤནྣ་ཏོཏེ་_16_
[གཏོར་_100_],གཏོར་_100_,གཏོར་_100_,གཏོར་_100_,གཏོར་_100_,གཏོར་_100_
[མ་_100_],མ་_100_,མ་_100_,མ་_100_,མ་_100_,མ་_100_
[བྱིན་_100_],བྱིན་_100_,བྱིན་_100_,བྱིན་_100_,བྱིན་_100_,བྱིན་_100_
[ཏེ་_100_],ཏེ་_100_,ཏེ་_100_,ཏེ་_100_,ཏེ་_100_,ཏེ་_100_
[ཡང་_100_],ཡང་_100_,ཡང་_100_,ཡང་_100_,ཡང་_100_,ཡང་_100_
[དག་_100_],དག་_100_,དག་_100_,དག་_100_,དག་_100_,དག་_100_
[པར་_100_],པར་_100_,པར་_100_,པར་_100_,པར་_100_,པར་_100_
[མཆོད་_100_],མཆོད་_100_,མཆོད་_100_,མཆོད་_100_,མཆོད་_100_,མཆོད་_100_
[ནས་_100_],ནས་_100_,ནས་_100_,ནས་_100_,ནས་_100_,ནས་_100_
[སྔགས་_100_],སྔགས་_100_,སྔགས་_100_,སྔགས་_100_,སྔགས་_100_,སྔགས་_100_
[བཟླས་_83_],བཟླས་_83_,བཟླས་_83_,བཟླས་_83_,བཟླས་_83_,བཟླས་ཨོཾ་ཨཱཧཱུྃ་ཕཊ་སྭཱ་ཧཱ། _16_
[པར་_100_],པར་_100_,པར་_100_,པར་_100_,པར་_100_,པར་_100_
[བྱའོ_100_],བྱའོ_100_,བྱའོ_100_,བྱའོ_100_,བྱའོ_100_,བྱའོ_100_
[། །​_100_],། །​_100_,། །​_100_,། །​_100_,། །​_100_,། །​_100_
[དེ་_100_],དེ་_100_,དེ་_100_,དེ་_100_,དེ་_100_,དེ་_100_
[ལ་_100_],ལ་_100_,ལ་_100_,ལ་_100_,ལ་_100_,ལ་_100_
[སྔགས་_100_],སྔགས་_100_,སྔགས་_100_,སྔགས་_100_,སྔགས་_100_,སྔགས་_100_
[ནི་_100_],ནི་_100_,ནི་_100_,ནི་_100_,ནི་_100_,ནི་_100_
[འདི་_100_],འདི་_100_,འདི་_100_,འདི་_100_,འདི་_100_,འདི་_100_
[ཡིན་_100_],ཡིན་_100_,ཡིན་_100_,ཡིན་_100_,ཡིན་_100_,ཡིན་_100_
[ཏེ_100_],ཏེ_100_,ཏེ_100_,ཏེ_100_,ཏེ_100_,ཏེ_100_
[། _100_],། _100_,། _100_,། _100_,། _100_,། _100_
[ཨོཾ་ཨཱཿམཾ་_83_],ཨོཾ་ཨཱཿམཾ་_83_,ཨོཾ་ཨཱཿམཾ་_83_,ཨོཾ་ཨཱཿམཾ་_83_,ཨོཾ་ཨཱཿམཾ་_83_,ཨོ་ཨཱམཾ་_16_
[ཧཾ་_100_],ཧཾ་_100_,ཧཾ་_100_,ཧཾ་_100_,ཧཾ་_100_,ཧཾ་_100_
[རཾ་_100_],རཾ་_100_,རཾ་_100_,རཾ་_100_,རཾ་_100_,རཾ་_100_
[ཧཱུཾ་_83_],ཧཱུཾ་_83_,ཧཱུཾ་_83_,ཧཱུཾ་_83_,ཧཱུཾ་_83_,ཧཱུྃ་_16_
[ཕཊ་_100_],ཕཊ་_100_,ཕཊ་_100_,ཕཊ་_100_,ཕཊ་_100_,ཕཊ་_100_
[སྭཱ་_100_],སྭཱ་_100_,སྭཱ་_100_,སྭཱ་_100_,སྭཱ་_100_,སྭཱ་_100_
[ཧཱ_100_],ཧཱ_100_,ཧཱ_100_,ཧཱ_100_,ཧཱ_100_,ཧཱ_100_
[།_83_],།_83_,།_83_,།_83_,།_83_,། །​ །​ཞེས་བྱ་བ་ནག་པོ་_16_
[ཡང་_100_],ཡང་_100_,ཡང་_100_,ཡང་_100_,ཡང་_100_,ཡང་_100_
[དག་_100_],དག་_100_,དག་_100_,དག་_100_,དག་_100_,དག་_100_
[པར་_100_],པར་_100_,པར་_100_,པར་_100_,པར་_100_,པར་_100_
[མཆོད་_100_],མཆོད་_100_,མཆོད་_100_,མཆོད་_100_,མཆོད་_100_,མཆོད་_100_
[ཅིང་_100_],ཅིང་_100_,ཅིང་_100_,ཅིང་_100_,ཅིང་_100_,ཅིང་_100_
[བསྟོད་_100_],བསྟོད་_100_,བསྟོད་_100_,བསྟོད་_100_,བསྟོད་_100_,བསྟོད་_100_
[ནས་_100_],ནས་_100_,ནས་_100_,ནས་_100_,ནས་_100_,ནས་_100_
[གཤེགས་_100_],གཤེགས་_100_,གཤེགས་_100_,གཤེགས་_100_,གཤེགས་_100_,གཤེགས་_100_
[སུ་_100_],སུ་_100_,སུ་_100_,སུ་_100_,སུ་_100_,སུ་_100_
[གསོལ་ལོ། །​ཞེས་བྱ་བ་ནག་པོ་ཆེན་_83_],གསོལ་ལོ། །​ཞེས་བྱ་བ་ནག་པོ་ཆེན་_83_,གསོལ་ལོ། །​ཞེས་བྱ་བ་ནག་པོ་ཆེན་_83_,གསོལ་ལོ། །​ཞེས་བྱ་བ་ནག་པོ་ཆེན་_83_,གསོལ་ལོ། །​ཞེས་བྱ་བ་ནག་པོ་ཆེན་_83_,གསོལ་ལོཆེན་_16_
[པོ་_100_],པོ་_100_,པོ་_100_,པོ་_100_,པོ་_100_,པོ་_100_
[ཕྱག་_100_],ཕྱག་_100_,ཕྱག་_100_,ཕྱག་_100_,ཕྱག་_100_,ཕྱག་_100_
[བཞི་_100_],བཞི་_100_,བཞི་_100_,བཞི་_100_,བཞི་_100_,བཞི་_100_
[པའི་_100_],པའི་_100_,པའི་_100_,པའི་_100_,པའི་_100_,པའི་_100_
[སྒྲུབ་_100_],སྒྲུབ་_100_,སྒྲུབ་_100_,སྒྲུབ་_100_,སྒྲུབ་_100_,སྒྲུབ་_100_
[ཐབས_100_],ཐབས_100_,ཐབས_100_,ཐབས_100_,ཐབས_100_,ཐབས_100_
[། _100_],། _100_,། _100_,། _100_,། _100_,། _100_
[སློབ་_100_],སློབ་_100_,སློབ་_100_,སློབ་_100_,སློབ་_100_,སློབ་_100_
[དཔོན་_100_],དཔོན་_100_,དཔོན་_100_,དཔོན་_100_,དཔོན་_100_,དཔོན་_100_
[ཀླུ་_100_],ཀླུ་_100_,ཀླུ་_100_,ཀླུ་_100_,ཀླུ་_100_,ཀླུ་_100_
[སྒྲུབ་_100_],སྒྲུབ་_100_,སྒྲུབ་_100_,སྒྲུབ་_100_,སྒྲུབ་_100_,སྒྲུབ་_100_
[ཞབས་_100_],ཞབས་_100_,ཞབས་_100_,ཞབས་_100_,ཞབས་_100_,ཞབས་_100_
[ཀྱིས་_100_],ཀྱིས་_100_,ཀྱིས་_100_,ཀྱིས་_100_,ཀྱིས་_100_,ཀྱིས་_100_
[མཛད་_100_],མཛད་_100_,མཛད་_100_,མཛད་_100_,མཛད་_100_,མཛད་_100_
[པ་_100_],པ་_100_,པ་_100_,པ་_100_,པ་_100_,པ་_100_
[འདི་_100_],འདི་_100_,འདི་_100_,འདི་_100_,འདི་_100_,འདི་_100_
[རྫོགས་_100_],རྫོགས་_100_,རྫོགས་_100_,རྫོགས་_100_,རྫོགས་_100_,རྫོགས་_100_
[སོ_100_],སོ_100_,སོ_100_,སོ_100_,སོ_100_,སོ_100_
[།། །​།_100_],།། །​།_100_,།། །​།_100_,།། །​།_100_,།། །​།_100_,།། །​།_100_
[དངོས་_100_],དངོས་_100_,དངོས་_100_,དངོས་_100_,དངོས་_100_,དངོས་_100_
[གྲུབ་_100_],གྲུབ་_100_,གྲུབ་_100_,གྲུབ་_100_,གྲུབ་_100_,གྲུབ་_100_
[བརྙེས་_100_],བརྙེས་_100_,བརྙེས་_100_,བརྙེས་_100_,བརྙེས་_100_,བརྙེས་_100_
[པའི་_100_],པའི་_100_,པའི་_100_,པའི་_100_,པའི་_100_,པའི་_100_
[པཎྜི་_100_],པཎྜི་_100_,པཎྜི་_100_,པཎྜི་_100_,པཎྜི་_100_,པཎྜི་_100_
[ཏ་_100_],ཏ་_100_,ཏ་_100_,ཏ་_100_,ཏ་_100_,ཏ་_100_
[ཆེན་_100_],ཆེན་_100_,ཆེན་_100_,ཆེན་_100_,ཆེན་_100_,ཆེན་_100_
[པོ་_100_],པོ་_100_,པོ་_100_,པོ་_100_,པོ་_100_,པོ་_100_
[ནགས་_100_],ནགས་_100_,ནགས་_100_,ནགས་_100_,ནགས་_100_,ནགས་_100_
[ཀྱི་_100_],ཀྱི་_100_,ཀྱི་_100_,ཀྱི་_100_,ཀྱི་_100_,ཀྱི་_100_
[རིན་_100_],རིན་_100_,རིན་_100_,རིན་_100_,རིན་_100_,རིན་_100_
[ཆེན་_100_],ཆེན་_100_,ཆེན་_100_,ཆེན་_100_,ཆེན་_100_,ཆེན་_100_
[གྱི་_100_],གྱི་_100_,གྱི་_100_,གྱི་_100_,གྱི་_100_,གྱི་_100_
[སྤྱན་_100_],སྤྱན་_100_,སྤྱན་_100_,སྤྱན་_100_,སྤྱན་_100_,སྤྱན་_100_
[སྔར་_100_],སྔར་_100_,སྔར་_100_,སྔར་_100_,སྔར་_100_,སྔར་_100_
[བསྒྱུར་_100_],བསྒྱུར་_100_,བསྒྱུར་_100_,བསྒྱུར་_100_,བསྒྱུར་_100_,བསྒྱུར་_100_
[བའོ_100_],བའོ_100_,བའོ_100_,བའོ_100_,བའོ_100_,བའོ_100_
[།། །​།_100_],།། །​།_100_,།། །​།_100_,།། །​།_100_,།། །​།_100_,།། །​།_100_
