༄༅། །​དམྱལ་བ་ནས་འདོན་པ།༄༅༅། །​_33_,༄༅། །​དམྱལ་བ་ནས་འདོན་པ།༄༅༅། །​_33_,༄༅། །​དམྱལ་བ་ནས་འདོན་པ།༄༅༅། །​_33_,༄༅། །​_11_,[༄༅༅། །​_44_],༄། །​_11_,༄༅༅། །​_44_,༄༅༅། །​_44_,༄༅༅། །​_44_
[རྒྱ་_100_],རྒྱ་_100_,རྒྱ་_100_,རྒྱ་_100_,རྒྱ་_100_,རྒྱ་_100_,རྒྱ་_100_,རྒྱ་_100_,རྒྱ་_100_
[གར་_100_],གར་_100_,གར་_100_,གར་_100_,གར་_100_,གར་_100_,གར་_100_,གར་_100_,གར་_100_
[སྐད་_88_],སྐད་_88_,སྐད་_88_,སྐས་_11_,སྐད་_88_,སྐད་_88_,སྐད་_88_,སྐད་_88_,སྐད་_88_
[དུ_100_],དུ_100_,དུ_100_,དུ_100_,དུ_100_,དུ_100_,དུ_100_,དུ_100_,དུ_100_
[། _100_],། _100_,། _100_,། _100_,། _100_,། _100_,། _100_,། _100_,། _100_
[ན་_100_],ན་_100_,ན་_100_,ན་_100_,ན་_100_,ན་_100_,ན་_100_,ན་_100_,ན་_100_
[རག་ཨུདྡྷ་རི་_77_],རག་ཨུདྡྷ་རི་_77_,ར་གོདྡྷི་ར་_11_,ར་གོངྡྷ་རི་_11_,རག་ཨུདྡྷ་རི་_77_,རག་ཨུདྡྷ་རི་_77_,རག་ཨུདྡྷ་རི་_77_,རག་ཨུདྡྷ་རི་_77_,རག་ཨུདྡྷ་རི་_77_
[ནཱ་_100_],ནཱ་_100_,ནཱ་_100_,ནཱ་_100_,ནཱ་_100_,ནཱ་_100_,ནཱ་_100_,ནཱ་_100_,ནཱ་_100_
[མ_100_],མ_100_,མ_100_,མ_100_,མ_100_,མ_100_,མ_100_,མ_100_,མ_100_
[། _100_],། _100_,། _100_,། _100_,། _100_,། _100_,། _100_,། _100_,། _100_
[བོད་_100_],བོད་_100_,བོད་_100_,བོད་_100_,བོད་_100_,བོད་_100_,བོད་_100_,བོད་_100_,བོད་_100_
[སྐད་_100_],སྐད་_100_,སྐད་_100_,སྐད་_100_,སྐད་_100_,སྐད་_100_,སྐད་_100_,སྐད་_100_,སྐད་_100_
[དུ_100_],དུ_100_,དུ_100_,དུ_100_,དུ_100_,དུ_100_,དུ_100_,དུ_100_,དུ_100_
[། _88_],། _88_,། _88_,། _88_,། _88_,།  _11_,། _88_,། _88_,། _88_
[དམྱལ་_100_],དམྱལ་_100_,དམྱལ་_100_,དམྱལ་_100_,དམྱལ་_100_,དམྱལ་_100_,དམྱལ་_100_,དམྱལ་_100_,དམྱལ་_100_
[བ་_100_],བ་_100_,བ་_100_,བ་_100_,བ་_100_,བ་_100_,བ་_100_,བ་_100_,བ་_100_
[ནས་_100_],ནས་_100_,ནས་_100_,ནས་_100_,ནས་_100_,ནས་_100_,ནས་_100_,ནས་_100_,ནས་_100_
[འདོན་_100_],འདོན་_100_,འདོན་_100_,འདོན་_100_,འདོན་_100_,འདོན་_100_,འདོན་_100_,འདོན་_100_,འདོན་_100_
[པ་_88_],པ་_88_,པ་_88_,པ་_88_,པ་_88_,པ ་_11_,པ་_88_,པ་_88_,པ་_88_
[ཞེས་_100_],ཞེས་_100_,ཞེས་_100_,ཞེས་_100_,ཞེས་_100_,ཞེས་_100_,ཞེས་_100_,ཞེས་_100_,ཞེས་_100_
[བྱ་_100_],བྱ་_100_,བྱ་_100_,བྱ་_100_,བྱ་_100_,བྱ་_100_,བྱ་_100_,བྱ་_100_,བྱ་_100_
[བ_100_],བ_100_,བ_100_,བ_100_,བ_100_,བ_100_,བ_100_,བ_100_,བ_100_
[། _100_],། _100_,། _100_,། _100_,། _100_,། _100_,། _100_,། _100_,། _100_
[འཇིག་_100_],འཇིག་_100_,འཇིག་_100_,འཇིག་_100_,འཇིག་_100_,འཇིག་_100_,འཇིག་_100_,འཇིག་_100_,འཇིག་_100_
[རྟེན་_100_],རྟེན་_100_,རྟེན་_100_,རྟེན་_100_,རྟེན་_100_,རྟེན་_100_,རྟེན་_100_,རྟེན་_100_,རྟེན་_100_
[མགོན་_100_],མགོན་_100_,མགོན་_100_,མགོན་_100_,མགོན་_100_,མགོན་_100_,མགོན་_100_,མགོན་_100_,མགོན་_100_
[པོ་_100_],པོ་_100_,པོ་_100_,པོ་_100_,པོ་_100_,པོ་_100_,པོ་_100_,པོ་_100_,པོ་_100_
[ལ་_100_],ལ་_100_,ལ་_100_,ལ་_100_,ལ་_100_,ལ་_100_,ལ་_100_,ལ་_100_,ལ་_100_
[ཕྱག་འཚལ་ལོ_88_],ཕྱག་འཚལ་ལོ_88_,ཕྱག་འཚལ་ལོ_88_,ཕྱག་མཚལ_11_,ཕྱག་འཚལ་ལོ_88_,ཕྱག་འཚལ་ལོ_88_,ཕྱག་འཚལ་ལོ_88_,ཕྱག་འཚལ་ལོ_88_,ཕྱག་འཚལ་ལོ_88_
[། །​_100_],། །​_100_,། །​_100_,། །​_100_,། །​_100_,། །​_100_,། །​_100_,། །​_100_,། །​_100_
[འཁོར་_100_],འཁོར་_100_,འཁོར་_100_,འཁོར་_100_,འཁོར་_100_,འཁོར་_100_,འཁོར་_100_,འཁོར་_100_,འཁོར་_100_
[བའི་_100_],བའི་_100_,བའི་_100_,བའི་_100_,བའི་_100_,བའི་_100_,བའི་_100_,བའི་_100_,བའི་_100_
[རྒྱ་_100_],རྒྱ་_100_,རྒྱ་_100_,རྒྱ་_100_,རྒྱ་_100_,རྒྱ་_100_,རྒྱ་_100_,རྒྱ་_100_,རྒྱ་_100_
[མཚོ་_100_],མཚོ་_100_,མཚོ་_100_,མཚོ་_100_,མཚོ་_100_,མཚོ་_100_,མཚོ་_100_,མཚོ་_100_,མཚོ་_100_
[ཆེན་_100_],ཆེན་_100_,ཆེན་_100_,ཆེན་_100_,ཆེན་_100_,ཆེན་_100_,ཆེན་_100_,ཆེན་_100_,ཆེན་_100_
[པོར་_100_],པོར་_100_,པོར་_100_,པོར་_100_,པོར་_100_,པོར་_100_,པོར་_100_,པོར་_100_,པོར་_100_
[ནི_100_],ནི_100_,ནི_100_,ནི_100_,ནི_100_,ནི_100_,ནི_100_,ནི_100_,ནི_100_
[། །​_100_],། །​_100_,། །​_100_,། །​_100_,། །​_100_,། །​_100_,། །​_100_,། །​_100_,། །​_100_
[དབུལ་_100_],དབུལ་_100_,དབུལ་_100_,དབུལ་_100_,དབུལ་_100_,དབུལ་_100_,དབུལ་_100_,དབུལ་_100_,དབུལ་_100_
[བའི་_100_],བའི་_100_,བའི་_100_,བའི་_100_,བའི་_100_,བའི་_100_,བའི་_100_,བའི་_100_,བའི་_100_
[འདམ་_100_],འདམ་_100_,འདམ་_100_,འདམ་_100_,འདམ་_100_,འདམ་_100_,འདམ་_100_,འདམ་_100_,འདམ་_100_
[དུ་_100_],དུ་_100_,དུ་_100_,དུ་_100_,དུ་_100_,དུ་_100_,དུ་_100_,དུ་_100_,དུ་_100_
[བྱིང་_100_],བྱིང་_100_,བྱིང་_100_,བྱིང་_100_,བྱིང་_100_,བྱིང་_100_,བྱིང་_100_,བྱིང་_100_,བྱིང་_100_
[བ་_100_],བ་_100_,བ་_100_,བ་_100_,བ་_100_,བ་_100_,བ་_100_,བ་_100_,བ་_100_
[ལ_100_],ལ_100_,ལ_100_,ལ_100_,ལ_100_,ལ_100_,ལ_100_,ལ_100_,ལ_100_
[། །​ཡོངས་སུ་_88_],། །​ཡོངས་སུ་_88_,། །​ཡོངས་སུ་_88_,། །​ཡོངསུ་_11_,། །​ཡོངས་སུ་_88_,། །​ཡོངས་སུ་_88_,། །​ཡོངས་སུ་_88_,། །​ཡོངས་སུ་_88_,། །​ཡོངས་སུ་_88_
[མཁྱེན་_100_],མཁྱེན་_100_,མཁྱེན་_100_,མཁྱེན་_100_,མཁྱེན་_100_,མཁྱེན་_100_,མཁྱེན་_100_,མཁྱེན་_100_,མཁྱེན་_100_
[པ་_100_],པ་_100_,པ་_100_,པ་_100_,པ་_100_,པ་_100_,པ་_100_,པ་_100_,པ་_100_
[བསྐྱེད་_100_],བསྐྱེད་_100_,བསྐྱེད་_100_,བསྐྱེད་_100_,བསྐྱེད་_100_,བསྐྱེད་_100_,བསྐྱེད་_100_,བསྐྱེད་_100_,བསྐྱེད་_100_
[ནས་_100_],ནས་_100_,ནས་_100_,ནས་_100_,ནས་_100_,ནས་_100_,ནས་_100_,ནས་_100_,ནས་_100_
[ནི_100_],ནི_100_,ནི_100_,ནི_100_,ནི_100_,ནི_100_,ནི_100_,ནི_100_,ནི_100_
[། །​_100_],། །​_100_,། །​_100_,། །​_100_,། །​_100_,། །​_100_,། །​_100_,། །​_100_,། །​_100_
[དེ་_100_],དེ་_100_,དེ་_100_,དེ་_100_,དེ་_100_,དེ་_100_,དེ་_100_,དེ་_100_,དེ་_100_
[བཞིན་_100_],བཞིན་_100_,བཞིན་_100_,བཞིན་_100_,བཞིན་_100_,བཞིན་_100_,བཞིན་_100_,བཞིན་_100_,བཞིན་_100_
[གཤེགས་_100_],གཤེགས་_100_,གཤེགས་_100_,གཤེགས་_100_,གཤེགས་_100_,གཤེགས་_100_,གཤེགས་_100_,གཤེགས་_100_,གཤེགས་_100_
[ཀྱེ་_88_],ཀྱེ་_88_,ཀྱེ་_88_,ཀྱི་_11_,ཀྱེ་_88_,ཀྱེ་_88_,ཀྱེ་_88_,ཀྱེ་_88_,ཀྱེ་_88_
[བདག་_100_],བདག་_100_,བདག་_100_,བདག་_100_,བདག་_100_,བདག་_100_,བདག་_100_,བདག་_100_,བདག་_100_
[ལ་_100_],ལ་_100_,ལ་_100_,ལ་_100_,ལ་_100_,ལ་_100_,ལ་_100_,ལ་_100_,ལ་_100_
[སྐྱོབས_100_],སྐྱོབས_100_,སྐྱོབས_100_,སྐྱོབས_100_,སྐྱོབས_100_,སྐྱོབས_100_,སྐྱོབས_100_,སྐྱོབས_100_,སྐྱོབས_100_
[། །​_100_],། །​_100_,། །​_100_,། །​_100_,། །​_100_,། །​_100_,། །​_100_,། །​_100_,། །​_100_
[བདག་_100_],བདག་_100_,བདག་_100_,བདག་_100_,བདག་_100_,བདག་_100_,བདག་_100_,བདག་_100_,བདག་_100_
[ནི་_100_],ནི་_100_,ནི་_100_,ནི་_100_,ནི་_100_,ནི་_100_,ནི་_100_,ནི་_100_,ནི་_100_
[རབ་_100_],རབ་_100_,རབ་_100_,རབ་_100_,རབ་_100_,རབ་_100_,རབ་_100_,རབ་_100_,རབ་_100_
[རིབ་_100_],རིབ་_100_,རིབ་_100_,རིབ་_100_,རིབ་_100_,རིབ་_100_,རིབ་_100_,རིབ་_100_,རིབ་_100_
[ཁང་_100_],ཁང་_100_,ཁང་_100_,ཁང་_100_,ཁང་_100_,ཁང་_100_,ཁང་_100_,ཁང་_100_,ཁང་_100_
[པར་_100_],པར་_100_,པར་_100_,པར་_100_,པར་_100_,པར་_100_,པར་_100_,པར་_100_,པར་_100_
[ཞུགས_100_],ཞུགས_100_,ཞུགས_100_,ཞུགས_100_,ཞུགས_100_,ཞུགས_100_,ཞུགས_100_,ཞུགས_100_,ཞུགས_100_
[། །​_100_],། །​_100_,། །​_100_,། །​_100_,། །​_100_,། །​_100_,། །​_100_,། །​_100_,། །​_100_
[མགོན་_100_],མགོན་_100_,མགོན་_100_,མགོན་_100_,མགོན་_100_,མགོན་_100_,མགོན་_100_,མགོན་_100_,མགོན་_100_
[མེད་_100_],མེད་_100_,མེད་_100_,མེད་_100_,མེད་_100_,མེད་_100_,མེད་_100_,མེད་_100_,མེད་_100_
[སྡུག་_100_],སྡུག་_100_,སྡུག་_100_,སྡུག་_100_,སྡུག་_100_,སྡུག་_100_,སྡུག་_100_,སྡུག་_100_,སྡུག་_100_
[བསྔལ་_100_],བསྔལ་_100_,བསྔལ་_100_,བསྔལ་_100_,བསྔལ་_100_,བསྔལ་_100_,བསྔལ་_100_,བསྔལ་_100_,བསྔལ་_100_
[ཉམས་_100_],ཉམས་_100_,ཉམས་_100_,ཉམས་_100_,ཉམས་_100_,ཉམས་_100_,ཉམས་_100_,ཉམས་_100_,ཉམས་_100_
[སུ་_100_],སུ་_100_,སུ་_100_,སུ་_100_,སུ་_100_,སུ་_100_,སུ་_100_,སུ་_100_,སུ་_100_
[མྱོང་_100_],མྱོང་_100_,མྱོང་_100_,མྱོང་_100_,མྱོང་_100_,མྱོང་_100_,མྱོང་_100_,མྱོང་_100_,མྱོང་_100_
[། །​_100_],། །​_100_,། །​_100_,། །​_100_,། །​_100_,། །​_100_,། །​_100_,། །​_100_,། །​_100_
[བདག་_100_],བདག་_100_,བདག་_100_,བདག་_100_,བདག་_100_,བདག་_100_,བདག་_100_,བདག་_100_,བདག་_100_
[ནི་_100_],ནི་_100_,ནི་_100_,ནི་_100_,ནི་_100_,ནི་_100_,ནི་_100_,ནི་_100_,ནི་_100_
[གཉེན་_100_],གཉེན་_100_,གཉེན་_100_,གཉེན་_100_,གཉེན་_100_,གཉེན་_100_,གཉེན་_100_,གཉེན་_100_,གཉེན་_100_
[གྱི་_100_],གྱི་_100_,གྱི་_100_,གྱི་_100_,གྱི་_100_,གྱི་_100_,གྱི་_100_,གྱི་_100_,གྱི་_100_
[ཚོགས་_100_],ཚོགས་_100_,ཚོགས་_100_,ཚོགས་_100_,ཚོགས་_100_,ཚོགས་_100_,ཚོགས་_100_,ཚོགས་_100_,ཚོགས་_100_
[ཀྱིས་_100_],ཀྱིས་_100_,ཀྱིས་_100_,ཀྱིས་_100_,ཀྱིས་_100_,ཀྱིས་_100_,ཀྱིས་_100_,ཀྱིས་_100_,ཀྱིས་_100_
[སྤངས_100_],སྤངས_100_,སྤངས_100_,སྤངས_100_,སྤངས_100_,སྤངས_100_,སྤངས_100_,སྤངས_100_,སྤངས_100_
[། །​_100_],། །​_100_,། །​_100_,། །​_100_,། །​_100_,། །​_100_,། །​_100_,། །​_100_,། །​_100_
[དེ་_100_],དེ་_100_,དེ་_100_,དེ་_100_,དེ་_100_,དེ་_100_,དེ་_100_,དེ་_100_,དེ་_100_
[བཞིན་_100_],བཞིན་_100_,བཞིན་_100_,བཞིན་_100_,བཞིན་_100_,བཞིན་_100_,བཞིན་_100_,བཞིན་_100_,བཞིན་_100_
[གཤེགས་_100_],གཤེགས་_100_,གཤེགས་_100_,གཤེགས་_100_,གཤེགས་_100_,གཤེགས་_100_,གཤེགས་_100_,གཤེགས་_100_,གཤེགས་_100_
[ཀྱེ་_100_],ཀྱེ་_100_,ཀྱེ་_100_,ཀྱེ་_100_,ཀྱེ་_100_,ཀྱེ་_100_,ཀྱེ་_100_,ཀྱེ་_100_,ཀྱེ་_100_
[བདག་_100_],བདག་_100_,བདག་_100_,བདག་_100_,བདག་_100_,བདག་_100_,བདག་_100_,བདག་_100_,བདག་_100_
[ལ་_100_],ལ་_100_,ལ་_100_,ལ་_100_,ལ་_100_,ལ་_100_,ལ་_100_,ལ་_100_,ལ་_100_
[སྐྱོབས_100_],སྐྱོབས_100_,སྐྱོབས_100_,སྐྱོབས_100_,སྐྱོབས_100_,སྐྱོབས_100_,སྐྱོབས_100_,སྐྱོབས_100_,སྐྱོབས_100_
[། །​_100_],། །​_100_,། །​_100_,། །​_100_,། །​_100_,། །​_100_,། །​_100_,། །​_100_,། །​_100_
[ཕ་_100_],ཕ་_100_,ཕ་_100_,ཕ་_100_,ཕ་_100_,ཕ་_100_,ཕ་_100_,ཕ་_100_,ཕ་_100_
[དང་_100_],དང་_100_,དང་_100_,དང་_100_,དང་_100_,དང་_100_,དང་_100_,དང་_100_,དང་_100_
[མ་_100_],མ་_100_,མ་_100_,མ་_100_,མ་_100_,མ་_100_,མ་_100_,མ་_100_,མ་_100_
[དང་_100_],དང་_100_,དང་_100_,དང་_100_,དང་_100_,དང་_100_,དང་_100_,དང་_100_,དང་_100_
[སྲིང་_100_],སྲིང་_100_,སྲིང་_100_,སྲིང་_100_,སྲིང་_100_,སྲིང་_100_,སྲིང་_100_,སྲིང་_100_,སྲིང་_100_
[མོ་_100_],མོ་_100_,མོ་_100_,མོ་_100_,མོ་_100_,མོ་_100_,མོ་_100_,མོ་_100_,མོ་_100_
[དང་_100_],དང་_100_,དང་_100_,དང་_100_,དང་_100_,དང་_100_,དང་_100_,དང་_100_,དང་_100_
[། །​_100_],། །​_100_,། །​_100_,། །​_100_,། །​_100_,། །​_100_,། །​_100_,། །​_100_,། །​_100_
[བུ་_100_],བུ་_100_,བུ་_100_,བུ་_100_,བུ་_100_,བུ་_100_,བུ་_100_,བུ་_100_,བུ་_100_
[དང་_100_],དང་_100_,དང་_100_,དང་_100_,དང་_100_,དང་_100_,དང་_100_,དང་_100_,དང་_100_
[ཆུང་_100_],ཆུང་_100_,ཆུང་_100_,ཆུང་_100_,ཆུང་_100_,ཆུང་_100_,ཆུང་_100_,ཆུང་_100_,ཆུང་_100_
[མ་_100_],མ་_100_,མ་_100_,མ་_100_,མ་_100_,མ་_100_,མ་_100_,མ་_100_,མ་_100_
[མཛའ་_100_],མཛའ་_100_,མཛའ་_100_,མཛའ་_100_,མཛའ་_100_,མཛའ་_100_,མཛའ་_100_,མཛའ་_100_,མཛའ་_100_
[བཤེས་_100_],བཤེས་_100_,བཤེས་_100_,བཤེས་_100_,བཤེས་_100_,བཤེས་_100_,བཤེས་_100_,བཤེས་_100_,བཤེས་_100_
[མོ_100_],མོ_100_,མོ_100_,མོ_100_,མོ_100_,མོ_100_,མོ_100_,མོ_100_,མོ_100_
[། །​_100_],། །​_100_,། །​_100_,། །​_100_,། །​_100_,། །​_100_,། །​_100_,། །​_100_,། །​_100_
[མིག་_100_],མིག་_100_,མིག་_100_,མིག་_100_,མིག་_100_,མིག་_100_,མིག་_100_,མིག་_100_,མིག་_100_
[འཕྲུལ་_100_],འཕྲུལ་_100_,འཕྲུལ་_100_,འཕྲུལ་_100_,འཕྲུལ་_100_,འཕྲུལ་_100_,འཕྲུལ་_100_,འཕྲུལ་_100_,འཕྲུལ་_100_
[ལྟ་_100_],ལྟ་_100_,ལྟ་_100_,ལྟ་_100_,ལྟ་_100_,ལྟ་_100_,ལྟ་_100_,ལྟ་_100_,ལྟ་_100_
[བུར་_100_],བུར་_100_,བུར་_100_,བུར་_100_,བུར་_100_,བུར་_100_,བུར་_100_,བུར་_100_,བུར་_100_
[བདག་_100_],བདག་_100_,བདག་_100_,བདག་_100_,བདག་_100_,བདག་_100_,བདག་_100_,བདག་_100_,བདག་_100_
[གིས་_100_],གིས་_100_,གིས་_100_,གིས་_100_,གིས་_100_,གིས་_100_,གིས་_100_,གིས་_100_,གིས་_100_
[འཁུམས_100_],འཁུམས_100_,འཁུམས_100_,འཁུམས_100_,འཁུམས_100_,འཁུམས_100_,འཁུམས_100_,འཁུམས_100_,འཁུམས_100_
[། །​_100_],། །​_100_,། །​_100_,། །​_100_,། །​_100_,། །​_100_,། །​_100_,། །​_100_,། །​_100_
[དེ་_100_],དེ་_100_,དེ་_100_,དེ་_100_,དེ་_100_,དེ་_100_,དེ་_100_,དེ་_100_,དེ་_100_
[བཞིན་_100_],བཞིན་_100_,བཞིན་_100_,བཞིན་_100_,བཞིན་_100_,བཞིན་_100_,བཞིན་_100_,བཞིན་_100_,བཞིན་_100_
[གཤེགས་_100_],གཤེགས་_100_,གཤེགས་_100_,གཤེགས་_100_,གཤེགས་_100_,གཤེགས་_100_,གཤེགས་_100_,གཤེགས་_100_,གཤེགས་_100_
[ཀྱེ་_100_],ཀྱེ་_100_,ཀྱེ་_100_,ཀྱེ་_100_,ཀྱེ་_100_,ཀྱེ་_100_,ཀྱེ་_100_,ཀྱེ་_100_,ཀྱེ་_100_
[བདག་_100_],བདག་_100_,བདག་_100_,བདག་_100_,བདག་_100_,བདག་_100_,བདག་_100_,བདག་_100_,བདག་_100_
[ལ་_100_],ལ་_100_,ལ་_100_,ལ་_100_,ལ་_100_,ལ་_100_,ལ་_100_,ལ་_100_,ལ་_100_
[སྐྱོབས_100_],སྐྱོབས_100_,སྐྱོབས_100_,སྐྱོབས_100_,སྐྱོབས_100_,སྐྱོབས_100_,སྐྱོབས_100_,སྐྱོབས_100_,སྐྱོབས_100_
[། །​_88_],། །​_88_,། །​_88_,། །​_88_,། །​_88_,། །​_88_,། །​ _11_,། །​_88_,། །​_88_
[བདག་_100_],བདག་_100_,བདག་_100_,བདག་_100_,བདག་_100_,བདག་_100_,བདག་_100_,བདག་_100_,བདག་_100_
[འདིར་_100_],འདིར་_100_,འདིར་_100_,འདིར་_100_,འདིར་_100_,འདིར་_100_,འདིར་_100_,འདིར་_100_,འདིར་_100_
[འཁོར་_100_],འཁོར་_100_,འཁོར་_100_,འཁོར་_100_,འཁོར་_100_,འཁོར་_100_,འཁོར་_100_,འཁོར་_100_,འཁོར་_100_
[འདབ་_100_],འདབ་_100_,འདབ་_100_,འདབ་_100_,འདབ་_100_,འདབ་_100_,འདབ་_100_,འདབ་_100_,འདབ་_100_
[རྣམས་_100_],རྣམས་_100_,རྣམས་_100_,རྣམས་_100_,རྣམས་_100_,རྣམས་_100_,རྣམས་_100_,རྣམས་_100_,རྣམས་_100_
[ཀྱི་_100_],ཀྱི་_100_,ཀྱི་_100_,ཀྱི་_100_,ཀྱི་_100_,ཀྱི་_100_,ཀྱི་_100_,ཀྱི་_100_,ཀྱི་_100_
[ཕྱིར_100_],ཕྱིར_100_,ཕྱིར_100_,ཕྱིར_100_,ཕྱིར_100_,ཕྱིར_100_,ཕྱིར_100_,ཕྱིར_100_,ཕྱིར_100_
[། །​_100_],། །​_100_,། །​_100_,། །​_100_,། །​_100_,། །​_100_,། །​_100_,། །​_100_,། །​_100_
[ལས་_100_],ལས་_100_,ལས་_100_,ལས་_100_,ལས་_100_,ལས་_100_,ལས་_100_,ལས་_100_,ལས་_100_
[གང་_100_],གང་_100_,གང་_100_,གང་_100_,གང་_100_,གང་_100_,གང་_100_,གང་_100_,གང་_100_
[ལེགས་_100_],ལེགས་_100_,ལེགས་_100_,ལེགས་_100_,ལེགས་_100_,ལེགས་_100_,ལེགས་_100_,ལེགས་_100_,ལེགས་_100_
[དང་_100_],དང་_100_,དང་_100_,དང་_100_,དང་_100_,དང་_100_,དང་_100_,དང་_100_,དང་_100_
[ཉེས་_100_],ཉེས་_100_,ཉེས་_100_,ཉེས་_100_,ཉེས་_100_,ཉེས་_100_,ཉེས་_100_,ཉེས་_100_,ཉེས་_100_
[བྱས་_100_],བྱས་_100_,བྱས་_100_,བྱས་_100_,བྱས་_100_,བྱས་_100_,བྱས་_100_,བྱས་_100_,བྱས་_100_
[པ_100_],པ_100_,པ_100_,པ_100_,པ_100_,པ_100_,པ_100_,པ_100_,པ_100_
[། །​_100_],། །​_100_,། །​_100_,། །​_100_,། །​_100_,། །​_100_,། །​_100_,། །​_100_,། །​_100_
[དེ་_100_],དེ་_100_,དེ་_100_,དེ་_100_,དེ་_100_,དེ་_100_,དེ་_100_,དེ་_100_,དེ་_100_
[ཡིས་_100_],ཡིས་_100_,ཡིས་_100_,ཡིས་_100_,ཡིས་_100_,ཡིས་_100_,ཡིས་_100_,ཡིས་_100_,ཡིས་_100_
[བདག་_100_],བདག་_100_,བདག་_100_,བདག་_100_,བདག་_100_,བདག་_100_,བདག་_100_,བདག་_100_,བདག་_100_
[ནི་_100_],ནི་_100_,ནི་_100_,ནི་_100_,ནི་_100_,ནི་_100_,ནི་_100_,ནི་_100_,ནི་_100_
[གཅིག་_100_],གཅིག་_100_,གཅིག་_100_,གཅིག་_100_,གཅིག་_100_,གཅིག་_100_,གཅིག་_100_,གཅིག་_100_,གཅིག་_100_
[པུར་_100_],པུར་_100_,པུར་_100_,པུར་_100_,པུར་_100_,པུར་_100_,པུར་_100_,པུར་_100_,པུར་_100_
[གྱུར_100_],གྱུར_100_,གྱུར_100_,གྱུར_100_,གྱུར_100_,གྱུར_100_,གྱུར_100_,གྱུར_100_,གྱུར_100_
[། །​_100_],། །​_100_,། །​_100_,། །​_100_,། །​_100_,། །​_100_,། །​_100_,། །​_100_,། །​_100_
[དེ་_100_],དེ་_100_,དེ་_100_,དེ་_100_,དེ་_100_,དེ་_100_,དེ་_100_,དེ་_100_,དེ་_100_
[བཞིན་_100_],བཞིན་_100_,བཞིན་_100_,བཞིན་_100_,བཞིན་_100_,བཞིན་_100_,བཞིན་_100_,བཞིན་_100_,བཞིན་_100_
[གཤེགས་_100_],གཤེགས་_100_,གཤེགས་_100_,གཤེགས་_100_,གཤེགས་_100_,གཤེགས་_100_,གཤེགས་_100_,གཤེགས་_100_,གཤེགས་_100_
[ཀྱེ་_88_],ཀྱེ་_88_,ཀྱེ་_88_,ཀྱེ་_88_,ཀྱེ་_88_,ཀྱི་_11_,ཀྱེ་_88_,ཀྱེ་_88_,ཀྱེ་_88_
[བདག་_100_],བདག་_100_,བདག་_100_,བདག་_100_,བདག་_100_,བདག་_100_,བདག་_100_,བདག་_100_,བདག་_100_
[ལ་_100_],ལ་_100_,ལ་_100_,ལ་_100_,ལ་_100_,ལ་_100_,ལ་_100_,ལ་_100_,ལ་_100_
[སྐྱོབས_100_],སྐྱོབས_100_,སྐྱོབས_100_,སྐྱོབས_100_,སྐྱོབས_100_,སྐྱོབས_100_,སྐྱོབས_100_,སྐྱོབས_100_,སྐྱོབས_100_
[། །​_100_],། །​_100_,། །​_100_,། །​_100_,། །​_100_,། །​_100_,། །​_100_,། །​_100_,། །​_100_
[ཁྲོན་_88_],ཁྲོན་_88_,འཁོན་_11_,ཁྲོན་_88_,ཁྲོན་_88_,ཁྲོན་_88_,ཁྲོན་_88_,ཁྲོན་_88_,ཁྲོན་_88_
[རྙིང་_100_],རྙིང་_100_,རྙིང་_100_,རྙིང་_100_,རྙིང་_100_,རྙིང་_100_,རྙིང་_100_,རྙིང་_100_,རྙིང་_100_
[མི་_100_],མི་_100_,མི་_100_,མི་_100_,མི་_100_,མི་_100_,མི་_100_,མི་_100_,མི་_100_
[བཟད་_100_],བཟད་_100_,བཟད་_100_,བཟད་_100_,བཟད་_100_,བཟད་_100_,བཟད་_100_,བཟད་_100_,བཟད་_100_
[ཆེན་_100_],ཆེན་_100_,ཆེན་_100_,ཆེན་_100_,ཆེན་_100_,ཆེན་_100_,ཆེན་_100_,ཆེན་_100_,ཆེན་_100_
[པོ་_100_],པོ་_100_,པོ་_100_,པོ་_100_,པོ་_100_,པོ་_100_,པོ་_100_,པོ་_100_,པོ་_100_
[དང་_100_],དང་_100_,དང་_100_,དང་_100_,དང་_100_,དང་_100_,དང་_100_,དང་_100_,དང་_100_
[། །​_100_],། །​_100_,། །​_100_,། །​_100_,། །​_100_,། །​_100_,། །​_100_,། །​_100_,། །​_100_
[གཏིང་_100_],གཏིང་_100_,གཏིང་_100_,གཏིང་_100_,གཏིང་_100_,གཏིང་_100_,གཏིང་_100_,གཏིང་_100_,གཏིང་_100_
[མེད་_100_],མེད་_100_,མེད་_100_,མེད་_100_,མེད་_100_,མེད་_100_,མེད་_100_,མེད་_100_,མེད་_100_
[རྒྱ་_100_],རྒྱ་_100_,རྒྱ་_100_,རྒྱ་_100_,རྒྱ་_100_,རྒྱ་_100_,རྒྱ་_100_,རྒྱ་_100_,རྒྱ་_100_
[མཚོ་_100_],མཚོ་_100_,མཚོ་_100_,མཚོ་_100_,མཚོ་_100_,མཚོ་_100_,མཚོ་_100_,མཚོ་_100_,མཚོ་_100_
[དག་_100_],དག་_100_,དག་_100_,དག་_100_,དག་_100_,དག་_100_,དག་_100_,དག་_100_,དག་_100_
[རྣམས་_100_],རྣམས་_100_,རྣམས་_100_,རྣམས་_100_,རྣམས་_100_,རྣམས་_100_,རྣམས་_100_,རྣམས་_100_,རྣམས་_100_
[སུ_100_],སུ_100_,སུ_100_,སུ_100_,སུ_100_,སུ_100_,སུ_100_,སུ_100_,སུ_100_
[། །​_100_],། །​_100_,། །​_100_,། །​_100_,། །​_100_,། །​_100_,། །​_100_,། །​_100_,། །​_100_
[མགོན་_100_],མགོན་_100_,མགོན་_100_,མགོན་_100_,མགོན་_100_,མགོན་_100_,མགོན་_100_,མགོན་_100_,མགོན་_100_
[པོ་_100_],པོ་_100_,པོ་_100_,པོ་_100_,པོ་_100_,པོ་_100_,པོ་_100_,པོ་_100_,པོ་_100_
[བདག་_100_],བདག་_100_,བདག་_100_,བདག་_100_,བདག་_100_,བདག་_100_,བདག་_100_,བདག་_100_,བདག་_100_
[ཅག་_100_],ཅག་_100_,ཅག་_100_,ཅག་_100_,ཅག་_100_,ཅག་_100_,ཅག་_100_,ཅག་_100_,ཅག་_100_
[ལོང་_100_],ལོང་_100_,ལོང་_100_,ལོང་_100_,ལོང་_100_,ལོང་_100_,ལོང་_100_,ལོང་_100_,ལོང་_100_
[གྱུར་_100_],གྱུར་_100_,གྱུར་_100_,གྱུར་_100_,གྱུར་_100_,གྱུར་_100_,གྱུར་_100_,གྱུར་_100_,གྱུར་_100_
[ན_100_],ན_100_,ན_100_,ན_100_,ན_100_,ན_100_,ན_100_,ན_100_,ན_100_
[། །​_100_],། །​_100_,། །​_100_,། །​_100_,། །​_100_,། །​_100_,། །​_100_,། །​_100_,། །​_100_
[དེ་_100_],དེ་_100_,དེ་_100_,དེ་_100_,དེ་_100_,དེ་_100_,དེ་_100_,དེ་_100_,དེ་_100_
[བཞིན་_100_],བཞིན་_100_,བཞིན་_100_,བཞིན་_100_,བཞིན་_100_,བཞིན་_100_,བཞིན་_100_,བཞིན་_100_,བཞིན་_100_
[གཤེགས་_100_],གཤེགས་_100_,གཤེགས་_100_,གཤེགས་_100_,གཤེགས་_100_,གཤེགས་_100_,གཤེགས་_100_,གཤེགས་_100_,གཤེགས་_100_
[ཀྱེ་_100_],ཀྱེ་_100_,ཀྱེ་_100_,ཀྱེ་_100_,ཀྱེ་_100_,ཀྱེ་_100_,ཀྱེ་_100_,ཀྱེ་_100_,ཀྱེ་_100_
[བདག་_100_],བདག་_100_,བདག་_100_,བདག་_100_,བདག་_100_,བདག་_100_,བདག་_100_,བདག་_100_,བདག་_100_
[ལ་_100_],ལ་_100_,ལ་_100_,ལ་_100_,ལ་_100_,ལ་_100_,ལ་_100_,ལ་_100_,ལ་_100_
[སྐྱོབས_100_],སྐྱོབས_100_,སྐྱོབས_100_,སྐྱོབས_100_,སྐྱོབས_100_,སྐྱོབས_100_,སྐྱོབས_100_,སྐྱོབས_100_,སྐྱོབས_100_
[། །​_100_],། །​_100_,། །​_100_,། །​_100_,། །​_100_,། །​_100_,། །​_100_,། །​_100_,། །​_100_
[རྒྱ་_100_],རྒྱ་_100_,རྒྱ་_100_,རྒྱ་_100_,རྒྱ་_100_,རྒྱ་_100_,རྒྱ་_100_,རྒྱ་_100_,རྒྱ་_100_
[མཚོ་_100_],མཚོ་_100_,མཚོ་_100_,མཚོ་_100_,མཚོ་_100_,མཚོ་_100_,མཚོ་_100_,མཚོ་_100_,མཚོ་_100_
[ཆེན་_100_],ཆེན་_100_,ཆེན་_100_,ཆེན་_100_,ཆེན་_100_,ཆེན་_100_,ཆེན་_100_,ཆེན་_100_,ཆེན་_100_
[པོ་_100_],པོ་_100_,པོ་_100_,པོ་_100_,པོ་_100_,པོ་_100_,པོ་_100_,པོ་_100_,པོ་_100_
[རྒལ་_100_],རྒལ་_100_,རྒལ་_100_,རྒལ་_100_,རྒལ་_100_,རྒལ་_100_,རྒལ་_100_,རྒལ་_100_,རྒལ་_100_
[བ་_100_],བ་_100_,བ་_100_,བ་_100_,བ་_100_,བ་_100_,བ་_100_,བ་_100_,བ་_100_
[ཡི_100_],ཡི_100_,ཡི_100_,ཡི_100_,ཡི_100_,ཡི_100_,ཡི_100_,ཡི_100_,ཡི_100_
[། །​_100_],། །​_100_,། །​_100_,། །​_100_,། །​_100_,། །​_100_,། །​_100_,། །​_100_,། །​_100_
[གྲུ་_100_],གྲུ་_100_,གྲུ་_100_,གྲུ་_100_,གྲུ་_100_,གྲུ་_100_,གྲུ་_100_,གྲུ་_100_,གྲུ་_100_
[ནི་_100_],ནི་_100_,ནི་_100_,ནི་_100_,ནི་_100_,ནི་_100_,ནི་_100_,ནི་_100_,ནི་_100_
[གོག་_100_],གོག་_100_,གོག་_100_,གོག་_100_,གོག་_100_,གོག་_100_,གོག་_100_,གོག་_100_,གོག་_100_
[པོར་_100_],པོར་_100_,པོར་_100_,པོར་_100_,པོར་_100_,པོར་_100_,པོར་_100_,པོར་_100_,པོར་_100_
[ཞུགས་_100_],ཞུགས་_100_,ཞུགས་_100_,ཞུགས་_100_,ཞུགས་_100_,ཞུགས་_100_,ཞུགས་_100_,ཞུགས་_100_,ཞུགས་_100_
[པ་_100_],པ་_100_,པ་_100_,པ་_100_,པ་_100_,པ་_100_,པ་_100_,པ་_100_,པ་_100_
[ལྟར_100_],ལྟར_100_,ལྟར_100_,ལྟར_100_,ལྟར_100_,ལྟར_100_,ལྟར_100_,ལྟར_100_,ལྟར_100_
[། །​_100_],། །​_100_,། །​_100_,། །​_100_,། །​_100_,། །​_100_,། །​_100_,། །​_100_,། །​_100_
[བདག་_100_],བདག་_100_,བདག་_100_,བདག་_100_,བདག་_100_,བདག་_100_,བདག་_100_,བདག་_100_,བདག་_100_
[གིས་_100_],གིས་_100_,གིས་_100_,གིས་_100_,གིས་_100_,གིས་_100_,གིས་_100_,གིས་_100_,གིས་_100_
[ཀྱང་_100_],ཀྱང་_100_,ཀྱང་_100_,ཀྱང་_100_,ཀྱང་_100_,ཀྱང་_100_,ཀྱང་_100_,ཀྱང་_100_,ཀྱང་_100_
[ནི་_100_],ནི་_100_,ནི་_100_,ནི་_100_,ནི་_100_,ནི་_100_,ནི་_100_,ནི་_100_,ནི་_100_
[རྒལ་_100_],རྒལ་_100_,རྒལ་_100_,རྒལ་_100_,རྒལ་_100_,རྒལ་_100_,རྒལ་_100_,རྒལ་_100_,རྒལ་_100_
[དཀར་_100_],དཀར་_100_,དཀར་_100_,དཀར་_100_,དཀར་_100_,དཀར་_100_,དཀར་_100_,དཀར་_100_,དཀར་_100_
[འཁུམས_100_],འཁུམས_100_,འཁུམས_100_,འཁུམས_100_,འཁུམས_100_,འཁུམས_100_,འཁུམས_100_,འཁུམས_100_,འཁུམས_100_
[། །​_100_],། །​_100_,། །​_100_,། །​_100_,། །​_100_,། །​_100_,། །​_100_,། །​_100_,། །​_100_
[དེ་_100_],དེ་_100_,དེ་_100_,དེ་_100_,དེ་_100_,དེ་_100_,དེ་_100_,དེ་_100_,དེ་_100_
[བཞིན་_100_],བཞིན་_100_,བཞིན་_100_,བཞིན་_100_,བཞིན་_100_,བཞིན་_100_,བཞིན་_100_,བཞིན་_100_,བཞིན་_100_
[གཤེགས་_100_],གཤེགས་_100_,གཤེགས་_100_,གཤེགས་_100_,གཤེགས་_100_,གཤེགས་_100_,གཤེགས་_100_,གཤེགས་_100_,གཤེགས་_100_
[ཀྱེ་_100_],ཀྱེ་_100_,ཀྱེ་_100_,ཀྱེ་_100_,ཀྱེ་_100_,ཀྱེ་_100_,ཀྱེ་_100_,ཀྱེ་_100_,ཀྱེ་_100_
[བདག་_100_],བདག་_100_,བདག་_100_,བདག་_100_,བདག་_100_,བདག་_100_,བདག་_100_,བདག་_100_,བདག་_100_
[ལ་_100_],ལ་_100_,ལ་_100_,ལ་_100_,ལ་_100_,ལ་_100_,ལ་_100_,ལ་_100_,ལ་_100_
[སྐྱོབས_100_],སྐྱོབས_100_,སྐྱོབས_100_,སྐྱོབས_100_,སྐྱོབས_100_,སྐྱོབས_100_,སྐྱོབས_100_,སྐྱོབས_100_,སྐྱོབས_100_
[། །​_100_],། །​_100_,། །​_100_,། །​_100_,། །​_100_,། །​_100_,། །​_100_,། །​_100_,། །​_100_
[ཆོས་_100_],ཆོས་_100_,ཆོས་_100_,ཆོས་_100_,ཆོས་_100_,ཆོས་_100_,ཆོས་_100_,ཆོས་_100_,ཆོས་_100_
[དང་_100_],དང་_100_,དང་_100_,དང་_100_,དང་_100_,དང་_100_,དང་_100_,དང་_100_,དང་_100_
[ཆོས་_100_],ཆོས་_100_,ཆོས་_100_,ཆོས་_100_,ཆོས་_100_,ཆོས་_100_,ཆོས་_100_,ཆོས་_100_,ཆོས་_100_
[མིན་_100_],མིན་_100_,མིན་_100_,མིན་_100_,མིན་_100_,མིན་_100_,མིན་_100_,མིན་_100_,མིན་_100_
[མ་_100_],མ་_100_,མ་_100_,མ་_100_,མ་_100_,མ་_100_,མ་_100_,མ་_100_,མ་_100_
[འཚལ་_100_],འཚལ་_100_,འཚལ་_100_,འཚལ་_100_,འཚལ་_100_,འཚལ་_100_,འཚལ་_100_,འཚལ་_100_,འཚལ་_100_
[ཞིང་_100_],ཞིང་_100_,ཞིང་_100_,ཞིང་_100_,ཞིང་_100_,ཞིང་_100_,ཞིང་_100_,ཞིང་_100_,ཞིང་_100_
[། །​_100_],། །​_100_,། །​_100_,། །​_100_,། །​_100_,། །​_100_,། །​_100_,། །​_100_,། །​_100_
[བགྲོད་_100_],བགྲོད་_100_,བགྲོད་_100_,བགྲོད་_100_,བགྲོད་_100_,བགྲོད་_100_,བགྲོད་_100_,བགྲོད་_100_,བགྲོད་_100_
[དཀའ་_100_],དཀའ་_100_,དཀའ་_100_,དཀའ་_100_,དཀའ་_100_,དཀའ་_100_,དཀའ་_100_,དཀའ་_100_,དཀའ་_100_
[བགྲོད་_100_],བགྲོད་_100_,བགྲོད་_100_,བགྲོད་_100_,བགྲོད་_100_,བགྲོད་_100_,བགྲོད་_100_,བགྲོད་_100_,བགྲོད་_100_
[མིན་_100_],མིན་_100_,མིན་_100_,མིན་_100_,མིན་_100_,མིན་_100_,མིན་_100_,མིན་_100_,མིན་_100_
[མི་_100_],མི་_100_,མི་_100_,མི་_100_,མི་_100_,མི་_100_,མི་_100_,མི་_100_,མི་_100_
[རིག་_88_],རིག་_88_,རིགས་_11_,རིག་_88_,རིག་_88_,རིག་_88_,རིག་_88_,རིག་_88_,རིག་_88_
[པས_100_],པས_100_,པས_100_,པས_100_,པས_100_,པས_100_,པས_100_,པས_100_,པས_100_
[། །​_100_],། །​_100_,། །​_100_,། །​_100_,། །​_100_,། །​_100_,། །​_100_,། །​_100_,། །​_100_
[འདི་_88_],འདི་_88_,འདི་_88_,འདི་_88_,འདི་_88_,འདིས་_11_,འདི་_88_,འདི་_88_,འདི་_88_
[ནི་_100_],ནི་_100_,ནི་_100_,ནི་_100_,ནི་_100_,ནི་_100_,ནི་_100_,ནི་_100_,ནི་_100_
[སེམས་_100_],སེམས་_100_,སེམས་_100_,སེམས་_100_,སེམས་_100_,སེམས་_100_,སེམས་_100_,སེམས་_100_,སེམས་_100_
[མེད་_100_],མེད་_100_,མེད་_100_,མེད་_100_,མེད་_100_,མེད་_100_,མེད་_100_,མེད་_100_,མེད་_100_
[ཤིང་_100_],ཤིང་_100_,ཤིང་_100_,ཤིང་_100_,ཤིང་_100_,ཤིང་_100_,ཤིང་_100_,ཤིང་_100_,ཤིང་_100_
[དང་_100_],དང་_100_,དང་_100_,དང་_100_,དང་_100_,དང་_100_,དང་_100_,དང་_100_,དང་_100_
[འདྲ_100_],འདྲ_100_,འདྲ_100_,འདྲ_100_,འདྲ_100_,འདྲ_100_,འདྲ_100_,འདྲ_100_,འདྲ_100_
[། །​_100_],། །​_100_,། །​_100_,། །​_100_,། །​_100_,། །​_100_,། །​_100_,། །​_100_,། །​_100_
[དེ་_100_],དེ་_100_,དེ་_100_,དེ་_100_,དེ་_100_,དེ་_100_,དེ་_100_,དེ་_100_,དེ་_100_
[བཞིན་_100_],བཞིན་_100_,བཞིན་_100_,བཞིན་_100_,བཞིན་_100_,བཞིན་_100_,བཞིན་_100_,བཞིན་_100_,བཞིན་_100_
[གཤེགས་_100_],གཤེགས་_100_,གཤེགས་_100_,གཤེགས་_100_,གཤེགས་_100_,གཤེགས་_100_,གཤེགས་_100_,གཤེགས་_100_,གཤེགས་_100_
[ཀྱེ་_100_],ཀྱེ་_100_,ཀྱེ་_100_,ཀྱེ་_100_,ཀྱེ་_100_,ཀྱེ་_100_,ཀྱེ་_100_,ཀྱེ་_100_,ཀྱེ་_100_
[བདག་_100_],བདག་_100_,བདག་_100_,བདག་_100_,བདག་_100_,བདག་_100_,བདག་_100_,བདག་_100_,བདག་_100_
[ལ་_100_],ལ་_100_,ལ་_100_,ལ་_100_,ལ་_100_,ལ་_100_,ལ་_100_,ལ་_100_,ལ་_100_
[སྐྱོབས_100_],སྐྱོབས_100_,སྐྱོབས_100_,སྐྱོབས_100_,སྐྱོབས_100_,སྐྱོབས_100_,སྐྱོབས_100_,སྐྱོབས_100_,སྐྱོབས_100_
[། །​_100_],། །​_100_,། །​_100_,། །​_100_,། །​_100_,། །​_100_,། །​_100_,། །​_100_,། །​_100_
[ཕ་_100_],ཕ་_100_,ཕ་_100_,ཕ་_100_,ཕ་_100_,ཕ་_100_,ཕ་_100_,ཕ་_100_,ཕ་_100_
[བསད་_100_],བསད་_100_,བསད་_100_,བསད་_100_,བསད་_100_,བསད་_100_,བསད་_100_,བསད་_100_,བསད་_100_
[པ་_100_],པ་_100_,པ་_100_,པ་_100_,པ་_100_,པ་_100_,པ་_100_,པ་_100_,པ་_100_
[དང་_100_],དང་_100_,དང་_100_,དང་_100_,དང་_100_,དང་_100_,དང་_100_,དང་_100_,དང་_100_
[མ་_100_],མ་_100_,མ་_100_,མ་_100_,མ་_100_,མ་_100_,མ་_100_,མ་_100_,མ་_100_
[བསད་_100_],བསད་_100_,བསད་_100_,བསད་_100_,བསད་_100_,བསད་_100_,བསད་_100_,བསད་_100_,བསད་_100_
[པ_100_],པ_100_,པ_100_,པ_100_,པ_100_,པ_100_,པ_100_,པ_100_,པ_100_
[། །​_100_],། །​_100_,། །​_100_,། །​_100_,། །​_100_,། །​_100_,། །​_100_,། །​_100_,། །​_100_
[ཁོ་_100_],ཁོ་_100_,ཁོ་_100_,ཁོ་_100_,ཁོ་_100_,ཁོ་_100_,ཁོ་_100_,ཁོ་_100_,ཁོ་_100_
[བོས་_100_],བོས་_100_,བོས་_100_,བོས་_100_,བོས་_100_,བོས་_100_,བོས་_100_,བོས་_100_,བོས་_100_
[མཚམས་_100_],མཚམས་_100_,མཚམས་_100_,མཚམས་_100_,མཚམས་_100_,མཚམས་_100_,མཚམས་_100_,མཚམས་_100_,མཚམས་_100_
[མེད་_100_],མེད་_100_,མེད་_100_,མེད་_100_,མེད་_100_,མེད་_100_,མེད་_100_,མེད་_100_,མེད་_100_
[ལྔ་_100_],ལྔ་_100_,ལྔ་_100_,ལྔ་_100_,ལྔ་_100_,ལྔ་_100_,ལྔ་_100_,ལྔ་_100_,ལྔ་_100_
[བགྱིས་_100_],བགྱིས་_100_,བགྱིས་_100_,བགྱིས་_100_,བགྱིས་_100_,བགྱིས་_100_,བགྱིས་_100_,བགྱིས་_100_,བགྱིས་_100_
[པ_100_],པ_100_,པ_100_,པ_100_,པ_100_,པ_100_,པ_100_,པ_100_,པ_100_
[། །​_100_],། །​_100_,། །​_100_,། །​_100_,། །​_100_,། །​_100_,། །​_100_,། །​_100_,། །​_100_
[མི་_100_],མི་_100_,མི་_100_,མི་_100_,མི་_100_,མི་_100_,མི་_100_,མི་_100_,མི་_100_
[བཟད་_100_],བཟད་_100_,བཟད་_100_,བཟད་_100_,བཟད་_100_,བཟད་_100_,བཟད་_100_,བཟད་_100_,བཟད་_100_
[རབ་_100_],རབ་_100_,རབ་_100_,རབ་_100_,རབ་_100_,རབ་_100_,རབ་_100_,རབ་_100_,རབ་_100_
[རིབ་_100_],རིབ་_100_,རིབ་_100_,རིབ་_100_,རིབ་_100_,རིབ་_100_,རིབ་_100_,རིབ་_100_,རིབ་_100_
[མུན་_100_],མུན་_100_,མུན་_100_,མུན་_100_,མུན་_100_,མུན་_100_,མུན་_100_,མུན་_100_,མུན་_100_
[པར་_100_],པར་_100_,པར་_100_,པར་_100_,པར་_100_,པར་_100_,པར་_100_,པར་_100_,པར་_100_
[འཁུམས_100_],འཁུམས_100_,འཁུམས_100_,འཁུམས_100_,འཁུམས_100_,འཁུམས_100_,འཁུམས_100_,འཁུམས_100_,འཁུམས_100_
[། །​_100_],། །​_100_,། །​_100_,། །​_100_,། །​_100_,། །​_100_,། །​_100_,། །​_100_,། །​_100_
[དེ་_100_],དེ་_100_,དེ་_100_,དེ་_100_,དེ་_100_,དེ་_100_,དེ་_100_,དེ་_100_,དེ་_100_
[བཞིན་_100_],བཞིན་_100_,བཞིན་_100_,བཞིན་_100_,བཞིན་_100_,བཞིན་_100_,བཞིན་_100_,བཞིན་_100_,བཞིན་_100_
[གཤེགས་_100_],གཤེགས་_100_,གཤེགས་_100_,གཤེགས་_100_,གཤེགས་_100_,གཤེགས་_100_,གཤེགས་_100_,གཤེགས་_100_,གཤེགས་_100_
[ཀྱེ་_100_],ཀྱེ་_100_,ཀྱེ་_100_,ཀྱེ་_100_,ཀྱེ་_100_,ཀྱེ་_100_,ཀྱེ་_100_,ཀྱེ་_100_,ཀྱེ་_100_
[བདག་_100_],བདག་_100_,བདག་_100_,བདག་_100_,བདག་_100_,བདག་_100_,བདག་_100_,བདག་_100_,བདག་_100_
[ལ་_100_],ལ་_100_,ལ་_100_,ལ་_100_,ལ་_100_,ལ་_100_,ལ་_100_,ལ་_100_,ལ་_100_
[སྐྱོབས_100_],སྐྱོབས_100_,སྐྱོབས_100_,སྐྱོབས_100_,སྐྱོབས_100_,སྐྱོབས_100_,སྐྱོབས_100_,སྐྱོབས_100_,སྐྱོབས_100_
[། །​_100_],། །​_100_,། །​_100_,། །​_100_,། །​_100_,། །​_100_,། །​_100_,། །​_100_,། །​_100_
[བདག་_100_],བདག་_100_,བདག་_100_,བདག་_100_,བདག་_100_,བདག་_100_,བདག་_100_,བདག་_100_,བདག་_100_
[གིས་_100_],གིས་_100_,གིས་_100_,གིས་_100_,གིས་_100_,གིས་_100_,གིས་_100_,གིས་_100_,གིས་_100_
[མཆོད་_100_],མཆོད་_100_,མཆོད་_100_,མཆོད་_100_,མཆོད་_100_,མཆོད་_100_,མཆོད་_100_,མཆོད་_100_,མཆོད་_100_
[རྟེན་_100_],རྟེན་_100_,རྟེན་_100_,རྟེན་_100_,རྟེན་_100_,རྟེན་_100_,རྟེན་_100_,རྟེན་_100_,རྟེན་_100_
[འཇིག་_100_],འཇིག་_100_,འཇིག་_100_,འཇིག་_100_,འཇིག་_100_,འཇིག་_100_,འཇིག་_100_,འཇིག་_100_,འཇིག་_100_
[པར་_100_],པར་_100_,པར་_100_,པར་_100_,པར་_100_,པར་_100_,པར་_100_,པར་_100_,པར་_100_
[བགྱིས_100_],བགྱིས_100_,བགྱིས_100_,བགྱིས_100_,བགྱིས_100_,བགྱིས_100_,བགྱིས_100_,བགྱིས_100_,བགྱིས_100_
[། །​_100_],། །​_100_,། །​_100_,། །​_100_,། །​_100_,། །​_100_,། །​_100_,། །​_100_,། །​_100_
[དགེ་_100_],དགེ་_100_,དགེ་_100_,དགེ་_100_,དགེ་_100_,དགེ་_100_,དགེ་_100_,དགེ་_100_,དགེ་_100_
[འདུན་_100_],འདུན་_100_,འདུན་_100_,འདུན་_100_,འདུན་_100_,འདུན་_100_,འདུན་_100_,འདུན་_100_,འདུན་_100_
[དཀོར་_100_],དཀོར་_100_,དཀོར་_100_,དཀོར་_100_,དཀོར་_100_,དཀོར་_100_,དཀོར་_100_,དཀོར་_100_,དཀོར་_100_
[ནི་_100_],ནི་_100_,ནི་_100_,ནི་_100_,ནི་_100_,ནི་_100_,ནི་_100_,ནི་_100_,ནི་_100_
[རྣམ་_100_],རྣམ་_100_,རྣམ་_100_,རྣམ་_100_,རྣམ་_100_,རྣམ་_100_,རྣམ་_100_,རྣམ་_100_,རྣམ་_100_
[པར་_100_],པར་_100_,པར་_100_,པར་_100_,པར་_100_,པར་_100_,པར་_100_,པར་_100_,པར་_100_
[འཇོམས_88_],འཇོམས_88_,བླངས_11_,འཇོམས_88_,འཇོམས_88_,འཇོམས_88_,འཇོམས_88_,འཇོམས_88_,འཇོམས_88_
[། །​_100_],། །​_100_,། །​_100_,། །​_100_,། །​_100_,། །​_100_,། །​_100_,། །​_100_,། །​_100_
[བདག་_100_],བདག་_100_,བདག་_100_,བདག་_100_,བདག་_100_,བདག་_100_,བདག་_100_,བདག་_100_,བདག་_100_
[གིས་_100_],གིས་_100_,གིས་_100_,གིས་_100_,གིས་_100_,གིས་_100_,གིས་_100_,གིས་_100_,གིས་_100_
[སེམས་_100_],སེམས་_100_,སེམས་_100_,སེམས་_100_,སེམས་_100_,སེམས་_100_,སེམས་_100_,སེམས་_100_,སེམས་_100_
[ཅན་_100_],ཅན་_100_,ཅན་_100_,ཅན་_100_,ཅན་_100_,ཅན་_100_,ཅན་_100_,ཅན་_100_,ཅན་_100_
[འཚེ་_100_],འཚེ་_100_,འཚེ་_100_,འཚེ་_100_,འཚེ་_100_,འཚེ་_100_,འཚེ་_100_,འཚེ་_100_,འཚེ་_100_
[བར་_100_],བར་_100_,བར་_100_,བར་_100_,བར་_100_,བར་_100_,བར་_100_,བར་_100_,བར་_100_
[བགྱིས_100_],བགྱིས_100_,བགྱིས_100_,བགྱིས_100_,བགྱིས_100_,བགྱིས_100_,བགྱིས_100_,བགྱིས_100_,བགྱིས_100_
[། །​_100_],། །​_100_,། །​_100_,། །​_100_,། །​_100_,། །​_100_,། །​_100_,། །​_100_,། །​_100_
[དེ་_100_],དེ་_100_,དེ་_100_,དེ་_100_,དེ་_100_,དེ་_100_,དེ་_100_,དེ་_100_,དེ་_100_
[བཞིན་_100_],བཞིན་_100_,བཞིན་_100_,བཞིན་_100_,བཞིན་_100_,བཞིན་_100_,བཞིན་_100_,བཞིན་_100_,བཞིན་_100_
[གཤེགས་_100_],གཤེགས་_100_,གཤེགས་_100_,གཤེགས་_100_,གཤེགས་_100_,གཤེགས་_100_,གཤེགས་_100_,གཤེགས་_100_,གཤེགས་_100_
[ཀྱེ་_100_],ཀྱེ་_100_,ཀྱེ་_100_,ཀྱེ་_100_,ཀྱེ་_100_,ཀྱེ་_100_,ཀྱེ་_100_,ཀྱེ་_100_,ཀྱེ་_100_
[བདག་_100_],བདག་_100_,བདག་_100_,བདག་_100_,བདག་_100_,བདག་_100_,བདག་_100_,བདག་_100_,བདག་_100_
[ལ་_100_],ལ་_100_,ལ་_100_,ལ་_100_,ལ་_100_,ལ་_100_,ལ་_100_,ལ་_100_,ལ་_100_
[སྐྱོབས_100_],སྐྱོབས_100_,སྐྱོབས_100_,སྐྱོབས_100_,སྐྱོབས_100_,སྐྱོབས_100_,སྐྱོབས_100_,སྐྱོབས_100_,སྐྱོབས_100_
[། །​_100_],། །​_100_,། །​_100_,། །​_100_,། །​_100_,། །​_100_,། །​_100_,། །​_100_,། །​_100_
[འཇིག་_100_],འཇིག་_100_,འཇིག་_100_,འཇིག་_100_,འཇིག་_100_,འཇིག་_100_,འཇིག་_100_,འཇིག་_100_,འཇིག་_100_
[རྟེན་_100_],རྟེན་_100_,རྟེན་_100_,རྟེན་_100_,རྟེན་_100_,རྟེན་_100_,རྟེན་_100_,རྟེན་_100_,རྟེན་_100_
[འདི་_100_],འདི་_100_,འདི་_100_,འདི་_100_,འདི་_100_,འདི་_100_,འདི་_100_,འདི་_100_,འདི་_100_
[ན་_100_],ན་_100_,ན་_100_,ན་_100_,ན་_100_,ན་_100_,ན་_100_,ན་_100_,ན་_100_
[བདེ་_100_],བདེ་_100_,བདེ་_100_,བདེ་_100_,བདེ་_100_,བདེ་_100_,བདེ་_100_,བདེ་_100_,བདེ་_100_
[མ་_88_],མ་_88_,བ་_11_,མ་_88_,མ་_88_,མ་_88_,མ་_88_,མ་_88_,མ་_88_
[མཆིས_100_],མཆིས_100_,མཆིས_100_,མཆིས_100_,མཆིས_100_,མཆིས_100_,མཆིས_100_,མཆིས_100_,མཆིས_100_
[། །​_100_],། །​_100_,། །​_100_,། །​_100_,། །​_100_,། །​_100_,། །​_100_,། །​_100_,། །​_100_
[འཇིག་_100_],འཇིག་_100_,འཇིག་_100_,འཇིག་_100_,འཇིག་_100_,འཇིག་_100_,འཇིག་_100_,འཇིག་_100_,འཇིག་_100_
[རྟེན་_100_],རྟེན་_100_,རྟེན་_100_,རྟེན་_100_,རྟེན་_100_,རྟེན་_100_,རྟེན་_100_,རྟེན་_100_,རྟེན་_100_
[ཕ་_100_],ཕ་_100_,ཕ་_100_,ཕ་_100_,ཕ་_100_,ཕ་_100_,ཕ་_100_,ཕ་_100_,ཕ་_100_
[རོལ་_100_],རོལ་_100_,རོལ་_100_,རོལ་_100_,རོལ་_100_,རོལ་_100_,རོལ་_100_,རོལ་_100_,རོལ་_100_
[འཚལ་_100_],འཚལ་_100_,འཚལ་_100_,འཚལ་_100_,འཚལ་_100_,འཚལ་_100_,འཚལ་_100_,འཚལ་_100_,འཚལ་_100_
[མ་_100_],མ་_100_,མ་_100_,མ་_100_,མ་_100_,མ་_100_,མ་_100_,མ་_100_,མ་_100_
[གྱུར_100_],གྱུར_100_,གྱུར_100_,གྱུར_100_,གྱུར_100_,གྱུར_100_,གྱུར_100_,གྱུར_100_,གྱུར_100_
[། །​_100_],། །​_100_,། །​_100_,། །​_100_,། །​_100_,། །​_100_,། །​_100_,། །​_100_,། །​_100_
[ལས་_100_],ལས་_100_,ལས་_100_,ལས་_100_,ལས་_100_,ལས་_100_,ལས་_100_,ལས་_100_,ལས་_100_
[ཀྱི་_100_],ཀྱི་_100_,ཀྱི་_100_,ཀྱི་_100_,ཀྱི་_100_,ཀྱི་_100_,ཀྱི་_100_,ཀྱི་_100_,ཀྱི་_100_
[སྲད་_100_],སྲད་_100_,སྲད་_100_,སྲད་_100_,སྲད་_100_,སྲད་_100_,སྲད་_100_,སྲད་_100_,སྲད་_100_
[བུས་_100_],བུས་_100_,བུས་_100_,བུས་_100_,བུས་_100_,བུས་_100_,བུས་_100_,བུས་_100_,བུས་_100_
[དཀྲིས་_100_],དཀྲིས་_100_,དཀྲིས་_100_,དཀྲིས་_100_,དཀྲིས་_100_,དཀྲིས་_100_,དཀྲིས་_100_,དཀྲིས་_100_,དཀྲིས་_100_
[པས་_100_],པས་_100_,པས་_100_,པས་_100_,པས་_100_,པས་_100_,པས་_100_,པས་_100_,པས་_100_
[ན_100_],ན_100_,ན_100_,ན_100_,ན_100_,ན_100_,ན_100_,ན_100_,ན_100_
[། །​_100_],། །​_100_,། །​_100_,། །​_100_,། །​_100_,། །​_100_,། །​_100_,། །​_100_,། །​_100_
[དེ་_100_],དེ་_100_,དེ་_100_,དེ་_100_,དེ་_100_,དེ་_100_,དེ་_100_,དེ་_100_,དེ་_100_
[བཞིན་_100_],བཞིན་_100_,བཞིན་_100_,བཞིན་_100_,བཞིན་_100_,བཞིན་_100_,བཞིན་_100_,བཞིན་_100_,བཞིན་_100_
[གཤེགས་_100_],གཤེགས་_100_,གཤེགས་_100_,གཤེགས་_100_,གཤེགས་_100_,གཤེགས་_100_,གཤེགས་_100_,གཤེགས་_100_,གཤེགས་_100_
[ཀྱེ་_100_],ཀྱེ་_100_,ཀྱེ་_100_,ཀྱེ་_100_,ཀྱེ་_100_,ཀྱེ་_100_,ཀྱེ་_100_,ཀྱེ་_100_,ཀྱེ་_100_
[བདག་_100_],བདག་_100_,བདག་_100_,བདག་_100_,བདག་_100_,བདག་_100_,བདག་_100_,བདག་_100_,བདག་_100_
[ལ་_100_],ལ་_100_,ལ་_100_,ལ་_100_,ལ་_100_,ལ་_100_,ལ་_100_,ལ་_100_,ལ་_100_
[སྐྱོབས_100_],སྐྱོབས_100_,སྐྱོབས_100_,སྐྱོབས_100_,སྐྱོབས_100_,སྐྱོབས_100_,སྐྱོབས_100_,སྐྱོབས_100_,སྐྱོབས_100_
[། །​_100_],། །​_100_,། །​_100_,། །​_100_,། །​_100_,། །​_100_,། །​_100_,། །​_100_,། །​_100_
[དེ་_100_],དེ་_100_,དེ་_100_,དེ་_100_,དེ་_100_,དེ་_100_,དེ་_100_,དེ་_100_,དེ་_100_
[ཡི་_100_],ཡི་_100_,ཡི་_100_,ཡི་_100_,ཡི་_100_,ཡི་_100_,ཡི་_100_,ཡི་_100_,ཡི་_100_
[གསོན་_100_],གསོན་_100_,གསོན་_100_,གསོན་_100_,གསོན་_100_,གསོན་_100_,གསོན་_100_,གསོན་_100_,གསོན་_100_
[པ་_100_],པ་_100_,པ་_100_,པ་_100_,པ་_100_,པ་_100_,པ་_100_,པ་_100_,པ་_100_
[འདི་_100_],འདི་_100_,འདི་_100_,འདི་_100_,འདི་_100_,འདི་_100_,འདི་_100_,འདི་_100_,འདི་_100_
[འདྲ་_100_],འདྲ་_100_,འདྲ་_100_,འདྲ་_100_,འདྲ་_100_,འདྲ་_100_,འདྲ་_100_,འདྲ་_100_,འདྲ་_100_
[བ_88_],བ_88_,བས_11_,བ_88_,བ_88_,བ_88_,བ_88_,བ_88_,བ_88_
[། །​_100_],། །​_100_,། །​_100_,། །​_100_,། །​_100_,། །​_100_,། །​_100_,། །​_100_,། །​_100_
[མཁའ་_100_],མཁའ་_100_,མཁའ་_100_,མཁའ་_100_,མཁའ་_100_,མཁའ་_100_,མཁའ་_100_,མཁའ་_100_,མཁའ་_100_
[ལ་_100_],ལ་_100_,ལ་_100_,ལ་_100_,ལ་_100_,ལ་_100_,ལ་_100_,ལ་_100_,ལ་_100_
[ཀ་_100_],ཀ་_100_,ཀ་_100_,ཀ་_100_,ཀ་_100_,ཀ་_100_,ཀ་_100_,ཀ་_100_,ཀ་_100_
[ཤིའི་_100_],ཤིའི་_100_,ཤིའི་_100_,ཤིའི་_100_,ཤིའི་_100_,ཤིའི་_100_,ཤིའི་_100_,ཤིའི་_100_,ཤིའི་_100_
[མེ་_100_],མེ་_100_,མེ་_100_,མེ་_100_,མེ་_100_,མེ་_100_,མེ་_100_,མེ་_100_,མེ་_100_
[ཏོག་_100_],ཏོག་_100_,ཏོག་_100_,ཏོག་_100_,ཏོག་_100_,ཏོག་_100_,ཏོག་_100_,ཏོག་_100_,ཏོག་_100_
[ནི_100_],ནི_100_,ནི_100_,ནི_100_,ནི_100_,ནི_100_,ནི_100_,ནི_100_,ནི_100_
[། །​_100_],། །​_100_,། །​_100_,། །​_100_,། །​_100_,། །​_100_,། །​_100_,། །​_100_,། །​_100_
[རླུང་_100_],རླུང་_100_,རླུང་_100_,རླུང་_100_,རླུང་_100_,རླུང་_100_,རླུང་_100_,རླུང་_100_,རླུང་_100_
[གིས་_100_],གིས་_100_,གིས་_100_,གིས་_100_,གིས་_100_,གིས་_100_,གིས་_100_,གིས་_100_,གིས་_100_
[བཏབ་_77_],བཏབ་_77_,བཏབ་_77_,བཏབ་_77_,བཏབ་_77_,བཏབ་_77_,བཏབ་_77_,བཏང་_22_,བཏང་_22_
[ནས་_100_],ནས་_100_,ནས་_100_,ནས་_100_,ནས་_100_,ནས་_100_,ནས་_100_,ནས་_100_,ནས་_100_
[འཕྱན་_100_],འཕྱན་_100_,འཕྱན་_100_,འཕྱན་_100_,འཕྱན་_100_,འཕྱན་_100_,འཕྱན་_100_,འཕྱན་_100_,འཕྱན་_100_
[པ་_100_],པ་_100_,པ་_100_,པ་_100_,པ་_100_,པ་_100_,པ་_100_,པ་_100_,པ་_100_
[བཞིན_100_],བཞིན_100_,བཞིན_100_,བཞིན_100_,བཞིན_100_,བཞིན_100_,བཞིན_100_,བཞིན_100_,བཞིན_100_
[། །​_100_],། །​_100_,། །​_100_,། །​_100_,། །​_100_,། །​_100_,། །​_100_,། །​_100_,། །​_100_
[དེ་_100_],དེ་_100_,དེ་_100_,དེ་_100_,དེ་_100_,དེ་_100_,དེ་_100_,དེ་_100_,དེ་_100_
[བཞིན་_100_],བཞིན་_100_,བཞིན་_100_,བཞིན་_100_,བཞིན་_100_,བཞིན་_100_,བཞིན་_100_,བཞིན་_100_,བཞིན་_100_
[གཤེགས་_100_],གཤེགས་_100_,གཤེགས་_100_,གཤེགས་_100_,གཤེགས་_100_,གཤེགས་_100_,གཤེགས་_100_,གཤེགས་_100_,གཤེགས་_100_
[ཀྱེ་_100_],ཀྱེ་_100_,ཀྱེ་_100_,ཀྱེ་_100_,ཀྱེ་_100_,ཀྱེ་_100_,ཀྱེ་_100_,ཀྱེ་_100_,ཀྱེ་_100_
[བདག་_100_],བདག་_100_,བདག་_100_,བདག་_100_,བདག་_100_,བདག་_100_,བདག་_100_,བདག་_100_,བདག་_100_
[ལ་_100_],ལ་_100_,ལ་_100_,ལ་_100_,ལ་_100_,ལ་_100_,ལ་_100_,ལ་_100_,ལ་_100_
[སྐྱོབས_100_],སྐྱོབས_100_,སྐྱོབས_100_,སྐྱོབས_100_,སྐྱོབས_100_,སྐྱོབས_100_,སྐྱོབས_100_,སྐྱོབས_100_,སྐྱོབས_100_
[། །​_100_],། །​_100_,། །​_100_,། །​_100_,། །​_100_,། །​_100_,། །​_100_,། །​_100_,། །​_100_
[འབྲོག་_100_],འབྲོག་_100_,འབྲོག་_100_,འབྲོག་_100_,འབྲོག་_100_,འབྲོག་_100_,འབྲོག་_100_,འབྲོག་_100_,འབྲོག་_100_
[དགོན་_100_],དགོན་_100_,དགོན་_100_,དགོན་_100_,དགོན་_100_,དགོན་_100_,དགོན་_100_,དགོན་_100_,དགོན་_100_
[དང་_100_],དང་_100_,དང་_100_,དང་_100_,དང་_100_,དང་_100_,དང་_100_,དང་_100_,དང་_100_
[ནི་_100_],ནི་_100_,ནི་_100_,ནི་_100_,ནི་_100_,ནི་_100_,ནི་_100_,ནི་_100_,ནི་_100_
[ཚེར་_100_],ཚེར་_100_,ཚེར་_100_,ཚེར་_100_,ཚེར་_100_,ཚེར་_100_,ཚེར་_100_,ཚེར་_100_,ཚེར་_100_
[མ་_100_],མ་_100_,མ་_100_,མ་_100_,མ་_100_,མ་_100_,མ་_100_,མ་_100_,མ་_100_
[ཡི_100_],ཡི_100_,ཡི_100_,ཡི_100_,ཡི_100_,ཡི_100_,ཡི_100_,ཡི_100_,ཡི_100_
[། །​_100_],། །​_100_,། །​_100_,། །​_100_,། །​_100_,། །​_100_,། །​_100_,། །​_100_,། །​_100_
[ལྗོན་_100_],ལྗོན་_100_,ལྗོན་_100_,ལྗོན་_100_,ལྗོན་_100_,ལྗོན་_100_,ལྗོན་_100_,ལྗོན་_100_,ལྗོན་_100_
[ཤིང་_100_],ཤིང་_100_,ཤིང་_100_,ཤིང་_100_,ཤིང་_100_,ཤིང་_100_,ཤིང་_100_,ཤིང་_100_,ཤིང་_100_
[མང་_100_],མང་_100_,མང་_100_,མང་_100_,མང་_100_,མང་_100_,མང་_100_,མང་_100_,མང་_100_
[པོ་_100_],པོ་_100_,པོ་_100_,པོ་_100_,པོ་_100_,པོ་_100_,པོ་_100_,པོ་_100_,པོ་_100_
[རྟེན་_100_],རྟེན་_100_,རྟེན་_100_,རྟེན་_100_,རྟེན་_100_,རྟེན་_100_,རྟེན་_100_,རྟེན་_100_,རྟེན་_100_
[མེད་_100_],མེད་_100_,མེད་_100_,མེད་_100_,མེད་_100_,མེད་_100_,མེད་_100_,མེད་_100_,མེད་_100_
[པ_100_],པ_100_,པ_100_,པ_100_,པ_100_,པ_100_,པ_100_,པ_100_,པ_100_
[། །​_100_],། །​_100_,། །​_100_,། །​_100_,། །​_100_,། །​_100_,། །​_100_,། །​_100_,། །​_100_
[དེ་_100_],དེ་_100_,དེ་_100_,དེ་_100_,དེ་_100_,དེ་_100_,དེ་_100_,དེ་_100_,དེ་_100_
[ན་_100_],ན་_100_,ན་_100_,ན་_100_,ན་_100_,ན་_100_,ན་_100_,ན་_100_,ན་_100_
[བདག་_100_],བདག་_100_,བདག་_100_,བདག་_100_,བདག་_100_,བདག་_100_,བདག་_100_,བདག་_100_,བདག་_100_
[གིས་_88_],གིས་_88_,གི་_11_,གིས་_88_,གིས་_88_,གིས་_88_,གིས་_88_,གིས་_88_,གིས་_88_
[ལམ་_100_],ལམ་_100_,ལམ་_100_,ལམ་_100_,ལམ་_100_,ལམ་_100_,ལམ་_100_,ལམ་_100_,ལམ་_100_
[མ་_100_],མ་_100_,མ་_100_,མ་_100_,མ་_100_,མ་_100_,མ་_100_,མ་_100_,མ་_100_
[མཐོང་_100_],མཐོང་_100_,མཐོང་_100_,མཐོང་_100_,མཐོང་_100_,མཐོང་_100_,མཐོང་_100_,མཐོང་_100_,མཐོང་_100_
[། །​_100_],། །​_100_,། །​_100_,། །​_100_,། །​_100_,། །​_100_,། །​_100_,། །​_100_,། །​_100_
[དེ་_100_],དེ་_100_,དེ་_100_,དེ་_100_,དེ་_100_,དེ་_100_,དེ་_100_,དེ་_100_,དེ་_100_
[བཞིན་_100_],བཞིན་_100_,བཞིན་_100_,བཞིན་_100_,བཞིན་_100_,བཞིན་_100_,བཞིན་_100_,བཞིན་_100_,བཞིན་_100_
[གཤེགས་_100_],གཤེགས་_100_,གཤེགས་_100_,གཤེགས་_100_,གཤེགས་_100_,གཤེགས་_100_,གཤེགས་_100_,གཤེགས་_100_,གཤེགས་_100_
[ཀྱེ་_100_],ཀྱེ་_100_,ཀྱེ་_100_,ཀྱེ་_100_,ཀྱེ་_100_,ཀྱེ་_100_,ཀྱེ་_100_,ཀྱེ་_100_,ཀྱེ་_100_
[བདག་_100_],བདག་_100_,བདག་_100_,བདག་_100_,བདག་_100_,བདག་_100_,བདག་_100_,བདག་_100_,བདག་_100_
[ལ་_100_],ལ་_100_,ལ་_100_,ལ་_100_,ལ་_100_,ལ་_100_,ལ་_100_,ལ་_100_,ལ་_100_
[སྐྱོབས_100_],སྐྱོབས_100_,སྐྱོབས_100_,སྐྱོབས_100_,སྐྱོབས_100_,སྐྱོབས_100_,སྐྱོབས_100_,སྐྱོབས_100_,སྐྱོབས_100_
[། །​_100_],། །​_100_,། །​_100_,། །​_100_,། །​_100_,། །​_100_,། །​_100_,། །​_100_,། །​_100_
[ཉེས་_100_],ཉེས་_100_,ཉེས་_100_,ཉེས་_100_,ཉེས་_100_,ཉེས་_100_,ཉེས་_100_,ཉེས་_100_,ཉེས་_100_
[པ་_100_],པ་_100_,པ་_100_,པ་_100_,པ་_100_,པ་_100_,པ་_100_,པ་_100_,པ་_100_
[མེད་_100_],མེད་_100_,མེད་_100_,མེད་_100_,མེད་_100_,མེད་_100_,མེད་_100_,མེད་_100_,མེད་_100_
[པར་_100_],པར་_100_,པར་_100_,པར་_100_,པར་_100_,པར་_100_,པར་_100_,པར་_100_,པར་_100_
[ཕྱུགས་_100_],ཕྱུགས་_100_,ཕྱུགས་_100_,ཕྱུགས་_100_,ཕྱུགས་_100_,ཕྱུགས་_100_,ཕྱུགས་_100_,ཕྱུགས་_100_,ཕྱུགས་_100_
[རྣམས་_100_],རྣམས་_100_,རྣམས་_100_,རྣམས་_100_,རྣམས་_100_,རྣམས་_100_,རྣམས་_100_,རྣམས་_100_,རྣམས་_100_
[དང་_100_],དང་_100_,དང་_100_,དང་_100_,དང་_100_,དང་_100_,དང་_100_,དང་_100_,དང་_100_
[། །​_77_],། །​_77_,། །​_77_,། །​{_11_,"། །​{རི་དགས་,_11_",། །​_77_,། །​_77_,། །​_77_,། །​_77_
[རི་_100_],རི་_100_,རི་_100_,རི་_100_,རི་_100_,རི་_100_,རི་_100_,རི་_100_,རི་_100_
[དགས་_44_],དགས་_44_,དགས་_44_,"དགས་,རི་དྭགས་}_11_",དྭགས་}_11_,དགས་_44_,དྭགས་_33_,དྭགས་_33_,དྭགས་_33_
[མང་_100_],མང་_100_,མང་_100_,མང་_100_,མང་_100_,མང་_100_,མང་_100_,མང་_100_,མང་_100_
[པོ་_100_],པོ་_100_,པོ་_100_,པོ་_100_,པོ་_100_,པོ་_100_,པོ་_100_,པོ་_100_,པོ་_100_
[མདས་_100_],མདས་_100_,མདས་_100_,མདས་_100_,མདས་_100_,མདས་_100_,མདས་_100_,མདས་_100_,མདས་_100_
[བསད་_100_],བསད་_100_,བསད་_100_,བསད་_100_,བསད་_100_,བསད་_100_,བསད་_100_,བསད་_100_,བསད་_100_
[པས_100_],པས_100_,པས_100_,པས_100_,པས_100_,པས_100_,པས_100_,པས_100_,པས_100_
[། །​_100_],། །​_100_,། །​_100_,། །​_100_,། །​_100_,། །​_100_,། །​_100_,། །​_100_,། །​_100_
[དེ་_100_],དེ་_100_,དེ་_100_,དེ་_100_,དེ་_100_,དེ་_100_,དེ་_100_,དེ་_100_,དེ་_100_
[ཚེ་_100_],ཚེ་_100_,ཚེ་_100_,ཚེ་_100_,ཚེ་_100_,ཚེ་_100_,ཚེ་_100_,ཚེ་_100_,ཚེ་_100_
[བདག་_100_],བདག་_100_,བདག་_100_,བདག་_100_,བདག་_100_,བདག་_100_,བདག་_100_,བདག་_100_,བདག་_100_
[ནི་_100_],ནི་_100_,ནི་_100_,ནི་_100_,ནི་_100_,ནི་_100_,ནི་_100_,ནི་_100_,ནི་_100_
[རྒྱལ་_100_],རྒྱལ་_100_,རྒྱལ་_100_,རྒྱལ་_100_,རྒྱལ་_100_,རྒྱལ་_100_,རྒྱལ་_100_,རྒྱལ་_100_,རྒྱལ་_100_
[པོར་_100_],པོར་_100_,པོར་_100_,པོར་_100_,པོར་_100_,པོར་_100_,པོར་_100_,པོར་_100_,པོར་_100_
[རློམ_100_],རློམ_100_,རློམ_100_,རློམ_100_,རློམ_100_,རློམ_100_,རློམ_100_,རློམ_100_,རློམ_100_
[། །​_100_],། །​_100_,། །​_100_,། །​_100_,། །​_100_,། །​_100_,། །​_100_,། །​_100_,། །​_100_
[དེ་_100_],དེ་_100_,དེ་_100_,དེ་_100_,དེ་_100_,དེ་_100_,དེ་_100_,དེ་_100_,དེ་_100_
[བཞིན་_100_],བཞིན་_100_,བཞིན་_100_,བཞིན་_100_,བཞིན་_100_,བཞིན་_100_,བཞིན་_100_,བཞིན་_100_,བཞིན་_100_
[གཤེགས་_100_],གཤེགས་_100_,གཤེགས་_100_,གཤེགས་_100_,གཤེགས་_100_,གཤེགས་_100_,གཤེགས་_100_,གཤེགས་_100_,གཤེགས་_100_
[ཀྱེ་_100_],ཀྱེ་_100_,ཀྱེ་_100_,ཀྱེ་_100_,ཀྱེ་_100_,ཀྱེ་_100_,ཀྱེ་_100_,ཀྱེ་_100_,ཀྱེ་_100_
[བདག་_100_],བདག་_100_,བདག་_100_,བདག་_100_,བདག་_100_,བདག་_100_,བདག་_100_,བདག་_100_,བདག་_100_
[ལ་_100_],ལ་_100_,ལ་_100_,ལ་_100_,ལ་_100_,ལ་_100_,ལ་_100_,ལ་_100_,ལ་_100_
[སྐྱོབས_100_],སྐྱོབས_100_,སྐྱོབས_100_,སྐྱོབས_100_,སྐྱོབས_100_,སྐྱོབས_100_,སྐྱོབས_100_,སྐྱོབས_100_,སྐྱོབས_100_
[། །​_100_],། །​_100_,། །​_100_,། །​_100_,། །​_100_,། །​_100_,། །​_100_,། །​_100_,། །​_100_
[སེམས་_100_],སེམས་_100_,སེམས་_100_,སེམས་_100_,སེམས་_100_,སེམས་_100_,སེམས་_100_,སེམས་_100_,སེམས་_100_
[ཅན་_100_],ཅན་_100_,ཅན་_100_,ཅན་_100_,ཅན་_100_,ཅན་_100_,ཅན་_100_,ཅན་_100_,ཅན་_100_
[དམྱལ་_100_],དམྱལ་_100_,དམྱལ་_100_,དམྱལ་_100_,དམྱལ་_100_,དམྱལ་_100_,དམྱལ་_100_,དམྱལ་_100_,དམྱལ་_100_
[བར་_100_],བར་_100_,བར་_100_,བར་_100_,བར་_100_,བར་_100_,བར་_100_,བར་_100_,བར་_100_
[འཚེད་_100_],འཚེད་_100_,འཚེད་_100_,འཚེད་_100_,འཚེད་_100_,འཚེད་_100_,འཚེད་_100_,འཚེད་_100_,འཚེད་_100_
[པ་_100_],པ་_100_,པ་_100_,པ་_100_,པ་_100_,པ་_100_,པ་_100_,པ་_100_,པ་_100_
[ན_100_],ན_100_,ན_100_,ན_100_,ན_100_,ན_100_,ན_100_,ན_100_,ན_100_
[། །​_100_],། །​_100_,། །​_100_,། །​_100_,། །​_100_,། །​_100_,། །​_100_,། །​_100_,། །​_100_
[སྐྱོབ་_100_],སྐྱོབ་_100_,སྐྱོབ་_100_,སྐྱོབ་_100_,སྐྱོབ་_100_,སྐྱོབ་_100_,སྐྱོབ་_100_,སྐྱོབ་_100_,སྐྱོབ་_100_
[པ་_100_],པ་_100_,པ་_100_,པ་_100_,པ་_100_,པ་_100_,པ་_100_,པ་_100_,པ་_100_
[འགའ་_100_],འགའ་_100_,འགའ་_100_,འགའ་_100_,འགའ་_100_,འགའ་_100_,འགའ་_100_,འགའ་_100_,འགའ་_100_
[ཡང་_100_],ཡང་_100_,ཡང་_100_,ཡང་_100_,ཡང་_100_,ཡང་_100_,ཡང་_100_,ཡང་_100_,ཡང་_100_
[ཡོད་_66_],ཡོད་_66_,ཡོད་_66_,ཡོད་_66_,ཡོད་_66_,ཡོད་_66_,ཡོང་_33_,ཡོང་_33_,ཡོང་_33_
[མ་_100_],མ་_100_,མ་_100_,མ་_100_,མ་_100_,མ་_100_,མ་_100_,མ་_100_,མ་_100_
[མཆིས_100_],མཆིས_100_,མཆིས_100_,མཆིས_100_,མཆིས_100_,མཆིས_100_,མཆིས_100_,མཆིས_100_,མཆིས_100_
[། །​_100_],། །​_100_,། །​_100_,། །​_100_,། །​_100_,། །​_100_,། །​_100_,། །​_100_,། །​_100_
[གང་_100_],གང་_100_,གང་_100_,གང་_100_,གང་_100_,གང་_100_,གང་_100_,གང་_100_,གང་_100_
[ལ་_100_],ལ་_100_,ལ་_100_,ལ་_100_,ལ་_100_,ལ་_100_,ལ་_100_,ལ་_100_,ལ་_100_
[སྐྱབས་_100_],སྐྱབས་_100_,སྐྱབས་_100_,སྐྱབས་_100_,སྐྱབས་_100_,སྐྱབས་_100_,སྐྱབས་_100_,སྐྱབས་_100_,སྐྱབས་_100_
[སུ་_100_],སུ་_100_,སུ་_100_,སུ་_100_,སུ་_100_,སུ་_100_,སུ་_100_,སུ་_100_,སུ་_100_
[མཆི་_100_],མཆི་_100_,མཆི་_100_,མཆི་_100_,མཆི་_100_,མཆི་_100_,མཆི་_100_,མཆི་_100_,མཆི་_100_
[བར་_100_],བར་_100_,བར་_100_,བར་_100_,བར་_100_,བར་_100_,བར་_100_,བར་_100_,བར་_100_
[བགྱི_100_],བགྱི_100_,བགྱི_100_,བགྱི_100_,བགྱི_100_,བགྱི_100_,བགྱི_100_,བགྱི_100_,བགྱི_100_
[། །​_100_],། །​_100_,། །​_100_,། །​_100_,། །​_100_,། །​_100_,། །​_100_,། །​_100_,། །​_100_
[བདག་_100_],བདག་_100_,བདག་_100_,བདག་_100_,བདག་_100_,བདག་_100_,བདག་_100_,བདག་_100_,བདག་_100_
[ལ་_100_],ལ་_100_,ལ་_100_,ལ་_100_,ལ་_100_,ལ་_100_,ལ་_100_,ལ་_100_,ལ་_100_
[སྐྱོབ་_100_],སྐྱོབ་_100_,སྐྱོབ་_100_,སྐྱོབ་_100_,སྐྱོབ་_100_,སྐྱོབ་_100_,སྐྱོབ་_100_,སྐྱོབ་_100_,སྐྱོབ་_100_
[པར་_100_],པར་_100_,པར་_100_,པར་_100_,པར་_100_,པར་_100_,པར་_100_,པར་_100_,པར་_100_
[སུ་_100_],སུ་_100_,སུ་_100_,སུ་_100_,སུ་_100_,སུ་_100_,སུ་_100_,སུ་_100_,སུ་_100_
[ཞིག་_100_],ཞིག་_100_,ཞིག་_100_,ཞིག་_100_,ཞིག་_100_,ཞིག་_100_,ཞིག་_100_,ཞིག་_100_,ཞིག་_100_
[འགྱུར_100_],འགྱུར_100_,འགྱུར_100_,འགྱུར_100_,འགྱུར_100_,འགྱུར_100_,འགྱུར_100_,འགྱུར_100_,འགྱུར_100_
[། །​_100_],། །​_100_,། །​_100_,། །​_100_,། །​_100_,། །​_100_,། །​_100_,། །​_100_,། །​_100_
[སྨན་_100_],སྨན་_100_,སྨན་_100_,སྨན་_100_,སྨན་_100_,སྨན་_100_,སྨན་_100_,སྨན་_100_,སྨན་_100_
[པ་_100_],པ་_100_,པ་_100_,པ་_100_,པ་_100_,པ་_100_,པ་_100_,པ་_100_,པ་_100_
[རྣམས་_100_],རྣམས་_100_,རྣམས་_100_,རྣམས་_100_,རྣམས་_100_,རྣམས་_100_,རྣམས་_100_,རྣམས་_100_,རྣམས་_100_
[ཀྱི་_100_],ཀྱི་_100_,ཀྱི་_100_,ཀྱི་_100_,ཀྱི་_100_,ཀྱི་_100_,ཀྱི་_100_,ཀྱི་_100_,ཀྱི་_100_
[སྨན་_100_],སྨན་_100_,སྨན་_100_,སྨན་_100_,སྨན་_100_,སྨན་_100_,སྨན་_100_,སྨན་_100_,སྨན་_100_
[པའི་_100_],པའི་_100_,པའི་_100_,པའི་_100_,པའི་_100_,པའི་_100_,པའི་_100_,པའི་_100_,པའི་_100_
[རྒྱལ_100_],རྒྱལ_100_,རྒྱལ_100_,རྒྱལ_100_,རྒྱལ_100_,རྒྱལ_100_,རྒྱལ_100_,རྒྱལ_100_,རྒྱལ_100_
[། །​_100_],། །​_100_,། །​_100_,། །​_100_,། །​_100_,། །​_100_,། །​_100_,། །​_100_,། །​_100_
[ནད་_100_],ནད་_100_,ནད་_100_,ནད་_100_,ནད་_100_,ནད་_100_,ནད་_100_,ནད་_100_,ནད་_100_
[རྣམས་_100_],རྣམས་_100_,རྣམས་_100_,རྣམས་_100_,རྣམས་_100_,རྣམས་_100_,རྣམས་_100_,རྣམས་_100_,རྣམས་_100_
[ཐམས་_100_],ཐམས་_100_,ཐམས་_100_,ཐམས་_100_,ཐམས་_100_,ཐམས་_100_,ཐམས་_100_,ཐམས་_100_,ཐམས་_100_
[ཅད་_100_],ཅད་_100_,ཅད་_100_,ཅད་_100_,ཅད་_100_,ཅད་_100_,ཅད་_100_,ཅད་_100_,ཅད་_100_
[གསོ་_100_],གསོ་_100_,གསོ་_100_,གསོ་_100_,གསོ་_100_,གསོ་_100_,གསོ་_100_,གསོ་_100_,གསོ་_100_
[མཛད་_100_],མཛད་_100_,མཛད་_100_,མཛད་_100_,མཛད་_100_,མཛད་_100_,མཛད་_100_,མཛད་_100_,མཛད་_100_
[པ_100_],པ_100_,པ_100_,པ_100_,པ_100_,པ_100_,པ_100_,པ_100_,པ_100_
[། །​_100_],། །​_100_,། །​_100_,། །​_100_,། །​_100_,། །​_100_,། །​_100_,། །​_100_,། །​_100_
[ཁམས་_100_],ཁམས་_100_,ཁམས་_100_,ཁམས་_100_,ཁམས་_100_,ཁམས་_100_,ཁམས་_100_,ཁམས་_100_,ཁམས་_100_
[གསུམ་_100_],གསུམ་_100_,གསུམ་_100_,གསུམ་_100_,གསུམ་_100_,གསུམ་_100_,གསུམ་_100_,གསུམ་_100_,གསུམ་_100_
[རྒྱུ་_100_],རྒྱུ་_100_,རྒྱུ་_100_,རྒྱུ་_100_,རྒྱུ་_100_,རྒྱུ་_100_,རྒྱུ་_100_,རྒྱུ་_100_,རྒྱུ་_100_
[དང་_100_],དང་_100_,དང་_100_,དང་_100_,དང་_100_,དང་_100_,དང་_100_,དང་_100_,དང་_100_
[མི་_100_],མི་_100_,མི་_100_,མི་_100_,མི་_100_,མི་_100_,མི་_100_,མི་_100_,མི་_100_
[རྒྱུ་_100_],རྒྱུ་_100_,རྒྱུ་_100_,རྒྱུ་_100_,རྒྱུ་_100_,རྒྱུ་_100_,རྒྱུ་_100_,རྒྱུ་_100_,རྒྱུ་_100_
[བ_100_],བ_100_,བ_100_,བ_100_,བ_100_,བ_100_,བ_100_,བ_100_,བ_100_
[། །​_100_],། །​_100_,། །​_100_,། །​_100_,། །​_100_,། །​_100_,། །​_100_,། །​_100_,། །​_100_
[སྐྱོབ་_100_],སྐྱོབ་_100_,སྐྱོབ་_100_,སྐྱོབ་_100_,སྐྱོབ་_100_,སྐྱོབ་_100_,སྐྱོབ་_100_,སྐྱོབ་_100_,སྐྱོབ་_100_
[བྱེད་_100_],བྱེད་_100_,བྱེད་_100_,བྱེད་_100_,བྱེད་_100_,བྱེད་_100_,བྱེད་_100_,བྱེད་_100_,བྱེད་_100_
[འཇིག་_100_],འཇིག་_100_,འཇིག་_100_,འཇིག་_100_,འཇིག་_100_,འཇིག་_100_,འཇིག་_100_,འཇིག་_100_,འཇིག་_100_
[རྟེན་_100_],རྟེན་_100_,རྟེན་_100_,རྟེན་_100_,རྟེན་_100_,རྟེན་_100_,རྟེན་_100_,རྟེན་_100_,རྟེན་_100_
[མགོན་_100_],མགོན་_100_,མགོན་_100_,མགོན་_100_,མགོན་_100_,མགོན་_100_,མགོན་_100_,མགོན་_100_,མགོན་_100_
[པོ་_100_],པོ་_100_,པོ་_100_,པོ་_100_,པོ་_100_,པོ་_100_,པོ་_100_,པོ་_100_,པོ་_100_
[ལགས། །​དམྱལ་བ་ནས་འདོན་པ་ཞེས་བྱ་བ་སློབ་དཔོན་ཆེན་པོ་ཀླུ་སྒྲུབ་ཀྱིས་མཛད་པ་རྫོགས། _22_],ལགས། །​དམྱལ་བ་ནས་འདོན་པ་ཞེས་བྱ་བ་སློབ་དཔོན་ཆེན་པོ་ཀླུ་སྒྲུབ་ཀྱིས་མཛད་པ་རྫོགས། _22_,ལ། །​དམྱལ་བ་ནས་འདོན་པ་ཞེས་བྱ་བ་སློབ་དཔོན་ཆེན་པོ་ཀླུ་སྒྲུབ་ཀྱིས་མཛད་པ་རྫོགས་པའོ། འདིས་ཀྱང་འགྲོ་བ་དུ་མ་ལ་ཕན་པ་རྒྱ་ཆེན་པོ་འབྱུང་བར་གྱུར་ཅིག །​དཔལ་ར་ས་ར་མོ་ཆེའི་གཙུག་ལག་ཁང་དུ་གྲོང་ཁྱེར་དཔེ་མེད་ཀྱི་པཎྜི་ཏ་ཏི་ལ་ཀ་དང་། བོད་ཀྱི་ལོ་ཙཱ་བ་ཆེན་པོ་ཤཱཀྱའི་དགེ་སློང་པ་ཚབ་ཉི་མ་གྲགས་ཀྱིས་བསྒྱུར་ཅིང་ཞུས་ཏེ་གཏན་ལ་ཕབ་པའོ།་_11_,ལགས། །​དམྱལ་བ་ནས་འདོན་པ་ཞེས་བྱ་བ་སློབ་དཔོན་ཆེན་པོ་ཀླུ་སྒྲུབ་ཀྱིས་མཛད་པ་རྫོགས་སོ། །​_22_,ལགས། །​དམྱལ་བ་ནས་འདོན་པ་ཞེས་བྱ་བ་སློབ་དཔོན་ཆེན་པོ་ཀླུ་སྒྲུབ་ཀྱིས་མཛད་པ་རྫོགས་སོ། །​_22_,ལགས། །​ དམྱལ་བ་ནས་འདོན་པ ་ཞེས་བྱ་བ་སློབ་དཔོན་ཆེན་པོ་ཀླུ་སྒྲུབ་ཀྱིས་མཛད་པ་རྫོགས་སོ།། །​།_11_,ལགས།_11_,ལགས། །​དམྱལ་བ་ནས་འདོན་པ་ཞེས་བྱ་བ་སློབ་དཔོན་ཆེན་པོ་ཀླུ་སྒྲུབ་ཀྱིས་མཛད་པ་རྫོགས་སོ།། །​།_22_,ལགས། །​དམྱལ་བ་ནས་འདོན་པ་ཞེས་བྱ་བ་སློབ་དཔོན་ཆེན་པོ་ཀླུ་སྒྲུབ་ཀྱིས་མཛད་པ་རྫོགས་སོ།། །​།_22_
