[_77_],_77_,_77_,_77_,_77_,། །​_11_,_77_,_77_,༄༅། །​ _11_
[རྡོ་_100_],རྡོ་_100_,རྡོ་_100_,རྡོ་_100_,རྡོ་_100_,རྡོ་_100_,རྡོ་_100_,རྡོ་_100_,རྡོ་_100_
[རྗེ་_100_],རྗེ་_100_,རྗེ་_100_,རྗེ་_100_,རྗེ་_100_,རྗེ་_100_,རྗེ་_100_,རྗེ་_100_,རྗེ་_100_
[འཛིན་_100_],འཛིན་_100_,འཛིན་_100_,འཛིན་_100_,འཛིན་_100_,འཛིན་_100_,འཛིན་_100_,འཛིན་_100_,འཛིན་_100_
[ལ་_100_],ལ་_100_,ལ་_100_,ལ་_100_,ལ་_100_,ལ་_100_,ལ་_100_,ལ་_100_,ལ་_100_
[ཕྱག་_100_],ཕྱག་_100_,ཕྱག་_100_,ཕྱག་_100_,ཕྱག་_100_,ཕྱག་_100_,ཕྱག་_100_,ཕྱག་_100_,ཕྱག་_100_
[འཚལ་_100_],འཚལ་_100_,འཚལ་_100_,འཚལ་_100_,འཚལ་_100_,འཚལ་_100_,འཚལ་_100_,འཚལ་_100_,འཚལ་_100_
[ལོ། །​_77_],ལོ། །​_77_,ལོ། །​_77_,ཏེ། །​_11_,ལོ། །​_77_,ལོ། །​_77_,ལོ། །​_77_,ལོ། །​_77_,ལོ །​ །​_11_
[ལག་_100_],ལག་_100_,ལག་_100_,ལག་_100_,ལག་_100_,ལག་_100_,ལག་_100_,ལག་_100_,ལག་_100_
[པ་_100_],པ་_100_,པ་_100_,པ་_100_,པ་_100_,པ་_100_,པ་_100_,པ་_100_,པ་_100_
[བརྡབས་_100_],བརྡབས་_100_,བརྡབས་_100_,བརྡབས་_100_,བརྡབས་_100_,བརྡབས་_100_,བརྡབས་_100_,བརྡབས་_100_,བརྡབས་_100_
[པའི་_100_],པའི་_100_,པའི་_100_,པའི་_100_,པའི་_100_,པའི་_100_,པའི་_100_,པའི་_100_,པའི་_100_
[སྒྲས་_100_],སྒྲས་_100_,སྒྲས་_100_,སྒྲས་_100_,སྒྲས་_100_,སྒྲས་_100_,སྒྲས་_100_,སྒྲས་_100_,སྒྲས་_100_
[འཇིག་_66_],འཇིག་_66_,འཇིགས་_22_,འཇིགས་_22_,འཇིག་_66_,འཇིག་_66_,འཐིག་_11_,འཇིག་_66_,འཇིག་_66_
[པའི_100_],པའི_100_,པའི_100_,པའི_100_,པའི_100_,པའི_100_,པའི_100_,པའི_100_,པའི_100_
[། །​_88_],། །​_88_,། །​_88_,། །​_88_,། །​_88_,། །​_88_,། །​_88_,། །​ _11_,། །​_88_
[རྡོ་_100_],རྡོ་_100_,རྡོ་_100_,རྡོ་_100_,རྡོ་_100_,རྡོ་_100_,རྡོ་_100_,རྡོ་_100_,རྡོ་_100_
[རྗེ་_100_],རྗེ་_100_,རྗེ་_100_,རྗེ་_100_,རྗེ་_100_,རྗེ་_100_,རྗེ་_100_,རྗེ་_100_,རྗེ་_100_
[བྱབ་_88_],བྱབ་_88_,བྱབ་_88_,བྱབ་_88_,བྱབ་_88_,བྱབ་_88_,བྱ་བ་_11_,བྱབ་_88_,བྱབ་_88_
[པའི་_100_],པའི་_100_,པའི་_100_,པའི་_100_,པའི་_100_,པའི་_100_,པའི་_100_,པའི་_100_,པའི་_100_
[ལས་_100_],ལས་_100_,ལས་_100_,ལས་_100_,ལས་_100_,ལས་_100_,ལས་_100_,ལས་_100_,ལས་_100_
[ཚོགས་_88_],ཚོགས་_88_,ཚོགས་_88_,ཚོགས་_88_,ཚོགས་_88_,ཚོགས་_88_,ཚོགས་_88_,ཚོགས ་_11_,ཚོགས་_88_
[ནི_100_],ནི_100_,ནི_100_,ནི_100_,ནི_100_,ནི_100_,ནི_100_,ནི_100_,ནི_100_
[། །​_100_],། །​_100_,། །​_100_,། །​_100_,། །​_100_,། །​_100_,། །​_100_,། །​_100_,། །​_100_
[རྡོ་_100_],རྡོ་_100_,རྡོ་_100_,རྡོ་_100_,རྡོ་_100_,རྡོ་_100_,རྡོ་_100_,རྡོ་_100_,རྡོ་_100_
[རྗེ་_100_],རྗེ་_100_,རྗེ་_100_,རྗེ་_100_,རྗེ་_100_,རྗེ་_100_,རྗེ་_100_,རྗེ་_100_,རྗེ་_100_
[འཛིན་_100_],འཛིན་_100_,འཛིན་_100_,འཛིན་_100_,འཛིན་_100_,འཛིན་_100_,འཛིན་_100_,འཛིན་_100_,འཛིན་_100_
[པར་_100_],པར་_100_,པར་_100_,པར་_100_,པར་_100_,པར་_100_,པར་_100_,པར་_100_,པར་_100_
[བསྒོམས་_88_],བསྒོམས་_88_,བསྒོམ་_11_,བསྒོམས་_88_,བསྒོམས་_88_,བསྒོམས་_88_,བསྒོམས་_88_,བསྒོམས་_88_,བསྒོམས་_88_
[ནས་_100_],ནས་_100_,ནས་_100_,ནས་_100_,ནས་_100_,ནས་_100_,ནས་_100_,ནས་_100_,ནས་_100_
[ཀྱང་_100_],ཀྱང་_100_,ཀྱང་_100_,ཀྱང་_100_,ཀྱང་_100_,ཀྱང་_100_,ཀྱང་_100_,ཀྱང་_100_,ཀྱང་_100_
[། །​_100_],། །​_100_,། །​_100_,། །​_100_,། །​_100_,། །​_100_,། །​_100_,། །​_100_,། །​_100_
[བསམ་_100_],བསམ་_100_,བསམ་_100_,བསམ་_100_,བསམ་_100_,བསམ་_100_,བསམ་_100_,བསམ་_100_,བསམ་_100_
[རྒྱུ་_77_],རྒྱུ་_77_,བརྒྱུད་_11_,རྒྱུད་_11_,རྒྱུ་_77_,རྒྱུ་_77_,རྒྱུ་_77_,རྒྱུ་_77_,རྒྱུ་_77_
[རང་_100_],རང་_100_,རང་_100_,རང་_100_,རང་_100_,རང་_100_,རང་_100_,རང་_100_,རང་_100_
[གི་_100_],གི་_100_,གི་_100_,གི་_100_,གི་_100_,གི་_100_,གི་_100_,གི་_100_,གི་_100_
[ལག་_100_],ལག་_100_,ལག་_100_,ལག་_100_,ལག་_100_,ལག་_100_,ལག་_100_,ལག་_100_,ལག་_100_
[མཐིལ་_100_],མཐིལ་_100_,མཐིལ་_100_,མཐིལ་_100_,མཐིལ་_100_,མཐིལ་_100_,མཐིལ་_100_,མཐིལ་_100_,མཐིལ་_100_
[ལ_100_],ལ_100_,ལ_100_,ལ_100_,ལ_100_,ལ_100_,ལ_100_,ལ_100_,ལ_100_
[། །​_100_],། །​_100_,། །​_100_,། །​_100_,། །​_100_,། །​_100_,། །​_100_,། །​_100_,། །​_100_
[ཨ་_100_],ཨ་_100_,ཨ་_100_,ཨ་_100_,ཨ་_100_,ཨ་_100_,ཨ་_100_,ཨ་_100_,ཨ་_100_
[དང་_100_],དང་_100_,དང་_100_,དང་_100_,དང་_100_,དང་_100_,དང་_100_,དང་_100_,དང་_100_
[མ་_100_],མ་_100_,མ་_100_,མ་_100_,མ་_100_,མ་_100_,མ་_100_,མ་_100_,མ་_100_
[ལས་_100_],ལས་_100_,ལས་_100_,ལས་_100_,ལས་_100_,ལས་_100_,ལས་_100_,ལས་_100_,ལས་_100_
[དཀྱིལ་འཁོར་བསྐྱེད། །​མ་_77_],དཀྱིལ་འཁོར་བསྐྱེད། །​མ་_77_,དཀྱིལ་འཁོར་བསྐྱེད། མཾ་_11_,དལ་བསྐྱེད་དེ། སཾ་_11_,དཀྱིལ་འཁོར་བསྐྱེད། །​མ་_77_,དཀྱིལ་འཁོར་བསྐྱེད། །​མ་_77_,དཀྱིལ་འཁོར་བསྐྱེད། །​མ་_77_,དཀྱིལ་འཁོར་བསྐྱེད། །​མ་_77_,དཀྱིལ་འཁོར་བསྐྱེད། །​མ་_77_
[ལས་_100_],ལས་_100_,ལས་_100_,ལས་_100_,ལས་_100_,ལས་_100_,ལས་_100_,ལས་_100_,ལས་_100_
[སྣ་_100_],སྣ་_100_,སྣ་_100_,སྣ་_100_,སྣ་_100_,སྣ་_100_,སྣ་_100_,སྣ་_100_,སྣ་_100_
[ཚོགས་_100_],ཚོགས་_100_,ཚོགས་_100_,ཚོགས་_100_,ཚོགས་_100_,ཚོགས་_100_,ཚོགས་_100_,ཚོགས་_100_,ཚོགས་_100_
[རྡོ་_100_],རྡོ་_100_,རྡོ་_100_,རྡོ་_100_,རྡོ་_100_,རྡོ་_100_,རྡོ་_100_,རྡོ་_100_,རྡོ་_100_
[རྗེར་_100_],རྗེར་_100_,རྗེར་_100_,རྗེར་_100_,རྗེར་_100_,རྗེར་_100_,རྗེར་_100_,རྗེར་_100_,རྗེར་_100_
[བསམ_100_],བསམ_100_,བསམ_100_,བསམ_100_,བསམ_100_,བསམ_100_,བསམ_100_,བསམ_100_,བསམ_100_
[། །​_100_],། །​_100_,། །​_100_,། །​_100_,། །​_100_,། །​_100_,། །​_100_,། །​_100_,། །​_100_
[མུ་_100_],མུ་_100_,མུ་_100_,མུ་_100_,མུ་_100_,མུ་_100_,མུ་_100_,མུ་_100_,མུ་_100_
[ཁྱུད་_100_],ཁྱུད་_100_,ཁྱུད་_100_,ཁྱུད་_100_,ཁྱུད་_100_,ཁྱུད་_100_,ཁྱུད་_100_,ཁྱུད་_100_,ཁྱུད་_100_
[རྡོ་_100_],རྡོ་_100_,རྡོ་_100_,རྡོ་_100_,རྡོ་_100_,རྡོ་_100_,རྡོ་_100_,རྡོ་_100_,རྡོ་_100_
[རྗེའི་_100_],རྗེའི་_100_,རྗེའི་_100_,རྗེའི་_100_,རྗེའི་_100_,རྗེའི་_100_,རྗེའི་_100_,རྗེའི་_100_,རྗེའི་_100_
[བུམ་_100_],བུམ་_100_,བུམ་_100_,བུམ་_100_,བུམ་_100_,བུམ་_100_,བུམ་_100_,བུམ་_100_,བུམ་_100_
[དཀྱིལ་_100_],དཀྱིལ་_100_,དཀྱིལ་_100_,དཀྱིལ་_100_,དཀྱིལ་_100_,དཀྱིལ་_100_,དཀྱིལ་_100_,དཀྱིལ་_100_,དཀྱིལ་_100_
[ལ_100_],ལ_100_,ལ_100_,ལ_100_,ལ_100_,ལ_100_,ལ_100_,ལ_100_,ལ_100_
[། །​_100_],། །​_100_,། །​_100_,། །​_100_,། །​_100_,། །​_100_,། །​_100_,། །​_100_,། །​_100_
[ཐུན་_100_],ཐུན་_100_,ཐུན་_100_,ཐུན་_100_,ཐུན་_100_,ཐུན་_100_,ཐུན་_100_,ཐུན་_100_,ཐུན་_100_
[མོང་_100_],མོང་_100_,མོང་_100_,མོང་_100_,མོང་_100_,མོང་_100_,མོང་_100_,མོང་_100_,མོང་_100_
[ཁྱད་_100_],ཁྱད་_100_,ཁྱད་_100_,ཁྱད་_100_,ཁྱད་_100_,ཁྱད་_100_,ཁྱད་_100_,ཁྱད་_100_,ཁྱད་_100_
[པར་_100_],པར་_100_,པར་_100_,པར་_100_,པར་_100_,པར་_100_,པར་_100_,པར་_100_,པར་_100_
[གསང་_100_],གསང་_100_,གསང་_100_,གསང་_100_,གསང་_100_,གསང་_100_,གསང་_100_,གསང་_100_,གསང་_100_
[སྔགས་_100_],སྔགས་_100_,སྔགས་_100_,སྔགས་_100_,སྔགས་_100_,སྔགས་_100_,སྔགས་_100_,སྔགས་_100_,སྔགས་_100_
[བསམ_100_],བསམ_100_,བསམ_100_,བསམ_100_,བསམ_100_,བསམ_100_,བསམ_100_,བསམ_100_,བསམ_100_
[། །​_100_],། །​_100_,། །​_100_,། །​_100_,། །​_100_,། །​_100_,། །​_100_,། །​_100_,། །​_100_
[སོར་_100_],སོར་_100_,སོར་_100_,སོར་_100_,སོར་_100_,སོར་_100_,སོར་_100_,སོར་_100_,སོར་_100_
[མོ་_100_],མོ་_100_,མོ་_100_,མོ་_100_,མོ་_100_,མོ་_100_,མོ་_100_,མོ་_100_,མོ་_100_
[ཧཱུཾ་_88_],ཧཱུཾ་_88_,ཧཱུཾ་_88_,ཧཱུཾ་_88_,ཧཱུཾ་_88_,ཧཱུཾ་_88_,ཧཱུཾ་_88_,ཧཱུཾ་_88_,ཧཱུྃ་_11_
[ལས་_100_],ལས་_100_,ལས་_100_,ལས་_100_,ལས་_100_,ལས་_100_,ལས་_100_,ལས་_100_,ལས་_100_
[བདེ་_100_],བདེ་_100_,བདེ་_100_,བདེ་_100_,བདེ་_100_,བདེ་_100_,བདེ་_100_,བདེ་_100_,བདེ་_100_
[གཤེགས་_100_],གཤེགས་_100_,གཤེགས་_100_,གཤེགས་_100_,གཤེགས་_100_,གཤེགས་_100_,གཤེགས་_100_,གཤེགས་_100_,གཤེགས་_100_
[སྐུ_100_],སྐུ_100_,སྐུ_100_,སྐུ_100_,སྐུ_100_,སྐུ_100_,སྐུ_100_,སྐུ_100_,སྐུ_100_
[། །​_100_],། །​_100_,། །​_100_,། །​_100_,། །​_100_,། །​_100_,། །​_100_,། །​_100_,། །​_100_
[མཚན་_100_],མཚན་_100_,མཚན་_100_,མཚན་_100_,མཚན་_100_,མཚན་_100_,མཚན་_100_,མཚན་_100_,མཚན་_100_
[རྣམས་_100_],རྣམས་_100_,རྣམས་_100_,རྣམས་_100_,རྣམས་_100_,རྣམས་_100_,རྣམས་_100_,རྣམས་_100_,རྣམས་_100_
[དག་_100_],དག་_100_,དག་_100_,དག་_100_,དག་_100_,དག་_100_,དག་_100_,དག་_100_,དག་_100_
[དང་_100_],དང་_100_,དང་_100_,དང་_100_,དང་_100_,དང་_100_,དང་_100_,དང་_100_,དང་_100_
[ཡང་_100_],ཡང་_100_,ཡང་_100_,ཡང་_100_,ཡང་_100_,ཡང་_100_,ཡང་_100_,ཡང་_100_,ཡང་_100_
[དག་_100_],དག་_100_,དག་_100_,དག་_100_,དག་_100_,དག་_100_,དག་_100_,དག་_100_,དག་_100_
[ལྡན_100_],ལྡན_100_,ལྡན_100_,ལྡན_100_,ལྡན_100_,ལྡན_100_,ལྡན_100_,ལྡན_100_,ལྡན_100_
[། །​_100_],། །​_100_,། །​_100_,། །​_100_,། །​_100_,། །​_100_,། །​_100_,། །​_100_,། །​_100_
[དཔེ་_100_],དཔེ་_100_,དཔེ་_100_,དཔེ་_100_,དཔེ་_100_,དཔེ་_100_,དཔེ་_100_,དཔེ་_100_,དཔེ་_100_
[བྱད་_77_],བྱད་_77_,བྱས་_11_,བྱད་_77_,བྱད་_77_,བྱད་_77_,བྱད་_77_,བྱད་_77_,བྱད་” _11_
[བཟང་_100_],བཟང་_100_,བཟང་_100_,བཟང་_100_,བཟང་_100_,བཟང་_100_,བཟང་_100_,བཟང་_100_,བཟང་_100_
[པོ་_100_],པོ་_100_,པོ་_100_,པོ་_100_,པོ་_100_,པོ་_100_,པོ་_100_,པོ་_100_,པོ་_100_
[བརྒྱད་_100_],བརྒྱད་_100_,བརྒྱད་_100_,བརྒྱད་_100_,བརྒྱད་_100_,བརྒྱད་_100_,བརྒྱད་_100_,བརྒྱད་_100_,བརྒྱད་_100_
[ཅུས་_100_],ཅུས་_100_,ཅུས་_100_,ཅུས་_100_,ཅུས་_100_,ཅུས་_100_,ཅུས་_100_,ཅུས་_100_,ཅུས་_100_
[སྤྲས_100_],སྤྲས_100_,སྤྲས_100_,སྤྲས_100_,སྤྲས_100_,སྤྲས_100_,སྤྲས_100_,སྤྲས_100_,སྤྲས_100_
[། །​_100_],། །​_100_,། །​_100_,། །​_100_,། །​_100_,། །​_100_,། །​_100_,། །​_100_,། །​_100_
[མེ་_100_],མེ་_100_,མེ་_100_,མེ་_100_,མེ་_100_,མེ་_100_,མེ་_100_,མེ་_100_,མེ་_100_
[ཡི་_100_],ཡི་_100_,ཡི་_100_,ཡི་_100_,ཡི་_100_,ཡི་_100_,ཡི་_100_,ཡི་_100_,ཡི་_100_
[མཁའ་_100_],མཁའ་_100_,མཁའ་_100_,མཁའ་_100_,མཁའ་_100_,མཁའ་_100_,མཁའ་_100_,མཁའ་_100_,མཁའ་_100_
[ལ་_100_],ལ་_100_,ལ་_100_,ལ་_100_,ལ་_100_,ལ་_100_,ལ་_100_,ལ་_100_,ལ་_100_
[རྣམ་_100_],རྣམ་_100_,རྣམ་_100_,རྣམ་_100_,རྣམ་_100_,རྣམ་_100_,རྣམ་_100_,རྣམ་_100_,རྣམ་_100_
[པར་_100_],པར་_100_,པར་_100_,པར་_100_,པར་_100_,པར་_100_,པར་_100_,པར་_100_,པར་_100_
[བཞུགས_100_],བཞུགས_100_,བཞུགས_100_,བཞུགས_100_,བཞུགས_100_,བཞུགས_100_,བཞུགས_100_,བཞུགས_100_,བཞུགས_100_
[། །​_100_],། །​_100_,། །​_100_,། །​_100_,། །​_100_,། །​_100_,། །​_100_,། །​_100_,། །​_100_
[མེ་_100_],མེ་_100_,མེ་_100_,མེ་_100_,མེ་_100_,མེ་_100_,མེ་_100_,མེ་_100_,མེ་_100_
[དཔུང་_100_],དཔུང་_100_,དཔུང་_100_,དཔུང་_100_,དཔུང་_100_,དཔུང་_100_,དཔུང་_100_,དཔུང་_100_,དཔུང་_100_
[ཆེན་_100_],ཆེན་_100_,ཆེན་_100_,ཆེན་_100_,ཆེན་_100_,ཆེན་_100_,ཆེན་_100_,ཆེན་_100_,ཆེན་_100_
[པོའི་_100_],པོའི་_100_,པོའི་_100_,པོའི་_100_,པོའི་_100_,པོའི་_100_,པོའི་_100_,པོའི་_100_,པོའི་_100_
[ཏིང་_100_],ཏིང་_100_,ཏིང་_100_,ཏིང་_100_,ཏིང་_100_,ཏིང་_100_,ཏིང་_100_,ཏིང་_100_,ཏིང་_100_
[འཛིན་_100_],འཛིན་_100_,འཛིན་_100_,འཛིན་_100_,འཛིན་_100_,འཛིན་_100_,འཛིན་_100_,འཛིན་_100_,འཛིན་_100_
[གྱིས_100_],གྱིས_100_,གྱིས_100_,གྱིས_100_,གྱིས_100_,གྱིས_100_,གྱིས_100_,གྱིས_100_,གྱིས_100_
[། །​_100_],། །​_100_,། །​_100_,། །​_100_,། །​_100_,། །​_100_,། །​_100_,། །​_100_,། །​_100_
[ནད་_100_],ནད་_100_,ནད་_100_,ནད་_100_,ནད་_100_,ནད་_100_,ནད་_100_,ནད་_100_,ནད་_100_
[དང་_100_],དང་_100_,དང་_100_,དང་_100_,དང་_100_,དང་_100_,དང་_100_,དང་_100_,དང་_100_
[གདོན་_100_],གདོན་_100_,གདོན་_100_,གདོན་_100_,གདོན་_100_,གདོན་_100_,གདོན་_100_,གདོན་_100_,གདོན་_100_
[དང་_100_],དང་_100_,དང་_100_,དང་_100_,དང་_100_,དང་_100_,དང་_100_,དང་_100_,དང་_100_
[དུག་_100_],དུག་_100_,དུག་_100_,དུག་_100_,དུག་_100_,དུག་_100_,དུག་_100_,དུག་_100_,དུག་_100_
[སོགས་_100_],སོགས་_100_,སོགས་_100_,སོགས་_100_,སོགས་_100_,སོགས་_100_,སོགས་_100_,སོགས་_100_,སོགས་_100_
[ལ_100_],ལ_100_,ལ_100_,ལ_100_,ལ_100_,ལ_100_,ལ_100_,ལ_100_,ལ_100_
[། །​_100_],། །​_100_,། །​_100_,། །​_100_,། །​_100_,། །​_100_,། །​_100_,། །​_100_,། །​_100_
[ལྕགས་_100_],ལྕགས་_100_,ལྕགས་_100_,ལྕགས་_100_,ལྕགས་_100_,ལྕགས་_100_,ལྕགས་_100_,ལྕགས་_100_,ལྕགས་_100_
[ཀྱུའི་_100_],ཀྱུའི་_100_,ཀྱུའི་_100_,ཀྱུའི་_100_,ཀྱུའི་_100_,ཀྱུའི་_100_,ཀྱུའི་_100_,ཀྱུའི་_100_,ཀྱུའི་_100_
[ཏིང་_100_],ཏིང་_100_,ཏིང་_100_,ཏིང་_100_,ཏིང་_100_,ཏིང་_100_,ཏིང་_100_,ཏིང་_100_,ཏིང་_100_
[འཛིན་_100_],འཛིན་_100_,འཛིན་_100_,འཛིན་_100_,འཛིན་_100_,འཛིན་_100_,འཛིན་_100_,འཛིན་_100_,འཛིན་_100_
[སྦྱོར་_100_],སྦྱོར་_100_,སྦྱོར་_100_,སྦྱོར་_100_,སྦྱོར་_100_,སྦྱོར་_100_,སྦྱོར་_100_,སྦྱོར་_100_,སྦྱོར་_100_
[བ་_100_],བ་_100_,བ་_100_,བ་_100_,བ་_100_,བ་_100_,བ་_100_,བ་_100_,བ་_100_
[ཡིས_100_],ཡིས_100_,ཡིས_100_,ཡིས_100_,ཡིས_100_,ཡིས_100_,ཡིས_100_,ཡིས_100_,ཡིས_100_
[། །​_100_],། །​_100_,། །​_100_,། །​_100_,། །​_100_,། །​_100_,། །​_100_,། །​_100_,། །​_100_
[དབྱུང་_100_],དབྱུང་_100_,དབྱུང་_100_,དབྱུང་_100_,དབྱུང་_100_,དབྱུང་_100_,དབྱུང་_100_,དབྱུང་_100_,དབྱུང་_100_
[བའི་_100_],བའི་_100_,བའི་_100_,བའི་_100_,བའི་_100_,བའི་_100_,བའི་_100_,བའི་_100_,བའི་_100_
[ཚུལ་_100_],ཚུལ་_100_,ཚུལ་_100_,ཚུལ་_100_,ཚུལ་_100_,ཚུལ་_100_,ཚུལ་_100_,ཚུལ་_100_,ཚུལ་_100_
[དུ་_100_],དུ་_100_,དུ་_100_,དུ་_100_,དུ་_100_,དུ་_100_,དུ་_100_,དུ་_100_,དུ་_100_
[ཕྱུང་_100_],ཕྱུང་_100_,ཕྱུང་_100_,ཕྱུང་_100_,ཕྱུང་_100_,ཕྱུང་_100_,ཕྱུང་_100_,ཕྱུང་_100_,ཕྱུང་_100_
[ནས་_100_],ནས་_100_,ནས་_100_,ནས་_100_,ནས་_100_,ནས་_100_,ནས་_100_,ནས་_100_,ནས་_100_
[ཀྱང་_100_],ཀྱང་_100_,ཀྱང་_100_,ཀྱང་_100_,ཀྱང་_100_,ཀྱང་_100_,ཀྱང་_100_,ཀྱང་_100_,ཀྱང་_100_
[། །​_100_],། །​_100_,། །​_100_,། །​_100_,། །​_100_,། །​_100_,། །​_100_,། །​_100_,། །​_100_
[ཞི་_100_],ཞི་_100_,ཞི་_100_,ཞི་_100_,ཞི་_100_,ཞི་_100_,ཞི་_100_,ཞི་_100_,ཞི་_100_
[བའི་_100_],བའི་_100_,བའི་_100_,བའི་_100_,བའི་_100_,བའི་_100_,བའི་_100_,བའི་_100_,བའི་_100_
[གཟུགས་_100_],གཟུགས་_100_,གཟུགས་_100_,གཟུགས་_100_,གཟུགས་_100_,གཟུགས་_100_,གཟུགས་_100_,གཟུགས་_100_,གཟུགས་_100_
[བརྙན་_100_],བརྙན་_100_,བརྙན་_100_,བརྙན་_100_,བརྙན་_100_,བརྙན་_100_,བརྙན་_100_,བརྙན་_100_,བརྙན་_100_
[དག་_100_],དག་_100_,དག་_100_,དག་_100_,དག་_100_,དག་_100_,དག་_100_,དག་_100_,དག་_100_
[ལ་_100_],ལ་_100_,ལ་_100_,ལ་_100_,ལ་_100_,ལ་_100_,ལ་_100_,ལ་_100_,ལ་_100_
[བསྟིམ_100_],བསྟིམ_100_,བསྟིམ_100_,བསྟིམ_100_,བསྟིམ_100_,བསྟིམ_100_,བསྟིམ_100_,བསྟིམ_100_,བསྟིམ_100_
[། །​_100_],། །​_100_,། །​_100_,། །​_100_,། །​_100_,། །​_100_,། །​_100_,། །​_100_,། །​_100_
[དཀར་_100_],དཀར་_100_,དཀར་_100_,དཀར་_100_,དཀར་_100_,དཀར་_100_,དཀར་_100_,དཀར་_100_,དཀར་_100_
[གསུམ་_100_],གསུམ་_100_,གསུམ་_100_,གསུམ་_100_,གསུམ་_100_,གསུམ་_100_,གསུམ་_100_,གསུམ་_100_,གསུམ་_100_
[ཀླུ་_100_],ཀླུ་_100_,ཀླུ་_100_,ཀླུ་_100_,ཀླུ་_100_,ཀླུ་_100_,ཀླུ་_100_,ཀླུ་_100_,ཀླུ་_100_
[སྨན་_100_],སྨན་_100_,སྨན་_100_,སྨན་_100_,སྨན་_100_,སྨན་_100_,སྨན་_100_,སྨན་_100_,སྨན་_100_
[དག་_100_],དག་_100_,དག་_100_,དག་_100_,དག་_100_,དག་_100_,དག་_100_,དག་_100_,དག་_100_
[དང་_100_],དང་_100_,དང་_100_,དང་_100_,དང་_100_,དང་_100_,དང་_100_,དང་_100_,དང་_100_
[བཅས_100_],བཅས_100_,བཅས_100_,བཅས_100_,བཅས_100_,བཅས_100_,བཅས_100_,བཅས_100_,བཅས_100_
[། །​_100_],། །​_100_,། །​_100_,། །​_100_,། །​_100_,། །​_100_,། །​_100_,། །​_100_,། །​_100_
[གང་_100_],གང་_100_,གང་_100_,གང་_100_,གང་_100_,གང་_100_,གང་_100_,གང་_100_,གང་_100_
[གནོད་_100_],གནོད་_100_,གནོད་_100_,གནོད་_100_,གནོད་_100_,གནོད་_100_,གནོད་_100_,གནོད་_100_,གནོད་_100_
[ཕྱོགས་_100_],ཕྱོགས་_100_,ཕྱོགས་_100_,ཕྱོགས་_100_,ཕྱོགས་_100_,ཕྱོགས་_100_,ཕྱོགས་_100_,ཕྱོགས་_100_,ཕྱོགས་_100_
[སུ་_100_],སུ་_100_,སུ་_100_,སུ་_100_,སུ་_100_,སུ་_100_,སུ་_100_,སུ་_100_,སུ་_100_
[བསྐྱལ་_100_],བསྐྱལ་_100_,བསྐྱལ་_100_,བསྐྱལ་_100_,བསྐྱལ་_100_,བསྐྱལ་_100_,བསྐྱལ་_100_,བསྐྱལ་_100_,བསྐྱལ་_100_
[བར་_100_],བར་_100_,བར་_100_,བར་_100_,བར་_100_,བར་_100_,བར་_100_,བར་_100_,བར་_100_
[བྱ_100_],བྱ_100_,བྱ_100_,བྱ_100_,བྱ_100_,བྱ_100_,བྱ_100_,བྱ_100_,བྱ_100_
[། །​_100_],། །​_100_,། །​_100_,། །​_100_,། །​_100_,། །​_100_,། །​_100_,། །​_100_,། །​_100_
[མངོན་_77_],མངོན་_77_,མངོན་_77_,སྔོན་_11_,མངོན་_77_,མངོན་_77_,མངོན་_77_,མངོན་_77_,མངོན་ _11_
[སྤྱོད་_100_],སྤྱོད་_100_,སྤྱོད་_100_,སྤྱོད་_100_,སྤྱོད་_100_,སྤྱོད་_100_,སྤྱོད་_100_,སྤྱོད་_100_,སྤྱོད་_100_
[དྲག་_100_],དྲག་_100_,དྲག་_100_,དྲག་_100_,དྲག་_100_,དྲག་_100_,དྲག་_100_,དྲག་_100_,དྲག་_100_
[པོའི་_100_],པོའི་_100_,པོའི་_100_,པོའི་_100_,པོའི་_100_,པོའི་_100_,པོའི་_100_,པོའི་_100_,པོའི་_100_
[ཕྲིན་_100_],ཕྲིན་_100_,ཕྲིན་_100_,ཕྲིན་_100_,ཕྲིན་_100_,ཕྲིན་_100_,ཕྲིན་_100_,ཕྲིན་_100_,ཕྲིན་_100_
[ལས་_100_],ལས་_100_,ལས་_100_,ལས་_100_,ལས་_100_,ལས་_100_,ལས་_100_,ལས་_100_,ལས་_100_
[ནི_100_],ནི_100_,ནི_100_,ནི_100_,ནི_100_,ནི_100_,ནི_100_,ནི_100_,ནི_100_
[། །​_100_],། །​_100_,། །​_100_,། །​_100_,། །​_100_,། །​_100_,། །​_100_,། །​_100_,། །​_100_
[རྫུས་སྐྱེས་_77_],རྫུས་སྐྱེས་_77_,རྫུས་སྐྱེས་_77_,བརྫུས་སྐྱེས་_11_,རྫུས་སྐྱེས་_77_,རྫུས་སྐྱེས་_77_,རྫུས་སྐྱེས་_77_,རྫུས་སྐྱེས་_77_,རྫུས་” སྐྱེས་རྡོ་རྗེ་བྱབ་པའི་ལས་ཚོགས།_11_
[ཚུལ་_100_],ཚུལ་_100_,ཚུལ་_100_,ཚུལ་_100_,ཚུལ་_100_,ཚུལ་_100_,ཚུལ་_100_,ཚུལ་_100_,ཚུལ་_100_
[དུ་_100_],དུ་_100_,དུ་_100_,དུ་_100_,དུ་_100_,དུ་_100_,དུ་_100_,དུ་_100_,དུ་_100_
[བསྐྱེད་_100_],བསྐྱེད་_100_,བསྐྱེད་_100_,བསྐྱེད་_100_,བསྐྱེད་_100_,བསྐྱེད་_100_,བསྐྱེད་_100_,བསྐྱེད་_100_,བསྐྱེད་_100_
[བྱས་_100_],བྱས་_100_,བྱས་_100_,བྱས་_100_,བྱས་_100_,བྱས་_100_,བྱས་_100_,བྱས་_100_,བྱས་_100_
[ལ_100_],ལ_100_,ལ_100_,ལ_100_,ལ_100_,ལ_100_,ལ_100_,ལ_100_,ལ_100_
[། །​_88_],། །​_88_,། །​_88_,། །​_88_,། །​_88_,། །​_88_,། །​_88_,། །​_88_,། །​ །​_11_
[གང་_100_],གང་_100_,གང་_100_,གང་_100_,གང་_100_,གང་_100_,གང་_100_,གང་_100_,གང་_100_
[དམིགས་_100_],དམིགས་_100_,དམིགས་_100_,དམིགས་_100_,དམིགས་_100_,དམིགས་_100_,དམིགས་_100_,དམིགས་_100_,དམིགས་_100_
[གཟུགས་_100_],གཟུགས་_100_,གཟུགས་_100_,གཟུགས་_100_,གཟུགས་_100_,གཟུགས་_100_,གཟུགས་_100_,གཟུགས་_100_,གཟུགས་_100_
[དང་_100_],དང་_100_,དང་_100_,དང་_100_,དང་_100_,དང་_100_,དང་_100_,དང་_100_,དང་_100_
[རྟེན་_100_],རྟེན་_100_,རྟེན་_100_,རྟེན་_100_,རྟེན་_100_,རྟེན་_100_,རྟེན་_100_,རྟེན་_100_,རྟེན་_100_
[དུ་_100_],དུ་_100_,དུ་_100_,དུ་_100_,དུ་_100_,དུ་_100_,དུ་_100_,དུ་_100_,དུ་_100_
[བཅས_100_],བཅས_100_,བཅས_100_,བཅས_100_,བཅས_100_,བཅས_100_,བཅས_100_,བཅས_100_,བཅས_100_
[། །​_100_],། །​_100_,། །​_100_,། །​_100_,། །​_100_,། །​_100_,། །​_100_,། །​_100_,། །​_100_
[ཕྱུང་_100_],ཕྱུང་_100_,ཕྱུང་_100_,ཕྱུང་_100_,ཕྱུང་_100_,ཕྱུང་_100_,ཕྱུང་_100_,ཕྱུང་_100_,ཕྱུང་_100_
[སྟེ་_100_],སྟེ་_100_,སྟེ་_100_,སྟེ་_100_,སྟེ་_100_,སྟེ་_100_,སྟེ་_100_,སྟེ་_100_,སྟེ་_100_
[ཁྱད་_100_],ཁྱད་_100_,ཁྱད་_100_,ཁྱད་_100_,ཁྱད་_100_,ཁྱད་_100_,ཁྱད་_100_,ཁྱད་_100_,ཁྱད་_100_
[པར་_100_],པར་_100_,པར་_100_,པར་_100_,པར་_100_,པར་_100_,པར་_100_,པར་_100_,པར་_100_
[གསང་_100_],གསང་_100_,གསང་_100_,གསང་_100_,གསང་_100_,གསང་_100_,གསང་_100_,གསང་_100_,གསང་_100_
[སྔགས་_100_],སྔགས་_100_,སྔགས་_100_,སྔགས་_100_,སྔགས་_100_,སྔགས་_100_,སྔགས་_100_,སྔགས་_100_,སྔགས་_100_
[བཟླས_100_],བཟླས_100_,བཟླས_100_,བཟླས_100_,བཟླས_100_,བཟླས_100_,བཟླས_100_,བཟླས_100_,བཟླས_100_
[། །​_88_],། །​_88_,། །​_88_,། །​_88_,། །​_88_,། །​_88_,། །​_88_,། །​_88_,། ༥ །​_11_
[བསྲེག་_100_],བསྲེག་_100_,བསྲེག་_100_,བསྲེག་_100_,བསྲེག་_100_,བསྲེག་_100_,བསྲེག་_100_,བསྲེག་_100_,བསྲེག་_100_
[དང་_100_],དང་_100_,དང་_100_,དང་_100_,དང་_100_,དང་_100_,དང་_100_,དང་_100_,དང་_100_
[སྦྱང་_100_],སྦྱང་_100_,སྦྱང་_100_,སྦྱང་_100_,སྦྱང་_100_,སྦྱང་_100_,སྦྱང་_100_,སྦྱང་_100_,སྦྱང་_100_
[དང་_100_],དང་_100_,དང་_100_,དང་_100_,དང་_100_,དང་_100_,དང་_100_,དང་_100_,དང་_100_
[བརྡུང་_100_],བརྡུང་_100_,བརྡུང་_100_,བརྡུང་_100_,བརྡུང་_100_,བརྡུང་_100_,བརྡུང་_100_,བརྡུང་_100_,བརྡུང་_100_
[བྱས་_100_],བྱས་_100_,བྱས་_100_,བྱས་_100_,བྱས་_100_,བྱས་_100_,བྱས་_100_,བྱས་_100_,བྱས་_100_
[ལ_100_],ལ_100_,ལ_100_,ལ_100_,ལ_100_,ལ_100_,ལ_100_,ལ_100_,ལ_100_
[། །​_100_],། །​_100_,། །​_100_,། །​_100_,། །​_100_,། །​_100_,། །​_100_,། །​_100_,། །​_100_
[ལག་_100_],ལག་_100_,ལག་_100_,ལག་_100_,ལག་_100_,ལག་_100_,ལག་_100_,ལག་_100_,ལག་_100_
[པ་_100_],པ་_100_,པ་_100_,པ་_100_,པ་_100_,པ་_100_,པ་_100_,པ་_100_,པ་_100_
[བརྡབས་_100_],བརྡབས་_100_,བརྡབས་_100_,བརྡབས་_100_,བརྡབས་_100_,བརྡབས་_100_,བརྡབས་_100_,བརྡབས་_100_,བརྡབས་_100_
[པའི་_77_],པའི་_77_,པས་_22_,པས་_22_,པའི་_77_,པའི་_77_,པའི་_77_,པའི་_77_,པའི་_77_
[སྒྲས་_100_],སྒྲས་_100_,སྒྲས་_100_,སྒྲས་_100_,སྒྲས་_100_,སྒྲས་_100_,སྒྲས་_100_,སྒྲས་_100_,སྒྲས་_100_
[འཇིག་_77_],འཇིག་_77_,འཇིགས་_22_,འཇིགས་_22_,འཇིག་_77_,འཇིག་_77_,འཇིག་_77_,འཇིག་_77_,འཇིག་_77_
[འགྱུར_100_],འགྱུར_100_,འགྱུར_100_,འགྱུར_100_,འགྱུར_100_,འགྱུར_100_,འགྱུར_100_,འགྱུར_100_,འགྱུར_100_
[། །​_88_],། །​_88_,། །​_88_,། །​_88_,། །​_88_,། །​_88_,། །​_88_,། །​ _11_,། །​_88_
[རྡོ་_100_],རྡོ་_100_,རྡོ་_100_,རྡོ་_100_,རྡོ་_100_,རྡོ་_100_,རྡོ་_100_,རྡོ་_100_,རྡོ་_100_
[རྗེ་_100_],རྗེ་_100_,རྗེ་_100_,རྗེ་_100_,རྗེ་_100_,རྗེ་_100_,རྗེ་_100_,རྗེ་_100_,རྗེ་_100_
[བྱབ་_100_],བྱབ་_100_,བྱབ་_100_,བྱབ་_100_,བྱབ་_100_,བྱབ་_100_,བྱབ་_100_,བྱབ་_100_,བྱབ་_100_
[པའི་_100_],པའི་_100_,པའི་_100_,པའི་_100_,པའི་_100_,པའི་_100_,པའི་_100_,པའི་_100_,པའི་_100_
[ལས་_100_],ལས་_100_,ལས་_100_,ལས་_100_,ལས་_100_,ལས་_100_,ལས་_100_,ལས་_100_,ལས་_100_
[ཚོགས། _88_],ཚོགས། _88_,ཚོགས། _88_,ཚོགས། _88_,ཚོགས། _88_,ཚོགས། _88_,ཚོགས། _88_,ཚོགས །​ _11_,ཚོགས། _88_
[རྗེ་_100_],རྗེ་_100_,རྗེ་_100_,རྗེ་_100_,རྗེ་_100_,རྗེ་_100_,རྗེ་_100_,རྗེ་_100_,རྗེ་_100_
[བཙུན་_100_],བཙུན་_100_,བཙུན་_100_,བཙུན་_100_,བཙུན་_100_,བཙུན་_100_,བཙུན་_100_,བཙུན་_100_,བཙུན་_100_
[ཀླུ་_100_],ཀླུ་_100_,ཀླུ་_100_,ཀླུ་_100_,ཀླུ་_100_,ཀླུ་_100_,ཀླུ་_100_,ཀླུ་_100_,ཀླུ་_100_
[སྒྲུབ་_100_],སྒྲུབ་_100_,སྒྲུབ་_100_,སྒྲུབ་_100_,སྒྲུབ་_100_,སྒྲུབ་_100_,སྒྲུབ་_100_,སྒྲུབ་_100_,སྒྲུབ་_100_
[ཀྱིས་_100_],ཀྱིས་_100_,ཀྱིས་_100_,ཀྱིས་_100_,ཀྱིས་_100_,ཀྱིས་_100_,ཀྱིས་_100_,ཀྱིས་_100_,ཀྱིས་_100_
[མཛད་_100_],མཛད་_100_,མཛད་_100_,མཛད་_100_,མཛད་_100_,མཛད་_100_,མཛད་_100_,མཛད་_100_,མཛད་_100_
[པ་_100_],པ་_100_,པ་_100_,པ་_100_,པ་_100_,པ་_100_,པ་_100_,པ་_100_,པ་_100_
[རྫོགས་_100_],རྫོགས་_100_,རྫོགས་_100_,རྫོགས་_100_,རྫོགས་_100_,རྫོགས་_100_,རྫོགས་_100_,རྫོགས་_100_,རྫོགས་_100_
[སོ།། །​།བ_44_],སོ།། །​།བ_44_,སོ།། །​།བ_44_,སོ།། །​།བ_44_,སོ།། །​།_33_,སོ། །​_22_,སོ།། །​།_33_,སོ། །​_22_,སོ།། །​།_33_
