[༄༅། །​རལ་པ་གཅིག་མའི་སྒྲུབ་ཐབས།༄༅༅། །​_50_],༄༅། །​རལ་པ་གཅིག་མའི་སྒྲུབ་ཐབས།༄༅༅། །​_50_,༄༅། །​རལ་པ་གཅིག་མའི་སྒྲུབ་ཐབས།༄༅༅། །​_50_,༄༅། །​རལ་པ་གཅིག་མའི་སྒྲུབ་ཐབས།༄༅༅། །​_50_,༄༅། །​རལ་པ་གཅིག་མའི་སྒྲུབ་ཐབས།  ༄༅༅། །​_12_,རལ་བ་གཅིག་མའི་སྒྲུབ་ཐབས།༄༅༅། །​_12_,༄༅། །​_12_,རལ་པ་གཅིག་མའི་སྒྲུབ་ཐབས།༄༅༅། _12_
[རྒྱ་_100_],རྒྱ་_100_,རྒྱ་_100_,རྒྱ་_100_,རྒྱ་_100_,རྒྱ་_100_,རྒྱ་_100_,རྒྱ་_100_
[གར་_100_],གར་_100_,གར་_100_,གར་_100_,གར་_100_,གར་_100_,གར་_100_,གར་_100_
[སྐད་_100_],སྐད་_100_,སྐད་_100_,སྐད་_100_,སྐད་_100_,སྐད་_100_,སྐད་_100_,སྐད་_100_
[དུ_100_],དུ_100_,དུ_100_,དུ_100_,དུ_100_,དུ_100_,དུ_100_,དུ_100_
[། _100_],། _100_,། _100_,། _100_,། _100_,། _100_,། _100_,། _100_
[ཨེ་_100_],ཨེ་_100_,ཨེ་_100_,ཨེ་_100_,ཨེ་_100_,ཨེ་_100_,ཨེ་_100_,ཨེ་_100_
[ཀ་_100_],ཀ་_100_,ཀ་_100_,ཀ་_100_,ཀ་_100_,ཀ་_100_,ཀ་_100_,ཀ་_100_
[ཛཱ་_100_],ཛཱ་_100_,ཛཱ་_100_,ཛཱ་_100_,ཛཱ་_100_,ཛཱ་_100_,ཛཱ་_100_,ཛཱ་_100_
[ཊཱི་_75_],ཊཱི་_75_,ཊི་_25_,ཊི་_25_,ཊཱི་_75_,ཊཱི་_75_,ཊཱི་_75_,ཊཱི་_75_
[སཱ་_100_],སཱ་_100_,སཱ་_100_,སཱ་_100_,སཱ་_100_,སཱ་_100_,སཱ་_100_,སཱ་_100_
[དྷ་_100_],དྷ་_100_,དྷ་_100_,དྷ་_100_,དྷ་_100_,དྷ་_100_,དྷ་_100_,དྷ་_100_
[ནཾ_100_],ནཾ_100_,ནཾ_100_,ནཾ_100_,ནཾ_100_,ནཾ_100_,ནཾ_100_,ནཾ_100_
[། _100_],། _100_,། _100_,། _100_,། _100_,། _100_,། _100_,། _100_
[བོད་_100_],བོད་_100_,བོད་_100_,བོད་_100_,བོད་_100_,བོད་_100_,བོད་_100_,བོད་_100_
[སྐད་_100_],སྐད་_100_,སྐད་_100_,སྐད་_100_,སྐད་_100_,སྐད་_100_,སྐད་_100_,སྐད་_100_
[དུ_100_],དུ_100_,དུ_100_,དུ_100_,དུ_100_,དུ_100_,དུ_100_,དུ_100_
[། _100_],། _100_,། _100_,། _100_,། _100_,། _100_,། _100_,། _100_
[རལ་_100_],རལ་_100_,རལ་_100_,རལ་_100_,རལ་_100_,རལ་_100_,རལ་_100_,རལ་_100_
[པ་_100_],པ་_100_,པ་_100_,པ་_100_,པ་_100_,པ་_100_,པ་_100_,པ་_100_
[གཅིག་_100_],གཅིག་_100_,གཅིག་_100_,གཅིག་_100_,གཅིག་_100_,གཅིག་_100_,གཅིག་_100_,གཅིག་_100_
[མའི་_100_],མའི་_100_,མའི་_100_,མའི་_100_,མའི་_100_,མའི་_100_,མའི་_100_,མའི་_100_
[སྒྲུབ་_100_],སྒྲུབ་_100_,སྒྲུབ་_100_,སྒྲུབ་_100_,སྒྲུབ་_100_,སྒྲུབ་_100_,སྒྲུབ་_100_,སྒྲུབ་_100_
[ཐབས_100_],ཐབས_100_,ཐབས_100_,ཐབས_100_,ཐབས_100_,ཐབས_100_,ཐབས_100_,ཐབས_100_
[། _100_],། _100_,། _100_,། _100_,། _100_,། _100_,། _100_,། _100_
[འཕགས་_100_],འཕགས་_100_,འཕགས་_100_,འཕགས་_100_,འཕགས་_100_,འཕགས་_100_,འཕགས་_100_,འཕགས་_100_
[མ་_100_],མ་_100_,མ་_100_,མ་_100_,མ་_100_,མ་_100_,མ་_100_,མ་_100_
[ཨེ་_100_],ཨེ་_100_,ཨེ་_100_,ཨེ་_100_,ཨེ་_100_,ཨེ་_100_,ཨེ་_100_,ཨེ་_100_
[ཀ་_100_],ཀ་_100_,ཀ་_100_,ཀ་_100_,ཀ་_100_,ཀ་_100_,ཀ་_100_,ཀ་_100_
[ཛཱ་_100_],ཛཱ་_100_,ཛཱ་_100_,ཛཱ་_100_,ཛཱ་_100_,ཛཱ་_100_,ཛཱ་_100_,ཛཱ་_100_
[ཊཱི་_62_],ཊཱི་_62_,ཊི་_25_,ཊི་_25_,ཊཱི་_62_,ཊཱི་_62_,ཊཱི་”_12_,ཊཱི་_62_
[ལ་_100_],ལ་_100_,ལ་_100_,ལ་_100_,ལ་_100_,ལ་_100_,ལ་_100_,ལ་_100_
[ཕྱག་_100_],ཕྱག་_100_,ཕྱག་_100_,ཕྱག་_100_,ཕྱག་_100_,ཕྱག་_100_,ཕྱག་_100_,ཕྱག་_100_
[འཚལ་_100_],འཚལ་_100_,འཚལ་_100_,འཚལ་_100_,འཚལ་_100_,འཚལ་_100_,འཚལ་_100_,འཚལ་_100_
[ལོ_100_],ལོ_100_,ལོ_100_,ལོ_100_,ལོ_100_,ལོ_100_,ལོ_100_,ལོ_100_
[། །​_87_],། །​_87_,། །​_87_,། །​_87_,། །​_87_,། །​_87_,། །​ _12_,། །​_87_
[ཨོཾ་_100_],ཨོཾ་_100_,ཨོཾ་_100_,ཨོཾ་_100_,ཨོཾ་_100_,ཨོཾ་_100_,ཨོཾ་_100_,ཨོཾ་_100_
[ཨཱཿཧཱུཾ་_87_],ཨཱཿཧཱུཾ་_87_,ཨཱཿཧཱུཾ་_87_,ཨཱཿཧཱུཾ་_87_,ཨཱཿཧཱུཾ་_87_,ཨཱཿཧཱུཾ་_87_,ཨཱཿཧཱུྃ་_12_,ཨཱཿཧཱུཾ་_87_
[ཨོཾ་_100_],ཨོཾ་_100_,ཨོཾ་_100_,ཨོཾ་_100_,ཨོཾ་_100_,ཨོཾ་_100_,ཨོཾ་_100_,ཨོཾ་_100_
[བཛྲ་_100_],བཛྲ་_100_,བཛྲ་_100_,བཛྲ་_100_,བཛྲ་_100_,བཛྲ་_100_,བཛྲ་_100_,བཛྲ་_100_
[ཡོ་_100_],ཡོ་_100_,ཡོ་_100_,ཡོ་_100_,ཡོ་_100_,ཡོ་_100_,ཡོ་_100_,ཡོ་_100_
[གི་_100_],གི་_100_,གི་_100_,གི་_100_,གི་_100_,གི་_100_,གི་_100_,གི་_100_
[ནཱི་_62_],ནཱི་_62_,ནི་_25_,ནི་_25_,ནཱི་_62_,ནཱི་_62_,ནི་“_12_,ནཱི་_62_
[པྲ་_100_],པྲ་_100_,པྲ་_100_,པྲ་_100_,པྲ་_100_,པྲ་_100_,པྲ་_100_,པྲ་_100_
[ཏཱིཙྪ་_100_],ཏཱིཙྪ་_100_,ཏཱིཙྪ་_100_,ཏཱིཙྪ་_100_,ཏཱིཙྪ་_100_,ཏཱིཙྪ་_100_,ཏཱིཙྪ་_100_,ཏཱིཙྪ་_100_
[མཾ་_100_],མཾ་_100_,མཾ་_100_,མཾ་_100_,མཾ་_100_,མཾ་_100_,མཾ་_100_,མཾ་_100_
[བ་_100_],བ་_100_,བ་_100_,བ་_100_,བ་_100_,བ་_100_,བ་_100_,བ་_100_
[ལིཾ་_100_],ལིཾ་_100_,ལིཾ་_100_,ལིཾ་_100_,ལིཾ་_100_,ལིཾ་_100_,ལིཾ་_100_,ལིཾ་_100_
[ཧྲཱིཾ་_87_],ཧྲཱིཾ་_87_,ཧྲཱིཾ་_87_,ཧྲཱིཾ་_87_,ཧྲཱིཾ་_87_,ཧྲཱིཾ་_87_,ཧཱུཾ་_12_,ཧྲཱིཾ་_87_
[ཧཱུཾ་_100_],ཧཱུཾ་_100_,ཧཱུཾ་_100_,ཧཱུཾ་_100_,ཧཱུཾ་_100_,ཧཱུཾ་_100_,ཧཱུཾ་_100_,ཧཱུཾ་_100_
[ཧ་_100_],ཧ་_100_,ཧ་_100_,ཧ་_100_,ཧ་_100_,ཧ་_100_,ཧ་_100_,ཧ་_100_
[ཧ་_100_],ཧ་_100_,ཧ་_100_,ཧ་_100_,ཧ་_100_,ཧ་_100_,ཧ་_100_,ཧ་_100_
[ཧ་_100_],ཧ་_100_,ཧ་_100_,ཧ་_100_,ཧ་_100_,ཧ་_100_,ཧ་_100_,ཧ་_100_
[ཧ་_100_],ཧ་_100_,ཧ་_100_,ཧ་_100_,ཧ་_100_,ཧ་_100_,ཧ་_100_,ཧ་_100_
[ཧེ་_100_],ཧེ་_100_,ཧེ་_100_,ཧེ་_100_,ཧེ་_100_,ཧེ་_100_,ཧེ་_100_,ཧེ་_100_
[ཧེ་_100_],ཧེ་_100_,ཧེ་_100_,ཧེ་_100_,ཧེ་_100_,ཧེ་_100_,ཧེ་_100_,ཧེ་_100_
[ཧཾ་ཧཿཕཊ་_62_],ཧཾ་ཧཿཕཊ་_62_,ཧཾ་ཕཊ་_25_,ཧཾ་ཕཊ་_25_,ཧཾ་ཧཿཕཊ་_62_,ཧཾ་ཧཿཕཊ་_62_,ཧི་ཧི ཕཊ་_12_,ཧཾ་ཧཿཕཊ་_62_
[མ་_100_],མ་_100_,མ་_100_,མ་_100_,མ་_100_,མ་_100_,མ་_100_,མ་_100_
[མ་_100_],མ་_100_,མ་_100_,མ་_100_,མ་_100_,མ་_100_,མ་_100_,མ་_100_
[ཤཱནྟིཾ་_62_],ཤཱནྟིཾ་_62_,ཤནྟིཾ་_25_,ཤནྟིཾ་_25_,ཤཱནྟིཾ་_62_,ཤཱནྟིཾ་_62_,ཤཱནྟི་_12_,ཤཱནྟིཾ་_62_
[ཀུ་_100_],ཀུ་_100_,ཀུ་_100_,ཀུ་_100_,ཀུ་_100_,ཀུ་_100_,ཀུ་_100_,ཀུ་_100_
[རུ་_100_],རུ་_100_,རུ་_100_,རུ་_100_,རུ་_100_,རུ་_100_,རུ་_100_,རུ་_100_
[སྭཱཧཱ། ཨོཾ་ཨཱཿརལླི་_37_],སྭཱཧཱ། ཨོཾ་ཨཱཿརལླི་_37_,སྭཱཧཱ། ཨོཾ་ཨ་ར་ལི་_25_,སྭཱཧཱ། ཨོཾ་ཨ་ར་ལི་_25_,སྭཱ་ཧཱ། ཨོཾ་ཨཱཿརལླི་_25_,སྭཱཧཱ། ཨོཾ་ཨཱཿརལླི་_37_,སྭཱ་ཧཱ། ཨོ་ཨཱརལླི་_12_,སྭཱ་ཧཱ། ཨོཾ་ཨཱཿརལླི་_25_
[ཧཾ་_100_],ཧཾ་_100_,ཧཾ་_100_,ཧཾ་_100_,ཧཾ་_100_,ཧཾ་_100_,ཧཾ་_100_,ཧཾ་_100_
[ཞེས་_100_],ཞེས་_100_,ཞེས་_100_,ཞེས་_100_,ཞེས་_100_,ཞེས་_100_,ཞེས་_100_,ཞེས་_100_
[པ་_100_],པ་_100_,པ་_100_,པ་_100_,པ་_100_,པ་_100_,པ་_100_,པ་_100_
[ལ་_100_],ལ་_100_,ལ་_100_,ལ་_100_,ལ་_100_,ལ་_100_,ལ་_100_,ལ་_100_
[སོགས་_100_],སོགས་_100_,སོགས་_100_,སོགས་_100_,སོགས་_100_,སོགས་_100_,སོགས་_100_,སོགས་_100_
[པ་_100_],པ་_100_,པ་_100_,པ་_100_,པ་_100_,པ་_100_,པ་_100_,པ་_100_
[བརྗོད་_100_],བརྗོད་_100_,བརྗོད་_100_,བརྗོད་_100_,བརྗོད་_100_,བརྗོད་_100_,བརྗོད་_100_,བརྗོད་_100_
[པར་_100_],པར་_100_,པར་_100_,པར་_100_,པར་_100_,པར་_100_,པར་_100_,པར་_100_
[བྱའོ_100_],བྱའོ_100_,བྱའོ_100_,བྱའོ_100_,བྱའོ_100_,བྱའོ_100_,བྱའོ_100_,བྱའོ_100_
[། །​_100_],། །​_100_,། །​_100_,། །​_100_,། །​_100_,། །​_100_,། །​_100_,། །​_100_
[དེ་_100_],དེ་_100_,དེ་_100_,དེ་_100_,དེ་_100_,དེ་_100_,དེ་_100_,དེ་_100_
[ནས་_100_],ནས་_100_,ནས་_100_,ནས་_100_,ནས་_100_,ནས་_100_,ནས་_100_,ནས་_100_
[རབ་_100_],རབ་_100_,རབ་_100_,རབ་_100_,རབ་_100_,རབ་_100_,རབ་_100_,རབ་_100_
[ཏུ་_100_],ཏུ་_100_,ཏུ་_100_,ཏུ་_100_,ཏུ་_100_,ཏུ་_100_,ཏུ་_100_,ཏུ་_100_
[བཤད་_100_],བཤད་_100_,བཤད་_100_,བཤད་_100_,བཤད་_100_,བཤད་_100_,བཤད་_100_,བཤད་_100_
[བྱ་_100_],བྱ་_100_,བྱ་_100_,བྱ་_100_,བྱ་_100_,བྱ་_100_,བྱ་_100_,བྱ་_100_
[བ_100_],བ_100_,བ_100_,བ_100_,བ_100_,བ_100_,བ_100_,བ_100_
[། །​_100_],། །​_100_,། །​_100_,། །​_100_,། །​_100_,། །​_100_,། །​_100_,། །​_100_
[ཕྱག་_100_],ཕྱག་_100_,ཕྱག་_100_,ཕྱག་_100_,ཕྱག་_100_,ཕྱག་_100_,ཕྱག་_100_,ཕྱག་_100_
[གཉིས་_100_],གཉིས་_100_,གཉིས་_100_,གཉིས་_100_,གཉིས་_100_,གཉིས་_100_,གཉིས་_100_,གཉིས་_100_
[རལ་_100_],རལ་_100_,རལ་_100_,རལ་_100_,རལ་_100_,རལ་_100_,རལ་_100_,རལ་_100_
[གཅིག་_100_],གཅིག་_100_,གཅིག་_100_,གཅིག་_100_,གཅིག་_100_,གཅིག་_100_,གཅིག་_100_,གཅིག་_100_
[སྒྲུབ་_100_],སྒྲུབ་_100_,སྒྲུབ་_100_,སྒྲུབ་_100_,སྒྲུབ་_100_,སྒྲུབ་_100_,སྒྲུབ་_100_,སྒྲུབ་_100_
[པའི་_100_],པའི་_100_,པའི་_100_,པའི་_100_,པའི་_100_,པའི་_100_,པའི་_100_,པའི་_100_
[ཐབས_100_],ཐབས_100_,ཐབས_100_,ཐབས_100_,ཐབས_100_,ཐབས_100_,ཐབས_100_,ཐབས_100_
[། །​_100_],། །​_100_,། །​_100_,། །​_100_,། །​_100_,། །​_100_,། །​_100_,། །​_100_
[རལ་_100_],རལ་_100_,རལ་_100_,རལ་_100_,རལ་_100_,རལ་_100_,རལ་_100_,རལ་_100_
[གཅིག་_100_],གཅིག་_100_,གཅིག་_100_,གཅིག་_100_,གཅིག་_100_,གཅིག་_100_,གཅིག་_100_,གཅིག་_100_
[ཁམ་_100_],ཁམ་_100_,ཁམ་_100_,ཁམ་_100_,ཁམ་_100_,ཁམ་_100_,ཁམ་_100_,ཁམ་_100_
[པ་_100_],པ་_100_,པ་_100_,པ་_100_,པ་_100_,པ་_100_,པ་_100_,པ་_100_
[གྱེན་_100_],གྱེན་_100_,གྱེན་_100_,གྱེན་_100_,གྱེན་_100_,གྱེན་_100_,གྱེན་_100_,གྱེན་_100_
[བརྫེས་_100_],བརྫེས་_100_,བརྫེས་_100_,བརྫེས་_100_,བརྫེས་_100_,བརྫེས་_100_,བརྫེས་_100_,བརྫེས་_100_
[པའི_100_],པའི_100_,པའི_100_,པའི_100_,པའི_100_,པའི_100_,པའི_100_,པའི_100_
[། །​_100_],། །​_100_,། །​_100_,། །​_100_,། །​_100_,། །​_100_,། །​_100_,། །​_100_
[ལྷ་_100_],ལྷ་_100_,ལྷ་_100_,ལྷ་_100_,ལྷ་_100_,ལྷ་_100_,ལྷ་_100_,ལྷ་_100_
[མོ་_100_],མོ་_100_,མོ་_100_,མོ་_100_,མོ་_100_,མོ་_100_,མོ་_100_,མོ་_100_
[གྲི་_100_],གྲི་_100_,གྲི་_100_,གྲི་_100_,གྲི་_100_,གྲི་_100_,གྲི་_100_,གྲི་_100_
[གུག་_100_],གུག་_100_,གུག་_100_,གུག་_100_,གུག་_100_,གུག་_100_,གུག་_100_,གུག་_100_
[ཐོད་_100_],ཐོད་_100_,ཐོད་_100_,ཐོད་_100_,ཐོད་_100_,ཐོད་_100_,ཐོད་_100_,ཐོད་_100_
[པ་_100_],པ་_100_,པ་_100_,པ་_100_,པ་_100_,པ་_100_,པ་_100_,པ་_100_
[བསྣམས_100_],བསྣམས_100_,བསྣམས_100_,བསྣམས_100_,བསྣམས_100_,བསྣམས_100_,བསྣམས_100_,བསྣམས_100_
[། །​_100_],། །​_100_,། །​_100_,། །​_100_,། །​_100_,། །​_100_,། །​_100_,། །​_100_
[དེ་_100_],དེ་_100_,དེ་_100_,དེ་_100_,དེ་_100_,དེ་_100_,དེ་_100_,དེ་_100_
[བཞིན་_100_],བཞིན་_100_,བཞིན་_100_,བཞིན་_100_,བཞིན་_100_,བཞིན་_100_,བཞིན་_100_,བཞིན་_100_
[ལྷ་_100_],ལྷ་_100_,ལྷ་_100_,ལྷ་_100_,ལྷ་_100_,ལྷ་_100_,ལྷ་_100_,ལྷ་_100_
[མོ་_100_],མོ་_100_,མོ་_100_,མོ་_100_,མོ་_100_,མོ་_100_,མོ་_100_,མོ་_100_
[ཕྱག་_100_],ཕྱག་_100_,ཕྱག་_100_,ཕྱག་_100_,ཕྱག་_100_,ཕྱག་_100_,ཕྱག་_100_,ཕྱག་_100_
[བཞི་_100_],བཞི་_100_,བཞི་_100_,བཞི་_100_,བཞི་_100_,བཞི་_100_,བཞི་_100_,བཞི་_100_
[མ_100_],མ_100_,མ_100_,མ_100_,མ_100_,མ_100_,མ_100_,མ_100_
[། །​_100_],། །​_100_,། །​_100_,། །​_100_,། །​_100_,། །​_100_,། །​_100_,། །​_100_
[རྟོག་_100_],རྟོག་_100_,རྟོག་_100_,རྟོག་_100_,རྟོག་_100_,རྟོག་_100_,རྟོག་_100_,རྟོག་_100_
[པར་_100_],པར་_100_,པར་_100_,པར་_100_,པར་_100_,པར་_100_,པར་_100_,པར་_100_
[ཡང་_100_],ཡང་_100_,ཡང་_100_,ཡང་_100_,ཡང་_100_,ཡང་_100_,ཡང་_100_,ཡང་_100_
[ནི་_100_],ནི་_100_,ནི་_100_,ནི་_100_,ནི་_100_,ནི་_100_,ནི་_100_,ནི་_100_
[བདག་_100_],བདག་_100_,བདག་_100_,བདག་_100_,བདག་_100_,བདག་_100_,བདག་_100_,བདག་_100_
[གིས་_100_],གིས་_100_,གིས་_100_,གིས་_100_,གིས་_100_,གིས་_100_,གིས་_100_,གིས་_100_
[བཤད_100_],བཤད_100_,བཤད_100_,བཤད_100_,བཤད_100_,བཤད_100_,བཤད_100_,བཤད_100_
[། །​_100_],། །​_100_,། །​_100_,། །​_100_,། །​_100_,། །​_100_,། །​_100_,། །​_100_
[མདའ་_100_],མདའ་_100_,མདའ་_100_,མདའ་_100_,མདའ་_100_,མདའ་_100_,མདའ་_100_,མདའ་_100_
[དང་_100_],དང་_100_,དང་_100_,དང་_100_,དང་_100_,དང་_100_,དང་_100_,དང་_100_
[རལ་_100_],རལ་_100_,རལ་_100_,རལ་_100_,རལ་_100_,རལ་_100_,རལ་_100_,རལ་_100_
[གྲི་_100_],གྲི་_100_,གྲི་_100_,གྲི་_100_,གྲི་_100_,གྲི་_100_,གྲི་_100_,གྲི་_100_
[གཡས་_100_],གཡས་_100_,གཡས་_100_,གཡས་_100_,གཡས་_100_,གཡས་_100_,གཡས་_100_,གཡས་_100_
[ན་_100_],ན་_100_,ན་_100_,ན་_100_,ན་_100_,ན་_100_,ན་_100_,ན་_100_
[བསྣམས_100_],བསྣམས_100_,བསྣམས_100_,བསྣམས_100_,བསྣམས_100_,བསྣམས_100_,བསྣམས_100_,བསྣམས_100_
[། །​_100_],། །​_100_,། །​_100_,། །​_100_,། །​_100_,། །​_100_,། །​_100_,། །​_100_
[གཡོན་_100_],གཡོན་_100_,གཡོན་_100_,གཡོན་_100_,གཡོན་_100_,གཡོན་_100_,གཡོན་_100_,གཡོན་_100_
[ན་_100_],ན་_100_,ན་_100_,ན་_100_,ན་_100_,ན་_100_,ན་_100_,ན་_100_
[གཞུ་_100_],གཞུ་_100_,གཞུ་_100_,གཞུ་_100_,གཞུ་_100_,གཞུ་_100_,གཞུ་_100_,གཞུ་_100_
[དང་_100_],དང་_100_,དང་_100_,དང་_100_,དང་_100_,དང་_100_,དང་_100_,དང་_100_
[ཐོད་_100_],ཐོད་_100_,ཐོད་_100_,ཐོད་_100_,ཐོད་_100_,ཐོད་_100_,ཐོད་_100_,ཐོད་_100_
[པ་_100_],པ་_100_,པ་_100_,པ་_100_,པ་_100_,པ་_100_,པ་_100_,པ་_100_
[སྟེ_100_],སྟེ_100_,སྟེ_100_,སྟེ_100_,སྟེ_100_,སྟེ_100_,སྟེ_100_,སྟེ_100_
[། །​_87_],། །​_87_,། །​_87_,། །​_87_,། །​_87_,། །​_87_,།  །​_12_,། །​_87_
[དེ་_100_],དེ་_100_,དེ་_100_,དེ་_100_,དེ་_100_,དེ་_100_,དེ་_100_,དེ་_100_
[བཞིན་_100_],བཞིན་_100_,བཞིན་_100_,བཞིན་_100_,བཞིན་_100_,བཞིན་_100_,བཞིན་_100_,བཞིན་_100_
[དུ་_100_],དུ་_100_,དུ་_100_,དུ་_100_,དུ་_100_,དུ་_100_,དུ་_100_,དུ་_100_
[ནི་_100_],ནི་_100_,ནི་_100_,ནི་_100_,ནི་_100_,ནི་_100_,ནི་_100_,ནི་_100_
[ཕྱག་_100_],ཕྱག་_100_,ཕྱག་_100_,ཕྱག་_100_,ཕྱག་_100_,ཕྱག་_100_,ཕྱག་_100_,ཕྱག་_100_
[བརྒྱད་_100_],བརྒྱད་_100_,བརྒྱད་_100_,བརྒྱད་_100_,བརྒྱད་_100_,བརྒྱད་_100_,བརྒྱད་_100_,བརྒྱད་_100_
[ཀྱང་_100_],ཀྱང་_100_,ཀྱང་_100_,ཀྱང་_100_,ཀྱང་_100_,ཀྱང་_100_,ཀྱང་_100_,ཀྱང་_100_
[། །​_100_],། །​_100_,། །​_100_,། །​_100_,། །​_100_,། །​_100_,། །​_100_,། །​_100_
[རིམ་_100_],རིམ་_100_,རིམ་_100_,རིམ་_100_,རིམ་_100_,རིམ་_100_,རིམ་_100_,རིམ་_100_
[གྱུར་_100_],གྱུར་_100_,གྱུར་_100_,གྱུར་_100_,གྱུར་_100_,གྱུར་_100_,གྱུར་_100_,གྱུར་_100_
[བདག་_87_],བདག་_87_,བདག་_87_,བདག་_87_,བདག་_87_,བདག་_87_,བདག་_87_,བ་དག་_12_
[གིས་_100_],གིས་_100_,གིས་_100_,གིས་_100_,གིས་_100_,གིས་_100_,གིས་_100_,གིས་_100_
[བཤད་_100_],བཤད་_100_,བཤད་_100_,བཤད་_100_,བཤད་_100_,བཤད་_100_,བཤད་_100_,བཤད་_100_
[པར་_100_],པར་_100_,པར་_100_,པར་_100_,པར་_100_,པར་_100_,པར་_100_,པར་_100_
[བྱ_100_],བྱ_100_,བྱ_100_,བྱ_100_,བྱ_100_,བྱ_100_,བྱ_100_,བྱ_100_
[། །​_100_],། །​_100_,། །​_100_,། །​_100_,། །​_100_,། །​_100_,། །​_100_,། །​_100_
[གཡས་_100_],གཡས་_100_,གཡས་_100_,གཡས་_100_,གཡས་_100_,གཡས་_100_,གཡས་_100_,གཡས་_100_
[ན་_100_],ན་_100_,ན་_100_,ན་_100_,ན་_100_,ན་_100_,ན་_100_,ན་_100_
[རལ་_100_],རལ་_100_,རལ་_100_,རལ་_100_,རལ་_100_,རལ་_100_,རལ་_100_,རལ་_100_
[གྲི་_100_],གྲི་_100_,གྲི་_100_,གྲི་_100_,གྲི་_100_,གྲི་_100_,གྲི་_100_,གྲི་_100_
[མདའ་_100_],མདའ་_100_,མདའ་_100_,མདའ་_100_,མདའ་_100_,མདའ་_100_,མདའ་_100_,མདའ་_100_
[དང་_100_],དང་_100_,དང་_100_,དང་_100_,དང་_100_,དང་_100_,དང་_100_,དང་_100_
[ནི_100_],ནི_100_,ནི_100_,ནི_100_,ནི_100_,ནི_100_,ནི_100_,ནི_100_
[། །​_100_],། །​_100_,། །​_100_,། །​_100_,། །​_100_,། །​_100_,། །​_100_,། །​_100_
[རྡོ་_100_],རྡོ་_100_,རྡོ་_100_,རྡོ་_100_,རྡོ་_100_,རྡོ་_100_,རྡོ་_100_,རྡོ་_100_
[རྗེ་_100_],རྗེ་_100_,རྗེ་_100_,རྗེ་_100_,རྗེ་_100_,རྗེ་_100_,རྗེ་_100_,རྗེ་_100_
[གྲི་_100_],གྲི་_100_,གྲི་_100_,གྲི་_100_,གྲི་_100_,གྲི་_100_,གྲི་_100_,གྲི་_100_
[གུག་_100_],གུག་_100_,གུག་_100_,གུག་_100_,གུག་_100_,གུག་_100_,གུག་_100_,གུག་_100_
[དེ་_100_],དེ་_100_,དེ་_100_,དེ་_100_,དེ་_100_,དེ་_100_,དེ་_100_,དེ་_100_
[བཞིན་_100_],བཞིན་_100_,བཞིན་_100_,བཞིན་_100_,བཞིན་_100_,བཞིན་_100_,བཞིན་_100_,བཞིན་_100_
[དུ_100_],དུ_100_,དུ_100_,དུ_100_,དུ_100_,དུ_100_,དུ_100_,དུ_100_
[། །​_100_],། །​_100_,། །​_100_,། །​_100_,། །​_100_,། །​_100_,། །​_100_,། །​_100_
[གཡོན་_100_],གཡོན་_100_,གཡོན་_100_,གཡོན་_100_,གཡོན་_100_,གཡོན་_100_,གཡོན་_100_,གཡོན་_100_
[ན་_100_],ན་_100_,ན་_100_,ན་_100_,ན་_100_,ན་_100_,ན་_100_,ན་_100_
[ཨུཏྤལ་_100_],ཨུཏྤལ་_100_,ཨུཏྤལ་_100_,ཨུཏྤལ་_100_,ཨུཏྤལ་_100_,ཨུཏྤལ་_100_,ཨུཏྤལ་_100_,ཨུཏྤལ་_100_
[གཞུ་_100_],གཞུ་_100_,གཞུ་_100_,གཞུ་_100_,གཞུ་_100_,གཞུ་_100_,གཞུ་_100_,གཞུ་_100_
[དང་_100_],དང་_100_,དང་_100_,དང་_100_,དང་_100_,དང་_100_,དང་_100_,དང་_100_
[ནི_100_],ནི_100_,ནི_100_,ནི_100_,ནི_100_,ནི_100_,ནི_100_,ནི_100_
[། །​_100_],། །​_100_,། །​_100_,། །​_100_,། །​_100_,། །​_100_,། །​_100_,། །​_100_
[སྟ་_100_],སྟ་_100_,སྟ་_100_,སྟ་_100_,སྟ་_100_,སྟ་_100_,སྟ་_100_,སྟ་_100_
[གྲི་_100_],གྲི་_100_,གྲི་_100_,གྲི་_100_,གྲི་_100_,གྲི་_100_,གྲི་_100_,གྲི་_100_
[དང་_100_],དང་_100_,དང་_100_,དང་_100_,དང་_100_,དང་_100_,དང་_100_,དང་_100_
[ནི་_100_],ནི་_100_,ནི་_100_,ནི་_100_,ནི་_100_,ནི་_100_,ནི་_100_,ནི་_100_
[ཐོད་_100_],ཐོད་_100_,ཐོད་_100_,ཐོད་_100_,ཐོད་_100_,ཐོད་_100_,ཐོད་_100_,ཐོད་_100_
[པ་_100_],པ་_100_,པ་_100_,པ་_100_,པ་_100_,པ་_100_,པ་_100_,པ་_100_
[བསྣམས_100_],བསྣམས_100_,བསྣམས_100_,བསྣམས_100_,བསྣམས_100_,བསྣམས_100_,བསྣམས_100_,བསྣམས_100_
[། །​_87_],། །​_87_,། །​_87_,། །​_87_,། །​_87_,། །​_87_,། །​ _12_,། །​_87_
[སྐུ་_100_],སྐུ་_100_,སྐུ་_100_,སྐུ་_100_,སྐུ་_100_,སྐུ་_100_,སྐུ་_100_,སྐུ་_100_
[མདོག་_100_],མདོག་_100_,མདོག་_100_,མདོག་_100_,མདོག་_100_,མདོག་_100_,མདོག་_100_,མདོག་_100_
[ནག་_100_],ནག་_100_,ནག་_100_,ནག་_100_,ནག་_100_,ནག་_100_,ནག་_100_,ནག་_100_
[མོ་_100_],མོ་_100_,མོ་_100_,མོ་_100_,མོ་_100_,མོ་_100_,མོ་_100_,མོ་_100_
[དང་_100_],དང་_100_,དང་_100_,དང་_100_,དང་_100_,དང་_100_,དང་_100_,དང་_100_
[ལྡན་_100_],ལྡན་_100_,ལྡན་_100_,ལྡན་_100_,ལྡན་_100_,ལྡན་_100_,ལྡན་_100_,ལྡན་_100_
[མ_100_],མ_100_,མ_100_,མ_100_,མ_100_,མ_100_,མ_100_,མ_100_
[། །​_100_],། །​_100_,། །​_100_,། །​_100_,། །​_100_,། །​_100_,། །​_100_,། །​_100_
[སྟག་_100_],སྟག་_100_,སྟག་_100_,སྟག་_100_,སྟག་_100_,སྟག་_100_,སྟག་_100_,སྟག་_100_
[ལྤགས་ཤམ་_75_],ལྤགས་ཤམ་_75_,པགས་ཤམ་_12_,ལྤགས་ཤམ་_75_,ལྤགས་ཤམ་_75_,ལྤགས་ཤམ་_75_,ལྤགས་ཤམ་ _12_,ལྤགས་ཤམ་_75_
[ཐབས་_100_],ཐབས་_100_,ཐབས་_100_,ཐབས་_100_,ཐབས་_100_,ཐབས་_100_,ཐབས་_100_,ཐབས་_100_
[ཀུན་_100_],ཀུན་_100_,ཀུན་_100_,ཀུན་_100_,ཀུན་_100_,ཀུན་_100_,ཀུན་_100_,ཀུན་_100_
[ནས་_100_],ནས་_100_,ནས་_100_,ནས་_100_,ནས་_100_,ནས་_100_,ནས་_100_,ནས་_100_
[མནབས_100_],མནབས_100_,མནབས_100_,མནབས_100_,མནབས_100_,མནབས_100_,མནབས_100_,མནབས_100_
[། །​_100_],། །​_100_,། །​_100_,། །​_100_,། །​_100_,། །​_100_,། །​_100_,། །​_100_
[ཞལ་_100_],ཞལ་_100_,ཞལ་_100_,ཞལ་_100_,ཞལ་_100_,ཞལ་_100_,ཞལ་_100_,ཞལ་_100_
[གཅིག་_100_],གཅིག་_100_,གཅིག་_100_,གཅིག་_100_,གཅིག་_100_,གཅིག་_100_,གཅིག་_100_,གཅིག་_100_
[སྤྱན་_100_],སྤྱན་_100_,སྤྱན་_100_,སྤྱན་_100_,སྤྱན་_100_,སྤྱན་_100_,སྤྱན་_100_,སྤྱན་_100_
[ནི་_100_],ནི་_100_,ནི་_100_,ནི་_100_,ནི་_100_,ནི་_100_,ནི་_100_,ནི་_100_
[གསུམ་_100_],གསུམ་_100_,གསུམ་_100_,གསུམ་_100_,གསུམ་_100_,གསུམ་_100_,གསུམ་_100_,གསུམ་_100_
[པ་_100_],པ་_100_,པ་_100_,པ་_100_,པ་_100_,པ་_100_,པ་_100_,པ་_100_
[སྟེ_100_],སྟེ_100_,སྟེ_100_,སྟེ_100_,སྟེ_100_,སྟེ_100_,སྟེ_100_,སྟེ_100_
[། །​_100_],། །​_100_,། །​_100_,། །​_100_,། །​_100_,། །​_100_,། །​_100_,། །​_100_
[རལ་_100_],རལ་_100_,རལ་_100_,རལ་_100_,རལ་_100_,རལ་_100_,རལ་_100_,རལ་_100_
[པ་_100_],པ་_100_,པ་_100_,པ་_100_,པ་_100_,པ་_100_,པ་_100_,པ་_100_
[ཁམ་_100_],ཁམ་_100_,ཁམ་_100_,ཁམ་_100_,ཁམ་_100_,ཁམ་_100_,ཁམ་_100_,ཁམ་_100_
[པ་_100_],པ་_100_,པ་_100_,པ་_100_,པ་_100_,པ་_100_,པ་_100_,པ་_100_
[གྱེན་_100_],གྱེན་_100_,གྱེན་_100_,གྱེན་_100_,གྱེན་_100_,གྱེན་_100_,གྱེན་_100_,གྱེན་_100_
[དུ་_100_],དུ་_100_,དུ་_100_,དུ་_100_,དུ་_100_,དུ་_100_,དུ་_100_,དུ་_100_
[བརྫེས_87_],བརྫེས_87_,བརྫེས_87_,བརྫེས_87_,བརྫེས_87_,བརྫེས_87_,བརྫེས_87_,བརྗེས_12_
[། །​_100_],། །​_100_,། །​_100_,། །​_100_,། །​_100_,། །​_100_,། །​_100_,། །​_100_
[དྲག་_100_],དྲག་_100_,དྲག་_100_,དྲག་_100_,དྲག་_100_,དྲག་_100_,དྲག་_100_,དྲག་_100_
[མོ་_100_],མོ་_100_,མོ་_100_,མོ་_100_,མོ་_100_,མོ་_100_,མོ་_100_,མོ་_100_
[ཀུན་_100_],ཀུན་_100_,ཀུན་_100_,ཀུན་_100_,ཀུན་_100_,ཀུན་_100_,ཀུན་_100_,ཀུན་_100_
[ནས་_100_],ནས་_100_,ནས་_100_,ནས་_100_,ནས་_100_,ནས་_100_,ནས་_100_,ནས་_100_
[ལྟོ་_100_],ལྟོ་_100_,ལྟོ་_100_,ལྟོ་_100_,ལྟོ་_100_,ལྟོ་_100_,ལྟོ་_100_,ལྟོ་_100_
[བ་_100_],བ་_100_,བ་_100_,བ་_100_,བ་_100_,བ་_100_,བ་_100_,བ་_100_
[འཕྱང་_100_],འཕྱང་_100_,འཕྱང་_100_,འཕྱང་_100_,འཕྱང་_100_,འཕྱང་_100_,འཕྱང་_100_,འཕྱང་_100_
[། །​_100_],། །​_100_,། །​_100_,། །​_100_,། །​_100_,། །​_100_,། །​_100_,། །​_100_
[གཡོན་_100_],གཡོན་_100_,གཡོན་_100_,གཡོན་_100_,གཡོན་_100_,གཡོན་_100_,གཡོན་_100_,གཡོན་_100_
[བརྐྱང་_100_],བརྐྱང་_100_,བརྐྱང་_100_,བརྐྱང་_100_,བརྐྱང་_100_,བརྐྱང་_100_,བརྐྱང་_100_,བརྐྱང་_100_
[ཞབས་_100_],ཞབས་_100_,ཞབས་_100_,ཞབས་_100_,ཞབས་_100_,ཞབས་_100_,ཞབས་_100_,ཞབས་_100_
[ཀྱིས་_100_],ཀྱིས་_100_,ཀྱིས་_100_,ཀྱིས་_100_,ཀྱིས་_100_,ཀྱིས་_100_,ཀྱིས་_100_,ཀྱིས་_100_
[ཡང་_100_],ཡང་_100_,ཡང་_100_,ཡང་_100_,ཡང་_100_,ཡང་_100_,ཡང་_100_,ཡང་_100_
[དག་_100_],དག་_100_,དག་_100_,དག་_100_,དག་_100_,དག་_100_,དག་_100_,དག་_100_
[གནས_100_],གནས_100_,གནས_100_,གནས_100_,གནས_100_,གནས_100_,གནས_100_,གནས_100_
[། །​_87_],། །​_87_,། །​_87_,། །​_87_,། །​_87_,། །​_87_,། །​ _12_,། །​_87_
[ཁྲོ་_100_],ཁྲོ་_100_,ཁྲོ་_100_,ཁྲོ་_100_,ཁྲོ་_100_,ཁྲོ་_100_,ཁྲོ་_100_,ཁྲོ་_100_
[བ་_100_],བ་_100_,བ་_100_,བ་_100_,བ་_100_,བ་_100_,བ་_100_,བ་_100_
[དང་_100_],དང་_100_,དང་_100_,དང་_100_,དང་_100_,དང་_100_,དང་_100_,དང་_100_
[བཅས་_100_],བཅས་_100_,བཅས་_100_,བཅས་_100_,བཅས་_100_,བཅས་_100_,བཅས་_100_,བཅས་_100_
[ཞལ་_100_],ཞལ་_100_,ཞལ་_100_,ཞལ་_100_,ཞལ་_100_,ཞལ་_100_,ཞལ་_100_,ཞལ་_100_
[གཙིགས་_100_],གཙིགས་_100_,གཙིགས་_100_,གཙིགས་_100_,གཙིགས་_100_,གཙིགས་_100_,གཙིགས་_100_,གཙིགས་_100_
[ཤིང་_100_],ཤིང་_100_,ཤིང་_100_,ཤིང་_100_,ཤིང་_100_,ཤིང་_100_,ཤིང་_100_,ཤིང་_100_
[། །​_100_],། །​_100_,། །​_100_,། །​_100_,། །​_100_,། །​_100_,། །​_100_,། །​_100_
[མགོ་_100_],མགོ་_100_,མགོ་_100_,མགོ་_100_,མགོ་_100_,མགོ་_100_,མགོ་_100_,མགོ་_100_
[བོའི་_100_],བོའི་_100_,བོའི་_100_,བོའི་_100_,བོའི་_100_,བོའི་_100_,བོའི་_100_,བོའི་_100_
[ཕྲེང་_100_],ཕྲེང་_100_,ཕྲེང་_100_,ཕྲེང་_100_,ཕྲེང་_100_,ཕྲེང་_100_,ཕྲེང་_100_,ཕྲེང་_100_
[བ་_100_],བ་_100_,བ་_100_,བ་_100_,བ་_100_,བ་_100_,བ་_100_,བ་_100_
[འཕྱང་_100_],འཕྱང་_100_,འཕྱང་_100_,འཕྱང་_100_,འཕྱང་_100_,འཕྱང་_100_,འཕྱང་_100_,འཕྱང་_100_
[བ་_100_],བ་_100_,བ་_100_,བ་_100_,བ་_100_,བ་_100_,བ་_100_,བ་_100_
[ཅན_100_],ཅན_100_,ཅན_100_,ཅན_100_,ཅན_100_,ཅན_100_,ཅན_100_,ཅན_100_
[། །​_100_],། །​_100_,། །​_100_,། །​_100_,། །​_100_,། །​_100_,། །​_100_,། །​_100_
[རོ་_100_],རོ་_100_,རོ་_100_,རོ་_100_,རོ་_100_,རོ་_100_,རོ་_100_,རོ་_100_
[ལ་_100_],ལ་_100_,ལ་_100_,ལ་_100_,ལ་_100_,ལ་_100_,ལ་_100_,ལ་_100_
[གནས་_100_],གནས་_100_,གནས་_100_,གནས་_100_,གནས་_100_,གནས་_100_,གནས་_100_,གནས་_100_
[ཤིང་_100_],ཤིང་_100_,ཤིང་_100_,ཤིང་_100_,ཤིང་_100_,ཤིང་_100_,ཤིང་_100_,ཤིང་_100_
[འཇིགས་_100_],འཇིགས་_100_,འཇིགས་_100_,འཇིགས་_100_,འཇིགས་_100_,འཇིགས་_100_,འཇིགས་_100_,འཇིགས་_100_
[ཆེན་_100_],ཆེན་_100_,ཆེན་_100_,ཆེན་_100_,ཆེན་_100_,ཆེན་_100_,ཆེན་_100_,ཆེན་_100_
[མོ_100_],མོ_100_,མོ_100_,མོ_100_,མོ_100_,མོ_100_,མོ_100_,མོ_100_
[། །​_100_],། །​_100_,། །​_100_,། །​_100_,། །​_100_,། །​_100_,། །​_100_,། །​_100_
[མི་_100_],མི་_100_,མི་_100_,མི་_100_,མི་_100_,མི་_100_,མི་_100_,མི་_100_
[བསྐྱོད་_100_],བསྐྱོད་_100_,བསྐྱོད་_100_,བསྐྱོད་_100_,བསྐྱོད་_100_,བསྐྱོད་_100_,བསྐྱོད་_100_,བསྐྱོད་_100_
[པ་_100_],པ་_100_,པ་_100_,པ་_100_,པ་_100_,པ་_100_,པ་_100_,པ་_100_
[ཡིས་_75_],ཡིས་_75_,ཡི་_25_,ཡི་_25_,ཡིས་_75_,ཡིས་_75_,ཡིས་_75_,ཡིས་_75_
[དབུ་_100_],དབུ་_100_,དབུ་_100_,དབུ་_100_,དབུ་_100_,དབུ་_100_,དབུ་_100_,དབུ་_100_
[ལ་_100_],ལ་_100_,ལ་_100_,ལ་_100_,ལ་_100_,ལ་_100_,ལ་_100_,ལ་_100_
[བརྒྱན_100_],བརྒྱན_100_,བརྒྱན_100_,བརྒྱན_100_,བརྒྱན_100_,བརྒྱན_100_,བརྒྱན_100_,བརྒྱན_100_
[། །​_100_],། །​_100_,། །​_100_,། །​_100_,། །​_100_,། །​_100_,། །​_100_,། །​_100_
[ལང་_100_],ལང་_100_,ལང་_100_,ལང་_100_,ལང་_100_,ལང་_100_,ལང་_100_,ལང་_100_
[ཚོ་_100_],ཚོ་_100_,ཚོ་_100_,ཚོ་_100_,ཚོ་_100_,ཚོ་_100_,ཚོ་_100_,ཚོ་_100_
[གཞོན་_100_],གཞོན་_100_,གཞོན་_100_,གཞོན་_100_,གཞོན་_100_,གཞོན་_100_,གཞོན་_100_,གཞོན་_100_
[ཞིང་_100_],ཞིང་_100_,ཞིང་_100_,ཞིང་_100_,ཞིང་_100_,ཞིང་_100_,ཞིང་_100_,ཞིང་_100_
[ཕུན་_100_],ཕུན་_100_,ཕུན་_100_,ཕུན་_100_,ཕུན་_100_,ཕུན་_100_,ཕུན་_100_,ཕུན་_100_
[སུམ་_100_],སུམ་_100_,སུམ་_100_,སུམ་_100_,སུམ་_100_,སུམ་_100_,སུམ་_100_,སུམ་_100_
[ཚོགས_100_],ཚོགས_100_,ཚོགས_100_,ཚོགས_100_,ཚོགས_100_,ཚོགས_100_,ཚོགས_100_,ཚོགས_100_
[། །​_100_],། །​_100_,། །​_100_,། །​_100_,། །​_100_,། །​_100_,། །​_100_,། །​_100_
[མི་_100_],མི་_100_,མི་_100_,མི་_100_,མི་_100_,མི་_100_,མི་_100_,མི་_100_
[བཟད་_100_],བཟད་_100_,བཟད་_100_,བཟད་_100_,བཟད་_100_,བཟད་_100_,བཟད་_100_,བཟད་_100_
[གད་_100_],གད་_100_,གད་_100_,གད་_100_,གད་_100_,གད་_100_,གད་_100_,གད་_100_
[རྒྱངས་_100_],རྒྱངས་_100_,རྒྱངས་_100_,རྒྱངས་_100_,རྒྱངས་_100_,རྒྱངས་_100_,རྒྱངས་_100_,རྒྱངས་_100_
[འཕྲོ་_100_],འཕྲོ་_100_,འཕྲོ་_100_,འཕྲོ་_100_,འཕྲོ་_100_,འཕྲོ་_100_,འཕྲོ་_100_,འཕྲོ་_100_
[བ་_100_],བ་_100_,བ་_100_,བ་_100_,བ་_100_,བ་_100_,བ་_100_,བ་_100_
[ཅན_100_],ཅན_100_,ཅན_100_,ཅན_100_,ཅན_100_,ཅན_100_,ཅན_100_,ཅན_100_
[། །​_100_],། །​_100_,། །​_100_,། །​_100_,། །​_100_,། །​_100_,། །​_100_,། །​_100_
[ཊཱཾ་_62_],ཊཱཾ་_62_,ཊཾ་_25_,ཊཾ་_25_,ཊཱཾ་_62_,ཊཱཾ་_62_,ཏཱཾ་_12_,ཊཱཾ་_62_
[ཡིག་_100_],ཡིག་_100_,ཡིག་_100_,ཡིག་_100_,ཡིག་_100_,ཡིག་_100_,ཡིག་_100_,ཡིག་_100_
[ས་_100_],ས་_100_,ས་_100_,ས་_100_,ས་_100_,ས་_100_,ས་_100_,ས་_100_
[བོན་_100_],བོན་_100_,བོན་_100_,བོན་_100_,བོན་_100_,བོན་_100_,བོན་_100_,བོན་_100_
[ལས་_100_],ལས་_100_,ལས་_100_,ལས་_100_,ལས་_100_,ལས་_100_,ལས་_100_,ལས་_100_
[བྱུང་_100_],བྱུང་_100_,བྱུང་_100_,བྱུང་_100_,བྱུང་_100_,བྱུང་_100_,བྱུང་_100_,བྱུང་_100_
[བ_100_],བ_100_,བ_100_,བ_100_,བ_100_,བ_100_,བ_100_,བ_100_
[། །​_100_],། །​_100_,། །​_100_,། །​_100_,། །​_100_,། །​_100_,། །​_100_,། །​_100_
[དེ་_100_],དེ་_100_,དེ་_100_,དེ་_100_,དེ་_100_,དེ་_100_,དེ་_100_,དེ་_100_
[མ་_100_],མ་_100_,མ་_100_,མ་_100_,མ་_100_,མ་_100_,མ་_100_,མ་_100_
[ཐག་_100_],ཐག་_100_,ཐག་_100_,ཐག་_100_,ཐག་_100_,ཐག་_100_,ཐག་_100_,ཐག་_100_
[རྐྱེན་_100_],རྐྱེན་_100_,རྐྱེན་_100_,རྐྱེན་_100_,རྐྱེན་_100_,རྐྱེན་_100_,རྐྱེན་_100_,རྐྱེན་_100_
[བྱེད་_100_],བྱེད་_100_,བྱེད་_100_,བྱེད་_100_,བྱེད་_100_,བྱེད་_100_,བྱེད་_100_,བྱེད་_100_
[པ་_100_],པ་_100_,པ་_100_,པ་_100_,པ་_100_,པ་_100_,པ་_100_,པ་_100_
[ཅན_100_],ཅན_100_,ཅན_100_,ཅན_100_,ཅན_100_,ཅན_100_,ཅན_100_,ཅན_100_
[། །​_87_],། །​_87_,། །​_87_,། །​_87_,། །​_87_,། །​_87_,། །​ _12_,། །​_87_
[སྣ་_100_],སྣ་_100_,སྣ་_100_,སྣ་_100_,སྣ་_100_,སྣ་_100_,སྣ་_100_,སྣ་_100_
[ཚོགས་_100_],ཚོགས་_100_,ཚོགས་_100_,ཚོགས་_100_,ཚོགས་_100_,ཚོགས་_100_,ཚོགས་_100_,ཚོགས་_100_
[པདྨའི་_100_],པདྨའི་_100_,པདྨའི་_100_,པདྨའི་_100_,པདྨའི་_100_,པདྨའི་_100_,པདྨའི་_100_,པདྨའི་_100_
[སྟེང་_100_],སྟེང་_100_,སྟེང་_100_,སྟེང་_100_,སྟེང་_100_,སྟེང་_100_,སྟེང་_100_,སྟེང་_100_
[དུ་_100_],དུ་_100_,དུ་_100_,དུ་_100_,དུ་_100_,དུ་_100_,དུ་_100_,དུ་_100_
[ནི_100_],ནི_100_,ནི_100_,ནི_100_,ནི_100_,ནི_100_,ནི_100_,ནི_100_
[། །​_100_],། །​_100_,། །​_100_,། །​_100_,། །​_100_,། །​_100_,། །​_100_,། །​_100_
[རབ་_100_],རབ་_100_,རབ་_100_,རབ་_100_,རབ་_100_,རབ་_100_,རབ་_100_,རབ་_100_
[ཏུ་_100_],ཏུ་_100_,ཏུ་_100_,ཏུ་_100_,ཏུ་_100_,ཏུ་_100_,ཏུ་_100_,ཏུ་_100_
[འབད་_100_],འབད་_100_,འབད་_100_,འབད་_100_,འབད་_100_,འབད་_100_,འབད་_100_,འབད་_100_
[པས་_100_],པས་_100_,པས་_100_,པས་_100_,པས་_100_,པས་_100_,པས་_100_,པས་_100_
[ཉི་_100_],ཉི་_100_,ཉི་_100_,ཉི་_100_,ཉི་_100_,ཉི་_100_,ཉི་_100_,ཉི་_100_
[མ་_100_],མ་_100_,མ་_100_,མ་_100_,མ་_100_,མ་_100_,མ་_100_,མ་_100_
[བསམ_100_],བསམ_100_,བསམ_100_,བསམ_100_,བསམ_100_,བསམ_100_,བསམ_100_,བསམ_100_
[། །​_100_],། །​_100_,། །​_100_,། །​_100_,། །​_100_,། །​_100_,། །​_100_,། །​_100_
[ཧྲཱིཾ་ཏྲཱིཾ་_87_],ཧྲཱིཾ་ཏྲཱིཾ་_87_,ཧྲཱིཾ་ཏྲཱིཾ་_87_,ཧྲཱིཾ་ཏྲཱིཾ་_87_,ཧྲཱིཾ་ཏྲཱིཾ་_87_,ཧྲཱིཾ་ཏྲཱིཾ་_87_,ཧཱུཾ་ཧཱུཾ་_12_,ཧྲཱིཾ་ཏྲཱིཾ་_87_
[ཧཱུཾ་_100_],ཧཱུཾ་_100_,ཧཱུཾ་_100_,ཧཱུཾ་_100_,ཧཱུཾ་_100_,ཧཱུཾ་_100_,ཧཱུཾ་_100_,ཧཱུཾ་_100_
[ཕཊ_100_],ཕཊ_100_,ཕཊ_100_,ཕཊ_100_,ཕཊ_100_,ཕཊ_100_,ཕཊ_100_,ཕཊ_100_
[། _87_],། _87_,། _87_,། _87_,། _87_,། _87_,།_12_,། _87_
[མཁས་_100_],མཁས་_100_,མཁས་_100_,མཁས་_100_,མཁས་_100_,མཁས་_100_,མཁས་_100_,མཁས་_100_
[པས་_100_],པས་_100_,པས་_100_,པས་_100_,པས་_100_,པས་_100_,པས་_100_,པས་_100_
[རལ་_100_],རལ་_100_,རལ་_100_,རལ་_100_,རལ་_100_,རལ་_100_,རལ་_100_,རལ་_100_
[གྲིའི་_100_],གྲིའི་_100_,གྲིའི་_100_,གྲིའི་_100_,གྲིའི་_100_,གྲིའི་_100_,གྲིའི་_100_,གྲིའི་_100_
[གནས་_100_],གནས་_100_,གནས་_100_,གནས་_100_,གནས་_100_,གནས་_100_,གནས་_100_,གནས་_100_
[སུ་_100_],སུ་_100_,སུ་_100_,སུ་_100_,སུ་_100_,སུ་_100_,སུ་_100_,སུ་_100_
[ནི_100_],ནི_100_,ནི_100_,ནི_100_,ནི_100_,ནི_100_,ནི_100_,ནི_100_
[། །​_100_],། །​_100_,། །​_100_,། །​_100_,། །​_100_,། །​_100_,། །​_100_,། །​_100_
[རུས་_100_],རུས་_100_,རུས་_100_,རུས་_100_,རུས་_100_,རུས་_100_,རུས་_100_,རུས་_100_
[པའི་_100_],པའི་_100_,པའི་_100_,པའི་_100_,པའི་_100_,པའི་_100_,པའི་_100_,པའི་_100_
[ཕྲེང་_100_],ཕྲེང་_100_,ཕྲེང་_100_,ཕྲེང་_100_,ཕྲེང་_100_,ཕྲེང་_100_,ཕྲེང་_100_,ཕྲེང་_100_
[བ་_100_],བ་_100_,བ་_100_,བ་_100_,བ་_100_,བ་_100_,བ་_100_,བ་_100_
[བསམ་_100_],བསམ་_100_,བསམ་_100_,བསམ་_100_,བསམ་_100_,བསམ་_100_,བསམ་_100_,བསམ་_100_
[པར་_100_],པར་_100_,པར་_100_,པར་_100_,པར་_100_,པར་_100_,པར་_100_,པར་_100_
[བྱ_100_],བྱ_100_,བྱ_100_,བྱ_100_,བྱ_100_,བྱ_100_,བྱ_100_,བྱ_100_
[། །​_87_],། །​_87_,། །​_87_,། །​_87_,། །​_87_,། །​_87_,། །​ _12_,། །​_87_
[ཇི་_100_],ཇི་_100_,ཇི་_100_,ཇི་_100_,ཇི་_100_,ཇི་_100_,ཇི་_100_,ཇི་_100_
[ལྟར་_100_],ལྟར་_100_,ལྟར་_100_,ལྟར་_100_,ལྟར་_100_,ལྟར་_100_,ལྟར་_100_,ལྟར་_100_
[སྔོན་_100_],སྔོན་_100_,སྔོན་_100_,སྔོན་_100_,སྔོན་_100_,སྔོན་_100_,སྔོན་_100_,སྔོན་_100_
[གསུངས་_100_],གསུངས་_100_,གསུངས་_100_,གསུངས་_100_,གསུངས་_100_,གསུངས་_100_,གསུངས་_100_,གསུངས་_100_
[རིམ་_100_],རིམ་_100_,རིམ་_100_,རིམ་_100_,རིམ་_100_,རིམ་_100_,རིམ་_100_,རིམ་_100_
[པ་_100_],པ་_100_,པ་_100_,པ་_100_,པ་_100_,པ་_100_,པ་_100_,པ་_100_
[ཡིས_100_],ཡིས_100_,ཡིས_100_,ཡིས_100_,ཡིས_100_,ཡིས_100_,ཡིས_100_,ཡིས_100_
[། །​_100_],། །​_100_,། །​_100_,། །​_100_,། །​_100_,། །​_100_,། །​_100_,། །​_100_
[སྔགས་_100_],སྔགས་_100_,སྔགས་_100_,སྔགས་_100_,སྔགས་_100_,སྔགས་_100_,སྔགས་_100_,སྔགས་_100_
[མཆོག་_100_],མཆོག་_100_,མཆོག་_100_,མཆོག་_100_,མཆོག་_100_,མཆོག་_100_,མཆོག་_100_,མཆོག་_100_
[ཡང་_100_],ཡང་_100_,ཡང་_100_,ཡང་_100_,ཡང་_100_,ཡང་_100_,ཡང་_100_,ཡང་_100_
[དག་_100_],དག་_100_,དག་_100_,དག་_100_,དག་_100_,དག་_100_,དག་_100_,དག་_100_
[བཟླས་_100_],བཟླས་_100_,བཟླས་_100_,བཟླས་_100_,བཟླས་_100_,བཟླས་_100_,བཟླས་_100_,བཟླས་_100_
[པར་_100_],པར་_100_,པར་_100_,པར་_100_,པར་_100_,པར་_100_,པར་_100_,པར་_100_
[བྱ_100_],བྱ_100_,བྱ_100_,བྱ_100_,བྱ_100_,བྱ_100_,བྱ_100_,བྱ_100_
[། །​_100_],། །​_100_,། །​_100_,། །​_100_,། །​_100_,། །​_100_,། །​_100_,། །​_100_
[བསྒོམ་_100_],བསྒོམ་_100_,བསྒོམ་_100_,བསྒོམ་_100_,བསྒོམ་_100_,བསྒོམ་_100_,བསྒོམ་_100_,བསྒོམ་_100_
[པའི་_100_],པའི་_100_,པའི་_100_,པའི་_100_,པའི་_100_,པའི་_100_,པའི་_100_,པའི་_100_
[སྟོབས་_100_],སྟོབས་_100_,སྟོབས་_100_,སྟོབས་_100_,སྟོབས་_100_,སྟོབས་_100_,སྟོབས་_100_,སྟོབས་_100_
[ནི་_100_],ནི་_100_,ནི་_100_,ནི་_100_,ནི་_100_,ནི་_100_,ནི་_100_,ནི་_100_
[རྫོགས་_100_],རྫོགས་_100_,རྫོགས་_100_,རྫོགས་_100_,རྫོགས་_100_,རྫོགས་_100_,རྫོགས་_100_,རྫོགས་_100_
[པ་_100_],པ་_100_,པ་_100_,པ་_100_,པ་_100_,པ་_100_,པ་_100_,པ་_100_
[ན_100_],ན_100_,ན_100_,ན_100_,ན_100_,ན_100_,ན_100_,ན_100_
[། །​_100_],། །​_100_,། །​_100_,། །​_100_,། །​_100_,། །​_100_,། །​_100_,། །​_100_
[རྣལ་_100_],རྣལ་_100_,རྣལ་_100_,རྣལ་_100_,རྣལ་_100_,རྣལ་_100_,རྣལ་_100_,རྣལ་_100_
[འབྱོར་_100_],འབྱོར་_100_,འབྱོར་_100_,འབྱོར་_100_,འབྱོར་_100_,འབྱོར་_100_,འབྱོར་_100_,འབྱོར་_100_
[སྙན་_100_],སྙན་_100_,སྙན་_100_,སྙན་_100_,སྙན་_100_,སྙན་_100_,སྙན་_100_,སྙན་_100_
[ངག་_100_],ངག་_100_,ངག་_100_,ངག་_100_,ངག་_100_,ངག་_100_,ངག་_100_,ངག་_100_
[ཆེན་_100_],ཆེན་_100_,ཆེན་_100_,ཆེན་_100_,ཆེན་_100_,ཆེན་_100_,ཆེན་_100_,ཆེན་_100_
[པོར་_100_],པོར་_100_,པོར་_100_,པོར་_100_,པོར་_100_,པོར་_100_,པོར་_100_,པོར་_100_
[འགྱུར_100_],འགྱུར_100_,འགྱུར_100_,འགྱུར_100_,འགྱུར_100_,འགྱུར_100_,འགྱུར_100_,འགྱུར_100_
[། །​_100_],། །​_100_,། །​_100_,། །​_100_,། །​_100_,། །​_100_,། །​_100_,། །​_100_
[འབུམ་_100_],འབུམ་_100_,འབུམ་_100_,འབུམ་_100_,འབུམ་_100_,འབུམ་_100_,འབུམ་_100_,འབུམ་_100_
[ཕྲག་_100_],ཕྲག་_100_,ཕྲག་_100_,ཕྲག་_100_,ཕྲག་_100_,ཕྲག་_100_,ཕྲག་_100_,ཕྲག་_100_
[གཅིག་_100_],གཅིག་_100_,གཅིག་_100_,གཅིག་_100_,གཅིག་_100_,གཅིག་_100_,གཅིག་_100_,གཅིག་_100_
[གི་_75_],གི་_75_,གིས་_25_,གིས་_25_,གི་_75_,གི་_75_,གི་_75_,གི་_75_
[བཟླས་_100_],བཟླས་_100_,བཟླས་_100_,བཟླས་_100_,བཟླས་_100_,བཟླས་_100_,བཟླས་_100_,བཟླས་_100_
[པ་_100_],པ་_100_,པ་_100_,པ་_100_,པ་_100_,པ་_100_,པ་_100_,པ་_100_
[ཡིས_100_],ཡིས_100_,ཡིས_100_,ཡིས_100_,ཡིས_100_,ཡིས_100_,ཡིས_100_,ཡིས_100_
[། །​_100_],། །​_100_,། །​_100_,། །​_100_,། །​_100_,། །​_100_,། །​_100_,། །​_100_
[འཇམ་_100_],འཇམ་_100_,འཇམ་_100_,འཇམ་_100_,འཇམ་_100_,འཇམ་_100_,འཇམ་_100_,འཇམ་_100_
[དབྱངས་_100_],དབྱངས་_100_,དབྱངས་_100_,དབྱངས་_100_,དབྱངས་_100_,དབྱངས་_100_,དབྱངས་_100_,དབྱངས་_100_
[དང་_100_],དང་_100_,དང་_100_,དང་_100_,དང་_100_,དང་_100_,དང་_100_,དང་_100_
[མཚུངས་_100_],མཚུངས་_100_,མཚུངས་_100_,མཚུངས་_100_,མཚུངས་_100_,མཚུངས་_100_,མཚུངས་_100_,མཚུངས་_100_
[ཐོབ་_100_],ཐོབ་_100_,ཐོབ་_100_,ཐོབ་_100_,ཐོབ་_100_,ཐོབ་_100_,ཐོབ་_100_,ཐོབ་_100_
[པར་_100_],པར་_100_,པར་_100_,པར་_100_,པར་_100_,པར་_100_,པར་_100_,པར་_100_
[འགྱུར_100_],འགྱུར_100_,འགྱུར_100_,འགྱུར_100_,འགྱུར_100_,འགྱུར_100_,འགྱུར_100_,འགྱུར_100_
[། །​_100_],། །​_100_,། །​_100_,། །​_100_,། །​_100_,། །​_100_,། །​_100_,། །​_100_
[སྒྲོལ་_100_],སྒྲོལ་_100_,སྒྲོལ་_100_,སྒྲོལ་_100_,སྒྲོལ་_100_,སྒྲོལ་_100_,སྒྲོལ་_100_,སྒྲོལ་_100_
[མའི་_100_],མའི་_100_,མའི་_100_,མའི་_100_,མའི་_100_,མའི་_100_,མའི་_100_,མའི་_100_
[སྒྲུབ་_100_],སྒྲུབ་_100_,སྒྲུབ་_100_,སྒྲུབ་_100_,སྒྲུབ་_100_,སྒྲུབ་_100_,སྒྲུབ་_100_,སྒྲུབ་_100_
[ཐབས་_100_],ཐབས་_100_,ཐབས་_100_,ཐབས་_100_,ཐབས་_100_,ཐབས་_100_,ཐབས་_100_,ཐབས་_100_
[བརྩམས་_100_],བརྩམས་_100_,བརྩམས་_100_,བརྩམས་_100_,བརྩམས་_100_,བརྩམས་_100_,བརྩམས་_100_,བརྩམས་_100_
[པ་_100_],པ་_100_,པ་_100_,པ་_100_,པ་_100_,པ་_100_,པ་_100_,པ་_100_
[ཡིས_100_],ཡིས_100_,ཡིས_100_,ཡིས_100_,ཡིས_100_,ཡིས_100_,ཡིས_100_,ཡིས_100_
[། །​_100_],། །​_100_,། །​_100_,། །​_100_,། །​_100_,། །​_100_,། །​_100_,། །​_100_
[བདག་_100_],བདག་_100_,བདག་_100_,བདག་_100_,བདག་_100_,བདག་_100_,བདག་_100_,བདག་_100_
[གིས་_100_],གིས་_100_,གིས་_100_,གིས་_100_,གིས་_100_,གིས་_100_,གིས་_100_,གིས་_100_
[བསོད་_100_],བསོད་_100_,བསོད་_100_,བསོད་_100_,བསོད་_100_,བསོད་_100_,བསོད་_100_,བསོད་_100_
[ནམས་_100_],ནམས་_100_,ནམས་_100_,ནམས་_100_,ནམས་_100_,ནམས་_100_,ནམས་_100_,ནམས་_100_
[གང་_100_],གང་_100_,གང་_100_,གང་_100_,གང་_100_,གང་_100_,གང་_100_,གང་_100_
[བསྒྲུབས་_100_],བསྒྲུབས་_100_,བསྒྲུབས་_100_,བསྒྲུབས་_100_,བསྒྲུབས་_100_,བསྒྲུབས་_100_,བསྒྲུབས་_100_,བསྒྲུབས་_100_
[དེས_100_],དེས_100_,དེས_100_,དེས_100_,དེས_100_,དེས_100_,དེས_100_,དེས_100_
[། །​_87_],། །​_87_,། །​_87_,། །​_87_,། །​_87_,། །​_87_,། །​ །​_12_,། །​_87_
[སྲོག་_100_],སྲོག་_100_,སྲོག་_100_,སྲོག་_100_,སྲོག་_100_,སྲོག་_100_,སྲོག་_100_,སྲོག་_100_
[ཆགས་_100_],ཆགས་_100_,ཆགས་_100_,ཆགས་_100_,ཆགས་_100_,ཆགས་_100_,ཆགས་_100_,ཆགས་_100_
[སྐྱེ་_87_],སྐྱེ་_87_,སྐྱེ་_87_,སྐྱེ་_87_,སྐྱེ་_87_,སྐྱེ་ _12_,སྐྱེ་_87_,སྐྱེ་_87_
[བོ་_100_],བོ་_100_,བོ་_100_,བོ་_100_,བོ་_100_,བོ་_100_,བོ་_100_,བོ་_100_
[མ་_100_],མ་_100_,མ་_100_,མ་_100_,མ་_100_,མ་_100_,མ་_100_,མ་_100_
[ལུས་_100_],ལུས་_100_,ལུས་_100_,ལུས་_100_,ལུས་_100_,ལུས་_100_,ལུས་_100_,ལུས་_100_
[པ_100_],པ_100_,པ_100_,པ_100_,པ_100_,པ_100_,པ_100_,པ_100_
[། །​_100_],། །​_100_,། །​_100_,། །​_100_,། །​_100_,། །​_100_,། །​_100_,། །​_100_
[སྒྲོལ་_100_],སྒྲོལ་_100_,སྒྲོལ་_100_,སྒྲོལ་_100_,སྒྲོལ་_100_,སྒྲོལ་_100_,སྒྲོལ་_100_,སྒྲོལ་_100_
[མ་_100_],མ་_100_,མ་_100_,མ་_100_,མ་_100_,མ་_100_,མ་_100_,མ་_100_
[དང་_100_],དང་_100_,དང་_100_,དང་_100_,དང་_100_,དང་_100_,དང་_100_,དང་_100_
[ནི་_100_],ནི་_100_,ནི་_100_,ནི་_100_,ནི་_100_,ནི་_100_,ནི་_100_,ནི་_100_
[མཚུངས་_100_],མཚུངས་_100_,མཚུངས་_100_,མཚུངས་_100_,མཚུངས་_100_,མཚུངས་_100_,མཚུངས་_100_,མཚུངས་_100_
[པར་_100_],པར་_100_,པར་_100_,པར་_100_,པར་_100_,པར་_100_,པར་_100_,པར་_100_
[ཤོག _100_],ཤོག _100_,ཤོག _100_,ཤོག _100_,ཤོག _100_,ཤོག _100_,ཤོག _100_,ཤོག _100_
[།​_100_],།​_100_,།​_100_,།​_100_,།​_100_,།​_100_,།​_100_,།​_100_
[རལ་_100_],རལ་_100_,རལ་_100_,རལ་_100_,རལ་_100_,རལ་_100_,རལ་_100_,རལ་_100_
[པ་_100_],པ་_100_,པ་_100_,པ་_100_,པ་_100_,པ་_100_,པ་_100_,པ་_100_
[གཅིག་_100_],གཅིག་_100_,གཅིག་_100_,གཅིག་_100_,གཅིག་_100_,གཅིག་_100_,གཅིག་_100_,གཅིག་_100_
[མའི་_100_],མའི་_100_,མའི་_100_,མའི་_100_,མའི་_100_,མའི་_100_,མའི་_100_,མའི་_100_
[སྒྲུབ་_100_],སྒྲུབ་_100_,སྒྲུབ་_100_,སྒྲུབ་_100_,སྒྲུབ་_100_,སྒྲུབ་_100_,སྒྲུབ་_100_,སྒྲུབ་_100_
[ཐབས་_100_],ཐབས་_100_,ཐབས་_100_,ཐབས་_100_,ཐབས་_100_,ཐབས་_100_,ཐབས་_100_,ཐབས་_100_
[རྫོགས་_100_],རྫོགས་_100_,རྫོགས་_100_,རྫོགས་_100_,རྫོགས་_100_,རྫོགས་_100_,རྫོགས་_100_,རྫོགས་_100_
སོ། །​ _25_,སོ། །​ _25_,སོ་སློབ་དཔོན་འཕགས་པ་ཀླུ་སྒྲུབ་ཞབས་ཀྱིས་བོད་ནས་གདན་དྲངས་པའོ། །​ །​་_25_,སོ་སློབ་དཔོན་འཕགས་པ་ཀླུ་སྒྲུབ་ཞབས་ཀྱིས་བོད་ནས་གདན་དྲངས་པའོ། །​ །​་_25_,སོ།། །​།_12_,[སོ། །​_37_],སོ། །​_37_,སོ། །​_37_
