[༄༅། །​རྗེ་བཙུན་འཕགས་པ་འཇམ་དཔལ་གྱི་སྙིང་རྗེ་ལ་བསྟོད་པ།༄༅༅། །​_44_],༄༅། །​རྗེ་བཙུན་འཕགས་པ་འཇམ་དཔལ་གྱི་སྙིང་རྗེ་ལ་བསྟོད་པ།༄༅༅། །​_44_,༄༅། །​རྗེ་བཙུན་འཕགས་པ་འཇམ་དཔལ་གྱི་སྙིང་རྗེ་ལ་བསྟོད་པ།༄༅༅། །​_44_,༄༅། །​རྗེ་བཙུན་འཕགས་པ་འཇམ་དཔལ་གྱི་སྙིང་རྗེ་ལ་བསྟོད་པ།༄༅༅། །​_44_,༄༅༅། །​_22_,༄༅༅། །​_22_,_11_,༅༅། །​_11_,༄༅། །​_11_
[རྒྱ་_100_],རྒྱ་_100_,རྒྱ་_100_,རྒྱ་_100_,རྒྱ་_100_,རྒྱ་_100_,རྒྱ་_100_,རྒྱ་_100_,རྒྱ་_100_
[གར་_100_],གར་_100_,གར་_100_,གར་_100_,གར་_100_,གར་_100_,གར་_100_,གར་_100_,གར་_100_
[སྐད་_100_],སྐད་_100_,སྐད་_100_,སྐད་_100_,སྐད་_100_,སྐད་_100_,སྐད་_100_,སྐད་_100_,སྐད་_100_
[དུ_100_],དུ_100_,དུ_100_,དུ_100_,དུ_100_,དུ_100_,དུ_100_,དུ_100_,དུ_100_
[། _100_],། _100_,། _100_,། _100_,། _100_,། _100_,། _100_,། _100_,། _100_
[ཨཱརྱ་མཉྫུ་_66_],ཨཱརྱ་མཉྫུ་_66_,ཨཱརྱ་མཉྫུ་_66_,ཨཱརྱ་མཉྫུ་_66_,ཨཱརྱ་མཉྫུ་_66_,ཨཱརྱ་མཉྫུ་_66_,ཨཪྻ་མཉྫུ་_11_,ཨརྱ་མཉྫུ་_11_,ཨཱརྱ་མཉྫ་_11_
[ཤྲཱི་_100_],ཤྲཱི་_100_,ཤྲཱི་_100_,ཤྲཱི་_100_,ཤྲཱི་_100_,ཤྲཱི་_100_,ཤྲཱི་_100_,ཤྲཱི་_100_,ཤྲཱི་_100_
[བྷནྚཱ་_66_],བྷནྚཱ་_66_,བྷནྚཱ་_66_,བྷནྚཱ་_66_,བྷནྚཱ་_66_,བྷནྚཱ་_66_,བྷ་ཎཱ་_11_,བྷཊྚཱ་_11_,བྷཏྟཱ་_11_
[ར་_100_],ར་_100_,ར་_100_,ར་_100_,ར་_100_,ར་_100_,ར་_100_,ར་_100_,ར་_100_
[ཀ་_100_],ཀ་_100_,ཀ་_100_,ཀ་_100_,ཀ་_100_,ཀ་_100_,ཀ་_100_,ཀ་_100_,ཀ་_100_
[ཀཱ་_100_],ཀཱ་_100_,ཀཱ་_100_,ཀཱ་_100_,ཀཱ་_100_,ཀཱ་_100_,ཀཱ་_100_,ཀཱ་_100_,ཀཱ་_100_
[རུ་_100_],རུ་_100_,རུ་_100_,རུ་_100_,རུ་_100_,རུ་_100_,རུ་_100_,རུ་_100_,རུ་_100_
[ཎ་_100_],ཎ་_100_,ཎ་_100_,ཎ་_100_,ཎ་_100_,ཎ་_100_,ཎ་_100_,ཎ་_100_,ཎ་_100_
[སྟོ་_100_],སྟོ་_100_,སྟོ་_100_,སྟོ་_100_,སྟོ་_100_,སྟོ་_100_,སྟོ་_100_,སྟོ་_100_,སྟོ་_100_
[ཏྲ_100_],ཏྲ_100_,ཏྲ_100_,ཏྲ_100_,ཏྲ_100_,ཏྲ_100_,ཏྲ_100_,ཏྲ_100_,ཏྲ_100_
[། _100_],། _100_,། _100_,། _100_,། _100_,། _100_,། _100_,། _100_,། _100_
[བོད་_100_],བོད་_100_,བོད་_100_,བོད་_100_,བོད་_100_,བོད་_100_,བོད་_100_,བོད་_100_,བོད་_100_
[སྐད་_100_],སྐད་_100_,སྐད་_100_,སྐད་_100_,སྐད་_100_,སྐད་_100_,སྐད་_100_,སྐད་_100_,སྐད་_100_
[དུ_100_],དུ_100_,དུ_100_,དུ_100_,དུ_100_,དུ_100_,དུ_100_,དུ_100_,དུ_100_
[། _88_],། _88_,། _88_,། _88_,། _88_,། _88_,།  _11_,། _88_,། _88_
[རྗེ་_100_],རྗེ་_100_,རྗེ་_100_,རྗེ་_100_,རྗེ་_100_,རྗེ་_100_,རྗེ་_100_,རྗེ་_100_,རྗེ་_100_
[བཙུན་_100_],བཙུན་_100_,བཙུན་_100_,བཙུན་_100_,བཙུན་_100_,བཙུན་_100_,བཙུན་_100_,བཙུན་_100_,བཙུན་_100_
[འཕགས་_100_],འཕགས་_100_,འཕགས་_100_,འཕགས་_100_,འཕགས་_100_,འཕགས་_100_,འཕགས་_100_,འཕགས་_100_,འཕགས་_100_
[པ་_100_],པ་_100_,པ་_100_,པ་_100_,པ་_100_,པ་_100_,པ་_100_,པ་_100_,པ་_100_
[འཇམ་_100_],འཇམ་_100_,འཇམ་_100_,འཇམ་_100_,འཇམ་_100_,འཇམ་_100_,འཇམ་_100_,འཇམ་_100_,འཇམ་_100_
[དཔལ་_100_],དཔལ་_100_,དཔལ་_100_,དཔལ་_100_,དཔལ་_100_,དཔལ་_100_,དཔལ་_100_,དཔལ་_100_,དཔལ་_100_
[གྱི་_100_],གྱི་_100_,གྱི་_100_,གྱི་_100_,གྱི་_100_,གྱི་_100_,གྱི་_100_,གྱི་_100_,གྱི་_100_
[སྙིང་_100_],སྙིང་_100_,སྙིང་_100_,སྙིང་_100_,སྙིང་_100_,སྙིང་_100_,སྙིང་_100_,སྙིང་_100_,སྙིང་_100_
[རྗེ་_100_],རྗེ་_100_,རྗེ་_100_,རྗེ་_100_,རྗེ་_100_,རྗེ་_100_,རྗེ་_100_,རྗེ་_100_,རྗེ་_100_
[ལ་_100_],ལ་_100_,ལ་_100_,ལ་_100_,ལ་_100_,ལ་_100_,ལ་_100_,ལ་_100_,ལ་_100_
[བསྟོད་_100_],བསྟོད་_100_,བསྟོད་_100_,བསྟོད་_100_,བསྟོད་_100_,བསྟོད་_100_,བསྟོད་_100_,བསྟོད་_100_,བསྟོད་_100_
[པ། _77_],པ། _77_,པ། _77_,པ། _77_,པ། _77_,པ། _77_,པ །​ །​_11_,པ། _77_,པ། །​ །​_11_
[འཇམ་_100_],འཇམ་_100_,འཇམ་_100_,འཇམ་_100_,འཇམ་_100_,འཇམ་_100_,འཇམ་_100_,འཇམ་_100_,འཇམ་_100_
[དཔལ་_100_],དཔལ་_100_,དཔལ་_100_,དཔལ་_100_,དཔལ་_100_,དཔལ་_100_,དཔལ་_100_,དཔལ་_100_,དཔལ་_100_
[གཞོན་_100_],གཞོན་_100_,གཞོན་_100_,གཞོན་_100_,གཞོན་_100_,གཞོན་_100_,གཞོན་_100_,གཞོན་_100_,གཞོན་_100_
[ནུར་_100_],ནུར་_100_,ནུར་_100_,ནུར་_100_,ནུར་_100_,ནུར་_100_,ནུར་_100_,ནུར་_100_,ནུར་_100_
[གྱུར་_100_],གྱུར་_100_,གྱུར་_100_,གྱུར་_100_,གྱུར་_100_,གྱུར་_100_,གྱུར་_100_,གྱུར་_100_,གྱུར་_100_
[པ་_100_],པ་_100_,པ་_100_,པ་_100_,པ་_100_,པ་_100_,པ་_100_,པ་_100_,པ་_100_
[ལ་_100_],ལ་_100_,ལ་_100_,ལ་_100_,ལ་_100_,ལ་_100_,ལ་_100_,ལ་_100_,ལ་_100_
[ཕྱག་_100_],ཕྱག་_100_,ཕྱག་_100_,ཕྱག་_100_,ཕྱག་_100_,ཕྱག་_100_,ཕྱག་_100_,ཕྱག་_100_,ཕྱག་_100_
[འཚལ་_100_],འཚལ་_100_,འཚལ་_100_,འཚལ་_100_,འཚལ་_100_,འཚལ་_100_,འཚལ་_100_,འཚལ་_100_,འཚལ་_100_
[ལོ_100_],ལོ_100_,ལོ_100_,ལོ_100_,ལོ_100_,ལོ_100_,ལོ_100_,ལོ_100_,ལོ_100_
[། །​_100_],། །​_100_,། །​_100_,། །​_100_,། །​_100_,། །​_100_,། །​_100_,། །​_100_,། །​_100_
[ཉེས་_100_],ཉེས་_100_,ཉེས་_100_,ཉེས་_100_,ཉེས་_100_,ཉེས་_100_,ཉེས་_100_,ཉེས་_100_,ཉེས་_100_
[པ་_100_],པ་_100_,པ་_100_,པ་_100_,པ་_100_,པ་_100_,པ་_100_,པ་_100_,པ་_100_
[མ་_100_],མ་_100_,མ་_100_,མ་_100_,མ་_100_,མ་_100_,མ་_100_,མ་_100_,མ་_100_
[ལུས་_100_],ལུས་_100_,ལུས་_100_,ལུས་_100_,ལུས་_100_,ལུས་_100_,ལུས་_100_,ལུས་_100_,ལུས་_100_
[པ་_100_],པ་_100_,པ་_100_,པ་_100_,པ་_100_,པ་_100_,པ་_100_,པ་_100_,པ་_100_
[རྣམས་_100_],རྣམས་_100_,རྣམས་_100_,རྣམས་_100_,རྣམས་_100_,རྣམས་_100_,རྣམས་_100_,རྣམས་_100_,རྣམས་_100_
[རབ་_100_],རབ་_100_,རབ་_100_,རབ་_100_,རབ་_100_,རབ་_100_,རབ་_100_,རབ་_100_,རབ་_100_
[བསལ་_100_],བསལ་_100_,བསལ་_100_,བསལ་_100_,བསལ་_100_,བསལ་_100_,བསལ་_100_,བསལ་_100_,བསལ་_100_
[ཞིང་_100_],ཞིང་_100_,ཞིང་_100_,ཞིང་_100_,ཞིང་_100_,ཞིང་_100_,ཞིང་_100_,ཞིང་_100_,ཞིང་_100_
[། །​_88_],། །​_88_,། །​_88_,། །​_88_,། །​_88_,། །​_88_,། །​_88_,། །​_88_,༑ = །​_11_
[ཐུབ་_100_],ཐུབ་_100_,ཐུབ་_100_,ཐུབ་_100_,ཐུབ་_100_,ཐུབ་_100_,ཐུབ་_100_,ཐུབ་_100_,ཐུབ་_100_
[པའི་_100_],པའི་_100_,པའི་_100_,པའི་_100_,པའི་_100_,པའི་_100_,པའི་_100_,པའི་_100_,པའི་_100_
[གྲགས་_100_],གྲགས་_100_,གྲགས་_100_,གྲགས་_100_,གྲགས་_100_,གྲགས་_100_,གྲགས་_100_,གྲགས་_100_,གྲགས་_100_
[པས་_100_],པས་_100_,པས་_100_,པས་_100_,པས་_100_,པས་_100_,པས་_100_,པས་_100_,པས་_100_
[འགྲོ་_100_],འགྲོ་_100_,འགྲོ་_100_,འགྲོ་_100_,འགྲོ་_100_,འགྲོ་_100_,འགྲོ་_100_,འགྲོ་_100_,འགྲོ་_100_
[བ་_100_],བ་_100_,བ་_100_,བ་_100_,བ་_100_,བ་_100_,བ་_100_,བ་_100_,བ་_100_
[མ་_100_],མ་_100_,མ་_100_,མ་_100_,མ་_100_,མ་_100_,མ་_100_,མ་_100_,མ་_100_
[ལུས་_100_],ལུས་_100_,ལུས་_100_,ལུས་_100_,ལུས་_100_,ལུས་_100_,ལུས་_100_,ལུས་_100_,ལུས་_100_
[ཁྱབ_100_],ཁྱབ_100_,ཁྱབ_100_,ཁྱབ_100_,ཁྱབ_100_,ཁྱབ_100_,ཁྱབ_100_,ཁྱབ_100_,ཁྱབ_100_
[། །​_100_],། །​_100_,། །​_100_,། །​_100_,། །​_100_,། །​_100_,། །​_100_,། །​_100_,། །​_100_
[དཔལ་_100_],དཔལ་_100_,དཔལ་_100_,དཔལ་_100_,དཔལ་_100_,དཔལ་_100_,དཔལ་_100_,དཔལ་_100_,དཔལ་_100_
[ལྡན་_100_],ལྡན་_100_,ལྡན་_100_,ལྡན་_100_,ལྡན་_100_,ལྡན་_100_,ལྡན་_100_,ལྡན་_100_,ལྡན་_100_
[རབ་_100_],རབ་_100_,རབ་_100_,རབ་_100_,རབ་_100_,རབ་_100_,རབ་_100_,རབ་_100_,རབ་_100_
[ཏུ་_100_],ཏུ་_100_,ཏུ་_100_,ཏུ་_100_,ཏུ་_100_,ཏུ་_100_,ཏུ་_100_,ཏུ་_100_,ཏུ་_100_
[བརྟན་_88_],བརྟན་_88_,བསྟན་_11_,བརྟན་_88_,བརྟན་_88_,བརྟན་_88_,བརྟན་_88_,བརྟན་_88_,བརྟན་_88_
[པའི་_100_],པའི་_100_,པའི་_100_,པའི་_100_,པའི་_100_,པའི་_100_,པའི་_100_,པའི་_100_,པའི་_100_
[སྐུ་_100_],སྐུ་_100_,སྐུ་_100_,སྐུ་_100_,སྐུ་_100_,སྐུ་_100_,སྐུ་_100_,སྐུ་_100_,སྐུ་_100_
[མངའ་_100_],མངའ་_100_,མངའ་_100_,མངའ་_100_,མངའ་_100_,མངའ་_100_,མངའ་_100_,མངའ་_100_,མངའ་_100_
[བ_100_],བ_100_,བ_100_,བ_100_,བ_100_,བ_100_,བ_100_,བ_100_,བ_100_
[། །​_100_],། །​_100_,། །​_100_,། །​_100_,། །​_100_,། །​_100_,། །​_100_,། །​_100_,། །​_100_
[དཔལ་_100_],དཔལ་_100_,དཔལ་_100_,དཔལ་_100_,དཔལ་_100_,དཔལ་_100_,དཔལ་_100_,དཔལ་_100_,དཔལ་_100_
[ལྡན་_100_],ལྡན་_100_,ལྡན་_100_,ལྡན་_100_,ལྡན་_100_,ལྡན་_100_,ལྡན་_100_,ལྡན་_100_,ལྡན་_100_
[ཁྱེད་_100_],ཁྱེད་_100_,ཁྱེད་_100_,ཁྱེད་_100_,ཁྱེད་_100_,ཁྱེད་_100_,ཁྱེད་_100_,ཁྱེད་_100_,ཁྱེད་_100_
[ལ་_100_],ལ་_100_,ལ་_100_,ལ་_100_,ལ་_100_,ལ་_100_,ལ་_100_,ལ་_100_,ལ་_100_
[རྟག་_100_],རྟག་_100_,རྟག་_100_,རྟག་_100_,རྟག་_100_,རྟག་_100_,རྟག་_100_,རྟག་_100_,རྟག་_100_
[ཏུ་_100_],ཏུ་_100_,ཏུ་_100_,ཏུ་_100_,ཏུ་_100_,ཏུ་_100_,ཏུ་_100_,ཏུ་_100_,ཏུ་_100_
[ཕྱག་_100_],ཕྱག་_100_,ཕྱག་_100_,ཕྱག་_100_,ཕྱག་_100_,ཕྱག་_100_,ཕྱག་_100_,ཕྱག་_100_,ཕྱག་_100_
[འཚལ་_100_],འཚལ་_100_,འཚལ་_100_,འཚལ་_100_,འཚལ་_100_,འཚལ་_100_,འཚལ་_100_,འཚལ་_100_,འཚལ་_100_
[ལོ_100_],ལོ_100_,ལོ_100_,ལོ_100_,ལོ_100_,ལོ_100_,ལོ_100_,ལོ_100_,ལོ_100_
[། །​_88_],། །​_88_,། །​_88_,། །​_88_,། །​_88_,། །​_88_,། །​_88_,། །​_88_,།  །​_11_
[བོས་_100_],བོས་_100_,བོས་_100_,བོས་_100_,བོས་_100_,བོས་_100_,བོས་_100_,བོས་_100_,བོས་_100_
[ཤིང་_100_],ཤིང་_100_,ཤིང་_100_,ཤིང་_100_,ཤིང་_100_,ཤིང་_100_,ཤིང་_100_,ཤིང་_100_,ཤིང་_100_
[བོས་_100_],བོས་_100_,བོས་_100_,བོས་_100_,བོས་_100_,བོས་_100_,བོས་_100_,བོས་_100_,བོས་_100_
[ཤིང་_100_],ཤིང་_100_,ཤིང་_100_,ཤིང་_100_,ཤིང་_100_,ཤིང་_100_,ཤིང་_100_,ཤིང་_100_,ཤིང་_100_
[འགྲོ་_100_],འགྲོ་_100_,འགྲོ་_100_,འགྲོ་_100_,འགྲོ་_100_,འགྲོ་_100_,འགྲོ་_100_,འགྲོ་_100_,འགྲོ་_100_
[བ་_100_],བ་_100_,བ་_100_,བ་_100_,བ་_100_,བ་_100_,བ་_100_,བ་_100_,བ་_100_
[མ་_100_],མ་_100_,མ་_100_,མ་_100_,མ་_100_,མ་_100_,མ་_100_,མ་_100_,མ་_100_
[ལུས་_100_],ལུས་_100_,ལུས་_100_,ལུས་_100_,ལུས་_100_,ལུས་_100_,ལུས་_100_,ལུས་_100_,ལུས་_100_
[པ_100_],པ_100_,པ_100_,པ_100_,པ_100_,པ_100_,པ_100_,པ_100_,པ_100_
[། །​_100_],། །​_100_,། །​_100_,། །​_100_,། །​_100_,། །​_100_,། །​_100_,། །​_100_,། །​_100_
[ཕོངས་_100_],ཕོངས་_100_,ཕོངས་_100_,ཕོངས་_100_,ཕོངས་_100_,ཕོངས་_100_,ཕོངས་_100_,ཕོངས་_100_,ཕོངས་_100_
[པ་_100_],པ་_100_,པ་_100_,པ་_100_,པ་_100_,པ་_100_,པ་_100_,པ་_100_,པ་_100_
[འདི་_100_],འདི་_100_,འདི་_100_,འདི་_100_,འདི་_100_,འདི་_100_,འདི་_100_,འདི་_100_,འདི་_100_
[དག་_100_],དག་_100_,དག་_100_,དག་_100_,དག་_100_,དག་_100_,དག་_100_,དག་_100_,དག་_100_
[ཀུན་_100_],ཀུན་_100_,ཀུན་_100_,ཀུན་_100_,ཀུན་_100_,ཀུན་_100_,ཀུན་_100_,ཀུན་_100_,ཀུན་_100_
[ལས་_100_],ལས་_100_,ལས་_100_,ལས་_100_,ལས་_100_,ལས་_100_,ལས་_100_,ལས་_100_,ལས་_100_
[ཁྱེད་_100_],ཁྱེད་_100_,ཁྱེད་_100_,ཁྱེད་_100_,ཁྱེད་_100_,ཁྱེད་_100_,ཁྱེད་_100_,ཁྱེད་_100_,ཁྱེད་_100_
[སྐྱོབ་_100_],སྐྱོབ་_100_,སྐྱོབ་_100_,སྐྱོབ་_100_,སྐྱོབ་_100_,སྐྱོབ་_100_,སྐྱོབ་_100_,སྐྱོབ་_100_,སྐྱོབ་_100_
[མཛད_100_],མཛད_100_,མཛད_100_,མཛད_100_,མཛད_100_,མཛད_100_,མཛད_100_,མཛད_100_,མཛད_100_
[། །​_100_],། །​_100_,། །​_100_,། །​_100_,། །​_100_,། །​_100_,། །​_100_,། །​_100_,། །​_100_
[བདག་_100_],བདག་_100_,བདག་_100_,བདག་_100_,བདག་_100_,བདག་_100_,བདག་_100_,བདག་_100_,བདག་_100_
[ནི་_100_],ནི་_100_,ནི་_100_,ནི་_100_,ནི་_100_,ནི་_100_,ནི་_100_,ནི་_100_,ནི་_100_
[སྡུག་_100_],སྡུག་_100_,སྡུག་_100_,སྡུག་_100_,སྡུག་_100_,སྡུག་_100_,སྡུག་_100_,སྡུག་_100_,སྡུག་_100_
[བསྔལ་_100_],བསྔལ་_100_,བསྔལ་_100_,བསྔལ་_100_,བསྔལ་_100_,བསྔལ་_100_,བསྔལ་_100_,བསྔལ་_100_,བསྔལ་_100_
[གྱུར་_100_],གྱུར་_100_,གྱུར་_100_,གྱུར་_100_,གྱུར་_100_,གྱུར་_100_,གྱུར་_100_,གྱུར་_100_,གྱུར་_100_
[ཀྱང་_100_],ཀྱང་_100_,ཀྱང་_100_,ཀྱང་_100_,ཀྱང་_100_,ཀྱང་_100_,ཀྱང་_100_,ཀྱང་_100_,ཀྱང་_100_
[དམན་_100_],དམན་_100_,དམན་_100_,དམན་_100_,དམན་_100_,དམན་_100_,དམན་_100_,དམན་_100_,དམན་_100_
[ཁྱེད་_100_],ཁྱེད་_100_,ཁྱེད་_100_,ཁྱེད་_100_,ཁྱེད་_100_,ཁྱེད་_100_,ཁྱེད་_100_,ཁྱེད་_100_,ཁྱེད་_100_
[ཅེས_100_],ཅེས_100_,ཅེས_100_,ཅེས_100_,ཅེས_100_,ཅེས_100_,ཅེས_100_,ཅེས_100_,ཅེས_100_
[། །​_88_],། །​_88_,། །​_88_,། །​_88_,། །​_88_,། །​_88_,། །​_88_,། །​_88_,། །​། _11_
[ཅི་_100_],ཅི་_100_,ཅི་_100_,ཅི་_100_,ཅི་_100_,ཅི་_100_,ཅི་_100_,ཅི་_100_,ཅི་_100_
[ཡི་_100_],ཡི་_100_,ཡི་_100_,ཡི་_100_,ཡི་_100_,ཡི་_100_,ཡི་_100_,ཡི་_100_,ཡི་_100_
[ཕྱིར་_100_],ཕྱིར་_100_,ཕྱིར་_100_,ཕྱིར་_100_,ཕྱིར་_100_,ཕྱིར་_100_,ཕྱིར་_100_,ཕྱིར་_100_,ཕྱིར་_100_
[ན་_100_],ན་_100_,ན་_100_,ན་_100_,ན་_100_,ན་_100_,ན་_100_,ན་_100_,ན་_100_
[ངེས་_88_],ངེས་_88_,ངེས་_88_,ངེས་_88_,ངེས་_88_,ངེས་_88_,ངོས་_11_,ངེས་_88_,ངེས་_88_
[པར་_100_],པར་_100_,པར་_100_,པར་_100_,པར་_100_,པར་_100_,པར་_100_,པར་_100_,པར་_100_
[སེལ་_100_],སེལ་_100_,སེལ་_100_,སེལ་_100_,སེལ་_100_,སེལ་_100_,སེལ་_100_,སེལ་_100_,སེལ་_100_
[མི་_100_],མི་_100_,མི་_100_,མི་_100_,མི་_100_,མི་_100_,མི་_100_,མི་_100_,མི་_100_
[མཛད_100_],མཛད_100_,མཛད_100_,མཛད_100_,མཛད_100_,མཛད_100_,མཛད_100_,མཛད_100_,མཛད_100_
[། །​_88_],། །​_88_,། །​_88_,། །​_88_,། །​_88_,། །​_88_,། །​_88_,། །​_88_,། །​ །​_11_
[བཅོམ་_100_],བཅོམ་_100_,བཅོམ་_100_,བཅོམ་_100_,བཅོམ་_100_,བཅོམ་_100_,བཅོམ་_100_,བཅོམ་_100_,བཅོམ་_100_
[ལྡན་_100_],ལྡན་_100_,ལྡན་_100_,ལྡན་_100_,ལྡན་_100_,ལྡན་_100_,ལྡན་_100_,ལྡན་_100_,ལྡན་_100_
[ཁྱོད་_100_],ཁྱོད་_100_,ཁྱོད་_100_,ཁྱོད་_100_,ཁྱོད་_100_,ཁྱོད་_100_,ཁྱོད་_100_,ཁྱོད་_100_,ཁྱོད་_100_
[ནི་_100_],ནི་_100_,ནི་_100_,ནི་_100_,ནི་_100_,ནི་_100_,ནི་_100_,ནི་_100_,ནི་_100_
[རྟག་_100_],རྟག་_100_,རྟག་_100_,རྟག་_100_,རྟག་_100_,རྟག་_100_,རྟག་_100_,རྟག་_100_,རྟག་_100_
[པར་_100_],པར་_100_,པར་_100_,པར་_100_,པར་_100_,པར་_100_,པར་_100_,པར་_100_,པར་_100_
[ཐམས་_100_],ཐམས་_100_,ཐམས་_100_,ཐམས་_100_,ཐམས་_100_,ཐམས་_100_,ཐམས་_100_,ཐམས་_100_,ཐམས་_100_
[ཅད་_100_],ཅད་_100_,ཅད་_100_,ཅད་_100_,ཅད་_100_,ཅད་_100_,ཅད་_100_,ཅད་_100_,ཅད་_100_
[ལ_100_],ལ_100_,ལ_100_,ལ_100_,ལ_100_,ལ_100_,ལ_100_,ལ_100_,ལ_100_
[། །​_100_],། །​_100_,། །​_100_,། །​_100_,། །​_100_,། །​_100_,། །​_100_,། །​_100_,། །​_100_
[རྣམ་_100_],རྣམ་_100_,རྣམ་_100_,རྣམ་_100_,རྣམ་_100_,རྣམ་_100_,རྣམ་_100_,རྣམ་_100_,རྣམ་_100_
[པ་_100_],པ་_100_,པ་_100_,པ་_100_,པ་_100_,པ་_100_,པ་_100_,པ་_100_,པ་_100_
[ཀུན་_100_],ཀུན་_100_,ཀུན་_100_,ཀུན་_100_,ཀུན་_100_,ཀུན་_100_,ཀུན་_100_,ཀུན་_100_,ཀུན་_100_
[དུ་_100_],དུ་_100_,དུ་_100_,དུ་_100_,དུ་_100_,དུ་_100_,དུ་_100_,དུ་_100_,དུ་_100_
[ཐམས་_100_],ཐམས་_100_,ཐམས་_100_,ཐམས་_100_,ཐམས་_100_,ཐམས་_100_,ཐམས་_100_,ཐམས་_100_,ཐམས་_100_
[ཅད་_100_],ཅད་_100_,ཅད་_100_,ཅད་_100_,ཅད་_100_,ཅད་_100_,ཅད་_100_,ཅད་_100_,ཅད་_100_
[གསོལ་_100_],གསོལ་_100_,གསོལ་_100_,གསོལ་_100_,གསོལ་_100_,གསོལ་_100_,གསོལ་_100_,གསོལ་_100_,གསོལ་_100_
[གྲག་_100_],གྲག་_100_,གྲག་_100_,གྲག་_100_,གྲག་_100_,གྲག་_100_,གྲག་_100_,གྲག་_100_,གྲག་_100_
[ན_100_],ན_100_,ན_100_,ན_100_,ན_100_,ན_100_,ན_100_,ན_100_,ན_100_
[། །​_88_],། །​_88_,། །​_88_,། །​_88_,། །​_88_,། །​_88_,། །​_88_,། །​_88_,། །​ །​_11_
[བདག་_100_],བདག་_100_,བདག་_100_,བདག་_100_,བདག་_100_,བདག་_100_,བདག་_100_,བདག་_100_,བདག་_100_
[ལ་_100_],ལ་_100_,ལ་_100_,ལ་_100_,ལ་_100_,ལ་_100_,ལ་_100_,ལ་_100_,ལ་_100_
[མཐོང་_100_],མཐོང་_100_,མཐོང་_100_,མཐོང་_100_,མཐོང་_100_,མཐོང་_100_,མཐོང་_100_,མཐོང་_100_,མཐོང་_100_
[བ་_100_],བ་_100_,བ་_100_,བ་_100_,བ་_100_,བ་_100_,བ་_100_,བ་_100_,བ་_100_
[ཙམ་_100_],ཙམ་_100_,ཙམ་_100_,ཙམ་_100_,ཙམ་_100_,ཙམ་_100_,ཙམ་_100_,ཙམ་_100_,ཙམ་_100_
[ཡང་_100_],ཡང་_100_,ཡང་_100_,ཡང་_100_,ཡང་_100_,ཡང་_100_,ཡང་_100_,ཡང་_100_,ཡང་_100_
[མ་_100_],མ་_100_,མ་_100_,མ་_100_,མ་_100_,མ་_100_,མ་_100_,མ་_100_,མ་_100_
[སྩལ་_100_],སྩལ་_100_,སྩལ་_100_,སྩལ་_100_,སྩལ་_100_,སྩལ་_100_,སྩལ་_100_,སྩལ་_100_,སྩལ་_100_
[བས_100_],བས_100_,བས_100_,བས_100_,བས_100_,བས_100_,བས_100_,བས_100_,བས_100_
[། །​_100_],། །​_100_,། །​_100_,། །​_100_,། །​_100_,། །​_100_,། །​_100_,། །​_100_,། །​_100_
[དེ་_100_],དེ་_100_,དེ་_100_,དེ་_100_,དེ་_100_,དེ་_100_,དེ་_100_,དེ་_100_,དེ་_100_
[ཕྱིར་_100_],ཕྱིར་_100_,ཕྱིར་_100_,ཕྱིར་_100_,ཕྱིར་_100_,ཕྱིར་_100_,ཕྱིར་_100_,ཕྱིར་_100_,ཕྱིར་_100_
[བདག་_100_],བདག་_100_,བདག་_100_,བདག་_100_,བདག་_100_,བདག་_100_,བདག་_100_,བདག་_100_,བདག་_100_
[ནི་_100_],ནི་_100_,ནི་_100_,ནི་_100_,ནི་_100_,ནི་_100_,ནི་_100_,ནི་_100_,ནི་_100_
[ཤིན་_100_],ཤིན་_100_,ཤིན་_100_,ཤིན་_100_,ཤིན་_100_,ཤིན་_100_,ཤིན་_100_,ཤིན་_100_,ཤིན་_100_
[ཏུ་_100_],ཏུ་_100_,ཏུ་_100_,ཏུ་_100_,ཏུ་_100_,ཏུ་_100_,ཏུ་_100_,ཏུ་_100_,ཏུ་_100_
[སྐལ་_100_],སྐལ་_100_,སྐལ་_100_,སྐལ་_100_,སྐལ་_100_,སྐལ་_100_,སྐལ་_100_,སྐལ་_100_,སྐལ་_100_
[དམན་_100_],དམན་_100_,དམན་_100_,དམན་_100_,དམན་_100_,དམན་_100_,དམན་_100_,དམན་_100_,དམན་_100_
[ལགས_100_],ལགས_100_,ལགས_100_,ལགས_100_,ལགས_100_,ལགས_100_,ལགས_100_,ལགས_100_,ལགས_100_
[། །​_100_],། །​_100_,། །​_100_,། །​_100_,། །​_100_,། །​_100_,། །​_100_,། །​_100_,། །​_100_
[ཡོན་_100_],ཡོན་_100_,ཡོན་_100_,ཡོན་_100_,ཡོན་_100_,ཡོན་_100_,ཡོན་_100_,ཡོན་_100_,ཡོན་_100_
[ཏན་_100_],ཏན་_100_,ཏན་_100_,ཏན་_100_,ཏན་_100_,ཏན་_100_,ཏན་_100_,ཏན་_100_,ཏན་_100_
[ལྡན་_100_],ལྡན་_100_,ལྡན་_100_,ལྡན་_100_,ལྡན་_100_,ལྡན་_100_,ལྡན་_100_,ལྡན་_100_,ལྡན་_100_
[ཞིང་_100_],ཞིང་_100_,ཞིང་_100_,ཞིང་_100_,ཞིང་_100_,ཞིང་_100_,ཞིང་_100_,ཞིང་_100_,ཞིང་_100_
[ཉེས་_100_],ཉེས་_100_,ཉེས་_100_,ཉེས་_100_,ཉེས་_100_,ཉེས་_100_,ཉེས་_100_,ཉེས་_100_,ཉེས་_100_
[པ་_100_],པ་_100_,པ་_100_,པ་_100_,པ་_100_,པ་_100_,པ་_100_,པ་_100_,པ་_100_
[སེལ་_100_],སེལ་_100_,སེལ་_100_,སེལ་_100_,སེལ་_100_,སེལ་_100_,སེལ་_100_,སེལ་_100_,སེལ་_100_
[མཛད་_100_],མཛད་_100_,མཛད་_100_,མཛད་_100_,མཛད་_100_,མཛད་_100_,མཛད་_100_,མཛད་_100_,མཛད་_100_
[པ_100_],པ_100_,པ_100_,པ_100_,པ_100_,པ_100_,པ_100_,པ_100_,པ_100_
[། །​_100_],། །​_100_,། །​_100_,། །​_100_,། །​_100_,། །​_100_,། །​_100_,། །​_100_,། །​_100_
[བློ་_100_],བློ་_100_,བློ་_100_,བློ་_100_,བློ་_100_,བློ་_100_,བློ་_100_,བློ་_100_,བློ་_100_
[བཟང་_100_],བཟང་_100_,བཟང་_100_,བཟང་_100_,བཟང་_100_,བཟང་_100_,བཟང་_100_,བཟང་_100_,བཟང་_100_
[འགྲོ་_100_],འགྲོ་_100_,འགྲོ་_100_,འགྲོ་_100_,འགྲོ་_100_,འགྲོ་_100_,འགྲོ་_100_,འགྲོ་_100_,འགྲོ་_100_
[ཀུན་_100_],ཀུན་_100_,ཀུན་_100_,ཀུན་_100_,ཀུན་_100_,ཀུན་_100_,ཀུན་_100_,ཀུན་_100_,ཀུན་_100_
[སྐྱོབ་_100_],སྐྱོབ་_100_,སྐྱོབ་_100_,སྐྱོབ་_100_,སྐྱོབ་_100_,སྐྱོབ་_100_,སྐྱོབ་_100_,སྐྱོབ་_100_,སྐྱོབ་_100_
[པར་_100_],པར་_100_,པར་_100_,པར་_100_,པར་_100_,པར་_100_,པར་_100_,པར་_100_,པར་_100_
[བརྩོན་_100_],བརྩོན་_100_,བརྩོན་_100_,བརྩོན་_100_,བརྩོན་_100_,བརྩོན་_100_,བརྩོན་_100_,བརྩོན་_100_,བརྩོན་_100_
[གྱུར་_100_],གྱུར་_100_,གྱུར་_100_,གྱུར་_100_,གྱུར་_100_,གྱུར་_100_,གྱུར་_100_,གྱུར་_100_,གྱུར་_100_
[ན_100_],ན_100_,ན_100_,ན_100_,ན_100_,ན_100_,ན_100_,ན_100_,ན_100_
[། །​_88_],། །​_88_,། །​_88_,། །​_88_,། །​_88_,། །​_88_,། །​_88_,། །​_88_,། ཅ༼ །​_11_
[བདག་_100_],བདག་_100_,བདག་_100_,བདག་_100_,བདག་_100_,བདག་_100_,བདག་_100_,བདག་_100_,བདག་_100_
[བློ་_100_],བློ་_100_,བློ་_100_,བློ་_100_,བློ་_100_,བློ་_100_,བློ་_100_,བློ་_100_,བློ་_100_
[ཁྱེད་_100_],ཁྱེད་_100_,ཁྱེད་_100_,ཁྱེད་_100_,ཁྱེད་_100_,ཁྱེད་_100_,ཁྱེད་_100_,ཁྱེད་_100_,ཁྱེད་_100_
[ལ་_100_],ལ་_100_,ལ་_100_,ལ་_100_,ལ་_100_,ལ་_100_,ལ་_100_,ལ་_100_,ལ་_100_
[མངོན་_100_],མངོན་_100_,མངོན་_100_,མངོན་_100_,མངོན་_100_,མངོན་_100_,མངོན་_100_,མངོན་_100_,མངོན་_100_
[དུ་_100_],དུ་_100_,དུ་_100_,དུ་_100_,དུ་_100_,དུ་_100_,དུ་_100_,དུ་_100_,དུ་_100_
[ཞེན་_100_],ཞེན་_100_,ཞེན་_100_,ཞེན་_100_,ཞེན་_100_,ཞེན་_100_,ཞེན་_100_,ཞེན་_100_,ཞེན་_100_
[ན་_100_],ན་_100_,ན་_100_,ན་_100_,ན་_100_,ན་_100_,ན་_100_,ན་_100_,ན་_100_
[ཡང་_100_],ཡང་_100_,ཡང་_100_,ཡང་_100_,ཡང་_100_,ཡང་_100_,ཡང་_100_,ཡང་_100_,ཡང་_100_
[། །​_100_],། །​_100_,། །​_100_,། །​_100_,། །​_100_,། །​_100_,། །​_100_,། །​_100_,། །​_100_
[ཕོངས་_100_],ཕོངས་_100_,ཕོངས་_100_,ཕོངས་_100_,ཕོངས་_100_,ཕོངས་_100_,ཕོངས་_100_,ཕོངས་_100_,ཕོངས་_100_
[པས་_100_],པས་_100_,པས་_100_,པས་_100_,པས་_100_,པས་_100_,པས་_100_,པས་_100_,པས་_100_
[གདུངས་_100_],གདུངས་_100_,གདུངས་_100_,གདུངས་_100_,གདུངས་_100_,གདུངས་_100_,གདུངས་_100_,གདུངས་_100_,གདུངས་_100_
[པ་_100_],པ་_100_,པ་_100_,པ་_100_,པ་_100_,པ་_100_,པ་_100_,པ་_100_,པ་_100_
[ཉིད་_100_],ཉིད་_100_,ཉིད་_100_,ཉིད་_100_,ཉིད་_100_,ཉིད་_100_,ཉིད་_100_,ཉིད་_100_,ཉིད་_100_
[དུ་_100_],དུ་_100_,དུ་_100_,དུ་_100_,དུ་_100_,དུ་_100_,དུ་_100_,དུ་_100_,དུ་_100_
[ཅི་_100_],ཅི་_100_,ཅི་_100_,ཅི་_100_,ཅི་_100_,ཅི་_100_,ཅི་_100_,ཅི་_100_,ཅི་_100_
[ཕྱིར་_100_],ཕྱིར་_100_,ཕྱིར་_100_,ཕྱིར་_100_,ཕྱིར་_100_,ཕྱིར་_100_,ཕྱིར་_100_,ཕྱིར་_100_,ཕྱིར་_100_
[འགྱུར_100_],འགྱུར_100_,འགྱུར_100_,འགྱུར_100_,འགྱུར_100_,འགྱུར_100_,འགྱུར_100_,འགྱུར_100_,འགྱུར_100_
[། །​_100_],། །​_100_,། །​_100_,། །​_100_,། །​_100_,། །​_100_,། །​_100_,། །​_100_,། །​_100_
[ཐུགས་_100_],ཐུགས་_100_,ཐུགས་_100_,ཐུགས་_100_,ཐུགས་_100_,ཐུགས་_100_,ཐུགས་_100_,ཐུགས་_100_,ཐུགས་_100_
[རྗེའི་_100_],རྗེའི་_100_,རྗེའི་_100_,རྗེའི་_100_,རྗེའི་_100_,རྗེའི་_100_,རྗེའི་_100_,རྗེའི་_100_,རྗེའི་_100_
[བདག་_100_],བདག་_100_,བདག་_100_,བདག་_100_,བདག་_100_,བདག་_100_,བདག་_100_,བདག་_100_,བདག་_100_
[ཉིད་_100_],ཉིད་_100_,ཉིད་_100_,ཉིད་_100_,ཉིད་_100_,ཉིད་_100_,ཉིད་_100_,ཉིད་_100_,ཉིད་_100_
[ལྡན་_100_],ལྡན་_100_,ལྡན་_100_,ལྡན་_100_,ལྡན་_100_,ལྡན་_100_,ལྡན་_100_,ལྡན་_100_,ལྡན་_100_
[པ་_100_],པ་_100_,པ་_100_,པ་_100_,པ་_100_,པ་_100_,པ་_100_,པ་_100_,པ་_100_
[ཁྱེད་_100_],ཁྱེད་_100_,ཁྱེད་_100_,ཁྱེད་_100_,ཁྱེད་_100_,ཁྱེད་_100_,ཁྱེད་_100_,ཁྱེད་_100_,ཁྱེད་_100_
[ཀྱི་_100_],ཀྱི་_100_,ཀྱི་_100_,ཀྱི་_100_,ཀྱི་_100_,ཀྱི་_100_,ཀྱི་_100_,ཀྱི་_100_,ཀྱི་_100_
[ནི_100_],ནི_100_,ནི_100_,ནི_100_,ནི_100_,ནི_100_,ནི_100_,ནི_100_,ནི_100_
[། །​_100_],། །​_100_,། །​_100_,། །​_100_,། །​_100_,། །​_100_,། །​_100_,། །​_100_,། །​_100_
[པདྨ་_100_],པདྨ་_100_,པདྨ་_100_,པདྨ་_100_,པདྨ་_100_,པདྨ་_100_,པདྨ་_100_,པདྨ་_100_,པདྨ་_100_
[ལྟ་_100_],ལྟ་_100_,ལྟ་_100_,ལྟ་_100_,ལྟ་_100_,ལྟ་_100_,ལྟ་_100_,ལྟ་_100_,ལྟ་_100_
[བུ་_100_],བུ་_100_,བུ་_100_,བུ་_100_,བུ་_100_,བུ་_100_,བུ་_100_,བུ་_100_,བུ་_100_
[དག་_100_],དག་_100_,དག་_100_,དག་_100_,དག་_100_,དག་_100_,དག་_100_,དག་_100_,དག་_100_
[པའི་_100_],པའི་_100_,པའི་_100_,པའི་_100_,པའི་_100_,པའི་_100_,པའི་_100_,པའི་_100_,པའི་_100_
[སྤྱན་_100_],སྤྱན་_100_,སྤྱན་_100_,སྤྱན་_100_,སྤྱན་_100_,སྤྱན་_100_,སྤྱན་_100_,སྤྱན་_100_,སྤྱན་_100_
[གཉིས་_100_],གཉིས་_100_,གཉིས་_100_,གཉིས་_100_,གཉིས་_100_,གཉིས་_100_,གཉིས་_100_,གཉིས་_100_,གཉིས་_100_
[ཀྱིས_100_],ཀྱིས_100_,ཀྱིས_100_,ཀྱིས_100_,ཀྱིས_100_,ཀྱིས_100_,ཀྱིས_100_,ཀྱིས_100_,ཀྱིས_100_
[། །​_100_],། །​_100_,། །​_100_,། །​_100_,། །​_100_,། །​_100_,། །​_100_,། །​_100_,། །​_100_
[འགྲོ་_100_],འགྲོ་_100_,འགྲོ་_100_,འགྲོ་_100_,འགྲོ་_100_,འགྲོ་_100_,འགྲོ་_100_,འགྲོ་_100_,འགྲོ་_100_
[བ་_100_],བ་_100_,བ་_100_,བ་_100_,བ་_100_,བ་_100_,བ་_100_,བ་_100_,བ་_100_
[ཕན་_100_],ཕན་_100_,ཕན་_100_,ཕན་_100_,ཕན་_100_,ཕན་_100_,ཕན་_100_,ཕན་_100_,ཕན་_100_
[པར་_100_],པར་_100_,པར་_100_,པར་_100_,པར་_100_,པར་_100_,པར་_100_,པར་_100_,པར་_100_
[མཛད་_100_],མཛད་_100_,མཛད་_100_,མཛད་_100_,མཛད་_100_,མཛད་_100_,མཛད་_100_,མཛད་_100_,མཛད་_100_
[ཀྱང་_100_],ཀྱང་_100_,ཀྱང་_100_,ཀྱང་_100_,ཀྱང་_100_,ཀྱང་_100_,ཀྱང་_100_,ཀྱང་_100_,ཀྱང་_100_
[བདག་_100_],བདག་_100_,བདག་_100_,བདག་_100_,བདག་_100_,བདག་_100_,བདག་_100_,བདག་_100_,བདག་_100_
[སྡུག་_100_],སྡུག་_100_,སྡུག་_100_,སྡུག་_100_,སྡུག་_100_,སྡུག་_100_,སྡུག་_100_,སྡུག་_100_,སྡུག་_100_
[པར_100_],པར_100_,པར_100_,པར_100_,པར_100_,པར_100_,པར_100_,པར_100_,པར_100_
[། །​_100_],། །​_100_,། །​_100_,། །​_100_,། །​_100_,། །​_100_,། །​_100_,། །​_100_,། །​_100_
[མ་_100_],མ་_100_,མ་_100_,མ་_100_,མ་_100_,མ་_100_,མ་_100_,མ་_100_,མ་_100_
[གཟིགས་_100_],གཟིགས་_100_,གཟིགས་_100_,གཟིགས་_100_,གཟིགས་_100_,གཟིགས་_100_,གཟིགས་_100_,གཟིགས་_100_,གཟིགས་_100_
[པ་_100_],པ་_100_,པ་_100_,པ་_100_,པ་_100_,པ་_100_,པ་_100_,པ་_100_,པ་_100_
[ནི་_100_],ནི་_100_,ནི་_100_,ནི་_100_,ནི་_100_,ནི་_100_,ནི་_100_,ནི་_100_,ནི་_100_
[ཀྱེ་_77_],ཀྱེ་_77_,ཀྱེ་_77_,ཀྱེ་_77_,ཀྱེ་_77_,ཀྱཻ་_22_,ཀྱཻ་_22_,ཀྱེ་_77_,ཀྱེ་_77_
[མ་_100_],མ་_100_,མ་_100_,མ་_100_,མ་_100_,མ་_100_,མ་_100_,མ་_100_,མ་_100_
[སྡུག་_100_],སྡུག་_100_,སྡུག་_100_,སྡུག་_100_,སྡུག་_100_,སྡུག་_100_,སྡུག་_100_,སྡུག་_100_,སྡུག་_100_
[བསྔལ་_100_],བསྔལ་_100_,བསྔལ་_100_,བསྔལ་_100_,བསྔལ་_100_,བསྔལ་_100_,བསྔལ་_100_,བསྔལ་_100_,བསྔལ་_100_
[ལོ_100_],ལོ_100_,ལོ_100_,ལོ_100_,ལོ_100_,ལོ_100_,ལོ_100_,ལོ_100_,ལོ_100_
[། །​_88_],། །​_88_,། །​_88_,། །​_88_,། །​_88_,། །​_88_,། །​_88_,། །​_88_,། །​ _11_
[ཁྱེད་_100_],ཁྱེད་_100_,ཁྱེད་_100_,ཁྱེད་_100_,ཁྱེད་_100_,ཁྱེད་_100_,ཁྱེད་_100_,ཁྱེད་_100_,ཁྱེད་_100_
[ཀྱིས་_100_],ཀྱིས་_100_,ཀྱིས་_100_,ཀྱིས་_100_,ཀྱིས་_100_,ཀྱིས་_100_,ཀྱིས་_100_,ཀྱིས་_100_,ཀྱིས་_100_
[ཡིད་_100_],ཡིད་_100_,ཡིད་_100_,ཡིད་_100_,ཡིད་_100_,ཡིད་_100_,ཡིད་_100_,ཡིད་_100_,ཡིད་_100_
[འཇིགས་_100_],འཇིགས་_100_,འཇིགས་_100_,འཇིགས་_100_,འཇིགས་_100_,འཇིགས་_100_,འཇིགས་_100_,འཇིགས་_100_,འཇིགས་_100_
[དབུགས་_100_],དབུགས་_100_,དབུགས་_100_,དབུགས་_100_,དབུགས་_100_,དབུགས་_100_,དབུགས་_100_,དབུགས་_100_,དབུགས་_100_
[འབྱིན་_100_],འབྱིན་_100_,འབྱིན་_100_,འབྱིན་_100_,འབྱིན་_100_,འབྱིན་_100_,འབྱིན་_100_,འབྱིན་_100_,འབྱིན་_100_
[མཛད་_100_],མཛད་_100_,མཛད་_100_,མཛད་_100_,མཛད་_100_,མཛད་_100_,མཛད་_100_,མཛད་_100_,མཛད་_100_
[པ་_100_],པ་_100_,པ་_100_,པ་_100_,པ་_100_,པ་_100_,པ་_100_,པ་_100_,པ་_100_
[ཡི_100_],ཡི_100_,ཡི_100_,ཡི_100_,ཡི_100_,ཡི_100_,ཡི_100_,ཡི_100_,ཡི_100_
[། །​_88_],། །​_88_,། །​_88_,། །​_88_,། །​_88_,། །​_88_,། །​_88_,། །​_88_,། །​ _11_
[ཕྱག་_100_],ཕྱག་_100_,ཕྱག་_100_,ཕྱག་_100_,ཕྱག་_100_,ཕྱག་_100_,ཕྱག་_100_,ཕྱག་_100_,ཕྱག་_100_
[གི་_100_],གི་_100_,གི་_100_,གི་_100_,གི་_100_,གི་_100_,གི་_100_,གི་_100_,གི་_100_
[པདྨ་_100_],པདྨ་_100_,པདྨ་_100_,པདྨ་_100_,པདྨ་_100_,པདྨ་_100_,པདྨ་_100_,པདྨ་_100_,པདྨ་_100_
[རིང་_100_],རིང་_100_,རིང་_100_,རིང་_100_,རིང་_100_,རིང་_100_,རིང་_100_,རིང་_100_,རིང་_100_
[དུ་_100_],དུ་_100_,དུ་_100_,དུ་_100_,དུ་_100_,དུ་_100_,དུ་_100_,དུ་_100_,དུ་_100_
[རྟག་_100_],རྟག་_100_,རྟག་_100_,རྟག་_100_,རྟག་_100_,རྟག་_100_,རྟག་_100_,རྟག་_100_,རྟག་_100_
[རྐྱོང་ཡང་_66_],རྐྱོང་ཡང་_66_,ཏུ་སྐྱོང་_22_,ཏུ་སྐྱོང་_22_,རྐྱོང་ཡང་_66_,རྐྱོང་ཡང་_66_,རྐྱོང་ཡང་_66_,རྐྱོང་ཡང་_66_,སྐྱོང་ཡང་_11_
[། །​_100_],། །​_100_,། །​_100_,། །​_100_,། །​_100_,། །​_100_,། །​_100_,། །​_100_,། །​_100_
[སྐལ་_100_],སྐལ་_100_,སྐལ་_100_,སྐལ་_100_,སྐལ་_100_,སྐལ་_100_,སྐལ་_100_,སྐལ་_100_,སྐལ་_100_
[ཉེས་_100_],ཉེས་_100_,ཉེས་_100_,ཉེས་_100_,ཉེས་_100_,ཉེས་_100_,ཉེས་_100_,ཉེས་_100_,ཉེས་_100_
[པ་_100_],པ་_100_,པ་_100_,པ་_100_,པ་_100_,པ་_100_,པ་_100_,པ་_100_,པ་_100_
[ཡི་_100_],ཡི་_100_,ཡི་_100_,ཡི་_100_,ཡི་_100_,ཡི་_100_,ཡི་_100_,ཡི་_100_,ཡི་_100_
[ཚ་_100_],ཚ་_100_,ཚ་_100_,ཚ་_100_,ཚ་_100_,ཚ་_100_,ཚ་_100_,ཚ་_100_,ཚ་_100_
[བས་_100_],བས་_100_,བས་_100_,བས་_100_,བས་_100_,བས་_100_,བས་_100_,བས་_100_,བས་_100_
[དེ་_100_],དེ་_100_,དེ་_100_,དེ་_100_,དེ་_100_,དེ་_100_,དེ་_100_,དེ་_100_,དེ་_100_
[ཡང་_100_],ཡང་_100_,ཡང་_100_,ཡང་_100_,ཡང་_100_,ཡང་_100_,ཡང་_100_,ཡང་_100_,ཡང་_100_
[ནི_100_],ནི_100_,ནི_100_,ནི_100_,ནི_100_,ནི_100_,ནི_100_,ནི_100_,ནི_100_
[། །​_100_],། །​_100_,། །​_100_,། །​_100_,། །​_100_,། །​_100_,། །​_100_,། །​_100_,། །​_100_
[ཐག་_100_],ཐག་_100_,ཐག་_100_,ཐག་_100_,ཐག་_100_,ཐག་_100_,ཐག་_100_,ཐག་_100_,ཐག་_100_
[རིང་_100_],རིང་_100_,རིང་_100_,རིང་_100_,རིང་_100_,རིང་_100_,རིང་_100_,རིང་_100_,རིང་_100_
[དུ་_100_],དུ་_100_,དུ་_100_,དུ་_100_,དུ་_100_,དུ་_100_,དུ་_100_,དུ་_100_,དུ་_100_
[ནི་_100_],ནི་_100_,ནི་_100_,ནི་_100_,ནི་_100_,ནི་_100_,ནི་_100_,ནི་_100_,ནི་_100_
[མི་_100_],མི་_100_,མི་_100_,མི་_100_,མི་_100_,མི་_100_,མི་_100_,མི་_100_,མི་_100_
[སྣང་_100_],སྣང་_100_,སྣང་_100_,སྣང་_100_,སྣང་_100_,སྣང་_100_,སྣང་_100_,སྣང་_100_,སྣང་_100_
[ཉིད་_100_],ཉིད་_100_,ཉིད་_100_,ཉིད་_100_,ཉིད་_100_,ཉིད་_100_,ཉིད་_100_,ཉིད་_100_,ཉིད་_100_
[དུ་_100_],དུ་_100_,དུ་_100_,དུ་_100_,དུ་_100_,དུ་_100_,དུ་_100_,དུ་_100_,དུ་_100_
[འགྱུར_100_],འགྱུར_100_,འགྱུར_100_,འགྱུར_100_,འགྱུར_100_,འགྱུར_100_,འགྱུར_100_,འགྱུར_100_,འགྱུར_100_
[། །​_100_],། །​_100_,། །​_100_,། །​_100_,། །​_100_,། །​_100_,། །​_100_,། །​_100_,། །​_100_
[ཁྱེད་_100_],ཁྱེད་_100_,ཁྱེད་_100_,ཁྱེད་_100_,ཁྱེད་_100_,ཁྱེད་_100_,ཁྱེད་_100_,ཁྱེད་_100_,ཁྱེད་_100_
[ཀྱི་_100_],ཀྱི་_100_,ཀྱི་_100_,ཀྱི་_100_,ཀྱི་_100_,ཀྱི་_100_,ཀྱི་_100_,ཀྱི་_100_,ཀྱི་_100_
[སྙན་_100_],སྙན་_100_,སྙན་_100_,སྙན་_100_,སྙན་_100_,སྙན་_100_,སྙན་_100_,སྙན་_100_,སྙན་_100_
[ནི་_100_],ནི་_100_,ནི་_100_,ནི་_100_,ནི་_100_,ནི་_100_,ནི་_100_,ནི་_100_,ནི་_100_
[མ་_100_],མ་_100_,མ་_100_,མ་_100_,མ་_100_,མ་_100_,མ་_100_,མ་_100_,མ་_100_
[ཉམས་_100_],ཉམས་_100_,ཉམས་_100_,ཉམས་_100_,ཉམས་_100_,ཉམས་_100_,ཉམས་_100_,ཉམས་_100_,ཉམས་_100_
[གཙང་_100_],གཙང་_100_,གཙང་_100_,གཙང་_100_,གཙང་_100_,གཙང་_100_,གཙང་_100_,གཙང་_100_,གཙང་_100_
[བ་_100_],བ་_100_,བ་_100_,བ་_100_,བ་_100_,བ་_100_,བ་_100_,བ་_100_,བ་_100_
[དག _100_],དག _100_,དག _100_,དག _100_,དག _100_,དག _100_,དག _100_,དག _100_,དག _100_
[།​_100_],།​_100_,།​_100_,།​_100_,།​_100_,།​_100_,།​_100_,།​_100_,།​_100_
[གཉིས་_100_],གཉིས་_100_,གཉིས་_100_,གཉིས་_100_,གཉིས་_100_,གཉིས་_100_,གཉིས་_100_,གཉིས་_100_,གཉིས་_100_
[ཀྱིས་_100_],ཀྱིས་_100_,ཀྱིས་_100_,ཀྱིས་_100_,ཀྱིས་_100_,ཀྱིས་_100_,ཀྱིས་_100_,ཀྱིས་_100_,ཀྱིས་_100_
[ཀྱང་_100_],ཀྱང་_100_,ཀྱང་_100_,ཀྱང་_100_,ཀྱང་_100_,ཀྱང་_100_,ཀྱང་_100_,ཀྱང་_100_,ཀྱང་_100_
[ནི་_100_],ནི་_100_,ནི་_100_,ནི་_100_,ནི་_100_,ནི་_100_,ནི་_100_,ནི་_100_,ནི་_100_
[ལུས་_100_],ལུས་_100_,ལུས་_100_,ལུས་_100_,ལུས་_100_,ལུས་_100_,ལུས་_100_,ལུས་_100_,ལུས་_100_
[ལ་_100_],ལ་_100_,ལ་_100_,ལ་_100_,ལ་_100_,ལ་_100_,ལ་_100_,ལ་_100_,ལ་_100_
[སྡུག་_100_],སྡུག་_100_,སྡུག་_100_,སྡུག་_100_,སྡུག་_100_,སྡུག་_100_,སྡུག་_100_,སྡུག་_100_,སྡུག་_100_
[བསྔལ་_100_],བསྔལ་_100_,བསྔལ་_100_,བསྔལ་_100_,བསྔལ་_100_,བསྔལ་_100_,བསྔལ་_100_,བསྔལ་_100_,བསྔལ་_100_
[གྱིས_100_],གྱིས_100_,གྱིས_100_,གྱིས_100_,གྱིས_100_,གྱིས_100_,གྱིས_100_,གྱིས_100_,གྱིས_100_
[། །​_100_],། །​_100_,། །​_100_,། །​_100_,། །​_100_,། །​_100_,། །​_100_,། །​_100_,། །​_100_
[གཟིར་_100_],གཟིར་_100_,གཟིར་_100_,གཟིར་_100_,གཟིར་_100_,གཟིར་_100_,གཟིར་_100_,གཟིར་_100_,གཟིར་_100_
[ཏེ་_100_],ཏེ་_100_,ཏེ་_100_,ཏེ་_100_,ཏེ་_100_,ཏེ་_100_,ཏེ་_100_,ཏེ་_100_,ཏེ་_100_
[སྤྱན་_100_],སྤྱན་_100_,སྤྱན་_100_,སྤྱན་_100_,སྤྱན་_100_,སྤྱན་_100_,སྤྱན་_100_,སྤྱན་_100_,སྤྱན་_100_
[སྔར་_100_],སྔར་_100_,སྔར་_100_,སྔར་_100_,སྔར་_100_,སྔར་_100_,སྔར་_100_,སྔར་_100_,སྔར་_100_
[འོ་_100_],འོ་_100_,འོ་_100_,འོ་_100_,འོ་_100_,འོ་_100_,འོ་_100_,འོ་_100_,འོ་_100_
[དོད་_100_],དོད་_100_,དོད་_100_,དོད་_100_,དོད་_100_,དོད་_100_,དོད་_100_,དོད་_100_,དོད་_100_
[འབོད་_100_],འབོད་_100_,འབོད་_100_,འབོད་_100_,འབོད་_100_,འབོད་_100_,འབོད་_100_,འབོད་_100_,འབོད་_100_
[གྱུར་_100_],གྱུར་_100_,གྱུར་_100_,གྱུར་_100_,གྱུར་_100_,གྱུར་_100_,གྱུར་_100_,གྱུར་_100_,གྱུར་_100_
[ཀྱང་_100_],ཀྱང་_100_,ཀྱང་_100_,ཀྱང་_100_,ཀྱང་_100_,ཀྱང་_100_,ཀྱང་_100_,ཀྱང་_100_,ཀྱང་_100_
[། །​_100_],། །​_100_,། །​_100_,། །​_100_,། །​_100_,། །​_100_,། །​_100_,། །​_100_,། །​_100_
[བདག་_100_],བདག་_100_,བདག་_100_,བདག་_100_,བདག་_100_,བདག་_100_,བདག་_100_,བདག་_100_,བདག་_100_
[གི་_100_],གི་_100_,གི་_100_,གི་_100_,གི་_100_,གི་_100_,གི་_100_,གི་_100_,གི་_100_
[དམན་_100_],དམན་_100_,དམན་_100_,དམན་_100_,དམན་_100_,དམན་_100_,དམན་_100_,དམན་_100_,དམན་_100_
[པ་_100_],པ་_100_,པ་_100_,པ་_100_,པ་_100_,པ་_100_,པ་_100_,པ་_100_,པ་_100_
[ཅི་_100_],ཅི་_100_,ཅི་_100_,ཅི་_100_,ཅི་_100_,ཅི་_100_,ཅི་_100_,ཅི་_100_,ཅི་_100_
[ཕྱིར་_100_],ཕྱིར་_100_,ཕྱིར་_100_,ཕྱིར་_100_,ཕྱིར་_100_,ཕྱིར་_100_,ཕྱིར་_100_,ཕྱིར་_100_,ཕྱིར་_100_
[གསན་_100_],གསན་_100_,གསན་_100_,གསན་_100_,གསན་_100_,གསན་_100_,གསན་_100_,གསན་_100_,གསན་_100_
[མ་_100_],མ་_100_,མ་_100_,མ་_100_,མ་_100_,མ་_100_,མ་_100_,མ་_100_,མ་_100_
[གྱུར_100_],གྱུར_100_,གྱུར_100_,གྱུར_100_,གྱུར_100_,གྱུར_100_,གྱུར_100_,གྱུར_100_,གྱུར_100_
[། །​_100_],། །​_100_,། །​_100_,། །​_100_,། །​_100_,། །​_100_,། །​_100_,། །​_100_,། །​_100_
[རྣམ་_100_],རྣམ་_100_,རྣམ་_100_,རྣམ་_100_,རྣམ་_100_,རྣམ་_100_,རྣམ་_100_,རྣམ་_100_,རྣམ་_100_
[པ་_100_],པ་_100_,པ་_100_,པ་_100_,པ་_100_,པ་_100_,པ་_100_,པ་_100_,པ་_100_
[ཀུན་_100_],ཀུན་_100_,ཀུན་_100_,ཀུན་_100_,ཀུན་_100_,ཀུན་_100_,ཀུན་_100_,ཀུན་_100_,ཀུན་_100_
[དུ་_100_],དུ་_100_,དུ་_100_,དུ་_100_,དུ་_100_,དུ་_100_,དུ་_100_,དུ་_100_,དུ་_100_
[ཐུགས་_100_],ཐུགས་_100_,ཐུགས་_100_,ཐུགས་_100_,ཐུགས་_100_,ཐུགས་_100_,ཐུགས་_100_,ཐུགས་_100_,ཐུགས་_100_
[རྗེས་_100_],རྗེས་_100_,རྗེས་_100_,རྗེས་_100_,རྗེས་_100_,རྗེས་_100_,རྗེས་_100_,རྗེས་_100_,རྗེས་_100_
[དྲངས་_100_],དྲངས་_100_,དྲངས་_100_,དྲངས་_100_,དྲངས་_100_,དྲངས་_100_,དྲངས་_100_,དྲངས་_100_,དྲངས་_100_
[ཁྱེད་_100_],ཁྱེད་_100_,ཁྱེད་_100_,ཁྱེད་_100_,ཁྱེད་_100_,ཁྱེད་_100_,ཁྱེད་_100_,ཁྱེད་_100_,ཁྱེད་_100_
[ཀྱིས_100_],ཀྱིས_100_,ཀྱིས_100_,ཀྱིས_100_,ཀྱིས_100_,ཀྱིས_100_,ཀྱིས_100_,ཀྱིས_100_,ཀྱིས_100_
[། །​_100_],། །​_100_,། །​_100_,། །​_100_,། །​_100_,། །​_100_,། །​_100_,། །​_100_,། །​_100_
[དམྱལ་_100_],དམྱལ་_100_,དམྱལ་_100_,དམྱལ་_100_,དམྱལ་_100_,དམྱལ་_100_,དམྱལ་_100_,དམྱལ་_100_,དམྱལ་_100_
[བར་_100_],བར་_100_,བར་_100_,བར་_100_,བར་_100_,བར་_100_,བར་_100_,བར་_100_,བར་_100_
[སོང་_100_],སོང་_100_,སོང་_100_,སོང་_100_,སོང་_100_,སོང་_100_,སོང་_100_,སོང་_100_,སོང་_100_
[བའི་_100_],བའི་_100_,བའི་_100_,བའི་_100_,བའི་_100_,བའི་_100_,བའི་_100_,བའི་_100_,བའི་_100_
[འགྲོ་_100_],འགྲོ་_100_,འགྲོ་_100_,འགྲོ་_100_,འགྲོ་_100_,འགྲོ་_100_,འགྲོ་_100_,འགྲོ་_100_,འགྲོ་_100_
[རིགས་_100_],རིགས་_100_,རིགས་_100_,རིགས་_100_,རིགས་_100_,རིགས་_100_,རིགས་_100_,རིགས་_100_,རིགས་_100_
[བདེ་_100_],བདེ་_100_,བདེ་_100_,བདེ་_100_,བདེ་_100_,བདེ་_100_,བདེ་_100_,བདེ་_100_,བདེ་_100_
[མཛད་_100_],མཛད་_100_,མཛད་_100_,མཛད་_100_,མཛད་_100_,མཛད་_100_,མཛད་_100_,མཛད་_100_,མཛད་_100_
[ན_100_],ན_100_,ན_100_,ན_100_,ན_100_,ན_100_,ན_100_,ན_100_,ན_100_
[། །​_100_],། །​_100_,། །​_100_,། །​_100_,། །​_100_,། །​_100_,། །​_100_,། །​_100_,། །​_100_
[སྡིག་_100_],སྡིག་_100_,སྡིག་_100_,སྡིག་_100_,སྡིག་_100_,སྡིག་_100_,སྡིག་_100_,སྡིག་_100_,སྡིག་_100_
[ཅན་_100_],ཅན་_100_,ཅན་_100_,ཅན་_100_,ཅན་_100_,ཅན་_100_,ཅན་_100_,ཅན་_100_,ཅན་_100_
[བདག་_100_],བདག་_100_,བདག་_100_,བདག་_100_,བདག་_100_,བདག་_100_,བདག་_100_,བདག་_100_,བདག་_100_
[ལ་_100_],ལ་_100_,ལ་_100_,ལ་_100_,ལ་_100_,ལ་_100_,ལ་_100_,ལ་_100_,ལ་_100_
[བཅོམ་_100_],བཅོམ་_100_,བཅོམ་_100_,བཅོམ་_100_,བཅོམ་_100_,བཅོམ་_100_,བཅོམ་_100_,བཅོམ་_100_,བཅོམ་_100_
[ལྡན་_100_],ལྡན་_100_,ལྡན་_100_,ལྡན་_100_,ལྡན་_100_,ལྡན་_100_,ལྡན་_100_,ལྡན་_100_,ལྡན་_100_
[འདས་_100_],འདས་_100_,འདས་_100_,འདས་_100_,འདས་_100_,འདས་_100_,འདས་_100_,འདས་_100_,འདས་_100_
[ཀྱིས་_100_],ཀྱིས་_100_,ཀྱིས་_100_,ཀྱིས་_100_,ཀྱིས་_100_,ཀྱིས་_100_,ཀྱིས་_100_,ཀྱིས་_100_,ཀྱིས་_100_
[ནི_100_],ནི_100_,ནི_100_,ནི_100_,ནི_100_,ནི_100_,ནི_100_,ནི_100_,ནི_100_
[། །​_88_],། །​_88_,། །​_88_,། །​_88_,། །​_88_,། །​_88_,། །​_88_,། །​ _11_,། །​_88_
[ཐུགས་_100_],ཐུགས་_100_,ཐུགས་_100_,ཐུགས་_100_,ཐུགས་_100_,ཐུགས་_100_,ཐུགས་_100_,ཐུགས་_100_,ཐུགས་_100_
[རྗེ་_100_],རྗེ་_100_,རྗེ་_100_,རྗེ་_100_,རྗེ་_100_,རྗེ་_100_,རྗེ་_100_,རྗེ་_100_,རྗེ་_100_
[དེ་_100_],དེ་_100_,དེ་_100_,དེ་_100_,དེ་_100_,དེ་_100_,དེ་_100_,དེ་_100_,དེ་_100_
[ཡང་_100_],ཡང་_100_,ཡང་_100_,ཡང་_100_,ཡང་_100_,ཡང་_100_,ཡང་_100_,ཡང་_100_,ཡང་_100_
[བརྩེ་_100_],བརྩེ་_100_,བརྩེ་_100_,བརྩེ་_100_,བརྩེ་_100_,བརྩེ་_100_,བརྩེ་_100_,བརྩེ་_100_,བརྩེ་_100_
[བ་_100_],བ་_100_,བ་_100_,བ་_100_,བ་_100_,བ་_100_,བ་_100_,བ་_100_,བ་_100_
[མི་_100_],མི་_100_,མི་_100_,མི་_100_,མི་_100_,མི་_100_,མི་_100_,མི་_100_,མི་_100_
[མངའ་_100_],མངའ་_100_,མངའ་_100_,མངའ་_100_,མངའ་_100_,མངའ་_100_,མངའ་_100_,མངའ་_100_,མངའ་_100_
[གྱུར_77_],གྱུར_77_,འགྱུར_22_,འགྱུར_22_,གྱུར_77_,གྱུར_77_,གྱུར_77_,གྱུར_77_,གྱུར_77_
[། །​_100_],། །​_100_,། །​_100_,། །​_100_,། །​_100_,། །​_100_,། །​_100_,། །​_100_,། །​_100_
[འཇིག་_100_],འཇིག་_100_,འཇིག་_100_,འཇིག་_100_,འཇིག་_100_,འཇིག་_100_,འཇིག་_100_,འཇིག་_100_,འཇིག་_100_
[རྟེན་_100_],རྟེན་_100_,རྟེན་_100_,རྟེན་_100_,རྟེན་_100_,རྟེན་_100_,རྟེན་_100_,རྟེན་_100_,རྟེན་_100_
[དམན་_100_],དམན་_100_,དམན་_100_,དམན་_100_,དམན་_100_,དམན་_100_,དམན་_100_,དམན་_100_,དམན་_100_
[ལ་_100_],ལ་_100_,ལ་_100_,ལ་_100_,ལ་_100_,ལ་_100_,ལ་_100_,ལ་_100_,ལ་_100_
[ཕན་_100_],ཕན་_100_,ཕན་_100_,ཕན་_100_,ཕན་_100_,ཕན་_100_,ཕན་_100_,ཕན་_100_,ཕན་_100_
[པར་_100_],པར་_100_,པར་_100_,པར་_100_,པར་_100_,པར་_100_,པར་_100_,པར་_100_,པར་_100_
[མཛད་_100_],མཛད་_100_,མཛད་_100_,མཛད་_100_,མཛད་_100_,མཛད་_100_,མཛད་_100_,མཛད་_100_,མཛད་_100_
[པ་_100_],པ་_100_,པ་_100_,པ་_100_,པ་_100_,པ་_100_,པ་_100_,པ་_100_,པ་_100_
[ཡི_100_],ཡི_100_,ཡི_100_,ཡི_100_,ཡི_100_,ཡི_100_,ཡི_100_,ཡི_100_,ཡི_100_
[། །​_100_],། །​_100_,། །​_100_,། །​_100_,། །​_100_,། །​_100_,། །​_100_,། །​_100_,། །​_100_
[ཁྱོད་_100_],ཁྱོད་_100_,ཁྱོད་_100_,ཁྱོད་_100_,ཁྱོད་_100_,ཁྱོད་_100_,ཁྱོད་_100_,ཁྱོད་_100_,ཁྱོད་_100_
[ལ་_100_],ལ་_100_,ལ་_100_,ལ་_100_,ལ་_100_,ལ་_100_,ལ་_100_,ལ་_100_,ལ་_100_
[གཞོན་_100_],གཞོན་_100_,གཞོན་_100_,གཞོན་_100_,གཞོན་_100_,གཞོན་_100_,གཞོན་_100_,གཞོན་_100_,གཞོན་_100_
[ནུའི་_100_],ནུའི་_100_,ནུའི་_100_,ནུའི་_100_,ནུའི་_100_,ནུའི་_100_,ནུའི་_100_,ནུའི་_100_,ནུའི་_100_
[རོལ་_100_],རོལ་_100_,རོལ་_100_,རོལ་_100_,རོལ་_100_,རོལ་_100_,རོལ་_100_,རོལ་_100_,རོལ་_100_
[པ་_100_],པ་_100_,པ་_100_,པ་_100_,པ་_100_,པ་_100_,པ་_100_,པ་_100_,པ་_100_
[འདི་_100_],འདི་_100_,འདི་_100_,འདི་_100_,འདི་_100_,འདི་_100_,འདི་_100_,འདི་_100_,འདི་_100_
[མངའ་_100_],མངའ་_100_,མངའ་_100_,མངའ་_100_,མངའ་_100_,མངའ་_100_,མངའ་_100_,མངའ་_100_,མངའ་_100_
[ན_100_],ན_100_,ན_100_,ན_100_,ན_100_,ན_100_,ན_100_,ན_100_,ན_100_
[། །​_100_],། །​_100_,། །​_100_,། །​_100_,། །​_100_,། །​_100_,། །​_100_,། །​_100_,། །​_100_
[གང་_100_],གང་_100_,གང་_100_,གང་_100_,གང་_100_,གང་_100_,གང་_100_,གང་_100_,གང་_100_
[འདིར་_100_],འདིར་_100_,འདིར་_100_,འདིར་_100_,འདིར་_100_,འདིར་_100_,འདིར་_100_,འདིར་_100_,འདིར་_100_
[བདག་_100_],བདག་_100_,བདག་_100_,བདག་_100_,བདག་_100_,བདག་_100_,བདག་_100_,བདག་_100_,བདག་_100_
[ནི་_100_],ནི་_100_,ནི་_100_,ནི་_100_,ནི་_100_,ནི་_100_,ནི་_100_,ནི་_100_,ནི་_100_
[སྡུག་_100_],སྡུག་_100_,སྡུག་_100_,སྡུག་_100_,སྡུག་_100_,སྡུག་_100_,སྡུག་_100_,སྡུག་_100_,སྡུག་_100_
[བསྔལ་_100_],བསྔལ་_100_,བསྔལ་_100_,བསྔལ་_100_,བསྔལ་_100_,བསྔལ་_100_,བསྔལ་_100_,བསྔལ་_100_,བསྔལ་_100_
[གྱིས་_100_],གྱིས་_100_,གྱིས་_100_,གྱིས་_100_,གྱིས་_100_,གྱིས་_100_,གྱིས་_100_,གྱིས་_100_,གྱིས་_100_
[གཟིར་_100_],གཟིར་_100_,གཟིར་_100_,གཟིར་_100_,གཟིར་_100_,གཟིར་_100_,གཟིར་_100_,གཟིར་_100_,གཟིར་_100_
[ཀྱང་_100_],ཀྱང་_100_,ཀྱང་_100_,ཀྱང་_100_,ཀྱང་_100_,ཀྱང་_100_,ཀྱང་_100_,ཀྱང་_100_,ཀྱང་_100_
[། །​_88_],། །​_88_,། །​_88_,། །​_88_,། །​_88_,། །​_88_,། །​_88_,། །​_88_,། །​ །​_11_
[བསྐྱབ་_100_],བསྐྱབ་_100_,བསྐྱབ་_100_,བསྐྱབ་_100_,བསྐྱབ་_100_,བསྐྱབ་_100_,བསྐྱབ་_100_,བསྐྱབ་_100_,བསྐྱབ་_100_
[པར་_100_],པར་_100_,པར་_100_,པར་_100_,པར་_100_,པར་_100_,པར་_100_,པར་_100_,པར་_100_
[མི་_100_],མི་_100_,མི་_100_,མི་_100_,མི་_100_,མི་_100_,མི་_100_,མི་_100_,མི་_100_
[མཛད་_100_],མཛད་_100_,མཛད་_100_,མཛད་_100_,མཛད་_100_,མཛད་_100_,མཛད་_100_,མཛད་_100_,མཛད་_100_
[སྡིག་_100_],སྡིག་_100_,སྡིག་_100_,སྡིག་_100_,སྡིག་_100_,སྡིག་_100_,སྡིག་_100_,སྡིག་_100_,སྡིག་_100_
[ཅན་_100_],ཅན་_100_,ཅན་_100_,ཅན་_100_,ཅན་_100_,ཅན་_100_,ཅན་_100_,ཅན་_100_,ཅན་_100_
[བསམ་_100_],བསམ་_100_,བསམ་_100_,བསམ་_100_,བསམ་_100_,བསམ་_100_,བསམ་_100_,བསམ་_100_,བསམ་_100_
[པས་_100_],པས་_100_,པས་_100_,པས་_100_,པས་_100_,པས་_100_,པས་_100_,པས་_100_,པས་_100_
[ཉེས_100_],ཉེས_100_,ཉེས_100_,ཉེས_100_,ཉེས_100_,ཉེས_100_,ཉེས_100_,ཉེས_100_,ཉེས_100_
[། །​_100_],། །​_100_,། །​_100_,། །​_100_,། །​_100_,། །​_100_,། །​_100_,། །​_100_,། །​_100_
[འདི་_100_],འདི་_100_,འདི་_100_,འདི་_100_,འདི་_100_,འདི་_100_,འདི་_100_,འདི་_100_,འདི་_100_
[ན་_100_],ན་_100_,ན་_100_,ན་_100_,ན་_100_,ན་_100_,ན་_100_,ན་_100_,ན་_100_
[སྡུག་_100_],སྡུག་_100_,སྡུག་_100_,སྡུག་_100_,སྡུག་_100_,སྡུག་_100_,སྡུག་_100_,སྡུག་_100_,སྡུག་_100_
[བསྔལ་_100_],བསྔལ་_100_,བསྔལ་_100_,བསྔལ་_100_,བསྔལ་_100_,བསྔལ་_100_,བསྔལ་_100_,བསྔལ་_100_,བསྔལ་_100_
[ཅན་_100_],ཅན་_100_,ཅན་_100_,ཅན་_100_,ཅན་_100_,ཅན་_100_,ཅན་_100_,ཅན་_100_,ཅན་_100_
[ནི་_100_],ནི་_100_,ནི་_100_,ནི་_100_,ནི་_100_,ནི་_100_,ནི་_100_,ནི་_100_,ནི་_100_
[གང་_100_],གང་_100_,གང་_100_,གང་_100_,གང་_100_,གང་_100_,གང་_100_,གང་_100_,གང་_100_
[ཡིན་_100_],ཡིན་_100_,ཡིན་_100_,ཡིན་_100_,ཡིན་_100_,ཡིན་_100_,ཡིན་_100_,ཡིན་_100_,ཡིན་_100_
[ཞེས_100_],ཞེས_100_,ཞེས_100_,ཞེས_100_,ཞེས_100_,ཞེས_100_,ཞེས_100_,ཞེས_100_,ཞེས_100_
[། །​_100_],། །​_100_,། །​_100_,། །​_100_,། །​_100_,། །​_100_,། །​_100_,། །​_100_,། །​_100_
[གླེན་_100_],གླེན་_100_,གླེན་_100_,གླེན་_100_,གླེན་_100_,གླེན་_100_,གླེན་_100_,གླེན་_100_,གླེན་_100_
[གང་_100_],གང་_100_,གང་_100_,གང་_100_,གང་_100_,གང་_100_,གང་_100_,གང་_100_,གང་_100_
[གང་_100_],གང་_100_,གང་_100_,གང་_100_,གང་_100_,གང་_100_,གང་_100_,གང་_100_,གང་_100_
[གིས་_100_],གིས་_100_,གིས་_100_,གིས་_100_,གིས་_100_,གིས་_100_,གིས་_100_,གིས་_100_,གིས་_100_
[ཕུན་_100_],ཕུན་_100_,ཕུན་_100_,ཕུན་_100_,ཕུན་_100_,ཕུན་_100_,ཕུན་_100_,ཕུན་_100_,ཕུན་_100_
[ཚོགས་_100_],ཚོགས་_100_,ཚོགས་_100_,ཚོགས་_100_,ཚོགས་_100_,ཚོགས་_100_,ཚོགས་_100_,ཚོགས་_100_,ཚོགས་_100_
[ཟད་_100_],ཟད་_100_,ཟད་_100_,ཟད་_100_,ཟད་_100_,ཟད་_100_,ཟད་_100_,ཟད་_100_,ཟད་_100_
[གྱུར་_100_],གྱུར་_100_,གྱུར་_100_,གྱུར་_100_,གྱུར་_100_,གྱུར་_100_,གྱུར་_100_,གྱུར་_100_,གྱུར་_100_
[ཅེས_100_],ཅེས_100_,ཅེས_100_,ཅེས_100_,ཅེས_100_,ཅེས_100_,ཅེས_100_,ཅེས_100_,ཅེས_100_
[། །​_100_],། །​_100_,། །​_100_,། །​_100_,། །​_100_,། །​_100_,། །​_100_,། །​_100_,། །​_100_
[དེ་_100_],དེ་_100_,དེ་_100_,དེ་_100_,དེ་_100_,དེ་_100_,དེ་_100_,དེ་_100_,དེ་_100_
[ལྟར་_100_],ལྟར་_100_,ལྟར་_100_,ལྟར་_100_,ལྟར་_100_,ལྟར་_100_,ལྟར་_100_,ལྟར་_100_,ལྟར་_100_
[རྣམ་_100_],རྣམ་_100_,རྣམ་_100_,རྣམ་_100_,རྣམ་_100_,རྣམ་_100_,རྣམ་_100_,རྣམ་_100_,རྣམ་_100_
[པར་_100_],པར་_100_,པར་_100_,པར་_100_,པར་_100_,པར་_100_,པར་_100_,པར་_100_,པར་_100_
[རྒྱུ་_100_],རྒྱུ་_100_,རྒྱུ་_100_,རྒྱུ་_100_,རྒྱུ་_100_,རྒྱུ་_100_,རྒྱུ་_100_,རྒྱུ་_100_,རྒྱུ་_100_
[ཞིང་_100_],ཞིང་_100_,ཞིང་_100_,ཞིང་_100_,ཞིང་_100_,ཞིང་_100_,ཞིང་_100_,ཞིང་_100_,ཞིང་_100_
[སྐྱོབ་_100_],སྐྱོབ་_100_,སྐྱོབ་_100_,སྐྱོབ་_100_,སྐྱོབ་_100_,སྐྱོབ་_100_,སྐྱོབ་_100_,སྐྱོབ་_100_,སྐྱོབ་_100_
[མཛད་_100_],མཛད་_100_,མཛད་_100_,མཛད་_100_,མཛད་_100_,མཛད་_100_,མཛད་_100_,མཛད་_100_,མཛད་_100_
[ཀྱང་_100_],ཀྱང་_100_,ཀྱང་_100_,ཀྱང་_100_,ཀྱང་_100_,ཀྱང་_100_,ཀྱང་_100_,ཀྱང་_100_,ཀྱང་_100_
[། །​_100_],། །​_100_,། །​_100_,། །​_100_,། །​_100_,། །​_100_,། །​_100_,། །​_100_,། །​_100_
[བདག་_100_],བདག་_100_,བདག་_100_,བདག་_100_,བདག་_100_,བདག་_100_,བདག་_100_,བདག་_100_,བདག་_100_
[ཕོངས་_100_],ཕོངས་_100_,ཕོངས་_100_,ཕོངས་_100_,ཕོངས་_100_,ཕོངས་_100_,ཕོངས་_100_,ཕོངས་_100_,ཕོངས་_100_
[མ་_100_],མ་_100_,མ་_100_,མ་_100_,མ་_100_,མ་_100_,མ་_100_,མ་_100_,མ་_100_
[གཟིགས་_100_],གཟིགས་_100_,གཟིགས་_100_,གཟིགས་_100_,གཟིགས་_100_,གཟིགས་_100_,གཟིགས་_100_,གཟིགས་_100_,གཟིགས་_100_
[ཀྱེ་_100_],ཀྱེ་_100_,ཀྱེ་_100_,ཀྱེ་_100_,ཀྱེ་_100_,ཀྱེ་_100_,ཀྱེ་_100_,ཀྱེ་_100_,ཀྱེ་_100_
[མ་_100_],མ་_100_,མ་_100_,མ་_100_,མ་_100_,མ་_100_,མ་_100_,མ་_100_,མ་_100_
[ངོ་_100_],ངོ་_100_,ངོ་_100_,ངོ་_100_,ངོ་_100_,ངོ་_100_,ངོ་_100_,ངོ་_100_,ངོ་_100_
[མཚར་_100_],མཚར་_100_,མཚར་_100_,མཚར་_100_,མཚར་_100_,མཚར་_100_,མཚར་_100_,མཚར་_100_,མཚར་_100_
[ཆེ_100_],ཆེ_100_,ཆེ_100_,ཆེ_100_,ཆེ_100_,ཆེ_100_,ཆེ_100_,ཆེ_100_,ཆེ_100_
[། །​_88_],། །​_88_,། །​_88_,། །​_88_,། །​_88_,། །​_88_,། །​_88_,། །​_88_,། །​e | །​_11_
[གང་_100_],གང་_100_,གང་_100_,གང་_100_,གང་_100_,གང་_100_,གང་_100_,གང་_100_,གང་_100_
[ཞིག་_100_],ཞིག་_100_,ཞིག་_100_,ཞིག་_100_,ཞིག་_100_,ཞིག་_100_,ཞིག་_100_,ཞིག་_100_,ཞིག་_100_
[ལ་_100_],ལ་_100_,ལ་_100_,ལ་_100_,ལ་_100_,ལ་_100_,ལ་_100_,ལ་_100_,ལ་_100_
[ནི་_100_],ནི་_100_,ནི་_100_,ནི་_100_,ནི་_100_,ནི་_100_,ནི་_100_,ནི་_100_,ནི་_100_
[ཚིག་_100_],ཚིག་_100_,ཚིག་_100_,ཚིག་_100_,ཚིག་_100_,ཚིག་_100_,ཚིག་_100_,ཚིག་_100_,ཚིག་_100_
[སྦྱིན་_100_],སྦྱིན་_100_,སྦྱིན་_100_,སྦྱིན་_100_,སྦྱིན་_100_,སྦྱིན་_100_,སྦྱིན་_100_,སྦྱིན་_100_,སྦྱིན་_100_
[གང་_100_],གང་_100_,གང་_100_,གང་_100_,གང་_100_,གང་_100_,གང་_100_,གང་_100_,གང་_100_
[ཞིག་_100_],ཞིག་_100_,ཞིག་_100_,ཞིག་_100_,ཞིག་_100_,ཞིག་_100_,ཞིག་_100_,ཞིག་_100_,ཞིག་_100_
[ལ_100_],ལ_100_,ལ_100_,ལ_100_,ལ_100_,ལ_100_,ལ_100_,ལ_100_,ལ_100_
[། །​_88_],། །​_88_,། །​_88_,། །​_88_,། །​_88_,། །​_88_,། །​_88_,། །​_88_,། ༧ །​_11_
[འཕྲལ་_100_],འཕྲལ་_100_,འཕྲལ་_100_,འཕྲལ་_100_,འཕྲལ་_100_,འཕྲལ་_100_,འཕྲལ་_100_,འཕྲལ་_100_,འཕྲལ་_100_
[དུ་_100_],དུ་_100_,དུ་_100_,དུ་_100_,དུ་_100_,དུ་_100_,དུ་_100_,དུ་_100_,དུ་_100_
[ཕུན་_100_],ཕུན་_100_,ཕུན་_100_,ཕུན་_100_,ཕུན་_100_,ཕུན་_100_,ཕུན་_100_,ཕུན་_100_,ཕུན་_100_
[ཚོགས་_100_],ཚོགས་_100_,ཚོགས་_100_,ཚོགས་_100_,ཚོགས་_100_,ཚོགས་_100_,ཚོགས་_100_,ཚོགས་_100_,ཚོགས་_100_
[རྒྱ་_100_],རྒྱ་_100_,རྒྱ་_100_,རྒྱ་_100_,རྒྱ་_100_,རྒྱ་_100_,རྒྱ་_100_,རྒྱ་_100_,རྒྱ་_100_
[ཆེན་_100_],ཆེན་_100_,ཆེན་_100_,ཆེན་_100_,ཆེན་_100_,ཆེན་_100_,ཆེན་_100_,ཆེན་_100_,ཆེན་_100_
[སྦྱིན་_100_],སྦྱིན་_100_,སྦྱིན་_100_,སྦྱིན་_100_,སྦྱིན་_100_,སྦྱིན་_100_,སྦྱིན་_100_,སྦྱིན་_100_,སྦྱིན་_100_
[བྱ་_100_],བྱ་_100_,བྱ་_100_,བྱ་_100_,བྱ་_100_,བྱ་_100_,བྱ་_100_,བྱ་_100_,བྱ་_100_
[ཞེས_100_],ཞེས_100_,ཞེས_100_,ཞེས_100_,ཞེས_100_,ཞེས_100_,ཞེས_100_,ཞེས_100_,ཞེས_100_
[། །​_88_],། །​_88_,། །​_88_,། །​_88_,། །​_88_,། །​_88_,། །​_88_,། །​_88_,། །​ ་། _11_
[དེ་_100_],དེ་_100_,དེ་_100_,དེ་_100_,དེ་_100_,དེ་_100_,དེ་_100_,དེ་_100_,དེ་_100_
[ལྟར་_100_],ལྟར་_100_,ལྟར་_100_,ལྟར་_100_,ལྟར་_100_,ལྟར་_100_,ལྟར་_100_,ལྟར་_100_,ལྟར་_100_
[བརྩོན་_100_],བརྩོན་_100_,བརྩོན་_100_,བརྩོན་_100_,བརྩོན་_100_,བརྩོན་_100_,བརྩོན་_100_,བརྩོན་_100_,བརྩོན་_100_
[པ་_100_],པ་_100_,པ་_100_,པ་_100_,པ་_100_,པ་_100_,པ་_100_,པ་_100_,པ་_100_
[ཁྱེད་_100_],ཁྱེད་_100_,ཁྱེད་_100_,ཁྱེད་_100_,ཁྱེད་_100_,ཁྱེད་_100_,ཁྱེད་_100_,ཁྱེད་_100_,ཁྱེད་_100_
[ཀྱི་_100_],ཀྱི་_100_,ཀྱི་_100_,ཀྱི་_100_,ཀྱི་_100_,ཀྱི་_100_,ཀྱི་_100_,ཀྱི་_100_,ཀྱི་_100_
[མཁྱེན་_100_],མཁྱེན་_100_,མཁྱེན་_100_,མཁྱེན་_100_,མཁྱེན་_100_,མཁྱེན་_100_,མཁྱེན་_100_,མཁྱེན་_100_,མཁྱེན་_100_
[རབ་_100_],རབ་_100_,རབ་_100_,རབ་_100_,རབ་_100_,རབ་_100_,རབ་_100_,རབ་_100_,རབ་_100_
[ཀྱིས_100_],ཀྱིས_100_,ཀྱིས_100_,ཀྱིས_100_,ཀྱིས_100_,ཀྱིས_100_,ཀྱིས_100_,ཀྱིས_100_,ཀྱིས_100_
[། །​_88_],། །​_88_,། །​_88_,། །​_88_,། །​_88_,། །​_88_,། །​_88_,། །​_88_,། ཌ་ཌ །​ _11_
[ཅི་_100_],ཅི་_100_,ཅི་_100_,ཅི་_100_,ཅི་_100_,ཅི་_100_,ཅི་_100_,ཅི་_100_,ཅི་_100_
[ཡི་_100_],ཡི་_100_,ཡི་_100_,ཡི་_100_,ཡི་_100_,ཡི་_100_,ཡི་_100_,ཡི་_100_,ཡི་_100_
[ཕྱིར་_100_],ཕྱིར་_100_,ཕྱིར་_100_,ཕྱིར་_100_,ཕྱིར་_100_,ཕྱིར་_100_,ཕྱིར་_100_,ཕྱིར་_100_,ཕྱིར་_100_
[ན་_100_],ན་_100_,ན་_100_,ན་_100_,ན་_100_,ན་_100_,ན་_100_,ན་_100_,ན་_100_
[བདག་_100_],བདག་_100_,བདག་_100_,བདག་_100_,བདག་_100_,བདག་_100_,བདག་_100_,བདག་_100_,བདག་_100_
[ལ་_100_],ལ་_100_,ལ་_100_,ལ་_100_,ལ་_100_,ལ་_100_,ལ་_100_,ལ་_100_,ལ་_100_
[སྐྱོབ་_100_],སྐྱོབ་_100_,སྐྱོབ་_100_,སྐྱོབ་_100_,སྐྱོབ་_100_,སྐྱོབ་_100_,སྐྱོབ་_100_,སྐྱོབ་_100_,སྐྱོབ་_100_
[མི་_100_],མི་_100_,མི་_100_,མི་_100_,མི་_100_,མི་_100_,མི་_100_,མི་_100_,མི་_100_
[མཛད_100_],མཛད_100_,མཛད_100_,མཛད_100_,མཛད_100_,མཛད_100_,མཛད_100_,མཛད_100_,མཛད_100_
[། །​_100_],། །​_100_,། །​_100_,། །​_100_,། །​_100_,། །​_100_,། །​_100_,། །​_100_,། །​_100_
[ཁྱེད་_100_],ཁྱེད་_100_,ཁྱེད་_100_,ཁྱེད་_100_,ཁྱེད་_100_,ཁྱེད་_100_,ཁྱེད་_100_,ཁྱེད་_100_,ཁྱེད་_100_
[ལ་_100_],ལ་_100_,ལ་_100_,ལ་_100_,ལ་_100_,ལ་_100_,ལ་_100_,ལ་_100_,ལ་_100_
[དད་_100_],དད་_100_,དད་_100_,དད་_100_,དད་_100_,དད་_100_,དད་_100_,དད་_100_,དད་_100_
[པར་_100_],པར་_100_,པར་_100_,པར་_100_,པར་_100_,པར་_100_,པར་_100_,པར་_100_,པར་_100_
[གྱུར་_100_],གྱུར་_100_,གྱུར་_100_,གྱུར་_100_,གྱུར་_100_,གྱུར་_100_,གྱུར་_100_,གྱུར་_100_,གྱུར་_100_
[པ་_100_],པ་_100_,པ་_100_,པ་_100_,པ་_100_,པ་_100_,པ་_100_,པ་_100_,པ་_100_
[སུ་_100_],སུ་_100_,སུ་_100_,སུ་_100_,སུ་_100_,སུ་_100_,སུ་_100_,སུ་_100_,སུ་_100_
[མི་_100_],མི་_100_,མི་_100_,མི་_100_,མི་_100_,མི་_100_,མི་_100_,མི་_100_,མི་_100_
[བདེ_100_],བདེ_100_,བདེ_100_,བདེ_100_,བདེ_100_,བདེ_100_,བདེ_100_,བདེ_100_,བདེ_100_
[། །​_100_],། །​_100_,། །​_100_,། །​_100_,། །​_100_,། །​_100_,། །​_100_,། །​_100_,། །​_100_
[ཁྱེད་_100_],ཁྱེད་_100_,ཁྱེད་_100_,ཁྱེད་_100_,ཁྱེད་_100_,ཁྱེད་_100_,ཁྱེད་_100_,ཁྱེད་_100_,ཁྱེད་_100_
[དང་_100_],དང་_100_,དང་_100_,དང་_100_,དང་_100_,དང་_100_,དང་_100_,དང་_100_,དང་_100_
[བསོད་_100_],བསོད་_100_,བསོད་_100_,བསོད་_100_,བསོད་_100_,བསོད་_100_,བསོད་_100_,བསོད་_100_,བསོད་_100_
[ནམས་_100_],ནམས་_100_,ནམས་_100_,ནམས་_100_,ནམས་_100_,ནམས་_100_,ནམས་_100_,ནམས་_100_,ནམས་_100_
[དམན་_100_],དམན་_100_,དམན་_100_,དམན་_100_,དམན་_100_,དམན་_100_,དམན་_100_,དམན་_100_,དམན་_100_
[པ་_100_],པ་_100_,པ་_100_,པ་_100_,པ་_100_,པ་_100_,པ་_100_,པ་_100_,པ་_100_
[ཞིག་_100_],ཞིག་_100_,ཞིག་_100_,ཞིག་_100_,ཞིག་_100_,ཞིག་_100_,ཞིག་_100_,ཞིག་_100_,ཞིག་_100_
[མ་_100_],མ་_100_,མ་_100_,མ་_100_,མ་_100_,མ་_100_,མ་_100_,མ་_100_,མ་_100_
[མཆིས_100_],མཆིས_100_,མཆིས_100_,མཆིས_100_,མཆིས_100_,མཆིས_100_,མཆིས_100_,མཆིས_100_,མཆིས_100_
[། །​_100_],། །​_100_,། །​_100_,། །​_100_,། །​_100_,། །​_100_,། །​_100_,། །​_100_,། །​_100_
[བདག་_100_],བདག་_100_,བདག་_100_,བདག་_100_,བདག་_100_,བདག་_100_,བདག་_100_,བདག་_100_,བདག་_100_
[ནི་_100_],ནི་_100_,ནི་_100_,ནི་_100_,ནི་_100_,ནི་_100_,ནི་_100_,ནི་_100_,ནི་_100_
[ཁྱེད་_100_],ཁྱེད་_100_,ཁྱེད་_100_,ཁྱེད་_100_,ཁྱེད་_100_,ཁྱེད་_100_,ཁྱེད་_100_,ཁྱེད་_100_,ཁྱེད་_100_
[ལ་_100_],ལ་_100_,ལ་_100_,ལ་_100_,ལ་_100_,ལ་_100_,ལ་_100_,ལ་_100_,ལ་_100_
[དད་_100_],དད་_100_,དད་_100_,དད་_100_,དད་_100_,དད་_100_,དད་_100_,དད་_100_,དད་_100_
[ཀྱང་_100_],ཀྱང་_100_,ཀྱང་_100_,ཀྱང་_100_,ཀྱང་_100_,ཀྱང་_100_,ཀྱང་_100_,ཀྱང་_100_,ཀྱང་_100_
[སྡུག་_100_],སྡུག་_100_,སྡུག་_100_,སྡུག་_100_,སྡུག་_100_,སྡུག་_100_,སྡུག་_100_,སྡུག་_100_,སྡུག་_100_
[བསྔལ་_100_],བསྔལ་_100_,བསྔལ་_100_,བསྔལ་_100_,བསྔལ་_100_,བསྔལ་_100_,བསྔལ་_100_,བསྔལ་_100_,བསྔལ་_100_
[བར_100_],བར_100_,བར_100_,བར_100_,བར_100_,བར_100_,བར_100_,བར_100_,བར_100_
[། །​_88_],། །​_88_,། །​_88_,། །​_88_,། །​_88_,། །​_88_,། །​_88_,། །​_88_,། © །​ _11_
[ཅི་_100_],ཅི་_100_,ཅི་_100_,ཅི་_100_,ཅི་_100_,ཅི་_100_,ཅི་_100_,ཅི་_100_,ཅི་_100_
[ཕྱིར་_100_],ཕྱིར་_100_,ཕྱིར་_100_,ཕྱིར་_100_,ཕྱིར་_100_,ཕྱིར་_100_,ཕྱིར་_100_,ཕྱིར་_100_,ཕྱིར་_100_
[གྱུར་_100_],གྱུར་_100_,གྱུར་_100_,གྱུར་_100_,གྱུར་_100_,གྱུར་_100_,གྱུར་_100_,གྱུར་_100_,གྱུར་_100_
[ཅེས་_100_],ཅེས་_100_,ཅེས་_100_,ཅེས་_100_,ཅེས་_100_,ཅེས་_100_,ཅེས་_100_,ཅེས་_100_,ཅེས་_100_
[ངོ་_100_],ངོ་_100_,ངོ་_100_,ངོ་_100_,ངོ་_100_,ངོ་_100_,ངོ་_100_,ངོ་_100_,ངོ་_100_
[མཚར་_100_],མཚར་_100_,མཚར་_100_,མཚར་_100_,མཚར་_100_,མཚར་_100_,མཚར་_100_,མཚར་_100_,མཚར་_100_
[རྣམ་_100_],རྣམ་_100_,རྣམ་_100_,རྣམ་_100_,རྣམ་_100_,རྣམ་_100_,རྣམ་_100_,རྣམ་_100_,རྣམ་_100_
[པར་_100_],པར་_100_,པར་_100_,པར་_100_,པར་_100_,པར་_100_,པར་_100_,པར་_100_,པར་_100_
[འཁྲུངས_100_],འཁྲུངས_100_,འཁྲུངས_100_,འཁྲུངས_100_,འཁྲུངས_100_,འཁྲུངས_100_,འཁྲུངས_100_,འཁྲུངས_100_,འཁྲུངས_100_
[། །​_100_],། །​_100_,། །​_100_,། །​_100_,། །​_100_,། །​_100_,། །​_100_,། །​_100_,། །​_100_
[སྡུག་_100_],སྡུག་_100_,སྡུག་_100_,སྡུག་_100_,སྡུག་_100_,སྡུག་_100_,སྡུག་_100_,སྡུག་_100_,སྡུག་_100_
[བསྔལ་_100_],བསྔལ་_100_,བསྔལ་_100_,བསྔལ་_100_,བསྔལ་_100_,བསྔལ་_100_,བསྔལ་_100_,བསྔལ་_100_,བསྔལ་_100_
[གཅོད་_100_],གཅོད་_100_,གཅོད་_100_,གཅོད་_100_,གཅོད་_100_,གཅོད་_100_,གཅོད་_100_,གཅོད་_100_,གཅོད་_100_
[མཛད་_100_],མཛད་_100_,མཛད་_100_,མཛད་_100_,མཛད་_100_,མཛད་_100_,མཛད་_100_,མཛད་_100_,མཛད་_100_
[སྨན་_100_],སྨན་_100_,སྨན་_100_,སྨན་_100_,སྨན་_100_,སྨན་_100_,སྨན་_100_,སྨན་_100_,སྨན་_100_
[པ་_100_],པ་_100_,པ་_100_,པ་_100_,པ་_100_,པ་_100_,པ་_100_,པ་_100_,པ་_100_
[ཆེན་_100_],ཆེན་_100_,ཆེན་_100_,ཆེན་_100_,ཆེན་_100_,ཆེན་_100_,ཆེན་_100_,ཆེན་_100_,ཆེན་_100_
[པོ་_100_],པོ་_100_,པོ་_100_,པོ་_100_,པོ་_100_,པོ་_100_,པོ་_100_,པོ་_100_,པོ་_100_
[ནི_100_],ནི_100_,ནི_100_,ནི_100_,ནི_100_,ནི_100_,ནི_100_,ནི_100_,ནི_100_
[། །​_100_],། །​_100_,། །​_100_,། །​_100_,། །​_100_,། །​_100_,། །​_100_,། །​_100_,། །​_100_
[གང་_100_],གང་_100_,གང་_100_,གང་_100_,གང་_100_,གང་_100_,གང་_100_,གང་_100_,གང་_100_
[དེ་_77_],དེ་_77_,ཚེ་_22_,ཚེ་_22_,དེ་_77_,དེ་_77_,དེ་_77_,དེ་_77_,དེ་_77_
[ཁྱེད་_100_],ཁྱེད་_100_,ཁྱེད་_100_,ཁྱེད་_100_,ཁྱེད་_100_,ཁྱེད་_100_,ཁྱེད་_100_,ཁྱེད་_100_,ཁྱེད་_100_
[ཀྱང་_100_],ཀྱང་_100_,ཀྱང་_100_,ཀྱང་_100_,ཀྱང་_100_,ཀྱང་_100_,ཀྱང་_100_,ཀྱང་_100_,ཀྱང་_100_
[བདག་_100_],བདག་_100_,བདག་_100_,བདག་_100_,བདག་_100_,བདག་_100_,བདག་_100_,བདག་_100_,བདག་_100_
[ལ་_100_],ལ་_100_,ལ་_100_,ལ་_100_,ལ་_100_,ལ་_100_,ལ་_100_,ལ་_100_,ལ་_100_
[སྤོང་_100_],སྤོང་_100_,སྤོང་_100_,སྤོང་_100_,སྤོང་_100_,སྤོང་_100_,སྤོང་_100_,སྤོང་_100_,སྤོང་_100_
[མཛད་_100_],མཛད་_100_,མཛད་_100_,མཛད་_100_,མཛད་_100_,མཛད་_100_,མཛད་_100_,མཛད་_100_,མཛད་_100_
[ན_100_],ན_100_,ན_100_,ན_100_,ན_100_,ན_100_,ན_100_,ན_100_,ན_100_
[། །​_100_],། །​_100_,། །​_100_,། །​_100_,། །​_100_,། །​_100_,། །​_100_,། །​_100_,། །​_100_
[བསོད་_100_],བསོད་_100_,བསོད་_100_,བསོད་_100_,བསོད་_100_,བསོད་_100_,བསོད་_100_,བསོད་_100_,བསོད་_100_
[ནམས་_100_],ནམས་_100_,ནམས་_100_,ནམས་_100_,ནམས་_100_,ནམས་_100_,ནམས་_100_,ནམས་_100_,ནམས་_100_
[བཅོམ་_100_],བཅོམ་_100_,བཅོམ་_100_,བཅོམ་_100_,བཅོམ་_100_,བཅོམ་_100_,བཅོམ་_100_,བཅོམ་_100_,བཅོམ་_100_
[པ་_100_],པ་_100_,པ་_100_,པ་_100_,པ་_100_,པ་_100_,པ་_100_,པ་_100_,པ་_100_
[བདག་_100_],བདག་_100_,བདག་_100_,བདག་_100_,བདག་_100_,བདག་_100_,བདག་_100_,བདག་_100_,བདག་_100_
[གིས་_100_],གིས་_100_,གིས་_100_,གིས་_100_,གིས་_100_,གིས་_100_,གིས་_100_,གིས་_100_,གིས་_100_
[གཞན་_100_],གཞན་_100_,གཞན་_100_,གཞན་_100_,གཞན་_100_,གཞན་_100_,གཞན་_100_,གཞན་_100_,གཞན་_100_
[སུ་_100_],སུ་_100_,སུ་_100_,སུ་_100_,སུ་_100_,སུ་_100_,སུ་_100_,སུ་_100_,སུ་_100_
[ལ_100_],ལ_100_,ལ_100_,ལ_100_,ལ_100_,ལ_100_,ལ_100_,ལ_100_,ལ_100_
[། །​_88_],། །​_88_,། །​_88_,། །​_88_,། །​_88_,། །​_88_,། །​_88_,། །​_88_,།  །​རྗེ་བཙུན་འཕགས་པ་འཇམ་དཔལ་གྱི་སྙིང་རྗེ་ལ་བསྟོད་པ།_11_
[སྐྱབས་_100_],སྐྱབས་_100_,སྐྱབས་_100_,སྐྱབས་_100_,སྐྱབས་_100_,སྐྱབས་_100_,སྐྱབས་_100_,སྐྱབས་_100_,སྐྱབས་_100_
[སུ་_100_],སུ་_100_,སུ་_100_,སུ་_100_,སུ་_100_,སུ་_100_,སུ་_100_,སུ་_100_,སུ་_100_
[མཆི་_100_],མཆི་_100_,མཆི་_100_,མཆི་_100_,མཆི་_100_,མཆི་_100_,མཆི་_100_,མཆི་_100_,མཆི་_100_
[བར་_100_],བར་_100_,བར་_100_,བར་_100_,བར་_100_,བར་_100_,བར་_100_,བར་_100_,བར་_100_
[བགྱི་_100_],བགྱི་_100_,བགྱི་_100_,བགྱི་_100_,བགྱི་_100_,བགྱི་_100_,བགྱི་_100_,བགྱི་_100_,བགྱི་_100_
[བ་_100_],བ་_100_,བ་_100_,བ་_100_,བ་_100_,བ་_100_,བ་_100_,བ་_100_,བ་_100_
[ཁྱེད་_100_],ཁྱེད་_100_,ཁྱེད་_100_,ཁྱེད་_100_,ཁྱེད་_100_,ཁྱེད་_100_,ཁྱེད་_100_,ཁྱེད་_100_,ཁྱེད་_100_
[ཀྱིས་_100_],ཀྱིས་_100_,ཀྱིས་_100_,ཀྱིས་_100_,ཀྱིས་_100_,ཀྱིས་_100_,ཀྱིས་_100_,ཀྱིས་_100_,ཀྱིས་_100_
[གསུངས_100_],གསུངས_100_,གསུངས_100_,གསུངས_100_,གསུངས_100_,གསུངས_100_,གསུངས_100_,གསུངས_100_,གསུངས_100_
[། །​_100_],། །​_100_,། །​_100_,། །​_100_,། །​_100_,། །​_100_,། །​_100_,། །​_100_,། །​_100_
[འགྲོ་_100_],འགྲོ་_100_,འགྲོ་_100_,འགྲོ་_100_,འགྲོ་_100_,འགྲོ་_100_,འགྲོ་_100_,འགྲོ་_100_,འགྲོ་_100_
[ལ་_100_],ལ་_100_,ལ་_100_,ལ་_100_,ལ་_100_,ལ་_100_,ལ་_100_,ལ་_100_,ལ་_100_
[རྟག་_100_],རྟག་_100_,རྟག་_100_,རྟག་_100_,རྟག་_100_,རྟག་_100_,རྟག་_100_,རྟག་_100_,རྟག་_100_
[ཏུ་_100_],ཏུ་_100_,ཏུ་_100_,ཏུ་_100_,ཏུ་_100_,ཏུ་_100_,ཏུ་_100_,ཏུ་_100_,ཏུ་_100_
[བུ་_100_],བུ་_100_,བུ་_100_,བུ་_100_,བུ་_100_,བུ་_100_,བུ་_100_,བུ་_100_,བུ་_100_
[གཅིག་_100_],གཅིག་_100_,གཅིག་_100_,གཅིག་_100_,གཅིག་_100_,གཅིག་_100_,གཅིག་_100_,གཅིག་_100_,གཅིག་_100_
[འདྲ་_100_],འདྲ་_100_,འདྲ་_100_,འདྲ་_100_,འདྲ་_100_,འདྲ་_100_,འདྲ་_100_,འདྲ་_100_,འདྲ་_100_
[བ་_100_],བ་_100_,བ་_100_,བ་_100_,བ་_100_,བ་_100_,བ་_100_,བ་_100_,བ་_100_
[ཡི_100_],ཡི_100_,ཡི_100_,ཡི_100_,ཡི_100_,ཡི_100_,ཡི_100_,ཡི_100_,ཡི_100_
[། །​_100_],། །​_100_,། །​_100_,། །​_100_,། །​_100_,། །​_100_,། །​_100_,། །​_100_,། །​_100_
[བརྩེ་_100_],བརྩེ་_100_,བརྩེ་_100_,བརྩེ་_100_,བརྩེ་_100_,བརྩེ་_100_,བརྩེ་_100_,བརྩེ་_100_,བརྩེ་_100_
[བའི་_100_],བའི་_100_,བའི་_100_,བའི་_100_,བའི་_100_,བའི་_100_,བའི་_100_,བའི་_100_,བའི་_100_
[ཐུགས་_100_],ཐུགས་_100_,ཐུགས་_100_,ཐུགས་_100_,ཐུགས་_100_,ཐུགས་_100_,ཐུགས་_100_,ཐུགས་_100_,ཐུགས་_100_
[ནི་_100_],ནི་_100_,ནི་_100_,ནི་_100_,ནི་_100_,ནི་_100_,ནི་_100_,ནི་_100_,ནི་_100_
[མངའ་_100_],མངའ་_100_,མངའ་_100_,མངའ་_100_,མངའ་_100_,མངའ་_100_,མངའ་_100_,མངའ་_100_,མངའ་_100_
[ཞིང་_100_],ཞིང་_100_,ཞིང་_100_,ཞིང་_100_,ཞིང་_100_,ཞིང་_100_,ཞིང་_100_,ཞིང་_100_,ཞིང་_100_
[སྒྲོལ་_100_],སྒྲོལ་_100_,སྒྲོལ་_100_,སྒྲོལ་_100_,སྒྲོལ་_100_,སྒྲོལ་_100_,སྒྲོལ་_100_,སྒྲོལ་_100_,སྒྲོལ་_100_
[སྤྱོད་_100_],སྤྱོད་_100_,སྤྱོད་_100_,སྤྱོད་_100_,སྤྱོད་_100_,སྤྱོད་_100_,སྤྱོད་_100_,སྤྱོད་_100_,སྤྱོད་_100_
[པ_100_],པ_100_,པ_100_,པ_100_,པ_100_,པ_100_,པ_100_,པ_100_,པ_100_
[། །​_88_],། །​_88_,། །​_88_,། །​_88_,། །​_88_,། །​_88_,། །​_88_,། །​_88_,། །​ _11_
[ཁྱེད་_100_],ཁྱེད་_100_,ཁྱེད་_100_,ཁྱེད་_100_,ཁྱེད་_100_,ཁྱེད་_100_,ཁྱེད་_100_,ཁྱེད་_100_,ཁྱེད་_100_
[ཀྱང་_100_],ཀྱང་_100_,ཀྱང་_100_,ཀྱང་_100_,ཀྱང་_100_,ཀྱང་_100_,ཀྱང་_100_,ཀྱང་_100_,ཀྱང་_100_
[གལ་_100_],གལ་_100_,གལ་_100_,གལ་_100_,གལ་_100_,གལ་_100_,གལ་_100_,གལ་_100_,གལ་_100_
[ཏེ་_100_],ཏེ་_100_,ཏེ་_100_,ཏེ་_100_,ཏེ་_100_,ཏེ་_100_,ཏེ་_100_,ཏེ་_100_,ཏེ་_100_
[བདག་_100_],བདག་_100_,བདག་_100_,བདག་_100_,བདག་_100_,བདག་_100_,བདག་_100_,བདག་_100_,བདག་_100_
[གནོད་_100_],གནོད་_100_,གནོད་_100_,གནོད་_100_,གནོད་_100_,གནོད་_100_,གནོད་_100_,གནོད་_100_,གནོད་_100_
[མི་_100_],མི་_100_,མི་_100_,མི་_100_,མི་_100_,མི་_100_,མི་_100_,མི་_100_,མི་_100_
[སེལ་_100_],སེལ་_100_,སེལ་_100_,སེལ་_100_,སེལ་_100_,སེལ་_100_,སེལ་_100_,སེལ་_100_,སེལ་_100_
[ན_100_],ན_100_,ན_100_,ན_100_,ན_100_,ན_100_,ན_100_,ན_100_,ན_100_
[། །​_100_],། །​_100_,། །​_100_,། །​_100_,། །​_100_,། །​_100_,། །​_100_,། །​_100_,། །​_100_
[དེ་_100_],དེ་_100_,དེ་_100_,དེ་_100_,དེ་_100_,དེ་_100_,དེ་_100_,དེ་_100_,དེ་_100_
[ཚེ་_100_],ཚེ་_100_,ཚེ་_100_,ཚེ་_100_,ཚེ་_100_,ཚེ་_100_,ཚེ་_100_,ཚེ་_100_,ཚེ་_100_
[བདག་_100_],བདག་_100_,བདག་_100_,བདག་_100_,བདག་_100_,བདག་_100_,བདག་_100_,བདག་_100_,བདག་_100_
[ནི་_100_],ནི་_100_,ནི་_100_,ནི་_100_,ནི་_100_,ནི་_100_,ནི་_100_,ནི་_100_,ནི་_100_
[མགོན་_100_],མགོན་_100_,མགོན་_100_,མགོན་_100_,མགོན་_100_,མགོན་_100_,མགོན་_100_,མགོན་_100_,མགོན་_100_
[མེད་_100_],མེད་_100_,མེད་_100_,མེད་_100_,མེད་_100_,མེད་_100_,མེད་_100_,མེད་_100_,མེད་_100_
[བཅོམ་_100_],བཅོམ་_100_,བཅོམ་_100_,བཅོམ་_100_,བཅོམ་_100_,བཅོམ་_100_,བཅོམ་_100_,བཅོམ་_100_,བཅོམ་_100_
[པ་_100_],པ་_100_,པ་_100_,པ་_100_,པ་_100_,པ་_100_,པ་_100_,པ་_100_,པ་_100_
[ལགས_100_],ལགས_100_,ལགས_100_,ལགས_100_,ལགས_100_,ལགས_100_,ལགས_100_,ལགས_100_,ལགས_100_
[། །​_100_],། །​_100_,། །​_100_,། །​_100_,། །​_100_,། །​_100_,། །​_100_,། །​_100_,། །​_100_
[བཅོམ་_100_],བཅོམ་_100_,བཅོམ་_100_,བཅོམ་_100_,བཅོམ་_100_,བཅོམ་_100_,བཅོམ་_100_,བཅོམ་_100_,བཅོམ་_100_
[ལྡན་_100_],ལྡན་_100_,ལྡན་_100_,ལྡན་_100_,ལྡན་_100_,ལྡན་_100_,ལྡན་_100_,ལྡན་_100_,ལྡན་_100_
[ཁྱེད་_100_],ཁྱེད་_100_,ཁྱེད་_100_,ཁྱེད་_100_,ཁྱེད་_100_,ཁྱེད་_100_,ཁྱེད་_100_,ཁྱེད་_100_,ཁྱེད་_100_
[ནི་_100_],ནི་_100_,ནི་_100_,ནི་_100_,ནི་_100_,ནི་_100_,ནི་_100_,ནི་_100_,ནི་_100_
[དྲན་_100_],དྲན་_100_,དྲན་_100_,དྲན་_100_,དྲན་_100_,དྲན་_100_,དྲན་_100_,དྲན་_100_,དྲན་_100_
[པ་_100_],པ་_100_,པ་_100_,པ་_100_,པ་_100_,པ་_100_,པ་_100_,པ་_100_,པ་_100_
[ཙམ་_100_],ཙམ་_100_,ཙམ་_100_,ཙམ་_100_,ཙམ་_100_,ཙམ་_100_,ཙམ་_100_,ཙམ་_100_,ཙམ་_100_
[གྱིས་_100_],གྱིས་_100_,གྱིས་_100_,གྱིས་_100_,གྱིས་_100_,གྱིས་_100_,གྱིས་_100_,གྱིས་_100_,གྱིས་_100_
[ནི_100_],ནི_100_,ནི_100_,ནི_100_,ནི_100_,ནི_100_,ནི_100_,ནི_100_,ནི_100_
[། །​_100_],། །​_100_,། །​_100_,། །​_100_,། །​_100_,། །​_100_,། །​_100_,། །​_100_,། །​_100_
[འགྲོ་_100_],འགྲོ་_100_,འགྲོ་_100_,འགྲོ་_100_,འགྲོ་_100_,འགྲོ་_100_,འགྲོ་_100_,འགྲོ་_100_,འགྲོ་_100_
[ལ་_100_],ལ་_100_,ལ་_100_,ལ་_100_,ལ་_100_,ལ་_100_,ལ་_100_,ལ་_100_,ལ་_100_
[འབྲས་_100_],འབྲས་_100_,འབྲས་_100_,འབྲས་_100_,འབྲས་_100_,འབྲས་_100_,འབྲས་_100_,འབྲས་_100_,འབྲས་_100_
[བུ་_100_],བུ་_100_,བུ་_100_,བུ་_100_,བུ་_100_,བུ་_100_,བུ་_100_,བུ་_100_,བུ་_100_
[མཉམ་_100_],མཉམ་_100_,མཉམ་_100_,མཉམ་_100_,མཉམ་_100_,མཉམ་_100_,མཉམ་_100_,མཉམ་_100_,མཉམ་_100_
[མེད་_100_],མེད་_100_,མེད་_100_,མེད་_100_,མེད་_100_,མེད་_100_,མེད་_100_,མེད་_100_,མེད་_100_
[ཀུན་_100_],ཀུན་_100_,ཀུན་_100_,ཀུན་_100_,ཀུན་_100_,ཀུན་_100_,ཀུན་_100_,ཀུན་_100_,ཀུན་_100_
[སྩོལ་_100_],སྩོལ་_100_,སྩོལ་_100_,སྩོལ་_100_,སྩོལ་_100_,སྩོལ་_100_,སྩོལ་_100_,སྩོལ་_100_,སྩོལ་_100_
[ན_100_],ན_100_,ན_100_,ན_100_,ན_100_,ན_100_,ན_100_,ན_100_,ན_100_
[། །​_100_],། །​_100_,། །​_100_,། །​_100_,། །​_100_,། །​_100_,། །​_100_,། །​_100_,། །​_100_
[བདག་_100_],བདག་_100_,བདག་_100_,བདག་_100_,བདག་_100_,བདག་_100_,བདག་_100_,བདག་_100_,བདག་_100_
[ནི་_100_],ནི་_100_,ནི་_100_,ནི་_100_,ནི་_100_,ནི་_100_,ནི་_100_,ནི་_100_,ནི་_100_
[བསྙེན་_100_],བསྙེན་_100_,བསྙེན་_100_,བསྙེན་_100_,བསྙེན་_100_,བསྙེན་_100_,བསྙེན་_100_,བསྙེན་_100_,བསྙེན་_100_
[བཀུར་_100_],བཀུར་_100_,བཀུར་_100_,བཀུར་_100_,བཀུར་_100_,བཀུར་_100_,བཀུར་_100_,བཀུར་_100_,བཀུར་_100_
[བགྱིད་_100_],བགྱིད་_100_,བགྱིད་_100_,བགྱིད་_100_,བགྱིད་_100_,བགྱིད་_100_,བགྱིད་_100_,བགྱིད་_100_,བགྱིད་_100_
[ཀྱང་_100_],ཀྱང་_100_,ཀྱང་_100_,ཀྱང་_100_,ཀྱང་_100_,ཀྱང་_100_,ཀྱང་_100_,ཀྱང་_100_,ཀྱང་_100_
[བདག་_100_],བདག་_100_,བདག་_100_,བདག་_100_,བདག་_100_,བདག་_100_,བདག་_100_,བདག་_100_,བདག་_100_
[གི་_100_],གི་_100_,གི་_100_,གི་_100_,གི་_100_,གི་_100_,གི་_100_,གི་_100_,གི་_100_
[ཕྱོགས_100_],ཕྱོགས_100_,ཕྱོགས_100_,ཕྱོགས_100_,ཕྱོགས_100_,ཕྱོགས_100_,ཕྱོགས_100_,ཕྱོགས_100_,ཕྱོགས_100_
[། །​_100_],། །​_100_,། །​_100_,། །​_100_,། །​_100_,། །​_100_,། །​_100_,། །​_100_,། །​_100_
[རྣམ་_100_],རྣམ་_100_,རྣམ་_100_,རྣམ་_100_,རྣམ་_100_,རྣམ་_100_,རྣམ་_100_,རྣམ་_100_,རྣམ་_100_
[པ་_100_],པ་_100_,པ་_100_,པ་_100_,པ་_100_,པ་_100_,པ་_100_,པ་_100_,པ་_100_
[ཀུན་_100_],ཀུན་_100_,ཀུན་_100_,ཀུན་_100_,ཀུན་_100_,ཀུན་_100_,ཀུན་_100_,ཀུན་_100_,ཀུན་_100_
[དུ་_100_],དུ་_100_,དུ་_100_,དུ་_100_,དུ་_100_,དུ་_100_,དུ་_100_,དུ་_100_,དུ་_100_
[ཕྱི་_100_],ཕྱི་_100_,ཕྱི་_100_,ཕྱི་_100_,ཕྱི་_100_,ཕྱི་_100_,ཕྱི་_100_,ཕྱི་_100_,ཕྱི་_100_
[བཤོལ་_100_],བཤོལ་_100_,བཤོལ་_100_,བཤོལ་_100_,བཤོལ་_100_,བཤོལ་_100_,བཤོལ་_100_,བཤོལ་_100_,བཤོལ་_100_
[ཅི་_100_],ཅི་_100_,ཅི་_100_,ཅི་_100_,ཅི་_100_,ཅི་_100_,ཅི་_100_,ཅི་_100_,ཅི་_100_
[ཕྱིར་_100_],ཕྱིར་_100_,ཕྱིར་_100_,ཕྱིར་_100_,ཕྱིར་_100_,ཕྱིར་_100_,ཕྱིར་_100_,ཕྱིར་_100_,ཕྱིར་_100_
[མཛད_100_],མཛད_100_,མཛད_100_,མཛད_100_,མཛད_100_,མཛད_100_,མཛད_100_,མཛད_100_,མཛད_100_
[། །​_100_],། །​_100_,། །​_100_,། །​_100_,། །​_100_,། །​_100_,། །​_100_,། །​_100_,། །​_100_
[དེ་_100_],དེ་_100_,དེ་_100_,དེ་_100_,དེ་_100_,དེ་_100_,དེ་_100_,དེ་_100_,དེ་_100_
[ལྟར་_100_],ལྟར་_100_,ལྟར་_100_,ལྟར་_100_,ལྟར་_100_,ལྟར་_100_,ལྟར་_100_,ལྟར་_100_,ལྟར་_100_
[སྨྲེ་_100_],སྨྲེ་_100_,སྨྲེ་_100_,སྨྲེ་_100_,སྨྲེ་_100_,སྨྲེ་_100_,སྨྲེ་_100_,སྨྲེ་_100_,སྨྲེ་_100_
[གསོལ་_100_],གསོལ་_100_,གསོལ་_100_,གསོལ་_100_,གསོལ་_100_,གསོལ་_100_,གསོལ་_100_,གསོལ་_100_,གསོལ་_100_
[བ་_100_],བ་_100_,བ་_100_,བ་_100_,བ་_100_,བ་_100_,བ་_100_,བ་_100_,བ་_100_
[ཡིས་_100_],ཡིས་_100_,ཡིས་_100_,ཡིས་_100_,ཡིས་_100_,ཡིས་_100_,ཡིས་_100_,ཡིས་_100_,ཡིས་_100_
[ཁྱོད་_100_],ཁྱོད་_100_,ཁྱོད་_100_,ཁྱོད་_100_,ཁྱོད་_100_,ཁྱོད་_100_,ཁྱོད་_100_,ཁྱོད་_100_,ཁྱོད་_100_
[ཡོན་_100_],ཡོན་_100_,ཡོན་_100_,ཡོན་_100_,ཡོན་_100_,ཡོན་_100_,ཡོན་_100_,ཡོན་_100_,ཡོན་_100_
[ཏན_100_],ཏན_100_,ཏན_100_,ཏན_100_,ཏན_100_,ཏན_100_,ཏན_100_,ཏན_100_,ཏན_100_
[། །​_100_],། །​_100_,། །​_100_,། །​_100_,། །​_100_,། །​_100_,། །​_100_,། །​_100_,། །​_100_
[ཆ་_100_],ཆ་_100_,ཆ་_100_,ཆ་_100_,ཆ་_100_,ཆ་_100_,ཆ་_100_,ཆ་_100_,ཆ་_100_
[ཙམ་_100_],ཙམ་_100_,ཙམ་_100_,ཙམ་_100_,ཙམ་_100_,ཙམ་_100_,ཙམ་_100_,ཙམ་_100_,ཙམ་_100_
[བརྗོད་_100_],བརྗོད་_100_,བརྗོད་_100_,བརྗོད་_100_,བརྗོད་_100_,བརྗོད་_100_,བརྗོད་_100_,བརྗོད་_100_,བརྗོད་_100_
[ལས་_100_],ལས་_100_,ལས་_100_,ལས་_100_,ལས་_100_,ལས་_100_,ལས་_100_,ལས་_100_,ལས་_100_
[བདག་_100_],བདག་_100_,བདག་_100_,བདག་_100_,བདག་_100_,བདག་_100_,བདག་_100_,བདག་_100_,བདག་_100_
[གིས་_100_],གིས་_100_,གིས་_100_,གིས་_100_,གིས་_100_,གིས་_100_,གིས་_100_,གིས་_100_,གིས་_100_
[དགེ་_100_],དགེ་_100_,དགེ་_100_,དགེ་_100_,དགེ་_100_,དགེ་_100_,དགེ་_100_,དགེ་_100_,དགེ་_100_
[བསགས་_100_],བསགས་_100_,བསགས་_100_,བསགས་_100_,བསགས་_100_,བསགས་_100_,བསགས་_100_,བསགས་_100_,བསགས་_100_
[པ_100_],པ_100_,པ_100_,པ_100_,པ_100_,པ_100_,པ_100_,པ_100_,པ_100_
[། །​_100_],། །​_100_,། །​_100_,། །​_100_,། །​_100_,། །​_100_,། །​_100_,། །​_100_,། །​_100_
[གང་_100_],གང་_100_,གང་_100_,གང་_100_,གང་_100_,གང་_100_,གང་_100_,གང་_100_,གང་_100_
[ཡིན་_100_],ཡིན་_100_,ཡིན་_100_,ཡིན་_100_,ཡིན་_100_,ཡིན་_100_,ཡིན་_100_,ཡིན་_100_,ཡིན་_100_
[དེས་_100_],དེས་_100_,དེས་_100_,དེས་_100_,དེས་_100_,དེས་_100_,དེས་_100_,དེས་_100_,དེས་_100_
[ནི་_100_],ནི་_100_,ནི་_100_,ནི་_100_,ནི་_100_,ནི་_100_,ནི་_100_,ནི་_100_,ནི་_100_
[འགྲོ་_100_],འགྲོ་_100_,འགྲོ་_100_,འགྲོ་_100_,འགྲོ་_100_,འགྲོ་_100_,འགྲོ་_100_,འགྲོ་_100_,འགྲོ་_100_
[ལ་_100_],ལ་_100_,ལ་_100_,ལ་_100_,ལ་_100_,ལ་_100_,ལ་_100_,ལ་_100_,ལ་_100_
[བསོད་_100_],བསོད་_100_,བསོད་_100_,བསོད་_100_,བསོད་_100_,བསོད་_100_,བསོད་_100_,བསོད་_100_,བསོད་_100_
[ནམས་_100_],ནམས་_100_,ནམས་_100_,ནམས་_100_,ནམས་_100_,ནམས་_100_,ནམས་_100_,ནམས་_100_,ནམས་_100_
[དག _100_],དག _100_,དག _100_,དག _100_,དག _100_,དག _100_,དག _100_,དག _100_,དག _100_
[།​_100_],།​_100_,།​_100_,།​_100_,།​_100_,།​_100_,།​_100_,།​_100_,།​_100_
[རྒྱ་_100_],རྒྱ་_100_,རྒྱ་_100_,རྒྱ་_100_,རྒྱ་_100_,རྒྱ་_100_,རྒྱ་_100_,རྒྱ་_100_,རྒྱ་_100_
[ཆེར་_100_],ཆེར་_100_,ཆེར་_100_,ཆེར་_100_,ཆེར་_100_,ཆེར་_100_,ཆེར་_100_,ཆེར་_100_,ཆེར་_100_
[རང་_100_],རང་_100_,རང་_100_,རང་_100_,རང་_100_,རང་_100_,རང་_100_,རང་_100_,རང་_100_
[བཞིན་_100_],བཞིན་_100_,བཞིན་_100_,བཞིན་_100_,བཞིན་_100_,བཞིན་_100_,བཞིན་_100_,བཞིན་_100_,བཞིན་_100_
[གྲུབ་_100_],གྲུབ་_100_,གྲུབ་_100_,གྲུབ་_100_,གྲུབ་_100_,གྲུབ་_100_,གྲུབ་_100_,གྲུབ་_100_,གྲུབ་_100_
[པའི་_100_],པའི་_100_,པའི་_100_,པའི་_100_,པའི་_100_,པའི་_100_,པའི་_100_,པའི་_100_,པའི་_100_
[བུམ་_100_],བུམ་_100_,བུམ་_100_,བུམ་_100_,བུམ་_100_,བུམ་_100_,བུམ་_100_,བུམ་_100_,བུམ་_100_
[པ་_100_],པ་_100_,པ་_100_,པ་_100_,པ་_100_,པ་_100_,པ་_100_,པ་_100_,པ་_100_
[བཟང་_100_],བཟང་_100_,བཟང་_100_,བཟང་_100_,བཟང་_100_,བཟང་_100_,བཟང་_100_,བཟང་_100_,བཟང་_100_
[། །​_100_],། །​_100_,། །​_100_,། །​_100_,། །​_100_,། །​_100_,། །​_100_,། །​_100_,། །​_100_
[ཡིད་_100_],ཡིད་_100_,ཡིད་_100_,ཡིད་_100_,ཡིད་_100_,ཡིད་_100_,ཡིད་_100_,ཡིད་_100_,ཡིད་_100_
[བཞིན་_100_],བཞིན་_100_,བཞིན་_100_,བཞིན་_100_,བཞིན་_100_,བཞིན་_100_,བཞིན་_100_,བཞིན་_100_,བཞིན་_100_
[ནོར་_100_],ནོར་_100_,ནོར་_100_,ནོར་_100_,ནོར་_100_,ནོར་_100_,ནོར་_100_,ནོར་_100_,ནོར་_100_
[བུ་_100_],བུ་_100_,བུ་_100_,བུ་_100_,བུ་_100_,བུ་_100_,བུ་_100_,བུ་_100_,བུ་_100_
[ལྟ་_100_],ལྟ་_100_,ལྟ་_100_,ལྟ་_100_,ལྟ་_100_,ལྟ་_100_,ལྟ་_100_,ལྟ་_100_,ལྟ་_100_
[བུ་_100_],བུ་_100_,བུ་_100_,བུ་_100_,བུ་_100_,བུ་_100_,བུ་_100_,བུ་_100_,བུ་_100_
[གཟུགས་_100_],གཟུགས་_100_,གཟུགས་_100_,གཟུགས་_100_,གཟུགས་_100_,གཟུགས་_100_,གཟུགས་_100_,གཟུགས་_100_,གཟུགས་_100_
[སྐུ་_100_],སྐུ་_100_,སྐུ་_100_,སྐུ་_100_,སྐུ་_100_,སྐུ་_100_,སྐུ་_100_,སྐུ་_100_,སྐུ་_100_
[ཡི_100_],ཡི_100_,ཡི_100_,ཡི_100_,ཡི_100_,ཡི_100_,ཡི_100_,ཡི_100_,ཡི_100_
[། །​_100_],། །​_100_,། །​_100_,། །​_100_,། །​_100_,། །​_100_,། །​_100_,། །​_100_,། །​_100_
[ཞབས་_100_],ཞབས་_100_,ཞབས་_100_,ཞབས་_100_,ཞབས་_100_,ཞབས་_100_,ཞབས་_100_,ཞབས་_100_,ཞབས་_100_
[གཉིས་_100_],གཉིས་_100_,གཉིས་_100_,གཉིས་_100_,གཉིས་_100_,གཉིས་_100_,གཉིས་_100_,གཉིས་_100_,གཉིས་_100_
[རྒྱུ་_100_],རྒྱུ་_100_,རྒྱུ་_100_,རྒྱུ་_100_,རྒྱུ་_100_,རྒྱུ་_100_,རྒྱུ་_100_,རྒྱུ་_100_,རྒྱུ་_100_
[བའི་_100_],བའི་_100_,བའི་_100_,བའི་_100_,བའི་_100_,བའི་_100_,བའི་_100_,བའི་_100_,བའི་_100_
[དཔག་_100_],དཔག་_100_,དཔག་_100_,དཔག་_100_,དཔག་_100_,དཔག་_100_,དཔག་_100_,དཔག་_100_,དཔག་_100_
[བསམ་_100_],བསམ་_100_,བསམ་_100_,བསམ་_100_,བསམ་_100_,བསམ་_100_,བསམ་_100_,བསམ་_100_,བསམ་_100_
[འདྲ་_100_],འདྲ་_100_,འདྲ་_100_,འདྲ་_100_,འདྲ་_100_,འདྲ་_100_,འདྲ་_100_,འདྲ་_100_,འདྲ་_100_
[བ་_100_],བ་_100_,བ་_100_,བ་_100_,བ་_100_,བ་_100_,བ་_100_,བ་_100_,བ་_100_
[ཡི_100_],ཡི_100_,ཡི_100_,ཡི_100_,ཡི_100_,ཡི_100_,ཡི_100_,ཡི_100_,ཡི_100_
[། །​_100_],། །​_100_,། །​_100_,། །​_100_,། །​_100_,། །​_100_,། །​_100_,། །​_100_,། །​_100_
[ཁྱོད་_100_],ཁྱོད་_100_,ཁྱོད་_100_,ཁྱོད་_100_,ཁྱོད་_100_,ཁྱོད་_100_,ཁྱོད་_100_,ཁྱོད་_100_,ཁྱོད་_100_
[ཀྱི་_100_],ཀྱི་_100_,ཀྱི་_100_,ཀྱི་_100_,ཀྱི་_100_,ཀྱི་_100_,ཀྱི་_100_,ཀྱི་_100_,ཀྱི་_100_
[གཞོན་_100_],གཞོན་_100_,གཞོན་_100_,གཞོན་_100_,གཞོན་_100_,གཞོན་_100_,གཞོན་_100_,གཞོན་_100_,གཞོན་_100_
[ནུའི་_100_],ནུའི་_100_,ནུའི་_100_,ནུའི་_100_,ནུའི་_100_,ནུའི་_100_,ནུའི་_100_,ནུའི་_100_,ནུའི་_100_
[ལུས་_100_],ལུས་_100_,ལུས་_100_,ལུས་_100_,ལུས་_100_,ལུས་_100_,ལུས་_100_,ལུས་_100_,ལུས་_100_
[སུ་_100_],སུ་_100_,སུ་_100_,སུ་_100_,སུ་_100_,སུ་_100_,སུ་_100_,སུ་_100_,སུ་_100_
[བདག་_100_],བདག་_100_,བདག་_100_,བདག་_100_,བདག་_100_,བདག་_100_,བདག་_100_,བདག་_100_,བདག་_100_
[གྱུར་_100_],གྱུར་_100_,གྱུར་_100_,གྱུར་_100_,གྱུར་_100_,གྱུར་_100_,གྱུར་_100_,གྱུར་_100_,གྱུར་_100_
[ཅིང་_100_],ཅིང་_100_,ཅིང་_100_,ཅིང་_100_,ཅིང་_100_,ཅིང་_100_,ཅིང་_100_,ཅིང་_100_,ཅིང་_100_
[། །​_88_],། །​_88_,། །​_88_,། །​_88_,། །​_88_,། །​_88_,། །​_88_,། །​_88_,། །​ _11_
[སྐྱེ་_100_],སྐྱེ་_100_,སྐྱེ་_100_,སྐྱེ་_100_,སྐྱེ་_100_,སྐྱེ་_100_,སྐྱེ་_100_,སྐྱེ་_100_,སྐྱེ་_100_
[བ་_100_],བ་_100_,བ་_100_,བ་_100_,བ་_100_,བ་_100_,བ་_100_,བ་_100_,བ་_100_
[ཀུན་_100_],ཀུན་_100_,ཀུན་_100_,ཀུན་_100_,ཀུན་_100_,ཀུན་_100_,ཀུན་_100_,ཀུན་_100_,ཀུན་_100_
[དུ་_100_],དུ་_100_,དུ་_100_,དུ་_100_,དུ་_100_,དུ་_100_,དུ་_100_,དུ་_100_,དུ་_100_
[བདག་_100_],བདག་_100_,བདག་_100_,བདག་_100_,བདག་_100_,བདག་_100_,བདག་_100_,བདག་_100_,བདག་_100_
[པོ་_100_],པོ་_100_,པོ་_100_,པོ་_100_,པོ་_100_,པོ་_100_,པོ་_100_,པོ་_100_,པོ་_100_
[ཉིད་_100_],ཉིད་_100_,ཉིད་_100_,ཉིད་_100_,ཉིད་_100_,ཉིད་_100_,ཉིད་_100_,ཉིད་_100_,ཉིད་_100_
[གྱུར་_100_],གྱུར་_100_,གྱུར་_100_,གྱུར་_100_,གྱུར་_100_,གྱུར་_100_,གྱུར་_100_,གྱུར་_100_,གྱུར་_100_
[ཅིག _100_],ཅིག _100_,ཅིག _100_,ཅིག _100_,ཅིག _100_,ཅིག _100_,ཅིག _100_,ཅིག _100_,ཅིག _100_
[།​_77_],།​_77_,།​_77_,།​_77_,།​_77_,།​_77_,།​ _22_,།​_77_,།​ _22_
[རྗེ་_100_],རྗེ་_100_,རྗེ་_100_,རྗེ་_100_,རྗེ་_100_,རྗེ་_100_,རྗེ་_100_,རྗེ་_100_,རྗེ་_100_
[བཙུན་_100_],བཙུན་_100_,བཙུན་_100_,བཙུན་_100_,བཙུན་_100_,བཙུན་_100_,བཙུན་_100_,བཙུན་_100_,བཙུན་_100_
[འཕགས་_100_],འཕགས་_100_,འཕགས་_100_,འཕགས་_100_,འཕགས་_100_,འཕགས་_100_,འཕགས་_100_,འཕགས་_100_,འཕགས་_100_
[པ་_100_],པ་_100_,པ་_100_,པ་_100_,པ་_100_,པ་_100_,པ་_100_,པ་_100_,པ་_100_
[འཇམ་_100_],འཇམ་_100_,འཇམ་_100_,འཇམ་_100_,འཇམ་_100_,འཇམ་_100_,འཇམ་_100_,འཇམ་_100_,འཇམ་_100_
[དཔལ་_100_],དཔལ་_100_,དཔལ་_100_,དཔལ་_100_,དཔལ་_100_,དཔལ་_100_,དཔལ་_100_,དཔལ་_100_,དཔལ་_100_
[གྱི་_100_],གྱི་_100_,གྱི་_100_,གྱི་_100_,གྱི་_100_,གྱི་_100_,གྱི་_100_,གྱི་_100_,གྱི་_100_
[སྙིང་_100_],སྙིང་_100_,སྙིང་_100_,སྙིང་_100_,སྙིང་_100_,སྙིང་_100_,སྙིང་_100_,སྙིང་_100_,སྙིང་_100_
[རྗེ་_100_],རྗེ་_100_,རྗེ་_100_,རྗེ་_100_,རྗེ་_100_,རྗེ་_100_,རྗེ་_100_,རྗེ་_100_,རྗེ་_100_
[ལ་_100_],ལ་_100_,ལ་_100_,ལ་_100_,ལ་_100_,ལ་_100_,ལ་_100_,ལ་_100_,ལ་_100_
[བསྟོད་_100_],བསྟོད་_100_,བསྟོད་_100_,བསྟོད་_100_,བསྟོད་_100_,བསྟོད་_100_,བསྟོད་_100_,བསྟོད་_100_,བསྟོད་_100_
[པ་_88_],པ་_88_,པ་_88_,པ་_88_,པ་_88_,པ་_88_,པ ་_11_,པ་_88_,པ་_88_
[སློབ་_100_],སློབ་_100_,སློབ་_100_,སློབ་_100_,སློབ་_100_,སློབ་_100_,སློབ་_100_,སློབ་_100_,སློབ་_100_
[དཔོན་_100_],དཔོན་_100_,དཔོན་_100_,དཔོན་_100_,དཔོན་_100_,དཔོན་_100_,དཔོན་_100_,དཔོན་_100_,དཔོན་_100_
[འཕགས་_100_],འཕགས་_100_,འཕགས་_100_,འཕགས་_100_,འཕགས་_100_,འཕགས་_100_,འཕགས་_100_,འཕགས་_100_,འཕགས་_100_
[པ་_100_],པ་_100_,པ་_100_,པ་_100_,པ་_100_,པ་_100_,པ་_100_,པ་_100_,པ་_100_
[ཀླུ་_100_],ཀླུ་_100_,ཀླུ་_100_,ཀླུ་_100_,ཀླུ་_100_,ཀླུ་_100_,ཀླུ་_100_,ཀླུ་_100_,ཀླུ་_100_
[སྒྲུབ་_100_],སྒྲུབ་_100_,སྒྲུབ་_100_,སྒྲུབ་_100_,སྒྲུབ་_100_,སྒྲུབ་_100_,སྒྲུབ་_100_,སྒྲུབ་_100_,སྒྲུབ་_100_
[ཀྱིས་_100_],ཀྱིས་_100_,ཀྱིས་_100_,ཀྱིས་_100_,ཀྱིས་_100_,ཀྱིས་_100_,ཀྱིས་_100_,ཀྱིས་_100_,ཀྱིས་_100_
[མཛད་_100_],མཛད་_100_,མཛད་_100_,མཛད་_100_,མཛད་_100_,མཛད་_100_,མཛད་_100_,མཛད་_100_,མཛད་_100_
[པ་_100_],པ་_100_,པ་_100_,པ་_100_,པ་_100_,པ་_100_,པ་_100_,པ་_100_,པ་_100_
[རྫོགས་_100_],རྫོགས་_100_,རྫོགས་_100_,རྫོགས་_100_,རྫོགས་_100_,རྫོགས་_100_,རྫོགས་_100_,རྫོགས་_100_,རྫོགས་_100_
[སོ_100_],སོ_100_,སོ_100_,སོ_100_,སོ_100_,སོ_100_,སོ_100_,སོ_100_,སོ_100_
[།། །​།_88_],།། །​།_88_,།། །​།_88_,།། །​།_88_,།། །​།_88_,།། །​།_88_,།། །​།_88_,།། །​།_88_,། །​_11_
