[_50_],_50_,_50_,_50_,༄༅། །​ _12_,༄༅། །​_12_,༄༅། །​ཡན་ལག་བདུན་པའི་སྒྲུབ་ཐབས།༄༅༅། །​_12_,ཡན་ལག་བདུན་པའི་སྒྲུབ་ཐབས།ཀླུ་སྒྲུབ།_12_
[བཅོམ་_100_],བཅོམ་_100_,བཅོམ་_100_,བཅོམ་_100_,བཅོམ་_100_,བཅོམ་_100_,བཅོམ་_100_,བཅོམ་_100_
[ལྡན་_100_],ལྡན་_100_,ལྡན་_100_,ལྡན་_100_,ལྡན་_100_,ལྡན་_100_,ལྡན་_100_,ལྡན་_100_
[འདས་_100_],འདས་_100_,འདས་_100_,འདས་_100_,འདས་_100_,འདས་_100_,འདས་_100_,འདས་_100_
[དཔལ་_100_],དཔལ་_100_,དཔལ་_100_,དཔལ་_100_,དཔལ་_100_,དཔལ་_100_,དཔལ་_100_,དཔལ་_100_
[ཕྱག་_100_],ཕྱག་_100_,ཕྱག་_100_,ཕྱག་_100_,ཕྱག་_100_,ཕྱག་_100_,ཕྱག་_100_,ཕྱག་_100_
[ན་_100_],ན་_100_,ན་_100_,ན་_100_,ན་_100_,ན་_100_,ན་_100_,ན་_100_
[རྡོ་_100_],རྡོ་_100_,རྡོ་_100_,རྡོ་_100_,རྡོ་_100_,རྡོ་_100_,རྡོ་_100_,རྡོ་_100_
[རྗེ་_100_],རྗེ་_100_,རྗེ་_100_,རྗེ་_100_,རྗེ་_100_,རྗེ་_100_,རྗེ་_100_,རྗེ་_100_
[ལ་_100_],ལ་_100_,ལ་_100_,ལ་_100_,ལ་_100_,ལ་_100_,ལ་_100_,ལ་_100_
[ཕྱག་_100_],ཕྱག་_100_,ཕྱག་_100_,ཕྱག་_100_,ཕྱག་_100_,ཕྱག་_100_,ཕྱག་_100_,ཕྱག་_100_
[འཚལ་_100_],འཚལ་_100_,འཚལ་_100_,འཚལ་_100_,འཚལ་_100_,འཚལ་_100_,འཚལ་_100_,འཚལ་_100_
[ལོ_100_],ལོ_100_,ལོ_100_,ལོ_100_,ལོ_100_,ལོ_100_,ལོ_100_,ལོ_100_
[། །​_100_],། །​_100_,། །​_100_,། །​_100_,། །​_100_,། །​_100_,། །​_100_,། །​_100_
[དེ་_100_],དེ་_100_,དེ་_100_,དེ་_100_,དེ་_100_,དེ་_100_,དེ་_100_,དེ་_100_
[ཡོངས་_100_],ཡོངས་_100_,ཡོངས་_100_,ཡོངས་_100_,ཡོངས་_100_,ཡོངས་_100_,ཡོངས་_100_,ཡོངས་_100_
[སུ་_100_],སུ་_100_,སུ་_100_,སུ་_100_,སུ་_100_,སུ་_100_,སུ་_100_,སུ་_100_
[བསྙེན་_100_],བསྙེན་_100_,བསྙེན་_100_,བསྙེན་_100_,བསྙེན་_100_,བསྙེན་_100_,བསྙེན་_100_,བསྙེན་_100_
[པར་_100_],པར་_100_,པར་_100_,པར་_100_,པར་_100_,པར་_100_,པར་_100_,པར་_100_
[འདོད་_100_],འདོད་_100_,འདོད་_100_,འདོད་_100_,འདོད་_100_,འདོད་_100_,འདོད་_100_,འདོད་_100_
[པའི་_100_],པའི་_100_,པའི་_100_,པའི་_100_,པའི་_100_,པའི་_100_,པའི་_100_,པའི་_100_
[རིག་_100_],རིག་_100_,རིག་_100_,རིག་_100_,རིག་_100_,རིག་_100_,རིག་_100_,རིག་_100_
[པ་_100_],པ་_100_,པ་_100_,པ་_100_,པ་_100_,པ་_100_,པ་_100_,པ་_100_
[འཛིན་_100_],འཛིན་_100_,འཛིན་_100_,འཛིན་_100_,འཛིན་_100_,འཛིན་_100_,འཛིན་_100_,འཛིན་_100_
[པས_100_],པས_100_,པས_100_,པས_100_,པས_100_,པས_100_,པས_100_,པས_100_
[། _87_],། _87_,། _87_,། _87_,། _87_,། །​_12_,། _87_,། _87_
[བསམ་_100_],བསམ་_100_,བསམ་_100_,བསམ་_100_,བསམ་_100_,བསམ་_100_,བསམ་_100_,བསམ་_100_
[གཏན་_100_],གཏན་_100_,གཏན་_100_,གཏན་_100_,གཏན་_100_,གཏན་_100_,གཏན་_100_,གཏན་_100_
[གྱི་_100_],གྱི་_100_,གྱི་_100_,གྱི་_100_,གྱི་_100_,གྱི་_100_,གྱི་_100_,གྱི་_100_
[ཁང་_100_],ཁང་_100_,ཁང་_100_,ཁང་_100_,ཁང་_100_,ཁང་_100_,ཁང་_100_,ཁང་_100_
[པར་_100_],པར་_100_,པར་_100_,པར་_100_,པར་_100_,པར་_100_,པར་_100_,པར་_100_
[མཎྜལ་_87_],མཎྜལ་_87_,མནྜལ་_12_,མཎྜལ་_87_,མཎྜལ་_87_,མཎྜལ་_87_,མཎྜལ་_87_,མཎྜལ་_87_
[སྔོན་_100_],སྔོན་_100_,སྔོན་_100_,སྔོན་_100_,སྔོན་_100_,སྔོན་_100_,སྔོན་_100_,སྔོན་_100_
[པོ་_100_],པོ་_100_,པོ་_100_,པོ་_100_,པོ་_100_,པོ་_100_,པོ་_100_,པོ་_100_
[བྱ་_100_],བྱ་_100_,བྱ་_100_,བྱ་_100_,བྱ་_100_,བྱ་_100_,བྱ་_100_,བྱ་_100_
[སྟེ_100_],སྟེ_100_,སྟེ_100_,སྟེ_100_,སྟེ_100_,སྟེ_100_,སྟེ_100_,སྟེ_100_
[། _100_],། _100_,། _100_,། _100_,། _100_,། _100_,། _100_,། _100_
[མཆོད་_100_],མཆོད་_100_,མཆོད་_100_,མཆོད་_100_,མཆོད་_100_,མཆོད་_100_,མཆོད་_100_,མཆོད་_100_
[རྟེན་_100_],རྟེན་_100_,རྟེན་_100_,རྟེན་_100_,རྟེན་_100_,རྟེན་_100_,རྟེན་_100_,རྟེན་_100_
[སྔོན་_100_],སྔོན་_100_,སྔོན་_100_,སྔོན་_100_,སྔོན་_100_,སྔོན་_100_,སྔོན་_100_,སྔོན་_100_
[པོ་_100_],པོ་_100_,པོ་_100_,པོ་_100_,པོ་_100_,པོ་_100_,པོ་_100_,པོ་_100_
[དང་_100_],དང་_100_,དང་_100_,དང་_100_,དང་_100_,དང་_100_,དང་_100_,དང་_100_
[། གཏའ་_75_],། གཏའ་_75_,།རྟ་_25_,།རྟ་_25_,། གཏའ་_75_,། གཏའ་_75_,། གཏའ་_75_,། གཏའ་_75_
[གཏོར་དང་། བུམ་པ་_62_],གཏོར་དང་། བུམ་པ་_62_,གཏོར་_25_,གཏོར་_25_,གཏོར་དང་། བུམ་པ་_62_,གཏོར་དང་།བུམ་པ་_12_,གཏོར་དང་། བུམ་པ་_62_,གཏོར་དང་། བུམ་པ་_62_
[དང་_100_],དང་_100_,དང་_100_,དང་_100_,དང་_100_,དང་_100_,དང་_100_,དང་_100_
[། _87_],། _87_,། _87_,། _87_,། _87_,། །​ _12_,། _87_,། _87_
[མཆོད་_100_],མཆོད་_100_,མཆོད་_100_,མཆོད་_100_,མཆོད་_100_,མཆོད་_100_,མཆོད་_100_,མཆོད་_100_
[རྫས་_100_],རྫས་_100_,རྫས་_100_,རྫས་_100_,རྫས་_100_,རྫས་_100_,རྫས་_100_,རྫས་_100_
[དང་_100_],དང་_100_,དང་_100_,དང་_100_,དང་_100_,དང་_100_,དང་_100_,དང་_100_
[། _100_],། _100_,། _100_,། _100_,། _100_,། _100_,། _100_,། _100_
[རྟེན་_100_],རྟེན་_100_,རྟེན་_100_,རྟེན་_100_,རྟེན་_100_,རྟེན་_100_,རྟེན་_100_,རྟེན་_100_
[ཁྱད་_100_],ཁྱད་_100_,ཁྱད་_100_,ཁྱད་_100_,ཁྱད་_100_,ཁྱད་_100_,ཁྱད་_100_,ཁྱད་_100_
[པར་_100_],པར་_100_,པར་_100_,པར་_100_,པར་_100_,པར་_100_,པར་_100_,པར་_100_
[ཅན་_100_],ཅན་_100_,ཅན་_100_,ཅན་_100_,ཅན་_100_,ཅན་_100_,ཅན་_100_,ཅན་_100_
[བཞག་_100_],བཞག་_100_,བཞག་_100_,བཞག་_100_,བཞག་_100_,བཞག་_100_,བཞག་_100_,བཞག་_100_
[ལ_100_],ལ_100_,ལ_100_,ལ_100_,ལ_100_,ལ_100_,ལ_100_,ལ_100_
[། _100_],། _100_,། _100_,། _100_,། _100_,། _100_,། _100_,། _100_
[དང་_100_],དང་_100_,དང་_100_,དང་_100_,དང་_100_,དང་_100_,དང་_100_,དང་_100_
[པོ་_100_],པོ་_100_,པོ་_100_,པོ་_100_,པོ་_100_,པོ་_100_,པོ་_100_,པོ་_100_
[ཁྲུས་_100_],ཁྲུས་_100_,ཁྲུས་_100_,ཁྲུས་_100_,ཁྲུས་_100_,ཁྲུས་_100_,ཁྲུས་_100_,ཁྲུས་_100_
[བྱས་_100_],བྱས་_100_,བྱས་_100_,བྱས་_100_,བྱས་_100_,བྱས་_100_,བྱས་_100_,བྱས་_100_
[ལ_100_],ལ_100_,ལ_100_,ལ_100_,ལ_100_,ལ_100_,ལ_100_,ལ_100_
[། _100_],། _100_,། _100_,། _100_,། _100_,། _100_,། _100_,། _100_
[དེ་_100_],དེ་_100_,དེ་_100_,དེ་_100_,དེ་_100_,དེ་_100_,དེ་_100_,དེ་_100_
[ནས་_100_],ནས་_100_,ནས་_100_,ནས་_100_,ནས་_100_,ནས་_100_,ནས་_100_,ནས་_100_
[སྐྱབས་_100_],སྐྱབས་_100_,སྐྱབས་_100_,སྐྱབས་_100_,སྐྱབས་_100_,སྐྱབས་_100_,སྐྱབས་_100_,སྐྱབས་_100_
[སུ་_100_],སུ་_100_,སུ་_100_,སུ་_100_,སུ་_100_,སུ་_100_,སུ་_100_,སུ་_100_
[འགྲོ_100_],འགྲོ_100_,འགྲོ_100_,འགྲོ_100_,འགྲོ_100_,འགྲོ_100_,འགྲོ_100_,འགྲོ_100_
[། _100_],། _100_,། _100_,། _100_,། _100_,། _100_,། _100_,། _100_
[རྒྱུ་_100_],རྒྱུ་_100_,རྒྱུ་_100_,རྒྱུ་_100_,རྒྱུ་_100_,རྒྱུ་_100_,རྒྱུ་_100_,རྒྱུ་_100_
[བྱང་_100_],བྱང་_100_,བྱང་_100_,བྱང་_100_,བྱང་_100_,བྱང་_100_,བྱང་_100_,བྱང་_100_
[ཆུབ་_100_],ཆུབ་_100_,ཆུབ་_100_,ཆུབ་_100_,ཆུབ་_100_,ཆུབ་_100_,ཆུབ་_100_,ཆུབ་_100_
[མཆོག་_100_],མཆོག་_100_,མཆོག་_100_,མཆོག་_100_,མཆོག་_100_,མཆོག་_100_,མཆོག་_100_,མཆོག་_100_
[ཏུ་_100_],ཏུ་_100_,ཏུ་_100_,ཏུ་_100_,ཏུ་_100_,ཏུ་_100_,ཏུ་_100_,ཏུ་_100_
[སེམས་_100_],སེམས་_100_,སེམས་_100_,སེམས་_100_,སེམས་_100_,སེམས་_100_,སེམས་_100_,སེམས་_100_
[བསྐྱེད_100_],བསྐྱེད_100_,བསྐྱེད_100_,བསྐྱེད_100_,བསྐྱེད_100_,བསྐྱེད_100_,བསྐྱེད_100_,བསྐྱེད_100_
[། _87_],། _87_,། _87_,། _87_,། _87_,།_12_,། _87_,། _87_
[རྐྱེན་_100_],རྐྱེན་_100_,རྐྱེན་_100_,རྐྱེན་_100_,རྐྱེན་_100_,རྐྱེན་_100_,རྐྱེན་_100_,རྐྱེན་_100_
[བྱམས་_100_],བྱམས་_100_,བྱམས་_100_,བྱམས་_100_,བྱམས་_100_,བྱམས་_100_,བྱམས་_100_,བྱམས་_100_
[པ་_100_],པ་_100_,པ་_100_,པ་_100_,པ་_100_,པ་_100_,པ་_100_,པ་_100_
[དང་_100_],དང་_100_,དང་_100_,དང་_100_,དང་_100_,དང་_100_,དང་_100_,དང་_100_
[སྙིང་_100_],སྙིང་_100_,སྙིང་_100_,སྙིང་_100_,སྙིང་_100_,སྙིང་_100_,སྙིང་_100_,སྙིང་_100_
[རྗེ་_100_],རྗེ་_100_,རྗེ་_100_,རྗེ་_100_,རྗེ་_100_,རྗེ་_100_,རྗེ་_100_,རྗེ་_100_
[བསྒོམ_100_],བསྒོམ_100_,བསྒོམ_100_,བསྒོམ_100_,བསྒོམ_100_,བསྒོམ_100_,བསྒོམ_100_,བསྒོམ_100_
[། _100_],། _100_,། _100_,། _100_,། _100_,། _100_,། _100_,། _100_
[ཐབས་_100_],ཐབས་_100_,ཐབས་_100_,ཐབས་_100_,ཐབས་_100_,ཐབས་_100_,ཐབས་_100_,ཐབས་_100_
[ཕ་_100_],ཕ་_100_,ཕ་_100_,ཕ་_100_,ཕ་_100_,ཕ་_100_,ཕ་_100_,ཕ་_100_
[རོལ་_100_],རོལ་_100_,རོལ་_100_,རོལ་_100_,རོལ་_100_,རོལ་_100_,རོལ་_100_,རོལ་_100_
[ཏུ་_100_],ཏུ་_100_,ཏུ་_100_,ཏུ་_100_,ཏུ་_100_,ཏུ་_100_,ཏུ་_100_,ཏུ་_100_
[ཕྱིན་_100_],ཕྱིན་_100_,ཕྱིན་_100_,ཕྱིན་_100_,ཕྱིན་_100_,ཕྱིན་_100_,ཕྱིན་_100_,ཕྱིན་_100_
[པ་_100_],པ་_100_,པ་_100_,པ་_100_,པ་_100_,པ་_100_,པ་_100_,པ་_100_
[དྲུག་_100_],དྲུག་_100_,དྲུག་_100_,དྲུག་_100_,དྲུག་_100_,དྲུག་_100_,དྲུག་_100_,དྲུག་_100_
[ལ་_100_],ལ་_100_,ལ་_100_,ལ་_100_,ལ་_100_,ལ་_100_,ལ་_100_,ལ་_100_
[གནས་_100_],གནས་_100_,གནས་_100_,གནས་_100_,གནས་_100_,གནས་_100_,གནས་_100_,གནས་_100_
[པ་_100_],པ་_100_,པ་_100_,པ་_100_,པ་_100_,པ་_100_,པ་_100_,པ་_100_
[དེ་_100_],དེ་_100_,དེ་_100_,དེ་_100_,དེ་_100_,དེ་_100_,དེ་_100_,དེ་_100_
[ནི་_100_],ནི་_100_,ནི་_100_,ནི་_100_,ནི་_100_,ནི་_100_,ནི་_100_,ནི་_100_
[ཐབས་_100_],ཐབས་_100_,ཐབས་_100_,ཐབས་_100_,ཐབས་_100_,ཐབས་_100_,ཐབས་_100_,ཐབས་_100_
[ཀྱི་_100_],ཀྱི་_100_,ཀྱི་_100_,ཀྱི་_100_,ཀྱི་_100_,ཀྱི་_100_,ཀྱི་_100_,ཀྱི་_100_
[བསྲུང་_87_],བསྲུང་_87_,བསྲུང་_87_,བསྲུང་_87_,བསྲུང་_87_,བསྲུང་_87_,བསྲུང་_87_,བསྲུང་ _12_
[བའོ_100_],བའོ_100_,བའོ_100_,བའོ_100_,བའོ_100_,བའོ_100_,བའོ_100_,བའོ_100_
[། །​_100_],། །​_100_,། །​_100_,། །​_100_,། །​_100_,། །​_100_,། །​_100_,། །​_100_
[ཤེས་_100_],ཤེས་_100_,ཤེས་_100_,ཤེས་_100_,ཤེས་_100_,ཤེས་_100_,ཤེས་_100_,ཤེས་_100_
[རབ་_100_],རབ་_100_,རབ་_100_,རབ་_100_,རབ་_100_,རབ་_100_,རབ་_100_,རབ་_100_
[ཀྱི་_100_],ཀྱི་_100_,ཀྱི་_100_,ཀྱི་_100_,ཀྱི་_100_,ཀྱི་_100_,ཀྱི་_100_,ཀྱི་_100_
[བསྲུང་_100_],བསྲུང་_100_,བསྲུང་_100_,བསྲུང་_100_,བསྲུང་_100_,བསྲུང་_100_,བསྲུང་_100_,བསྲུང་_100_
[བ་_100_],བ་_100_,བ་_100_,བ་_100_,བ་_100_,བ་_100_,བ་_100_,བ་_100_
[ནི་_100_],ནི་_100_,ནི་_100_,ནི་_100_,ནི་_100_,ནི་_100_,ནི་_100_,ནི་_100_
[སྟོང་_100_],སྟོང་_100_,སྟོང་_100_,སྟོང་_100_,སྟོང་_100_,སྟོང་_100_,སྟོང་_100_,སྟོང་_100_
[པ་_100_],པ་_100_,པ་_100_,པ་_100_,པ་_100_,པ་_100_,པ་_100_,པ་_100_
[རང་_100_],རང་_100_,རང་_100_,རང་_100_,རང་_100_,རང་_100_,རང་_100_,རང་_100_
[གསལ་_100_],གསལ་_100_,གསལ་_100_,གསལ་_100_,གསལ་_100_,གསལ་_100_,གསལ་_100_,གསལ་_100_
[བར་_100_],བར་_100_,བར་_100_,བར་_100_,བར་_100_,བར་_100_,བར་_100_,བར་_100_
[བསྒོམ་_87_],བསྒོམ་_87_,བསྒོམ་_87_,བསྒོམ་_87_,བསྒོམ་_87_,བསྒོམ་_87_,སྒོམ་_12_,བསྒོམ་_87_
[པའོ_100_],པའོ_100_,པའོ_100_,པའོ_100_,པའོ_100_,པའོ_100_,པའོ_100_,པའོ_100_
[། །​_100_],། །​_100_,། །​_100_,། །​_100_,། །​_100_,། །​_100_,། །​_100_,། །​_100_
[དེ་_100_],དེ་_100_,དེ་_100_,དེ་_100_,དེ་_100_,དེ་_100_,དེ་_100_,དེ་_100_
[གཉིས་_100_],གཉིས་_100_,གཉིས་_100_,གཉིས་_100_,གཉིས་_100_,གཉིས་_100_,གཉིས་_100_,གཉིས་_100_
[སུ་_100_],སུ་_100_,སུ་_100_,སུ་_100_,སུ་_100_,སུ་_100_,སུ་_100_,སུ་_100_
[མེད་_100_],མེད་_100_,མེད་_100_,མེད་_100_,མེད་_100_,མེད་_100_,མེད་_100_,མེད་_100_
[པའི་_100_],པའི་_100_,པའི་_100_,པའི་_100_,པའི་_100_,པའི་_100_,པའི་_100_,པའི་_100_
[བསྲུང་_100_],བསྲུང་_100_,བསྲུང་_100_,བསྲུང་_100_,བསྲུང་_100_,བསྲུང་_100_,བསྲུང་_100_,བསྲུང་_100_
[བ་_100_],བ་_100_,བ་_100_,བ་_100_,བ་_100_,བ་_100_,བ་_100_,བ་_100_
[ནི་_100_],ནི་_100_,ནི་_100_,ནི་_100_,ནི་_100_,ནི་_100_,ནི་_100_,ནི་_100_
[རྒྱུད་_100_],རྒྱུད་_100_,རྒྱུད་_100_,རྒྱུད་_100_,རྒྱུད་_100_,རྒྱུད་_100_,རྒྱུད་_100_,རྒྱུད་_100_
[རྐྱང་_100_],རྐྱང་_100_,རྐྱང་_100_,རྐྱང་_100_,རྐྱང་_100_,རྐྱང་_100_,རྐྱང་_100_,རྐྱང་_100_
[ལམ་_100_],ལམ་_100_,ལམ་_100_,ལམ་_100_,ལམ་_100_,ལམ་_100_,ལམ་_100_,ལམ་_100_
[དུ་_100_],དུ་_100_,དུ་_100_,དུ་_100_,དུ་_100_,དུ་_100_,དུ་_100_,དུ་_100_
[ཁྱེར་_100_],ཁྱེར་_100_,ཁྱེར་_100_,ཁྱེར་_100_,ཁྱེར་_100_,ཁྱེར་_100_,ཁྱེར་_100_,ཁྱེར་_100_
[ལ་_100_],ལ་_100_,ལ་_100_,ལ་_100_,ལ་_100_,ལ་_100_,ལ་_100_,ལ་_100_
[ཉམས་_100_],ཉམས་_100_,ཉམས་_100_,ཉམས་_100_,ཉམས་_100_,ཉམས་_100_,ཉམས་_100_,ཉམས་_100_
[སུ་_100_],སུ་_100_,སུ་_100_,སུ་_100_,སུ་_100_,སུ་_100_,སུ་_100_,སུ་_100_
[བླངས་_100_],བླངས་_100_,བླངས་_100_,བླངས་_100_,བླངས་_100_,བླངས་_100_,བླངས་_100_,བླངས་_100_
[པའི་_100_],པའི་_100_,པའི་_100_,པའི་_100_,པའི་_100_,པའི་_100_,པའི་_100_,པའི་_100_
[མན་_100_],མན་_100_,མན་_100_,མན་_100_,མན་_100_,མན་_100_,མན་_100_,མན་_100_
[ངག་_75_],ངག་_75_,ངག་_75_,ངག་_75_,དག་_25_,ངག་_75_,ངག་_75_,དག་_25_
[ནི_100_],ནི_100_,ནི_100_,ནི_100_,ནི_100_,ནི_100_,ནི_100_,ནི_100_
[། _100_],། _100_,། _100_,། _100_,། _100_,། _100_,། _100_,། _100_
[ཡེ་_100_],ཡེ་_100_,ཡེ་_100_,ཡེ་_100_,ཡེ་_100_,ཡེ་_100_,ཡེ་_100_,ཡེ་_100_
[ཤེས་_100_],ཤེས་_100_,ཤེས་_100_,ཤེས་_100_,ཤེས་_100_,ཤེས་_100_,ཤེས་_100_,ཤེས་_100_
[ལྔ་_100_],ལྔ་_100_,ལྔ་_100_,ལྔ་_100_,ལྔ་_100_,ལྔ་_100_,ལྔ་_100_,ལྔ་_100_
[ལྡན་_100_],ལྡན་_100_,ལྡན་_100_,ལྡན་_100_,ལྡན་_100_,ལྡན་_100_,ལྡན་_100_,ལྡན་_100_
[ཡིག་_100_],ཡིག་_100_,ཡིག་_100_,ཡིག་_100_,ཡིག་_100_,ཡིག་_100_,ཡིག་_100_,ཡིག་_100_
[འབྲུ་_100_],འབྲུ་_100_,འབྲུ་_100_,འབྲུ་_100_,འབྲུ་_100_,འབྲུ་_100_,འབྲུ་_100_,འབྲུ་_100_
[ལས_100_],ལས_100_,ལས_100_,ལས_100_,ལས_100_,ལས_100_,ལས_100_,ལས_100_
[། །​_100_],། །​_100_,། །​_100_,། །​_100_,། །​_100_,། །​_100_,། །​_100_,། །​_100_
[ཁ་_100_],ཁ་_100_,ཁ་_100_,ཁ་_100_,ཁ་_100_,ཁ་_100_,ཁ་_100_,ཁ་_100_
[དོག་_100_],དོག་_100_,དོག་_100_,དོག་_100_,དོག་_100_,དོག་_100_,དོག་_100_,དོག་_100_
[ལྔ་_100_],ལྔ་_100_,ལྔ་_100_,ལྔ་_100_,ལྔ་_100_,ལྔ་_100_,ལྔ་_100_,ལྔ་_100_
[ཡི་_100_],ཡི་_100_,ཡི་_100_,ཡི་_100_,ཡི་_100_,ཡི་_100_,ཡི་_100_,ཡི་_100_
[འོད་_100_],འོད་_100_,འོད་_100_,འོད་_100_,འོད་_100_,འོད་_100_,འོད་_100_,འོད་_100_
[ཟེར་_100_],ཟེར་_100_,ཟེར་_100_,ཟེར་_100_,ཟེར་_100_,ཟེར་_100_,ཟེར་_100_,ཟེར་_100_
[འཕྲོ_100_],འཕྲོ_100_,འཕྲོ_100_,འཕྲོ_100_,འཕྲོ_100_,འཕྲོ_100_,འཕྲོ_100_,འཕྲོ_100_
[། །​_100_],། །​_100_,། །​_100_,། །​_100_,། །​_100_,། །​_100_,། །​_100_,། །​_100_
[ཉོན་_100_],ཉོན་_100_,ཉོན་_100_,ཉོན་_100_,ཉོན་_100_,ཉོན་_100_,ཉོན་_100_,ཉོན་_100_
[མོངས་_100_],མོངས་_100_,མོངས་_100_,མོངས་_100_,མོངས་_100_,མོངས་_100_,མོངས་_100_,མོངས་_100_
[ལྔ་_100_],ལྔ་_100_,ལྔ་_100_,ལྔ་_100_,ལྔ་_100_,ལྔ་_100_,ལྔ་_100_,ལྔ་_100_
[དང་_100_],དང་_100_,དང་_100_,དང་_100_,དང་_100_,དང་_100_,དང་_100_,དང་_100_
[ཀླུ་_100_],ཀླུ་_100_,ཀླུ་_100_,ཀླུ་_100_,ཀླུ་_100_,ཀླུ་_100_,ཀླུ་_100_,ཀླུ་_100_
[དུག་_100_],དུག་_100_,དུག་_100_,དུག་_100_,དུག་_100_,དུག་_100_,དུག་_100_,དུག་_100_
[ལྔ_100_],ལྔ_100_,ལྔ_100_,ལྔ_100_,ལྔ_100_,ལྔ_100_,ལྔ_100_,ལྔ_100_
[། །​_100_],། །​_100_,། །​_100_,། །​_100_,། །​_100_,། །​_100_,། །​_100_,། །​_100_
[རྣམ་_100_],རྣམ་_100_,རྣམ་_100_,རྣམ་_100_,རྣམ་_100_,རྣམ་_100_,རྣམ་_100_,རྣམ་_100_
[སྨིན་_100_],སྨིན་_100_,སྨིན་_100_,སྨིན་_100_,སྨིན་_100_,སྨིན་_100_,སྨིན་_100_,སྨིན་_100_
[ལུས་_100_],ལུས་_100_,ལུས་_100_,ལུས་_100_,ལུས་_100_,ལུས་_100_,ལུས་_100_,ལུས་_100_
[ཀྱི་_100_],ཀྱི་_100_,ཀྱི་_100_,ཀྱི་_100_,ཀྱི་_100_,ཀྱི་_100_,ཀྱི་_100_,ཀྱི་_100_
[ནད་_100_],ནད་_100_,ནད་_100_,ནད་_100_,ནད་_100_,ནད་_100_,ནད་_100_,ནད་_100_
[ལྔ་_100_],ལྔ་_100_,ལྔ་_100_,ལྔ་_100_,ལྔ་_100_,ལྔ་_100_,ལྔ་_100_,ལྔ་_100_
[བསྲེག །​_62_],བསྲེག །​_62_,བསྲེག །​_62_,སྲེག །​_12_,བསྲེག །​ _25_,བསྲེག །​_62_,བསྲེག །​_62_,བསྲེག །​ _25_
[དེ་_100_],དེ་_100_,དེ་_100_,དེ་_100_,དེ་_100_,དེ་_100_,དེ་_100_,དེ་_100_
[ཡིས་_87_],ཡིས་_87_,ཡི་_12_,ཡིས་_87_,ཡིས་_87_,ཡིས་_87_,ཡིས་_87_,ཡིས་_87_
[དེ་_100_],དེ་_100_,དེ་_100_,དེ་_100_,དེ་_100_,དེ་_100_,དེ་_100_,དེ་_100_
[དག་_100_],དག་_100_,དག་_100_,དག་_100_,དག་_100_,དག་_100_,དག་_100_,དག་_100_
[བསྲེགས་_100_],བསྲེགས་_100_,བསྲེགས་_100_,བསྲེགས་_100_,བསྲེགས་_100_,བསྲེགས་_100_,བསྲེགས་_100_,བསྲེགས་_100_
[ནས་_100_],ནས་_100_,ནས་_100_,ནས་_100_,ནས་_100_,ནས་_100_,ནས་_100_,ནས་_100_
[ཀྱང་_100_],ཀྱང་_100_,ཀྱང་_100_,ཀྱང་_100_,ཀྱང་_100_,ཀྱང་_100_,ཀྱང་_100_,ཀྱང་_100_
[། །​_100_],། །​_100_,། །​_100_,། །​_100_,། །​_100_,། །​_100_,། །​_100_,། །​_100_
[ལྷག་_100_],ལྷག་_100_,ལྷག་_100_,ལྷག་_100_,ལྷག་_100_,ལྷག་_100_,ལྷག་_100_,ལྷག་_100_
[མ་_100_],མ་_100_,མ་_100_,མ་_100_,མ་_100_,མ་_100_,མ་_100_,མ་_100_
[ལུས་_100_],ལུས་_100_,ལུས་_100_,ལུས་_100_,ལུས་_100_,ལུས་_100_,ལུས་_100_,ལུས་_100_
[པར་_100_],པར་_100_,པར་_100_,པར་_100_,པར་_100_,པར་_100_,པར་_100_,པར་_100_
[གྱུར་_100_],གྱུར་_100_,གྱུར་_100_,གྱུར་_100_,གྱུར་_100_,གྱུར་_100_,གྱུར་_100_,གྱུར་_100_
[པ་_100_],པ་_100_,པ་_100_,པ་_100_,པ་_100_,པ་_100_,པ་_100_,པ་_100_
[རྣམས_100_],རྣམས_100_,རྣམས_100_,རྣམས_100_,རྣམས_100_,རྣམས_100_,རྣམས_100_,རྣམས_100_
[། །​_87_],། །​_87_,། །​_87_,། །​_87_,། །​_87_,༑ །​_12_,། །​_87_,། །​_87_
[སྤོགས་_100_],སྤོགས་_100_,སྤོགས་_100_,སྤོགས་_100_,སྤོགས་_100_,སྤོགས་_100_,སྤོགས་_100_,སྤོགས་_100_
[པ་_100_],པ་_100_,པ་_100_,པ་_100_,པ་_100_,པ་_100_,པ་_100_,པ་_100_
[ཡི་ནི་_75_],ཡི་ནི་_75_,ཡི་_12_,ཡི་ནི་_75_,ཡི་ནི་_75_,ཡི་ནི་”_12_,ཡི་ནི་_75_,ཡི་ནི་_75_
[སྦྱོར་_100_],སྦྱོར་_100_,སྦྱོར་_100_,སྦྱོར་_100_,སྦྱོར་_100_,སྦྱོར་_100_,སྦྱོར་_100_,སྦྱོར་_100_
[བས་_100_],བས་_100_,བས་_100_,བས་_100_,བས་_100_,བས་_100_,བས་_100_,བས་_100_
[བསྲེག _100_],བསྲེག _100_,བསྲེག _100_,བསྲེག _100_,བསྲེག _100_,བསྲེག _100_,བསྲེག _100_,བསྲེག _100_
[།​_100_],།​_100_,།​_100_,།​_100_,།​_100_,།​_100_,།​_100_,།​_100_
[བཅོམ་_100_],བཅོམ་_100_,བཅོམ་_100_,བཅོམ་_100_,བཅོམ་_100_,བཅོམ་_100_,བཅོམ་_100_,བཅོམ་_100_
[ལྡན་_100_],ལྡན་_100_,ལྡན་_100_,ལྡན་_100_,ལྡན་_100_,ལྡན་_100_,ལྡན་_100_,ལྡན་_100_
[འདས་_100_],འདས་_100_,འདས་_100_,འདས་_100_,འདས་_100_,འདས་_100_,འདས་_100_,འདས་_100_
[ཀྱིས་_100_],ཀྱིས་_100_,ཀྱིས་_100_,ཀྱིས་_100_,ཀྱིས་_100_,ཀྱིས་_100_,ཀྱིས་_100_,ཀྱིས་_100_
[གསུངས་_100_],གསུངས་_100_,གསུངས་_100_,གསུངས་_100_,གསུངས་_100_,གསུངས་_100_,གསུངས་_100_,གསུངས་_100_
[པ་_100_],པ་_100_,པ་_100_,པ་_100_,པ་_100_,པ་_100_,པ་_100_,པ་_100_
[ཡི_100_],ཡི_100_,ཡི_100_,ཡི_100_,ཡི_100_,ཡི_100_,ཡི_100_,ཡི_100_
[། །​_100_],། །​_100_,། །​_100_,། །​_100_,། །​_100_,། །​_100_,། །​_100_,། །​_100_
[གསང་_100_],གསང་_100_,གསང་_100_,གསང་_100_,གསང་_100_,གསང་_100_,གསང་_100_,གསང་_100_
[སྔགས་_100_],སྔགས་_100_,སྔགས་_100_,སྔགས་_100_,སྔགས་_100_,སྔགས་_100_,སྔགས་_100_,སྔགས་_100_
[སྐྱོན་_100_],སྐྱོན་_100_,སྐྱོན་_100_,སྐྱོན་_100_,སྐྱོན་_100_,སྐྱོན་_100_,སྐྱོན་_100_,སྐྱོན་_100_
[སྤངས་_100_],སྤངས་_100_,སྤངས་_100_,སྤངས་_100_,སྤངས་_100_,སྤངས་_100_,སྤངས་_100_,སྤངས་_100_
[བཟླས་_100_],བཟླས་_100_,བཟླས་_100_,བཟླས་_100_,བཟླས་_100_,བཟླས་_100_,བཟླས་_100_,བཟླས་_100_
[པར་_100_],པར་_100_,པར་_100_,པར་_100_,པར་_100_,པར་_100_,པར་_100_,པར་_100_
[བྱ_100_],བྱ_100_,བྱ_100_,བྱ_100_,བྱ_100_,བྱ_100_,བྱ_100_,བྱ_100_
[། །​_100_],། །​_100_,། །​_100_,། །​_100_,། །​_100_,། །​_100_,། །​_100_,། །​_100_
[དེ་_100_],དེ་_100_,དེ་_100_,དེ་_100_,དེ་_100_,དེ་_100_,དེ་_100_,དེ་_100_
[ལ་_100_],ལ་_100_,ལ་_100_,ལ་_100_,ལ་_100_,ལ་_100_,ལ་_100_,ལ་_100_
[མན་_100_],མན་_100_,མན་_100_,མན་_100_,མན་_100_,མན་_100_,མན་_100_,མན་_100_
[ངག་_100_],ངག་_100_,ངག་_100_,ངག་_100_,ངག་_100_,ངག་_100_,ངག་_100_,ངག་_100_
[རྣམ་_100_],རྣམ་_100_,རྣམ་_100_,རྣམ་_100_,རྣམ་_100_,རྣམ་_100_,རྣམ་_100_,རྣམ་_100_
[གསུམ་_100_],གསུམ་_100_,གསུམ་_100_,གསུམ་_100_,གསུམ་_100_,གསུམ་_100_,གསུམ་_100_,གསུམ་_100_
[སྟེ_100_],སྟེ_100_,སྟེ_100_,སྟེ_100_,སྟེ_100_,སྟེ_100_,སྟེ_100_,སྟེ_100_
[། །​_100_],། །​_100_,། །​_100_,། །​_100_,། །​_100_,། །​_100_,། །​_100_,། །​_100_
[བསམ་_100_],བསམ་_100_,བསམ་_100_,བསམ་_100_,བསམ་_100_,བསམ་_100_,བསམ་_100_,བསམ་_100_
[གཏན་_100_],གཏན་_100_,གཏན་_100_,གཏན་_100_,གཏན་_100_,གཏན་_100_,གཏན་_100_,གཏན་_100_
[ཏིང་_100_],ཏིང་_100_,ཏིང་_100_,ཏིང་_100_,ཏིང་_100_,ཏིང་_100_,ཏིང་_100_,ཏིང་_100_
[འཛིན་_100_],འཛིན་_100_,འཛིན་_100_,འཛིན་_100_,འཛིན་_100_,འཛིན་_100_,འཛིན་_100_,འཛིན་_100_
[རྩེ་_100_],རྩེ་_100_,རྩེ་_100_,རྩེ་_100_,རྩེ་_100_,རྩེ་_100_,རྩེ་_100_,རྩེ་_100_
[གཅིག་_100_],གཅིག་_100_,གཅིག་_100_,གཅིག་_100_,གཅིག་_100_,གཅིག་_100_,གཅིག་_100_,གཅིག་_100_
[ལ_100_],ལ_100_,ལ_100_,ལ_100_,ལ_100_,ལ_100_,ལ_100_,ལ_100_
[། །​_100_],། །​_100_,། །​_100_,། །​_100_,། །​_100_,། །​_100_,། །​_100_,། །​_100_
[གཉིད་_100_],གཉིད་_100_,གཉིད་_100_,གཉིད་_100_,གཉིད་_100_,གཉིད་_100_,གཉིད་_100_,གཉིད་_100_
[ཀྱི་_100_],ཀྱི་_100_,ཀྱི་_100_,ཀྱི་_100_,ཀྱི་_100_,ཀྱི་_100_,ཀྱི་_100_,ཀྱི་_100_
[བར་_100_],བར་_100_,བར་_100_,བར་_100_,བར་_100_,བར་_100_,བར་_100_,བར་_100_
[ཆད་_100_],ཆད་_100_,ཆད་_100_,ཆད་_100_,ཆད་_100_,ཆད་_100_,ཆད་_100_,ཆད་_100_
[རབ་_100_],རབ་_100_,རབ་_100_,རབ་_100_,རབ་_100_,རབ་_100_,རབ་_100_,རབ་_100_
[ཏུ་_100_],ཏུ་_100_,ཏུ་_100_,ཏུ་_100_,ཏུ་_100_,ཏུ་_100_,ཏུ་_100_,ཏུ་_100_
[སྤང་_100_],སྤང་_100_,སྤང་_100_,སྤང་_100_,སྤང་_100_,སྤང་_100_,སྤང་_100_,སྤང་_100_
[། །​_100_],། །​_100_,། །​_100_,། །​_100_,། །​_100_,། །​_100_,། །​_100_,། །​_100_
[གཞན་_100_],གཞན་_100_,གཞན་_100_,གཞན་_100_,གཞན་_100_,གཞན་_100_,གཞན་_100_,གཞན་_100_
[གྱི་_100_],གྱི་_100_,གྱི་_100_,གྱི་_100_,གྱི་_100_,གྱི་_100_,གྱི་_100_,གྱི་_100_
[གཏམ་_100_],གཏམ་_100_,གཏམ་_100_,གཏམ་_100_,གཏམ་_100_,གཏམ་_100_,གཏམ་_100_,གཏམ་_100_
[གྱིས་_100_],གྱིས་_100_,གྱིས་_100_,གྱིས་_100_,གྱིས་_100_,གྱིས་_100_,གྱིས་_100_,གྱིས་_100_
[བར་_87_],བར་_87_,རབ་_12_,བར་_87_,བར་_87_,བར་_87_,བར་_87_,བར་_87_
[མི་_100_],མི་_100_,མི་_100_,མི་_100_,མི་_100_,མི་_100_,མི་_100_,མི་_100_
[བཅད_75_],བཅད_75_,གཅད_25_,གཅད_25_,བཅད_75_,བཅད_75_,བཅད_75_,བཅད_75_
[། །​_100_],། །​_100_,། །​_100_,། །​_100_,། །​_100_,། །​_100_,། །​_100_,། །​_100_
[བདུད་_100_],བདུད་_100_,བདུད་_100_,བདུད་_100_,བདུད་_100_,བདུད་_100_,བདུད་_100_,བདུད་_100_
[དང་_100_],དང་_100_,དང་_100_,དང་_100_,དང་_100_,དང་_100_,དང་_100_,དང་_100_
[རྡོ་_100_],རྡོ་_100_,རྡོ་_100_,རྡོ་_100_,རྡོ་_100_,རྡོ་_100_,རྡོ་_100_,རྡོ་_100_
[རྗེ་_100_],རྗེ་_100_,རྗེ་_100_,རྗེ་_100_,རྗེ་_100_,རྗེ་_100_,རྗེ་_100_,རྗེ་_100_
[འཛིན་_100_],འཛིན་_100_,འཛིན་_100_,འཛིན་_100_,འཛིན་_100_,འཛིན་_100_,འཛིན་_100_,འཛིན་_100_
[པའི་_100_],པའི་_100_,པའི་_100_,པའི་_100_,པའི་_100_,པའི་_100_,པའི་_100_,པའི་_100_
[ལམ_100_],ལམ_100_,ལམ_100_,ལམ_100_,ལམ_100_,ལམ_100_,ལམ_100_,ལམ_100_
[། །​_100_],། །​_100_,། །​_100_,། །​_100_,། །​_100_,། །​_100_,། །​_100_,། །​_100_
[བླ་_100_],བླ་_100_,བླ་_100_,བླ་_100_,བླ་_100_,བླ་_100_,བླ་_100_,བླ་_100_
[མའི་_100_],མའི་_100_,མའི་_100_,མའི་_100_,མའི་_100_,མའི་_100_,མའི་_100_,མའི་_100_
[ཞལ་_100_],ཞལ་_100_,ཞལ་_100_,ཞལ་_100_,ཞལ་_100_,ཞལ་_100_,ཞལ་_100_,ཞལ་_100_
[ལས་_100_],ལས་_100_,ལས་_100_,ལས་_100_,ལས་_100_,ལས་_100_,ལས་_100_,ལས་_100_
[ཤེས་_100_],ཤེས་_100_,ཤེས་_100_,ཤེས་_100_,ཤེས་_100_,ཤེས་_100_,ཤེས་_100_,ཤེས་_100_
[པར་_100_],པར་_100_,པར་_100_,པར་_100_,པར་_100_,པར་_100_,པར་_100_,པར་_100_
[བྱ_100_],བྱ_100_,བྱ_100_,བྱ_100_,བྱ_100_,བྱ_100_,བྱ_100_,བྱ_100_
[། །​_100_],། །​_100_,། །​_100_,། །​_100_,། །​_100_,། །​_100_,། །​_100_,། །​_100_
[རྒྱུན་_100_],རྒྱུན་_100_,རྒྱུན་_100_,རྒྱུན་_100_,རྒྱུན་_100_,རྒྱུན་_100_,རྒྱུན་_100_,རྒྱུན་_100_
[དུའམ་_100_],དུའམ་_100_,དུའམ་_100_,དུའམ་_100_,དུའམ་_100_,དུའམ་_100_,དུའམ་_100_,དུའམ་_100_
[ཐུན་_100_],ཐུན་_100_,ཐུན་_100_,ཐུན་_100_,ཐུན་_100_,ཐུན་_100_,ཐུན་_100_,ཐུན་_100_
[བཞིའི་_100_],བཞིའི་_100_,བཞིའི་_100_,བཞིའི་_100_,བཞིའི་_100_,བཞིའི་_100_,བཞིའི་_100_,བཞིའི་_100_
[རྣལ་_100_],རྣལ་_100_,རྣལ་_100_,རྣལ་_100_,རྣལ་_100_,རྣལ་_100_,རྣལ་_100_,རྣལ་_100_
[འབྱོར་_100_],འབྱོར་_100_,འབྱོར་_100_,འབྱོར་_100_,འབྱོར་_100_,འབྱོར་_100_,འབྱོར་_100_,འབྱོར་_100_
[བྱ_100_],བྱ_100_,བྱ_100_,བྱ_100_,བྱ_100_,བྱ_100_,བྱ_100_,བྱ_100_
[། །​_100_],། །​_100_,། །​_100_,། །​_100_,། །​_100_,། །​_100_,། །​_100_,། །​_100_
[དེ་_100_],དེ་_100_,དེ་_100_,དེ་_100_,དེ་_100_,དེ་_100_,དེ་_100_,དེ་_100_
[ནས་_100_],ནས་_100_,ནས་_100_,ནས་_100_,ནས་_100_,ནས་_100_,ནས་_100_,ནས་_100_
[སྤྱོད་_100_],སྤྱོད་_100_,སྤྱོད་_100_,སྤྱོད་_100_,སྤྱོད་_100_,སྤྱོད་_100_,སྤྱོད་_100_,སྤྱོད་_100_
[ལམ་_100_],ལམ་_100_,ལམ་_100_,ལམ་_100_,ལམ་_100_,ལམ་_100_,ལམ་_100_,ལམ་_100_
[དུས་_100_],དུས་_100_,དུས་_100_,དུས་_100_,དུས་_100_,དུས་_100_,དུས་_100_,དུས་_100_
[དག་_100_],དག་_100_,དག་_100_,དག་_100_,དག་_100_,དག་_100_,དག་_100_,དག་_100_
[ཏུ_100_],ཏུ_100_,ཏུ_100_,ཏུ_100_,ཏུ_100_,ཏུ_100_,ཏུ_100_,ཏུ_100_
[། །​_100_],། །​_100_,། །​_100_,། །​_100_,། །​_100_,། །​_100_,། །​_100_,། །​_100_
[བསྐྱེད་_87_],བསྐྱེད་_87_,བསྐྱེད་_87_,སྐྱེད་_12_,བསྐྱེད་_87_,བསྐྱེད་_87_,བསྐྱེད་_87_,བསྐྱེད་_87_
[བསྡུ་_100_],བསྡུ་_100_,བསྡུ་_100_,བསྡུ་_100_,བསྡུ་_100_,བསྡུ་_100_,བསྡུ་_100_,བསྡུ་_100_
[མི་_100_],མི་_100_,མི་_100_,མི་_100_,མི་_100_,མི་_100_,མི་_100_,མི་_100_
[དམིགས་_100_],དམིགས་_100_,དམིགས་_100_,དམིགས་_100_,དམིགས་_100_,དམིགས་_100_,དམིགས་_100_,དམིགས་_100_
[རྒྱས་_100_],རྒྱས་_100_,རྒྱས་_100_,རྒྱས་_100_,རྒྱས་_100_,རྒྱས་_100_,རྒྱས་_100_,རྒྱས་_100_
[བཏབ་_100_],བཏབ་_100_,བཏབ་_100_,བཏབ་_100_,བཏབ་_100_,བཏབ་_100_,བཏབ་_100_,བཏབ་_100_
[ལ_100_],ལ_100_,ལ_100_,ལ_100_,ལ_100_,ལ_100_,ལ_100_,ལ_100_
[། །​_100_],། །​_100_,། །​_100_,། །​_100_,། །​_100_,། །​_100_,། །​_100_,། །​_100_
[བརྒྱ་_100_],བརྒྱ་_100_,བརྒྱ་_100_,བརྒྱ་_100_,བརྒྱ་_100_,བརྒྱ་_100_,བརྒྱ་_100_,བརྒྱ་_100_
[པས་_100_],པས་_100_,པས་_100_,པས་_100_,པས་_100_,པས་_100_,པས་_100_,པས་_100_
[བཤགས་_100_],བཤགས་_100_,བཤགས་_100_,བཤགས་_100_,བཤགས་_100_,བཤགས་_100_,བཤགས་_100_,བཤགས་_100_
[ཤིང་_100_],ཤིང་_100_,ཤིང་_100_,ཤིང་_100_,ཤིང་_100_,ཤིང་_100_,ཤིང་_100_,ཤིང་_100_
[དགེ་_100_],དགེ་_100_,དགེ་_100_,དགེ་_100_,དགེ་_100_,དགེ་_100_,དགེ་_100_,དགེ་_100_
[བ་_100_],བ་_100_,བ་_100_,བ་_100_,བ་_100_,བ་_100_,བ་_100_,བ་_100_
[བསྔོ_100_],བསྔོ_100_,བསྔོ_100_,བསྔོ_100_,བསྔོ_100_,བསྔོ_100_,བསྔོ_100_,བསྔོ_100_
[། །​_100_],། །​_100_,། །​_100_,། །​_100_,། །​_100_,། །​_100_,། །​_100_,། །​_100_
[རྟགས་_100_],རྟགས་_100_,རྟགས་_100_,རྟགས་_100_,རྟགས་_100_,རྟགས་_100_,རྟགས་_100_,རྟགས་_100_
[རྣམས་_100_],རྣམས་_100_,རྣམས་_100_,རྣམས་_100_,རྣམས་_100_,རྣམས་_100_,རྣམས་_100_,རྣམས་_100_
[སྒྱུ་_100_],སྒྱུ་_100_,སྒྱུ་_100_,སྒྱུ་_100_,སྒྱུ་_100_,སྒྱུ་_100_,སྒྱུ་_100_,སྒྱུ་_100_
[མ་_100_],མ་_100_,མ་_100_,མ་_100_,མ་_100_,མ་_100_,མ་_100_,མ་_100_
[ལྟ་_100_],ལྟ་_100_,ལྟ་_100_,ལྟ་_100_,ལྟ་_100_,ལྟ་_100_,ལྟ་_100_,ལྟ་_100_
[བུར་_100_],བུར་_100_,བུར་_100_,བུར་_100_,བུར་_100_,བུར་_100_,བུར་_100_,བུར་_100_
[གཟུང་_87_],གཟུང་_87_,གཟུང་_87_,གཟུང་བཟུང་_12_,གཟུང་_87_,གཟུང་_87_,གཟུང་_87_,གཟུང་_87_
[། །​_100_],། །​_100_,། །​_100_,། །​_100_,། །​_100_,། །​_100_,། །​_100_,། །​_100_
[དད་_100_],དད་_100_,དད་_100_,དད་_100_,དད་_100_,དད་_100_,དད་_100_,དད་_100_
[ལྡན་_100_],ལྡན་_100_,ལྡན་_100_,ལྡན་_100_,ལྡན་_100_,ལྡན་_100_,ལྡན་_100_,ལྡན་_100_
[བརྩོན་_100_],བརྩོན་_100_,བརྩོན་_100_,བརྩོན་_100_,བརྩོན་_100_,བརྩོན་_100_,བརྩོན་_100_,བརྩོན་_100_
[བྱས་_100_],བྱས་_100_,བྱས་_100_,བྱས་_100_,བྱས་_100_,བྱས་_100_,བྱས་_100_,བྱས་_100_
[ཡིད་_100_],ཡིད་_100_,ཡིད་_100_,ཡིད་_100_,ཡིད་_100_,ཡིད་_100_,ཡིད་_100_,ཡིད་_100_
[ཆེས་_100_],ཆེས་_100_,ཆེས་_100_,ཆེས་_100_,ཆེས་_100_,ཆེས་_100_,ཆེས་_100_,ཆེས་_100_
[ན_100_],ན_100_,ན_100_,ན_100_,ན_100_,ན_100_,ན_100_,ན_100_
[། །​_100_],། །​_100_,། །​_100_,། །​_100_,། །​_100_,། །​_100_,། །​_100_,། །​_100_
[གདོན་_100_],གདོན་_100_,གདོན་_100_,གདོན་_100_,གདོན་_100_,གདོན་_100_,གདོན་_100_,གདོན་_100_
[མི་_100_],མི་_100_,མི་_100_,མི་_100_,མི་_100_,མི་_100_,མི་_100_,མི་_100_
[ཟ་_100_],ཟ་_100_,ཟ་_100_,ཟ་_100_,ཟ་_100_,ཟ་_100_,ཟ་_100_,ཟ་_100_
[བར་_100_],བར་_100_,བར་_100_,བར་_100_,བར་_100_,བར་_100_,བར་_100_,བར་_100_
[འགྲུབ་_100_],འགྲུབ་_100_,འགྲུབ་_100_,འགྲུབ་_100_,འགྲུབ་_100_,འགྲུབ་_100_,འགྲུབ་_100_,འགྲུབ་_100_
[འགྱུར་_100_],འགྱུར་_100_,འགྱུར་_100_,འགྱུར་_100_,འགྱུར་_100_,འགྱུར་_100_,འགྱུར་_100_,འགྱུར་_100_
[ཏེ_100_],ཏེ_100_,ཏེ_100_,ཏེ_100_,ཏེ_100_,ཏེ_100_,ཏེ_100_,ཏེ_100_
[། །​_100_],། །​_100_,། །​_100_,། །​_100_,། །​_100_,། །​_100_,། །​_100_,། །​_100_
[དེ་_100_],དེ་_100_,དེ་_100_,དེ་_100_,དེ་_100_,དེ་_100_,དེ་_100_,དེ་_100_
[བས་_100_],བས་_100_,བས་_100_,བས་_100_,བས་_100_,བས་_100_,བས་_100_,བས་_100_
[ཐེ་_100_],ཐེ་_100_,ཐེ་_100_,ཐེ་_100_,ཐེ་_100_,ཐེ་_100_,ཐེ་_100_,ཐེ་_100_
[ཚོམ་_100_],ཚོམ་_100_,ཚོམ་_100_,ཚོམ་_100_,ཚོམ་_100_,ཚོམ་_100_,ཚོམ་_100_,ཚོམ་_100_
[མེད་_100_],མེད་_100_,མེད་_100_,མེད་_100_,མེད་_100_,མེད་_100_,མེད་_100_,མེད་_100_
[པར་_100_],པར་_100_,པར་_100_,པར་_100_,པར་_100_,པར་_100_,པར་_100_,པར་_100_
[ནི_100_],ནི_100_,ནི_100_,ནི_100_,ནི_100_,ནི_100_,ནི_100_,ནི_100_
[། །​_100_],། །​_100_,། །​_100_,། །​_100_,། །​_100_,། །​_100_,། །​_100_,། །​_100_
[ཤིན་_100_],ཤིན་_100_,ཤིན་_100_,ཤིན་_100_,ཤིན་_100_,ཤིན་_100_,ཤིན་_100_,ཤིན་_100_
[ཏུ་_100_],ཏུ་_100_,ཏུ་_100_,ཏུ་_100_,ཏུ་_100_,ཏུ་_100_,ཏུ་_100_,ཏུ་_100_
[དད་_100_],དད་_100_,དད་_100_,དད་_100_,དད་_100_,དད་_100_,དད་_100_,དད་_100_
[པས་_100_],པས་_100_,པས་_100_,པས་_100_,པས་_100_,པས་_100_,པས་_100_,པས་_100_
[འབད་_100_],འབད་_100_,འབད་_100_,འབད་_100_,འབད་_100_,འབད་_100_,འབད་_100_,འབད་_100_
[དེ་_100_],དེ་_100_,དེ་_100_,དེ་_100_,དེ་_100_,དེ་_100_,དེ་_100_,དེ་_100_
[བསྒྲུབ_100_],བསྒྲུབ_100_,བསྒྲུབ_100_,བསྒྲུབ_100_,བསྒྲུབ_100_,བསྒྲུབ_100_,བསྒྲུབ_100_,བསྒྲུབ_100_
[། །​_100_],། །​_100_,། །​_100_,། །​_100_,། །​_100_,། །​_100_,། །​_100_,། །​_100_
[ཟླ་_100_],ཟླ་_100_,ཟླ་_100_,ཟླ་_100_,ཟླ་_100_,ཟླ་_100_,ཟླ་_100_,ཟླ་_100_
[དྲུག་_100_],དྲུག་_100_,དྲུག་_100_,དྲུག་_100_,དྲུག་_100_,དྲུག་_100_,དྲུག་_100_,དྲུག་_100_
[བསྙེན་_87_],བསྙེན་_87_,བསྙེན་_87_,གཉེན་_12_,བསྙེན་_87_,བསྙེན་_87_,བསྙེན་_87_,བསྙེན་_87_
[པ་_100_],པ་_100_,པ་_100_,པ་_100_,པ་_100_,པ་_100_,པ་_100_,པ་_100_
[དེ་_100_],དེ་_100_,དེ་_100_,དེ་_100_,དེ་_100_,དེ་_100_,དེ་_100_,དེ་_100_
[ལྡན་_100_],ལྡན་_100_,ལྡན་_100_,ལྡན་_100_,ལྡན་_100_,ལྡན་_100_,ལྡན་_100_,ལྡན་_100_
[ན_100_],ན_100_,ན_100_,ན_100_,ན_100_,ན_100_,ན_100_,ན_100_
[། །​_100_],། །​_100_,། །​_100_,། །​_100_,། །​_100_,། །​_100_,། །​_100_,། །​_100_
[ཐུན་_100_],ཐུན་_100_,ཐུན་_100_,ཐུན་_100_,ཐུན་_100_,ཐུན་_100_,ཐུན་_100_,ཐུན་_100_
[མོང་_100_],མོང་_100_,མོང་_100_,མོང་_100_,མོང་_100_,མོང་_100_,མོང་_100_,མོང་_100_
[མཆོག་_100_],མཆོག་_100_,མཆོག་_100_,མཆོག་_100_,མཆོག་_100_,མཆོག་_100_,མཆོག་_100_,མཆོག་_100_
[གི་_87_],གི་_87_,གིས་_12_,གི་_87_,གི་_87_,གི་_87_,གི་_87_,གི་_87_
[དངོས་_100_],དངོས་_100_,དངོས་_100_,དངོས་_100_,དངོས་_100_,དངོས་_100_,དངོས་_100_,དངོས་_100_
[གྲུབ་_100_],གྲུབ་_100_,གྲུབ་_100_,གྲུབ་_100_,གྲུབ་_100_,གྲུབ་_100_,གྲུབ་_100_,གྲུབ་_100_
[འགྲུབ_100_],འགྲུབ_100_,འགྲུབ_100_,འགྲུབ_100_,འགྲུབ_100_,འགྲུབ_100_,འགྲུབ_100_,འགྲུབ_100_
[། །​_100_],། །​_100_,། །​_100_,། །​_100_,། །​_100_,། །​_100_,། །​_100_,། །​_100_
[དེས་_100_],དེས་_100_,དེས་_100_,དེས་_100_,དེས་_100_,དེས་_100_,དེས་_100_,དེས་_100_
[ན་_100_],ན་_100_,ན་_100_,ན་_100_,ན་_100_,ན་_100_,ན་_100_,ན་_100_
[བསྒྲུབ་_87_],བསྒྲུབ་_87_,བསྒྲུབ་_87_,སྒྲུབ་_12_,བསྒྲུབ་_87_,བསྒྲུབ་_87_,བསྒྲུབ་_87_,བསྒྲུབ་_87_
[བྱ་_100_],བྱ་_100_,བྱ་_100_,བྱ་_100_,བྱ་_100_,བྱ་_100_,བྱ་_100_,བྱ་_100_
[འདྲེན་_100_],འདྲེན་_100_,འདྲེན་_100_,འདྲེན་_100_,འདྲེན་_100_,འདྲེན་_100_,འདྲེན་_100_,འདྲེན་_100_
[པའི་_100_],པའི་_100_,པའི་_100_,པའི་_100_,པའི་_100_,པའི་_100_,པའི་_100_,པའི་_100_
[ལྷ_100_],ལྷ_100_,ལྷ_100_,ལྷ_100_,ལྷ_100_,ལྷ_100_,ལྷ_100_,ལྷ_100_
[། །​_100_],། །​_100_,། །​_100_,། །​_100_,། །​_100_,། །​_100_,། །​_100_,། །​_100_
[དགེ་_100_],དགེ་_100_,དགེ་_100_,དགེ་_100_,དགེ་_100_,དགེ་_100_,དགེ་_100_,དགེ་_100_
[སློང་_100_],སློང་_100_,སློང་_100_,སློང་_100_,སློང་_100_,སློང་_100_,སློང་_100_,སློང་_100_
[དཔལ་_100_],དཔལ་_100_,དཔལ་_100_,དཔལ་_100_,དཔལ་_100_,དཔལ་_100_,དཔལ་_100_,དཔལ་_100_
[དང་_100_],དང་_100_,དང་_100_,དང་_100_,དང་_100_,དང་_100_,དང་_100_,དང་_100_
[ལྡན་_100_],ལྡན་_100_,ལྡན་_100_,ལྡན་_100_,ལྡན་_100_,ལྡན་_100_,ལྡན་_100_,ལྡན་_100_
[པ་_100_],པ་_100_,པ་_100_,པ་_100_,པ་_100_,པ་_100_,པ་_100_,པ་_100_
[ཡི། །​_75_],ཡི། །​_75_,ཡི། །​_75_,ཡིས། །​_12_,ཡི། །​_75_,ཡི །​ །​ _12_,ཡི། །​_75_,ཡི། །​_75_
[ཀླུ་_100_],ཀླུ་_100_,ཀླུ་_100_,ཀླུ་_100_,ཀླུ་_100_,ཀླུ་_100_,ཀླུ་_100_,ཀླུ་_100_
[ཞེས་_100_],ཞེས་_100_,ཞེས་_100_,ཞེས་_100_,ཞེས་_100_,ཞེས་_100_,ཞེས་_100_,ཞེས་_100_
[བྱ་_100_],བྱ་_100_,བྱ་_100_,བྱ་_100_,བྱ་_100_,བྱ་_100_,བྱ་_100_,བྱ་_100_
[བས་_100_],བས་_100_,བས་_100_,བས་_100_,བས་_100_,བས་_100_,བས་_100_,བས་_100_
[དེ་_100_],དེ་_100_,དེ་_100_,དེ་_100_,དེ་_100_,དེ་_100_,དེ་_100_,དེ་_100_
[སྐད་_100_],སྐད་_100_,སྐད་_100_,སྐད་_100_,སྐད་_100_,སྐད་_100_,སྐད་_100_,སྐད་_100_
[གསུངས_100_],གསུངས_100_,གསུངས_100_,གསུངས_100_,གསུངས_100_,གསུངས_100_,གསུངས_100_,གསུངས_100_
[། །​_100_],། །​_100_,། །​_100_,། །​_100_,། །​_100_,། །​_100_,། །​_100_,། །​_100_
[སྐྱབས་_100_],སྐྱབས་_100_,སྐྱབས་_100_,སྐྱབས་_100_,སྐྱབས་_100_,སྐྱབས་_100_,སྐྱབས་_100_,སྐྱབས་_100_
[འགྲོ་_100_],འགྲོ་_100_,འགྲོ་_100_,འགྲོ་_100_,འགྲོ་_100_,འགྲོ་_100_,འགྲོ་_100_,འགྲོ་_100_
[སེམས་_100_],སེམས་_100_,སེམས་_100_,སེམས་_100_,སེམས་_100_,སེམས་_100_,སེམས་_100_,སེམས་_100_
[བསྐྱེད་_100_],བསྐྱེད་_100_,བསྐྱེད་_100_,བསྐྱེད་_100_,བསྐྱེད་_100_,བསྐྱེད་_100_,བསྐྱེད་_100_,བསྐྱེད་_100_
[བྱམས་_100_],བྱམས་_100_,བྱམས་_100_,བྱམས་_100_,བྱམས་_100_,བྱམས་_100_,བྱམས་_100_,བྱམས་_100_
[སྙིང་_100_],སྙིང་_100_,སྙིང་_100_,སྙིང་_100_,སྙིང་_100_,སྙིང་_100_,སྙིང་_100_,སྙིང་_100_
[རྗེ_100_],རྗེ_100_,རྗེ_100_,རྗེ_100_,རྗེ_100_,རྗེ_100_,རྗེ_100_,རྗེ_100_
[། །​_100_],། །​_100_,། །​_100_,། །​_100_,། །​_100_,། །​_100_,། །​_100_,། །​_100_
[བསྒོམས་_100_],བསྒོམས་_100_,བསྒོམས་_100_,བསྒོམས་_100_,བསྒོམས་_100_,བསྒོམས་_100_,བསྒོམས་_100_,བསྒོམས་_100_
[ཏེ་_100_],ཏེ་_100_,ཏེ་_100_,ཏེ་_100_,ཏེ་_100_,ཏེ་_100_,ཏེ་_100_,ཏེ་_100_
[ཕ་_100_],ཕ་_100_,ཕ་_100_,ཕ་_100_,ཕ་_100_,ཕ་_100_,ཕ་_100_,ཕ་_100_
[རོལ་_100_],རོལ་_100_,རོལ་_100_,རོལ་_100_,རོལ་_100_,རོལ་_100_,རོལ་_100_,རོལ་_100_
[ཕྱིན་_100_],ཕྱིན་_100_,ཕྱིན་_100_,ཕྱིན་_100_,ཕྱིན་_100_,ཕྱིན་_100_,ཕྱིན་_100_,ཕྱིན་_100_
[དྲུག་_100_],དྲུག་_100_,དྲུག་_100_,དྲུག་_100_,དྲུག་_100_,དྲུག་_100_,དྲུག་_100_,དྲུག་_100_
[ལམ_100_],ལམ_100_,ལམ_100_,ལམ_100_,ལམ_100_,ལམ_100_,ལམ_100_,ལམ_100_
[། །​_100_],། །​_100_,། །​_100_,། །​_100_,། །​_100_,། །​_100_,། །​_100_,། །​_100_
[དེ་_100_],དེ་_100_,དེ་_100_,དེ་_100_,དེ་_100_,དེ་_100_,དེ་_100_,དེ་_100_
[དག་_100_],དག་_100_,དག་_100_,དག་_100_,དག་_100_,དག་_100_,དག་_100_,དག་_100_
[ཐབས་_100_],ཐབས་_100_,ཐབས་_100_,ཐབས་_100_,ཐབས་_100_,ཐབས་_100_,ཐབས་_100_,ཐབས་_100_
[ཀྱི་_100_],ཀྱི་_100_,ཀྱི་_100_,ཀྱི་_100_,ཀྱི་_100_,ཀྱི་_100_,ཀྱི་_100_,ཀྱི་_100_
[བསྲུང་_100_],བསྲུང་_100_,བསྲུང་_100_,བསྲུང་_100_,བསྲུང་_100_,བསྲུང་_100_,བསྲུང་_100_,བསྲུང་_100_
[བའོ_100_],བའོ_100_,བའོ_100_,བའོ_100_,བའོ_100_,བའོ_100_,བའོ_100_,བའོ_100_
[། །​_87_],། །​_87_,། །​_87_,། །​_87_,། །​_87_,། །​ །​_12_,། །​_87_,། །​_87_
[ཤེས་_100_],ཤེས་_100_,ཤེས་_100_,ཤེས་_100_,ཤེས་_100_,ཤེས་_100_,ཤེས་_100_,ཤེས་_100_
[རབ་_100_],རབ་_100_,རབ་_100_,རབ་_100_,རབ་_100_,རབ་_100_,རབ་_100_,རབ་_100_
[ཟུང་_100_],ཟུང་_100_,ཟུང་_100_,ཟུང་_100_,ཟུང་_100_,ཟུང་_100_,ཟུང་_100_,ཟུང་_100_
[འཇུག་_100_],འཇུག་_100_,འཇུག་_100_,འཇུག་_100_,འཇུག་_100_,འཇུག་_100_,འཇུག་_100_,འཇུག་_100_
[ལམ་_100_],ལམ་_100_,ལམ་_100_,ལམ་_100_,ལམ་_100_,ལམ་_100_,ལམ་_100_,ལམ་_100_
[བསྒོམས་ཏེ_87_],བསྒོམས་ཏེ_87_,བསྒོམས་ཏེ_87_,བསྒོམ་སྟེ_12_,བསྒོམས་ཏེ_87_,བསྒོམས་ཏེ_87_,བསྒོམས་ཏེ_87_,བསྒོམས་ཏེ_87_
[། །​_100_],། །​_100_,། །​_100_,། །​_100_,། །​_100_,། །​_100_,། །​_100_,། །​_100_
[སྐྱོན་_100_],སྐྱོན་_100_,སྐྱོན་_100_,སྐྱོན་_100_,སྐྱོན་_100_,སྐྱོན་_100_,སྐྱོན་_100_,སྐྱོན་_100_
[སྤངས་_100_],སྤངས་_100_,སྤངས་_100_,སྤངས་_100_,སྤངས་_100_,སྤངས་_100_,སྤངས་_100_,སྤངས་_100_
[སྔགས་_100_],སྔགས་_100_,སྔགས་_100_,སྔགས་_100_,སྔགས་_100_,སྔགས་_100_,སྔགས་_100_,སྔགས་_100_
[བཟླས་_100_],བཟླས་_100_,བཟླས་_100_,བཟླས་_100_,བཟླས་_100_,བཟླས་_100_,བཟླས་_100_,བཟླས་_100_
[དགེ་_100_],དགེ་_100_,དགེ་_100_,དགེ་_100_,དགེ་_100_,དགེ་_100_,དགེ་_100_,དགེ་_100_
[བ་_100_],བ་_100_,བ་_100_,བ་_100_,བ་_100_,བ་_100_,བ་_100_,བ་_100_
[བསྔོ_100_],བསྔོ_100_,བསྔོ_100_,བསྔོ_100_,བསྔོ_100_,བསྔོ_100_,བསྔོ_100_,བསྔོ_100_
[། །​_100_],། །​_100_,། །​_100_,། །​_100_,། །​_100_,། །​_100_,། །​_100_,། །​_100_
[ཡན་_100_],ཡན་_100_,ཡན་_100_,ཡན་_100_,ཡན་_100_,ཡན་_100_,ཡན་_100_,ཡན་_100_
[ལག་_100_],ལག་_100_,ལག་_100_,ལག་_100_,ལག་_100_,ལག་_100_,ལག་_100_,ལག་_100_
[བདུན་_100_],བདུན་_100_,བདུན་_100_,བདུན་_100_,བདུན་_100_,བདུན་_100_,བདུན་_100_,བདུན་_100_
[ལྡན་_100_],ལྡན་_100_,ལྡན་_100_,ལྡན་_100_,ལྡན་_100_,ལྡན་_100_,ལྡན་_100_,ལྡན་_100_
[སྒྲུབ་_100_],སྒྲུབ་_100_,སྒྲུབ་_100_,སྒྲུབ་_100_,སྒྲུབ་_100_,སྒྲུབ་_100_,སྒྲུབ་_100_,སྒྲུབ་_100_
[ཐབས་_100_],ཐབས་_100_,ཐབས་_100_,ཐབས་_100_,ཐབས་_100_,ཐབས་_100_,ཐབས་_100_,ཐབས་_100_
[འདི_100_],འདི_100_,འདི_100_,འདི_100_,འདི_100_,འདི_100_,འདི_100_,འདི_100_
[། །​_100_],། །​_100_,། །​_100_,། །​_100_,། །​_100_,། །​_100_,། །​_100_,། །​_100_
[འབད་_100_],འབད་_100_,འབད་_100_,འབད་_100_,འབད་_100_,འབད་_100_,འབད་_100_,འབད་_100_
[པས་_100_],པས་_100_,པས་_100_,པས་_100_,པས་_100_,པས་_100_,པས་_100_,པས་_100_
[ཚོགས་_100_],ཚོགས་_100_,ཚོགས་_100_,ཚོགས་_100_,ཚོགས་_100_,ཚོགས་_100_,ཚོགས་_100_,ཚོགས་_100_
[གཉིས་_100_],གཉིས་_100_,གཉིས་_100_,གཉིས་_100_,གཉིས་_100_,གཉིས་_100_,གཉིས་_100_,གཉིས་_100_
[བསགས་_100_],བསགས་_100_,བསགས་_100_,བསགས་_100_,བསགས་_100_,བསགས་_100_,བསགས་_100_,བསགས་_100_
[ནས་_100_],ནས་_100_,ནས་_100_,ནས་_100_,ནས་_100_,ནས་_100_,ནས་_100_,ནས་_100_
[ནི_87_],ནི_87_,ནི_87_,ནི_87_,ནི_87_,ནི༑ པ_12_,ནི_87_,ནི_87_
[། །​_100_],། །​_100_,། །​_100_,། །​_100_,། །​_100_,། །​_100_,། །​_100_,། །​_100_
[དངོས་_100_],དངོས་_100_,དངོས་_100_,དངོས་_100_,དངོས་_100_,དངོས་_100_,དངོས་_100_,དངོས་_100_
[གྲུབ་_100_],གྲུབ་_100_,གྲུབ་_100_,གྲུབ་_100_,གྲུབ་_100_,གྲུབ་_100_,གྲུབ་_100_,གྲུབ་_100_
[རྣམ་_100_],རྣམ་_100_,རྣམ་_100_,རྣམ་_100_,རྣམ་_100_,རྣམ་_100_,རྣམ་_100_,རྣམ་_100_
[གཉིས་_100_],གཉིས་_100_,གཉིས་_100_,གཉིས་_100_,གཉིས་_100_,གཉིས་_100_,གཉིས་_100_,གཉིས་_100_
[ཐོབ་_100_],ཐོབ་_100_,ཐོབ་_100_,ཐོབ་_100_,ཐོབ་_100_,ཐོབ་_100_,ཐོབ་_100_,ཐོབ་_100_
[ནས་_100_],ནས་_100_,ནས་_100_,ནས་_100_,ནས་_100_,ནས་_100_,ནས་_100_,ནས་_100_
[ཀྱང་_100_],ཀྱང་_100_,ཀྱང་_100_,ཀྱང་_100_,ཀྱང་_100_,ཀྱང་_100_,ཀྱང་_100_,ཀྱང་_100_
[། །​_100_],། །​_100_,། །​_100_,། །​_100_,། །​_100_,། །​_100_,། །​_100_,། །​_100_
[གདུག་_100_],གདུག་_100_,གདུག་_100_,གདུག་_100_,གདུག་_100_,གདུག་_100_,གདུག་_100_,གདུག་_100_
[པའི་_100_],པའི་_100_,པའི་_100_,པའི་_100_,པའི་_100_,པའི་_100_,པའི་_100_,པའི་_100_
[ནད་_100_],ནད་_100_,ནད་_100_,ནད་_100_,ནད་_100_,ནད་_100_,ནད་_100_,ནད་_100_
[ལས་_100_],ལས་_100_,ལས་_100_,ལས་_100_,ལས་_100_,ལས་_100_,ལས་_100_,ལས་_100_
[གྲོལ་_100_],གྲོལ་_100_,གྲོལ་_100_,གྲོལ་_100_,གྲོལ་_100_,གྲོལ་_100_,གྲོལ་_100_,གྲོལ་_100_
[བར་ཤོག ་_37_],བར་ཤོག ་_37_,བར་ཤོག ་_37_,བར། །​ །​་_12_,བར་ཤོག །​_37_,བར་ཤོག །​ _12_,བར་ཤོག །​_37_,བར་ཤོག །​_37_
[སློབ་_100_],སློབ་_100_,སློབ་_100_,སློབ་_100_,སློབ་_100_,སློབ་_100_,སློབ་_100_,སློབ་_100_
[དཔོན་_100_],དཔོན་_100_,དཔོན་_100_,དཔོན་_100_,དཔོན་_100_,དཔོན་_100_,དཔོན་_100_,དཔོན་_100_
[འཕགས་_100_],འཕགས་_100_,འཕགས་_100_,འཕགས་_100_,འཕགས་_100_,འཕགས་_100_,འཕགས་_100_,འཕགས་_100_
[པ་_100_],པ་_100_,པ་_100_,པ་_100_,པ་_100_,པ་_100_,པ་_100_,པ་_100_
[ཀླུ་_100_],ཀླུ་_100_,ཀླུ་_100_,ཀླུ་_100_,ཀླུ་_100_,ཀླུ་_100_,ཀླུ་_100_,ཀླུ་_100_
[སྒྲུབ་_100_],སྒྲུབ་_100_,སྒྲུབ་_100_,སྒྲུབ་_100_,སྒྲུབ་_100_,སྒྲུབ་_100_,སྒྲུབ་_100_,སྒྲུབ་_100_
[ཀྱིས་_100_],ཀྱིས་_100_,ཀྱིས་_100_,ཀྱིས་_100_,ཀྱིས་_100_,ཀྱིས་_100_,ཀྱིས་_100_,ཀྱིས་_100_
[མཛད་_100_],མཛད་_100_,མཛད་_100_,མཛད་_100_,མཛད་_100_,མཛད་_100_,མཛད་_100_,མཛད་_100_
[པ་_100_],པ་_100_,པ་_100_,པ་_100_,པ་_100_,པ་_100_,པ་_100_,པ་_100_
[རྫོགས་_100_],རྫོགས་_100_,རྫོགས་_100_,རྫོགས་_100_,རྫོགས་_100_,རྫོགས་_100_,རྫོགས་_100_,རྫོགས་_100_
[སོ_100_],སོ_100_,སོ_100_,སོ_100_,སོ_100_,སོ_100_,སོ_100_,སོ_100_
[། །​ _50_],། །​ _50_,། །​ _50_,། །​ _50_,། །​_25_,།། །​།_25_,།། །​།_25_,། །​_25_
