[༄། །​_55_],༄། །​_55_,༄། །​_55_,༄། །​_55_,_33_,༄། །​_55_,༄༅། །​_11_,_33_,_33_
[བསླབ་_100_],བསླབ་_100_,བསླབ་_100_,བསླབ་_100_,བསླབ་_100_,བསླབ་_100_,བསླབ་_100_,བསླབ་_100_,བསླབ་_100_
[པ་_100_],པ་_100_,པ་_100_,པ་_100_,པ་_100_,པ་_100_,པ་_100_,པ་_100_,པ་_100_
[བཅུའི་_100_],བཅུའི་_100_,བཅུའི་_100_,བཅུའི་_100_,བཅུའི་_100_,བཅུའི་_100_,བཅུའི་_100_,བཅུའི་_100_,བཅུའི་_100_
[ཆོ་_88_],ཆོ་_88_,ཆོ་_88_,ཆོ་_88_,ཆོ་_88_,ཆོ་_88_,ཆོ་_88_,ཆོ་_88_,ཆོ་ག༈ བསླབ་བ་བཅུའི་ཆོ་_11_
[ག་_100_],ག་_100_,ག་_100_,ག་_100_,ག་_100_,ག་_100_,ག་_100_,ག་_100_,ག་_100_
[བཞུགས_100_],བཞུགས_100_,བཞུགས_100_,བཞུགས_100_,བཞུགས_100_,བཞུགས_100_,བཞུགས_100_,བཞུགས_100_,བཞུགས_100_
[། །​༄༅༅། །​_55_],། །​༄༅༅། །​_55_,། །​༄༅༅། །​_55_,། །​༄༅༅། །​_55_,། །​༄༅། །​_11_,། །​༄༅༅། །​_55_,།༄༅། །​_11_,། །​_22_,། །​_22_
[སློབ་_100_],སློབ་_100_,སློབ་_100_,སློབ་_100_,སློབ་_100_,སློབ་_100_,སློབ་_100_,སློབ་_100_,སློབ་_100_
[དཔོན་_100_],དཔོན་_100_,དཔོན་_100_,དཔོན་_100_,དཔོན་_100_,དཔོན་_100_,དཔོན་_100_,དཔོན་_100_,དཔོན་_100_
[དགོངས་_100_],དགོངས་_100_,དགོངས་_100_,དགོངས་_100_,དགོངས་_100_,དགོངས་_100_,དགོངས་_100_,དགོངས་_100_,དགོངས་_100_
[སུ་_100_],སུ་_100_,སུ་_100_,སུ་_100_,སུ་_100_,སུ་_100_,སུ་_100_,སུ་_100_,སུ་_100_
[གསོལ_100_],གསོལ_100_,གསོལ_100_,གསོལ_100_,གསོལ_100_,གསོལ_100_,གསོལ_100_,གསོལ_100_,གསོལ_100_
[། །​_88_],། །​_88_,། །​_88_,། །​_88_,། །​_88_,། །​_88_,། _11_,། །​_88_,། །​_88_
[བདག་_100_],བདག་_100_,བདག་_100_,བདག་_100_,བདག་_100_,བདག་_100_,བདག་_100_,བདག་_100_,བདག་_100_
[མིང་_100_],མིང་_100_,མིང་_100_,མིང་_100_,མིང་_100_,མིང་_100_,མིང་_100_,མིང་_100_,མིང་_100_
[འདི་_100_],འདི་_100_,འདི་_100_,འདི་_100_,འདི་_100_,འདི་_100_,འདི་_100_,འདི་_100_,འདི་_100_
[ཞེས་_100_],ཞེས་_100_,ཞེས་_100_,ཞེས་_100_,ཞེས་_100_,ཞེས་_100_,ཞེས་_100_,ཞེས་_100_,ཞེས་_100_
[བགྱི་_100_],བགྱི་_100_,བགྱི་_100_,བགྱི་_100_,བགྱི་_100_,བགྱི་_100_,བགྱི་_100_,བགྱི་_100_,བགྱི་_100_
[བ་_100_],བ་_100_,བ་_100_,བ་_100_,བ་_100_,བ་_100_,བ་_100_,བ་_100_,བ་_100_
[དུས་_100_],དུས་_100_,དུས་_100_,དུས་_100_,དུས་_100_,དུས་_100_,དུས་_100_,དུས་_100_,དུས་_100_
[འདི་_100_],འདི་_100_,འདི་_100_,འདི་_100_,འདི་_100_,འདི་_100_,འདི་_100_,འདི་_100_,འདི་_100_
[ནས་_100_],ནས་_100_,ནས་_100_,ནས་_100_,ནས་_100_,ནས་_100_,ནས་_100_,ནས་_100_,ནས་_100_
[བཟུང་_100_],བཟུང་_100_,བཟུང་_100_,བཟུང་_100_,བཟུང་_100_,བཟུང་_100_,བཟུང་_100_,བཟུང་_100_,བཟུང་_100_
[ནས་_100_],ནས་_100_,ནས་_100_,ནས་_100_,ནས་_100_,ནས་_100_,ནས་_100_,ནས་_100_,ནས་_100_
[བྱང་_100_],བྱང་_100_,བྱང་_100_,བྱང་_100_,བྱང་_100_,བྱང་_100_,བྱང་_100_,བྱང་_100_,བྱང་_100_
[ཆུབ་_100_],ཆུབ་_100_,ཆུབ་_100_,ཆུབ་_100_,ཆུབ་_100_,ཆུབ་_100_,ཆུབ་_100_,ཆུབ་_100_,ཆུབ་_100_
[སྙིང་_100_],སྙིང་_100_,སྙིང་_100_,སྙིང་_100_,སྙིང་_100_,སྙིང་_100_,སྙིང་_100_,སྙིང་_100_,སྙིང་_100_
[པོ་_100_],པོ་_100_,པོ་_100_,པོ་_100_,པོ་_100_,པོ་_100_,པོ་_100_,པོ་_100_,པོ་_100_
[ལ་_100_],ལ་_100_,ལ་_100_,ལ་_100_,ལ་_100_,ལ་_100_,ལ་_100_,ལ་_100_,ལ་_100_
[མཆིས་_100_],མཆིས་_100_,མཆིས་_100_,མཆིས་_100_,མཆིས་_100_,མཆིས་_100_,མཆིས་_100_,མཆིས་_100_,མཆིས་_100_
[ཀྱི་_100_],ཀྱི་_100_,ཀྱི་_100_,ཀྱི་_100_,ཀྱི་_100_,ཀྱི་_100_,ཀྱི་_100_,ཀྱི་_100_,ཀྱི་_100_
[བར་_100_],བར་_100_,བར་_100_,བར་_100_,བར་_100_,བར་_100_,བར་_100_,བར་_100_,བར་_100_
[དུ_100_],དུ_100_,དུ_100_,དུ_100_,དུ_100_,དུ_100_,དུ_100_,དུ_100_,དུ_100_
[། _100_],། _100_,། _100_,། _100_,། _100_,། _100_,། _100_,། _100_,། _100_
[རྐང་_100_],རྐང་_100_,རྐང་_100_,རྐང་_100_,རྐང་_100_,རྐང་_100_,རྐང་_100_,རྐང་_100_,རྐང་_100_
[གཉིས་_100_],གཉིས་_100_,གཉིས་_100_,གཉིས་_100_,གཉིས་_100_,གཉིས་_100_,གཉིས་_100_,གཉིས་_100_,གཉིས་_100_
[ཀྱི་_100_],ཀྱི་_100_,ཀྱི་_100_,ཀྱི་_100_,ཀྱི་_100_,ཀྱི་_100_,ཀྱི་_100_,ཀྱི་_100_,ཀྱི་_100_
[མཆོག་_100_],མཆོག་_100_,མཆོག་_100_,མཆོག་_100_,མཆོག་_100_,མཆོག་_100_,མཆོག་_100_,མཆོག་_100_,མཆོག་_100_
[སངས་_100_],སངས་_100_,སངས་_100_,སངས་_100_,སངས་_100_,སངས་_100_,སངས་_100_,སངས་_100_,སངས་_100_
[རྒྱས་_100_],རྒྱས་_100_,རྒྱས་_100_,རྒྱས་_100_,རྒྱས་_100_,རྒྱས་_100_,རྒྱས་_100_,རྒྱས་_100_,རྒྱས་_100_
[བཅོམ་_100_],བཅོམ་_100_,བཅོམ་_100_,བཅོམ་_100_,བཅོམ་_100_,བཅོམ་_100_,བཅོམ་_100_,བཅོམ་_100_,བཅོམ་_100_
[ལྡན་_100_],ལྡན་_100_,ལྡན་_100_,ལྡན་_100_,ལྡན་_100_,ལྡན་_100_,ལྡན་_100_,ལྡན་_100_,ལྡན་_100_
[འདས་_100_],འདས་_100_,འདས་_100_,འདས་_100_,འདས་_100_,འདས་_100_,འདས་_100_,འདས་_100_,འདས་_100_
[ཐམས་_100_],ཐམས་_100_,ཐམས་_100_,ཐམས་_100_,ཐམས་_100_,ཐམས་_100_,ཐམས་_100_,ཐམས་_100_,ཐམས་_100_
[ཅད་མཁྱེན་ཞིང་ཐམས་ཅད་_88_],ཅད་མཁྱེན་ཞིང་ཐམས་ཅད་_88_,ཅད་མཁྱེན་ཞིང་ཐམས་ཅད་_88_,ཅད་མཁྱེན་ཞིང་ཐམས་ཅད་_88_,ཅད་མཁྱེན་ཞིང་ཐམས་ཅད་_88_,ཅད་མཁྱེན་ཞིང་ཐམས་ཅད་_88_,ཅད་མཁྱེན་ཞིང་ཐམས་ཅད་_88_,ཅད་_11_,ཅད་མཁྱེན་ཞིང་ཐམས་ཅད་_88_
[གཟིགས་_100_],གཟིགས་_100_,གཟིགས་_100_,གཟིགས་_100_,གཟིགས་_100_,གཟིགས་_100_,གཟིགས་_100_,གཟིགས་_100_,གཟིགས་_100_
[པ་_100_],པ་_100_,པ་_100_,པ་_100_,པ་_100_,པ་_100_,པ་_100_,པ་_100_,པ་_100_
[ལ་_100_],ལ་_100_,ལ་_100_,ལ་_100_,ལ་_100_,ལ་_100_,ལ་_100_,ལ་_100_,ལ་_100_
[སྐྱབས་_100_],སྐྱབས་_100_,སྐྱབས་_100_,སྐྱབས་_100_,སྐྱབས་_100_,སྐྱབས་_100_,སྐྱབས་_100_,སྐྱབས་_100_,སྐྱབས་_100_
[སུ་_100_],སུ་_100_,སུ་_100_,སུ་_100_,སུ་_100_,སུ་_100_,སུ་_100_,སུ་_100_,སུ་_100_
[མཆིའོ_100_],མཆིའོ_100_,མཆིའོ_100_,མཆིའོ_100_,མཆིའོ_100_,མཆིའོ_100_,མཆིའོ_100_,མཆིའོ_100_,མཆིའོ_100_
[། །​_100_],། །​_100_,། །​_100_,། །​_100_,། །​_100_,། །​_100_,། །​_100_,། །​_100_,། །​_100_
[དེ་_100_],དེ་_100_,དེ་_100_,དེ་_100_,དེ་_100_,དེ་_100_,དེ་_100_,དེ་_100_,དེ་_100_
[བཞིན་_100_],བཞིན་_100_,བཞིན་_100_,བཞིན་_100_,བཞིན་_100_,བཞིན་_100_,བཞིན་_100_,བཞིན་_100_,བཞིན་_100_
[དུ_100_],དུ_100_,དུ_100_,དུ_100_,དུ_100_,དུ_100_,དུ_100_,དུ_100_,དུ_100_
[། _100_],། _100_,། _100_,། _100_,། _100_,། _100_,། _100_,། _100_,། _100_
[འདོད་_100_],འདོད་_100_,འདོད་_100_,འདོད་_100_,འདོད་_100_,འདོད་_100_,འདོད་_100_,འདོད་_100_,འདོད་_100_
[ཆགས་_100_],ཆགས་_100_,ཆགས་_100_,ཆགས་_100_,ཆགས་_100_,ཆགས་_100_,ཆགས་_100_,ཆགས་_100_,ཆགས་_100_
[དང་_100_],དང་_100_,དང་_100_,དང་_100_,དང་_100_,དང་_100_,དང་_100_,དང་_100_,དང་_100_
[བྲལ་_100_],བྲལ་_100_,བྲལ་_100_,བྲལ་_100_,བྲལ་_100_,བྲལ་_100_,བྲལ་_100_,བྲལ་_100_,བྲལ་_100_
[བ་_88_],བ་_88_,བ་_88_,བ་_88_,བ་_88_,བ་_88_,བ་_88_,བ་_88_,པ་_11_
[རྣམས་_100_],རྣམས་_100_,རྣམས་_100_,རྣམས་_100_,རྣམས་_100_,རྣམས་_100_,རྣམས་_100_,རྣམས་_100_,རྣམས་_100_
[ཀྱི་_100_],ཀྱི་_100_,ཀྱི་_100_,ཀྱི་_100_,ཀྱི་_100_,ཀྱི་_100_,ཀྱི་_100_,ཀྱི་_100_,ཀྱི་_100_
[མཆོག་_100_],མཆོག་_100_,མཆོག་_100_,མཆོག་_100_,མཆོག་_100_,མཆོག་_100_,མཆོག་_100_,མཆོག་_100_,མཆོག་_100_
[ཆོས་_100_],ཆོས་_100_,ཆོས་_100_,ཆོས་_100_,ཆོས་_100_,ཆོས་_100_,ཆོས་_100_,ཆོས་_100_,ཆོས་_100_
[ལ་_100_],ལ་_100_,ལ་_100_,ལ་_100_,ལ་_100_,ལ་_100_,ལ་_100_,ལ་_100_,ལ་_100_
[སྐྱབས་_100_],སྐྱབས་_100_,སྐྱབས་_100_,སྐྱབས་_100_,སྐྱབས་_100_,སྐྱབས་_100_,སྐྱབས་_100_,སྐྱབས་_100_,སྐྱབས་_100_
[སུ་_100_],སུ་_100_,སུ་_100_,སུ་_100_,སུ་_100_,སུ་_100_,སུ་_100_,སུ་_100_,སུ་_100_
[མཆིའོ_100_],མཆིའོ_100_,མཆིའོ_100_,མཆིའོ_100_,མཆིའོ_100_,མཆིའོ_100_,མཆིའོ_100_,མཆིའོ_100_,མཆིའོ_100_
[། །​_100_],། །​_100_,། །​_100_,། །​_100_,། །​_100_,། །​_100_,། །​_100_,། །​_100_,། །​_100_
[ཚོགས་_100_],ཚོགས་_100_,ཚོགས་_100_,ཚོགས་_100_,ཚོགས་_100_,ཚོགས་_100_,ཚོགས་_100_,ཚོགས་_100_,ཚོགས་_100_
[རྣམས་_100_],རྣམས་_100_,རྣམས་_100_,རྣམས་_100_,རྣམས་_100_,རྣམས་_100_,རྣམས་_100_,རྣམས་_100_,རྣམས་_100_
[ཀྱི་_100_],ཀྱི་_100_,ཀྱི་_100_,ཀྱི་_100_,ཀྱི་_100_,ཀྱི་_100_,ཀྱི་_100_,ཀྱི་_100_,ཀྱི་_100_
[མཆོག་_100_],མཆོག་_100_,མཆོག་_100_,མཆོག་_100_,མཆོག་_100_,མཆོག་_100_,མཆོག་_100_,མཆོག་_100_,མཆོག་_100_
[དགེ་_100_],དགེ་_100_,དགེ་_100_,དགེ་_100_,དགེ་_100_,དགེ་_100_,དགེ་_100_,དགེ་_100_,དགེ་_100_
[འདུན་_100_],འདུན་_100_,འདུན་_100_,འདུན་_100_,འདུན་_100_,འདུན་_100_,འདུན་_100_,འདུན་_100_,འདུན་_100_
[ལ་_100_],ལ་_100_,ལ་_100_,ལ་_100_,ལ་_100_,ལ་_100_,ལ་_100_,ལ་_100_,ལ་_100_
[སྐྱབས་_100_],སྐྱབས་_100_,སྐྱབས་_100_,སྐྱབས་_100_,སྐྱབས་_100_,སྐྱབས་_100_,སྐྱབས་_100_,སྐྱབས་_100_,སྐྱབས་_100_
[སུ་_100_],སུ་_100_,སུ་_100_,སུ་_100_,སུ་_100_,སུ་_100_,སུ་_100_,སུ་_100_,སུ་_100_
[མཆིའོ_100_],མཆིའོ_100_,མཆིའོ_100_,མཆིའོ_100_,མཆིའོ_100_,མཆིའོ_100_,མཆིའོ_100_,མཆིའོ_100_,མཆིའོ_100_
[། །​_100_],། །​_100_,། །​_100_,། །​_100_,། །​_100_,། །​_100_,། །​_100_,། །​_100_,། །​_100_
[དེ་_100_],དེ་_100_,དེ་_100_,དེ་_100_,དེ་_100_,དེ་_100_,དེ་_100_,དེ་_100_,དེ་_100_
[ལྟར་_100_],ལྟར་_100_,ལྟར་_100_,ལྟར་_100_,ལྟར་_100_,ལྟར་_100_,ལྟར་_100_,ལྟར་_100_,ལྟར་_100_
[ལན་_100_],ལན་_100_,ལན་_100_,ལན་_100_,ལན་_100_,ལན་_100_,ལན་_100_,ལན་_100_,ལན་_100_
[གཉིས་_100_],གཉིས་_100_,གཉིས་_100_,གཉིས་_100_,གཉིས་_100_,གཉིས་_100_,གཉིས་_100_,གཉིས་_100_,གཉིས་_100_
[ལན་_100_],ལན་_100_,ལན་_100_,ལན་_100_,ལན་_100_,ལན་_100_,ལན་_100_,ལན་_100_,ལན་_100_
[གསུམ་_100_],གསུམ་_100_,གསུམ་_100_,གསུམ་_100_,གསུམ་_100_,གསུམ་_100_,གསུམ་_100_,གསུམ་_100_,གསུམ་_100_
[དུའོ་_100_],དུའོ་_100_,དུའོ་_100_,དུའོ་_100_,དུའོ་_100_,དུའོ་_100_,དུའོ་_100_,དུའོ་_100_,དུའོ་_100_
[ཞེས་_100_],ཞེས་_100_,ཞེས་_100_,ཞེས་_100_,ཞེས་_100_,ཞེས་_100_,ཞེས་_100_,ཞེས་_100_,ཞེས་_100_
[བསྐྱབས་_77_],བསྐྱབས་_77_,བསྐྱབས་_77_,བསྐྱབས་_77_,བསྐྱབས་_77_,བསྐྱབས་_77_,པ་སྐྱབས་_11_,བསྐྱབས་_77_,བ་སྐྱབས་_11_
[སུ་_100_],སུ་_100_,སུ་_100_,སུ་_100_,སུ་_100_,སུ་_100_,སུ་_100_,སུ་_100_,སུ་_100_
[འགྲོ་_100_],འགྲོ་_100_,འགྲོ་_100_,འགྲོ་_100_,འགྲོ་_100_,འགྲོ་_100_,འགྲོ་_100_,འགྲོ་_100_,འགྲོ་_100_
[བའི་_100_],བའི་_100_,བའི་_100_,བའི་_100_,བའི་_100_,བའི་_100_,བའི་_100_,བའི་_100_,བའི་_100_
[ཆོ་_100_],ཆོ་_100_,ཆོ་_100_,ཆོ་_100_,ཆོ་_100_,ཆོ་_100_,ཆོ་_100_,ཆོ་_100_,ཆོ་_100_
[གའོ_100_],གའོ_100_,གའོ_100_,གའོ_100_,གའོ_100_,གའོ_100_,གའོ_100_,གའོ_100_,གའོ_100_
[། །​_100_],། །​_100_,། །​_100_,། །​_100_,། །​_100_,། །​_100_,། །​_100_,། །​_100_,། །​_100_
[སློབ་_100_],སློབ་_100_,སློབ་_100_,སློབ་_100_,སློབ་_100_,སློབ་_100_,སློབ་_100_,སློབ་_100_,སློབ་_100_
[དཔོན་_100_],དཔོན་_100_,དཔོན་_100_,དཔོན་_100_,དཔོན་_100_,དཔོན་_100_,དཔོན་_100_,དཔོན་_100_,དཔོན་_100_
[དགོངས་_100_],དགོངས་_100_,དགོངས་_100_,དགོངས་_100_,དགོངས་_100_,དགོངས་_100_,དགོངས་_100_,དགོངས་_100_,དགོངས་_100_
[སུ་_100_],སུ་_100_,སུ་_100_,སུ་_100_,སུ་_100_,སུ་_100_,སུ་_100_,སུ་_100_,སུ་_100_
[གསོལ_100_],གསོལ_100_,གསོལ_100_,གསོལ_100_,གསོལ_100_,གསོལ_100_,གསོལ_100_,གསོལ_100_,གསོལ_100_
[། །​_88_],། །​_88_,། །​_88_,། །​_88_,། །​_88_,། །​_88_,། _11_,། །​_88_,། །​_88_
[བདག་_100_],བདག་_100_,བདག་_100_,བདག་_100_,བདག་_100_,བདག་_100_,བདག་_100_,བདག་_100_,བདག་_100_
[མིང་_100_],མིང་_100_,མིང་_100_,མིང་_100_,མིང་_100_,མིང་_100_,མིང་_100_,མིང་_100_,མིང་_100_
[འདི་_100_],འདི་_100_,འདི་_100_,འདི་_100_,འདི་_100_,འདི་_100_,འདི་_100_,འདི་_100_,འདི་_100_
[ཞེས་པ་གྱི་_77_],ཞེས་པ་གྱི་_77_,ཞེས་པ་གྱི་_77_,ཞེས་པ་གྱི་_77_,ཞེས་པ་གྱི་_77_,ཞེས་པ་གྱི་_77_,ཞེས་བགྱི་_22_,ཞེས་པ་གྱི་_77_,ཞེས་བགྱི་_22_
[བ་_100_],བ་_100_,བ་_100_,བ་_100_,བ་_100_,བ་_100_,བ་_100_,བ་_100_,བ་_100_
[དུས་_100_],དུས་_100_,དུས་_100_,དུས་_100_,དུས་_100_,དུས་_100_,དུས་_100_,དུས་_100_,དུས་_100_
[འདི་_100_],འདི་_100_,འདི་_100_,འདི་_100_,འདི་_100_,འདི་_100_,འདི་_100_,འདི་_100_,འདི་_100_
[ནས་_100_],ནས་_100_,ནས་_100_,ནས་_100_,ནས་_100_,ནས་_100_,ནས་_100_,ནས་_100_,ནས་_100_
[བཟུང་_100_],བཟུང་_100_,བཟུང་_100_,བཟུང་_100_,བཟུང་_100_,བཟུང་_100_,བཟུང་_100_,བཟུང་_100_,བཟུང་_100_
[སྟེ་_100_],སྟེ་_100_,སྟེ་_100_,སྟེ་_100_,སྟེ་_100_,སྟེ་_100_,སྟེ་_100_,སྟེ་_100_,སྟེ་_100_
[སང་_100_],སང་_100_,སང་_100_,སང་_100_,སང་_100_,སང་_100_,སང་_100_,སང་_100_,སང་_100_
[ཉི་_100_],ཉི་_100_,ཉི་_100_,ཉི་_100_,ཉི་_100_,ཉི་_100_,ཉི་_100_,ཉི་_100_,ཉི་_100_
[མ་_100_],མ་_100_,མ་_100_,མ་_100_,མ་_100_,མ་_100_,མ་_100_,མ་_100_,མ་_100_
[ཤར་_100_],ཤར་_100_,ཤར་_100_,ཤར་_100_,ཤར་_100_,ཤར་_100_,ཤར་_100_,ཤར་_100_,ཤར་_100_
[གྱི་_100_],གྱི་_100_,གྱི་_100_,གྱི་_100_,གྱི་_100_,གྱི་_100_,གྱི་_100_,གྱི་_100_,གྱི་_100_
[བར་_100_],བར་_100_,བར་_100_,བར་_100_,བར་_100_,བར་_100_,བར་_100_,བར་_100_,བར་_100_
[དུ་_100_],དུ་_100_,དུ་_100_,དུ་_100_,དུ་_100_,དུ་_100_,དུ་_100_,དུ་_100_,དུ་_100_
[སྲོག་_100_],སྲོག་_100_,སྲོག་_100_,སྲོག་_100_,སྲོག་_100_,སྲོག་_100_,སྲོག་_100_,སྲོག་_100_,སྲོག་_100_
[གཅོད་_100_],གཅོད་_100_,གཅོད་_100_,གཅོད་_100_,གཅོད་_100_,གཅོད་_100_,གཅོད་_100_,གཅོད་_100_,གཅོད་_100_
[པ་_100_],པ་_100_,པ་_100_,པ་_100_,པ་_100_,པ་_100_,པ་_100_,པ་_100_,པ་_100_
[ཐམས་_100_],ཐམས་_100_,ཐམས་_100_,ཐམས་_100_,ཐམས་_100_,ཐམས་_100_,ཐམས་_100_,ཐམས་_100_,ཐམས་_100_
[ཅད་_100_],ཅད་_100_,ཅད་_100_,ཅད་_100_,ཅད་_100_,ཅད་_100_,ཅད་_100_,ཅད་_100_,ཅད་_100_
[དང་_88_],དང་_88_,དང་_88_,དང་_88_,དང་_88_,དང་_88_,དང་།_11_,དང་_88_,དང་_88_
[གཞན་_100_],གཞན་_100_,གཞན་_100_,གཞན་_100_,གཞན་_100_,གཞན་_100_,གཞན་_100_,གཞན་_100_,གཞན་_100_
[གྱི་_100_],གྱི་_100_,གྱི་_100_,གྱི་_100_,གྱི་_100_,གྱི་_100_,གྱི་_100_,གྱི་_100_,གྱི་_100_
[ནོར་_100_],ནོར་_100_,ནོར་_100_,ནོར་_100_,ནོར་_100_,ནོར་_100_,ནོར་_100_,ནོར་_100_,ནོར་_100_
[འཕྲོག་_100_],འཕྲོག་_100_,འཕྲོག་_100_,འཕྲོག་_100_,འཕྲོག་_100_,འཕྲོག་_100_,འཕྲོག་_100_,འཕྲོག་_100_,འཕྲོག་_100_
[པ་_100_],པ་_100_,པ་_100_,པ་_100_,པ་_100_,པ་_100_,པ་_100_,པ་_100_,པ་_100_
[ཐམས་_100_],ཐམས་_100_,ཐམས་_100_,ཐམས་_100_,ཐམས་_100_,ཐམས་_100_,ཐམས་_100_,ཐམས་_100_,ཐམས་_100_
[ཅད་_100_],ཅད་_100_,ཅད་_100_,ཅད་_100_,ཅད་_100_,ཅད་_100_,ཅད་_100_,ཅད་_100_,ཅད་_100_
[དང་_100_],དང་_100_,དང་_100_,དང་_100_,དང་_100_,དང་_100_,དང་_100_,དང་_100_,དང་_100_
[། _100_],། _100_,། _100_,། _100_,། _100_,། _100_,། _100_,། _100_,། _100_
[མི་_100_],མི་_100_,མི་_100_,མི་_100_,མི་_100_,མི་_100_,མི་_100_,མི་_100_,མི་_100_
[ཚངས་_100_],ཚངས་_100_,ཚངས་_100_,ཚངས་_100_,ཚངས་_100_,ཚངས་_100_,ཚངས་_100_,ཚངས་_100_,ཚངས་_100_
[པར་_100_],པར་_100_,པར་_100_,པར་_100_,པར་_100_,པར་_100_,པར་_100_,པར་_100_,པར་_100_
[སྤྱོད་_100_],སྤྱོད་_100_,སྤྱོད་_100_,སྤྱོད་_100_,སྤྱོད་_100_,སྤྱོད་_100_,སྤྱོད་_100_,སྤྱོད་_100_,སྤྱོད་_100_
[པ་_100_],པ་_100_,པ་_100_,པ་_100_,པ་_100_,པ་_100_,པ་_100_,པ་_100_,པ་_100_
[དང་_100_],དང་_100_,དང་_100_,དང་_100_,དང་_100_,དང་_100_,དང་_100_,དང་_100_,དང་_100_
[། རྫུན་_44_],། རྫུན་_44_,། རྫུན་_44_,། རྫུན་_44_,"། {བརྫུན་,རྫུན་}_22_","། {བརྫུན་,རྫུན་}_22_",།བརྫུན་_11_,། བརྫུན་_22_,། བརྫུན་_22_
[དུ་_100_],དུ་_100_,དུ་_100_,དུ་_100_,དུ་_100_,དུ་_100_,དུ་_100_,དུ་_100_,དུ་_100_
[སྨྲ་_100_],སྨྲ་_100_,སྨྲ་_100_,སྨྲ་_100_,སྨྲ་_100_,སྨྲ་_100_,སྨྲ་_100_,སྨྲ་_100_,སྨྲ་_100_
[བ་_100_],བ་_100_,བ་_100_,བ་_100_,བ་_100_,བ་_100_,བ་_100_,བ་_100_,བ་_100_
[དང་_100_],དང་_100_,དང་_100_,དང་_100_,དང་_100_,དང་_100_,དང་_100_,དང་_100_,དང་_100_
[། _100_],། _100_,། _100_,། _100_,། _100_,། _100_,། _100_,། _100_,། _100_
[འབྲུའི་_100_],འབྲུའི་_100_,འབྲུའི་_100_,འབྲུའི་_100_,འབྲུའི་_100_,འབྲུའི་_100_,འབྲུའི་_100_,འབྲུའི་_100_,འབྲུའི་_100_
[ཆང་_100_],ཆང་_100_,ཆང་_100_,ཆང་_100_,ཆང་_100_,ཆང་_100_,ཆང་_100_,ཆང་_100_,ཆང་_100_
[དང་_100_],དང་_100_,དང་_100_,དང་_100_,དང་_100_,དང་_100_,དང་_100_,དང་_100_,དང་_100_
[། _100_],། _100_,། _100_,། _100_,། _100_,། _100_,། _100_,། _100_,། _100_
[བཅོས་_100_],བཅོས་_100_,བཅོས་_100_,བཅོས་_100_,བཅོས་_100_,བཅོས་_100_,བཅོས་_100_,བཅོས་_100_,བཅོས་_100_
[པའི་_100_],པའི་_100_,པའི་_100_,པའི་_100_,པའི་_100_,པའི་_100_,པའི་_100_,པའི་_100_,པའི་_100_
[ཆང་_100_],ཆང་_100_,ཆང་_100_,ཆང་_100_,ཆང་_100_,ཆང་_100_,ཆང་_100_,ཆང་_100_,ཆང་_100_
[དང་_100_],དང་_100_,དང་_100_,དང་_100_,དང་_100_,དང་_100_,དང་_100_,དང་_100_,དང་_100_
[། _100_],། _100_,། _100_,། _100_,། _100_,། _100_,། _100_,། _100_,། _100_
[མྱོས་_100_],མྱོས་_100_,མྱོས་_100_,མྱོས་_100_,མྱོས་_100_,མྱོས་_100_,མྱོས་_100_,མྱོས་_100_,མྱོས་_100_
[པར་_100_],པར་_100_,པར་_100_,པར་_100_,པར་_100_,པར་_100_,པར་_100_,པར་_100_,པར་_100_
[འགྱུར་_100_],འགྱུར་_100_,འགྱུར་_100_,འགྱུར་_100_,འགྱུར་_100_,འགྱུར་_100_,འགྱུར་_100_,འགྱུར་_100_,འགྱུར་_100_
[བ་_100_],བ་_100_,བ་_100_,བ་_100_,བ་_100_,བ་_100_,བ་_100_,བ་_100_,བ་_100_
[བག་_100_],བག་_100_,བག་_100_,བག་_100_,བག་_100_,བག་_100_,བག་_100_,བག་_100_,བག་_100_
[མེད་_100_],མེད་_100_,མེད་_100_,མེད་_100_,མེད་_100_,མེད་_100_,མེད་_100_,མེད་_100_,མེད་_100_
[པའི་_100_],པའི་_100_,པའི་_100_,པའི་_100_,པའི་_100_,པའི་_100_,པའི་_100_,པའི་_100_,པའི་_100_
[གནས་_100_],གནས་_100_,གནས་_100_,གནས་_100_,གནས་_100_,གནས་_100_,གནས་_100_,གནས་_100_,གནས་_100_
[དང་_100_],དང་_100_,དང་_100_,དང་_100_,དང་_100_,དང་_100_,དང་_100_,དང་_100_,དང་_100_
[། _100_],། _100_,། _100_,། _100_,། _100_,། _100_,། _100_,། _100_,། _100_
[དུས་_100_],དུས་_100_,དུས་_100_,དུས་_100_,དུས་_100_,དུས་_100_,དུས་_100_,དུས་_100_,དུས་_100_
[མ་_100_],མ་_100_,མ་_100_,མ་_100_,མ་_100_,མ་_100_,མ་_100_,མ་_100_,མ་_100_
[ཡིན་_100_],ཡིན་_100_,ཡིན་_100_,ཡིན་_100_,ཡིན་_100_,ཡིན་_100_,ཡིན་_100_,ཡིན་_100_,ཡིན་_100_
[པའི་_100_],པའི་_100_,པའི་_100_,པའི་_100_,པའི་_100_,པའི་_100_,པའི་_100_,པའི་_100_,པའི་_100_
[ཁ་_100_],ཁ་_100_,ཁ་_100_,ཁ་_100_,ཁ་_100_,ཁ་_100_,ཁ་_100_,ཁ་_100_,ཁ་_100_
[ཟས་_100_],ཟས་_100_,ཟས་_100_,ཟས་_100_,ཟས་_100_,ཟས་_100_,ཟས་_100_,ཟས་_100_,ཟས་_100_
[དང་_100_],དང་_100_,དང་_100_,དང་_100_,དང་_100_,དང་_100_,དང་_100_,དང་_100_,དང་_100_
[། _100_],། _100_,། _100_,། _100_,། _100_,། _100_,། _100_,། _100_,། _100_
[ཁྲི་_100_],ཁྲི་_100_,ཁྲི་_100_,ཁྲི་_100_,ཁྲི་_100_,ཁྲི་_100_,ཁྲི་_100_,ཁྲི་_100_,ཁྲི་_100_
[སྟན་_100_],སྟན་_100_,སྟན་_100_,སྟན་_100_,སྟན་_100_,སྟན་_100_,སྟན་_100_,སྟན་_100_,སྟན་_100_
[མཐོན་_100_],མཐོན་_100_,མཐོན་_100_,མཐོན་_100_,མཐོན་_100_,མཐོན་_100_,མཐོན་_100_,མཐོན་_100_,མཐོན་_100_
[པོ་_100_],པོ་_100_,པོ་_100_,པོ་_100_,པོ་_100_,པོ་_100_,པོ་_100_,པོ་_100_,པོ་_100_
[དང་_100_],དང་_100_,དང་_100_,དང་_100_,དང་_100_,དང་_100_,དང་_100_,དང་_100_,དང་_100_
[། _100_],། _100_,། _100_,། _100_,། _100_,། _100_,། _100_,། _100_,། _100_
[ཁྲི་_100_],ཁྲི་_100_,ཁྲི་_100_,ཁྲི་_100_,ཁྲི་_100_,ཁྲི་_100_,ཁྲི་_100_,ཁྲི་_100_,ཁྲི་_100_
[སྟན་_100_],སྟན་_100_,སྟན་_100_,སྟན་_100_,སྟན་_100_,སྟན་_100_,སྟན་_100_,སྟན་_100_,སྟན་_100_
[ཆེན་_100_],ཆེན་_100_,ཆེན་_100_,ཆེན་_100_,ཆེན་_100_,ཆེན་_100_,ཆེན་_100_,ཆེན་_100_,ཆེན་_100_
[པོ་_100_],པོ་_100_,པོ་_100_,པོ་_100_,པོ་_100_,པོ་_100_,པོ་_100_,པོ་_100_,པོ་_100_
[དང་_100_],དང་_100_,དང་_100_,དང་_100_,དང་_100_,དང་_100_,དང་_100_,དང་_100_,དང་_100_
[། _100_],། _100_,། _100_,། _100_,། _100_,། _100_,། _100_,། _100_,། _100_
[གླུ་_100_],གླུ་_100_,གླུ་_100_,གླུ་_100_,གླུ་_100_,གླུ་_100_,གླུ་_100_,གླུ་_100_,གླུ་_100_
[གར་_100_],གར་_100_,གར་_100_,གར་_100_,གར་_100_,གར་_100_,གར་_100_,གར་_100_,གར་_100_
[དང་_100_],དང་_100_,དང་_100_,དང་_100_,དང་_100_,དང་_100_,དང་_100_,དང་_100_,དང་_100_
[། _100_],། _100_,། _100_,། _100_,། _100_,། _100_,། _100_,། _100_,། _100_
[རོལ་_100_],རོལ་_100_,རོལ་_100_,རོལ་_100_,རོལ་_100_,རོལ་_100_,རོལ་_100_,རོལ་_100_,རོལ་_100_
[མོའི་_100_],མོའི་_100_,མོའི་_100_,མོའི་_100_,མོའི་_100_,མོའི་_100_,མོའི་_100_,མོའི་_100_,མོའི་_100_
[སྒྲ་_100_],སྒྲ་_100_,སྒྲ་_100_,སྒྲ་_100_,སྒྲ་_100_,སྒྲ་_100_,སྒྲ་_100_,སྒྲ་_100_,སྒྲ་_100_
[དང་_100_],དང་_100_,དང་_100_,དང་_100_,དང་_100_,དང་_100_,དང་_100_,དང་_100_,དང་_100_
[། _100_],། _100_,། _100_,། _100_,། _100_,། _100_,། _100_,། _100_,། _100_
[ཕྲེང་_100_],ཕྲེང་_100_,ཕྲེང་_100_,ཕྲེང་_100_,ཕྲེང་_100_,ཕྲེང་_100_,ཕྲེང་_100_,ཕྲེང་_100_,ཕྲེང་_100_
[བ་_100_],བ་_100_,བ་_100_,བ་_100_,བ་_100_,བ་_100_,བ་_100_,བ་_100_,བ་_100_
[དང་_100_],དང་_100_,དང་_100_,དང་_100_,དང་_100_,དང་_100_,དང་_100_,དང་_100_,དང་_100_
[། _100_],། _100_,། _100_,། _100_,། _100_,། _100_,། _100_,། _100_,། _100_
[སྤོས་_100_],སྤོས་_100_,སྤོས་_100_,སྤོས་_100_,སྤོས་_100_,སྤོས་_100_,སྤོས་_100_,སྤོས་_100_,སྤོས་_100_
[ཉུག་_100_],ཉུག་_100_,ཉུག་_100_,ཉུག་_100_,ཉུག་_100_,ཉུག་_100_,ཉུག་_100_,ཉུག་_100_,ཉུག་_100_
[པ་_100_],པ་_100_,པ་_100_,པ་_100_,པ་_100_,པ་_100_,པ་_100_,པ་_100_,པ་_100_
[དང་_100_],དང་_100_,དང་_100_,དང་_100_,དང་_100_,དང་_100_,དང་_100_,དང་_100_,དང་_100_
[། _100_],། _100_,། _100_,། _100_,། _100_,། _100_,། _100_,། _100_,། _100_
[རྒྱན་_100_],རྒྱན་_100_,རྒྱན་_100_,རྒྱན་_100_,རྒྱན་_100_,རྒྱན་_100_,རྒྱན་_100_,རྒྱན་_100_,རྒྱན་_100_
[དང་_100_],དང་_100_,དང་_100_,དང་_100_,དང་_100_,དང་_100_,དང་_100_,དང་_100_,དང་_100_
[ཁ་_100_],ཁ་_100_,ཁ་_100_,ཁ་_100_,ཁ་_100_,ཁ་_100_,ཁ་_100_,ཁ་_100_,ཁ་_100_
[དོག་_100_],དོག་_100_,དོག་_100_,དོག་_100_,དོག་_100_,དོག་_100_,དོག་_100_,དོག་_100_,དོག་_100_
[འཆང་_100_],འཆང་_100_,འཆང་_100_,འཆང་_100_,འཆང་_100_,འཆང་_100_,འཆང་_100_,འཆང་_100_,འཆང་_100_
[པ་_66_],བ་_33_,པ་_66_,པ་_66_,པ་_66_,པ་_66_,བ་_33_,བ་_33_,པ་_66_
[ལས་_100_],ལས་_100_,ལས་_100_,ལས་_100_,ལས་_100_,ལས་_100_,ལས་_100_,ལས་_100_,ལས་_100_
[སླར་_100_],སླར་_100_,སླར་_100_,སླར་_100_,སླར་_100_,སླར་_100_,སླར་_100_,སླར་_100_,སླར་_100_
[ཟློག་_100_],ཟློག་_100_,ཟློག་_100_,ཟློག་_100_,ཟློག་_100_,ཟློག་_100_,ཟློག་_100_,ཟློག་_100_,ཟློག་_100_
[པར་_100_],པར་_100_,པར་_100_,པར་_100_,པར་_100_,པར་_100_,པར་_100_,པར་_100_,པར་_100_
[བགྱིའོ_100_],བགྱིའོ_100_,བགྱིའོ_100_,བགྱིའོ_100_,བགྱིའོ_100_,བགྱིའོ_100_,བགྱིའོ_100_,བགྱིའོ_100_,བགྱིའོ_100_
[། །​_100_],། །​_100_,། །​_100_,། །​_100_,། །​_100_,། །​_100_,། །​_100_,། །​_100_,། །​_100_
[འཕགས་_100_],འཕགས་_100_,འཕགས་_100_,འཕགས་_100_,འཕགས་_100_,འཕགས་_100_,འཕགས་_100_,འཕགས་_100_,འཕགས་_100_
[པ་_100_],པ་_100_,པ་_100_,པ་_100_,པ་_100_,པ་_100_,པ་_100_,པ་_100_,པ་_100_
[དགྲ་_100_],དགྲ་_100_,དགྲ་_100_,དགྲ་_100_,དགྲ་_100_,དགྲ་_100_,དགྲ་_100_,དགྲ་_100_,དགྲ་_100_
[བཅོམ་_100_],བཅོམ་_100_,བཅོམ་_100_,བཅོམ་_100_,བཅོམ་_100_,བཅོམ་_100_,བཅོམ་_100_,བཅོམ་_100_,བཅོམ་_100_
[པ་_100_],པ་_100_,པ་_100_,པ་_100_,པ་_100_,པ་_100_,པ་_100_,པ་_100_,པ་_100_
[རྣམས་_100_],རྣམས་_100_,རྣམས་_100_,རྣམས་_100_,རྣམས་_100_,རྣམས་_100_,རྣམས་_100_,རྣམས་_100_,རྣམས་_100_
[ཀྱི་_100_],ཀྱི་_100_,ཀྱི་_100_,ཀྱི་_100_,ཀྱི་_100_,ཀྱི་_100_,ཀྱི་_100_,ཀྱི་_100_,ཀྱི་_100_
[བསླབ་_100_],བསླབ་_100_,བསླབ་_100_,བསླབ་_100_,བསླབ་_100_,བསླབ་_100_,བསླབ་_100_,བསླབ་_100_,བསླབ་_100_
[པ་_100_],པ་_100_,པ་_100_,པ་_100_,པ་_100_,པ་_100_,པ་_100_,པ་_100_,པ་_100_
[ལ་_100_],ལ་_100_,ལ་_100_,ལ་_100_,ལ་_100_,ལ་_100_,ལ་_100_,ལ་_100_,ལ་_100_
[རྗེས་_100_],རྗེས་_100_,རྗེས་_100_,རྗེས་_100_,རྗེས་_100_,རྗེས་_100_,རྗེས་_100_,རྗེས་_100_,རྗེས་_100_
[སུ་_100_],སུ་_100_,སུ་_100_,སུ་_100_,སུ་_100_,སུ་_100_,སུ་_100_,སུ་_100_,སུ་_100_
[སློབ་_100_],སློབ་_100_,སློབ་_100_,སློབ་_100_,སློབ་_100_,སློབ་_100_,སློབ་_100_,སློབ་_100_,སློབ་_100_
[པོ_77_],བོ_22_,པོ_77_,པོ_77_,པོ_77_,པོ_77_,པོ_77_,པོ_77_,བོ_22_
[། །​_100_],། །​_100_,། །​_100_,། །​_100_,། །​_100_,། །​_100_,། །​_100_,། །​_100_,། །​_100_
[རྗེས་_100_],རྗེས་_100_,རྗེས་_100_,རྗེས་_100_,རྗེས་_100_,རྗེས་_100_,རྗེས་_100_,རྗེས་_100_,རྗེས་_100_
[སུ་_100_],སུ་_100_,སུ་_100_,སུ་_100_,སུ་_100_,སུ་_100_,སུ་_100_,སུ་_100_,སུ་_100_
[སྒྲུབ་_100_],སྒྲུབ་_100_,སྒྲུབ་_100_,སྒྲུབ་_100_,སྒྲུབ་_100_,སྒྲུབ་_100_,སྒྲུབ་_100_,སྒྲུབ་_100_,སྒྲུབ་_100_
[པོ། །​_77_],བོ། །​_11_,པོ། །​_77_,པོ། །​_77_,པོ། །​_77_,པོ། །​_77_,པོ། _11_,པོ། །​_77_,པོ། །​_77_
[སེམས་_100_],སེམས་_100_,སེམས་_100_,སེམས་_100_,སེམས་_100_,སེམས་_100_,སེམས་_100_,སེམས་_100_,སེམས་_100_
[ཀྱི་_100_],ཀྱི་_100_,ཀྱི་_100_,ཀྱི་_100_,ཀྱི་_100_,ཀྱི་_100_,ཀྱི་_100_,ཀྱི་_100_,ཀྱི་_100_
[རྒྱན་_100_],རྒྱན་_100_,རྒྱན་_100_,རྒྱན་_100_,རྒྱན་_100_,རྒྱན་_100_,རྒྱན་_100_,རྒྱན་_100_,རྒྱན་_100_
[གྱི་_100_],གྱི་_100_,གྱི་_100_,གྱི་_100_,གྱི་_100_,གྱི་_100_,གྱི་_100_,གྱི་_100_,གྱི་_100_
[ཕྱིར་_100_],ཕྱིར་_100_,ཕྱིར་_100_,ཕྱིར་_100_,ཕྱིར་_100_,ཕྱིར་_100_,ཕྱིར་_100_,ཕྱིར་_100_,ཕྱིར་_100_
[དང་_100_],དང་_100_,དང་_100_,དང་_100_,དང་_100_,དང་_100_,དང་_100_,དང་_100_,དང་_100_
[། _100_],། _100_,། _100_,། _100_,། _100_,། _100_,། _100_,། _100_,། _100_
[སེམས་_100_],སེམས་_100_,སེམས་_100_,སེམས་_100_,སེམས་_100_,སེམས་_100_,སེམས་_100_,སེམས་_100_,སེམས་_100_
[ཀྱི་_100_],ཀྱི་_100_,ཀྱི་_100_,ཀྱི་_100_,ཀྱི་_100_,ཀྱི་_100_,ཀྱི་_100_,ཀྱི་_100_,ཀྱི་_100_
[ཡོ་_100_],ཡོ་_100_,ཡོ་_100_,ཡོ་_100_,ཡོ་_100_,ཡོ་_100_,ཡོ་_100_,ཡོ་_100_,ཡོ་_100_
[བྱད་_100_],བྱད་_100_,བྱད་_100_,བྱད་_100_,བྱད་_100_,བྱད་_100_,བྱད་_100_,བྱད་_100_,བྱད་_100_
[ཀྱི་_100_],ཀྱི་_100_,ཀྱི་_100_,ཀྱི་_100_,ཀྱི་_100_,ཀྱི་_100_,ཀྱི་_100_,ཀྱི་_100_,ཀྱི་_100_
[ཕྱིར་_100_],ཕྱིར་_100_,ཕྱིར་_100_,ཕྱིར་_100_,ཕྱིར་_100_,ཕྱིར་_100_,ཕྱིར་_100_,ཕྱིར་_100_,ཕྱིར་_100_
[དང་_100_],དང་_100_,དང་_100_,དང་_100_,དང་_100_,དང་_100_,དང་_100_,དང་_100_,དང་_100_
[། _100_],། _100_,། _100_,། _100_,། _100_,། _100_,། _100_,། _100_,། _100_
[དོན་_100_],དོན་_100_,དོན་_100_,དོན་_100_,དོན་_100_,དོན་_100_,དོན་_100_,དོན་_100_,དོན་_100_
[གྱི་_100_],གྱི་_100_,གྱི་_100_,གྱི་_100_,གྱི་_100_,གྱི་_100_,གྱི་_100_,གྱི་_100_,གྱི་_100_
[མཆོག་_100_],མཆོག་_100_,མཆོག་_100_,མཆོག་_100_,མཆོག་_100_,མཆོག་_100_,མཆོག་_100_,མཆོག་_100_,མཆོག་_100_
[སངས་_100_],སངས་_100_,སངས་_100_,སངས་_100_,སངས་_100_,སངས་_100_,སངས་_100_,སངས་_100_,སངས་_100_
[རྒྱས་_100_],རྒྱས་_100_,རྒྱས་_100_,རྒྱས་_100_,རྒྱས་_100_,རྒྱས་_100_,རྒྱས་_100_,རྒྱས་_100_,རྒྱས་_100_
[ཉིད་_100_],ཉིད་_100_,ཉིད་_100_,ཉིད་_100_,ཉིད་_100_,ཉིད་_100_,ཉིད་_100_,ཉིད་_100_,ཉིད་_100_
[རབ་_100_],རབ་_100_,རབ་_100_,རབ་_100_,རབ་_100_,རབ་_100_,རབ་_100_,རབ་_100_,རབ་_100_
[ཏུ་_100_],ཏུ་_100_,ཏུ་_100_,ཏུ་_100_,ཏུ་_100_,ཏུ་_100_,ཏུ་_100_,ཏུ་_100_,ཏུ་_100_
[འགྲུབ་_100_],འགྲུབ་_100_,འགྲུབ་_100_,འགྲུབ་_100_,འགྲུབ་_100_,འགྲུབ་_100_,འགྲུབ་_100_,འགྲུབ་_100_,འགྲུབ་_100_
[པའི་_100_],པའི་_100_,པའི་_100_,པའི་_100_,པའི་_100_,པའི་_100_,པའི་_100_,པའི་_100_,པའི་_100_
[སླད་_100_],སླད་_100_,སླད་_100_,སླད་_100_,སླད་_100_,སླད་_100_,སླད་_100_,སླད་_100_,སླད་_100_
[དུ_100_],དུ_100_,དུ_100_,དུ_100_,དུ_100_,དུ_100_,དུ_100_,དུ_100_,དུ_100_
[། _88_],། _88_,། _88_,། _88_,། _88_,། _88_,།_11_,། _88_,། _88_
[བདག་_100_],བདག་_100_,བདག་_100_,བདག་_100_,བདག་_100_,བདག་_100_,བདག་_100_,བདག་_100_,བདག་_100_
[གསོ་_100_],གསོ་_100_,གསོ་_100_,གསོ་_100_,གསོ་_100_,གསོ་_100_,གསོ་_100_,གསོ་_100_,གསོ་_100_
[སྦྱོང་_100_],སྦྱོང་_100_,སྦྱོང་_100_,སྦྱོང་_100_,སྦྱོང་_100_,སྦྱོང་_100_,སྦྱོང་_100_,སྦྱོང་_100_,སྦྱོང་_100_
[ལ་_100_],ལ་_100_,ལ་_100_,ལ་_100_,ལ་_100_,ལ་_100_,ལ་_100_,ལ་_100_,ལ་_100_
[གནས་_100_],གནས་_100_,གནས་_100_,གནས་_100_,གནས་_100_,གནས་_100_,གནས་_100_,གནས་_100_,གནས་_100_
[པར་_100_],པར་_100_,པར་_100_,པར་_100_,པར་_100_,པར་_100_,པར་_100_,པར་_100_,པར་_100_
[སློབ་_100_],སློབ་_100_,སློབ་_100_,སློབ་_100_,སློབ་_100_,སློབ་_100_,སློབ་_100_,སློབ་_100_,སློབ་_100_
[དཔོན་_100_],དཔོན་_100_,དཔོན་_100_,དཔོན་_100_,དཔོན་_100_,དཔོན་_100_,དཔོན་_100_,དཔོན་_100_,དཔོན་_100_
[གྱིས་_100_],གྱིས་_100_,གྱིས་_100_,གྱིས་_100_,གྱིས་_100_,གྱིས་_100_,གྱིས་_100_,གྱིས་_100_,གྱིས་_100_
[གཟུང་_100_],གཟུང་_100_,གཟུང་_100_,གཟུང་_100_,གཟུང་_100_,གཟུང་_100_,གཟུང་_100_,གཟུང་_100_,གཟུང་_100_
[དུ་_100_],དུ་_100_,དུ་_100_,དུ་_100_,དུ་_100_,དུ་_100_,དུ་_100_,དུ་_100_,དུ་_100_
[གསོལ_100_],གསོལ_100_,གསོལ_100_,གསོལ_100_,གསོལ_100_,གསོལ_100_,གསོལ_100_,གསོལ_100_,གསོལ_100_
[། _100_],། _100_,། _100_,། _100_,། _100_,། _100_,། _100_,། _100_,། _100_
[དེ་_100_],དེ་_100_,དེ་_100_,དེ་_100_,དེ་_100_,དེ་_100_,དེ་_100_,དེ་_100_,དེ་_100_
[ལྟར་_100_],ལྟར་_100_,ལྟར་_100_,ལྟར་_100_,ལྟར་_100_,ལྟར་_100_,ལྟར་_100_,ལྟར་_100_,ལྟར་_100_
[ལན་_100_],ལན་_100_,ལན་_100_,ལན་_100_,ལན་_100_,ལན་_100_,ལན་_100_,ལན་_100_,ལན་_100_
[གཉིས་_100_],གཉིས་_100_,གཉིས་_100_,གཉིས་_100_,གཉིས་_100_,གཉིས་_100_,གཉིས་_100_,གཉིས་_100_,གཉིས་_100_
[ལན་_100_],ལན་_100_,ལན་_100_,ལན་_100_,ལན་_100_,ལན་_100_,ལན་_100_,ལན་_100_,ལན་_100_
[གསུམ་_100_],གསུམ་_100_,གསུམ་_100_,གསུམ་_100_,གསུམ་_100_,གསུམ་_100_,གསུམ་_100_,གསུམ་_100_,གསུམ་_100_
[དུའོ_100_],དུའོ_100_,དུའོ_100_,དུའོ_100_,དུའོ_100_,དུའོ_100_,དུའོ_100_,དུའོ_100_,དུའོ_100_
[། །​_100_],། །​_100_,། །​_100_,། །​_100_,། །​_100_,། །​_100_,། །​_100_,། །​_100_,། །​_100_
[བསྙེན་_100_],བསྙེན་_100_,བསྙེན་_100_,བསྙེན་_100_,བསྙེན་_100_,བསྙེན་_100_,བསྙེན་_100_,བསྙེན་_100_,བསྙེན་_100_
[གནས་_100_],གནས་_100_,གནས་_100_,གནས་_100_,གནས་_100_,གནས་_100_,གནས་_100_,གནས་_100_,གནས་_100_
[ཡན་_100_],ཡན་_100_,ཡན་_100_,ཡན་_100_,ཡན་_100_,ཡན་_100_,ཡན་_100_,ཡན་_100_,ཡན་_100_
[ལག་_100_],ལག་_100_,ལག་_100_,ལག་_100_,ལག་_100_,ལག་_100_,ལག་_100_,ལག་_100_,ལག་_100_
[བརྒྱད་_100_],བརྒྱད་_100_,བརྒྱད་_100_,བརྒྱད་_100_,བརྒྱད་_100_,བརྒྱད་_100_,བརྒྱད་_100_,བརྒྱད་_100_,བརྒྱད་_100_
[པ་_100_],པ་_100_,པ་_100_,པ་_100_,པ་_100_,པ་_100_,པ་_100_,པ་_100_,པ་_100_
[དང་_100_],དང་_100_,དང་_100_,དང་_100_,དང་_100_,དང་_100_,དང་_100_,དང་_100_,དང་_100_
[། _100_],། _100_,། _100_,། _100_,། _100_,། _100_,། _100_,། _100_,། _100_
[གསོ་_100_],གསོ་_100_,གསོ་_100_,གསོ་_100_,གསོ་_100_,གསོ་_100_,གསོ་_100_,གསོ་_100_,གསོ་_100_
[སྦྱོང་_100_],སྦྱོང་_100_,སྦྱོང་_100_,སྦྱོང་_100_,སྦྱོང་_100_,སྦྱོང་_100_,སྦྱོང་_100_,སྦྱོང་_100_,སྦྱོང་_100_
[གི་_100_],གི་_100_,གི་_100_,གི་_100_,གི་_100_,གི་_100_,གི་_100_,གི་_100_,གི་_100_
[སྡོམ་_100_],སྡོམ་_100_,སྡོམ་_100_,སྡོམ་_100_,སྡོམ་_100_,སྡོམ་_100_,སྡོམ་_100_,སྡོམ་_100_,སྡོམ་_100_
[པའི་_100_],པའི་_100_,པའི་_100_,པའི་_100_,པའི་_100_,པའི་_100_,པའི་_100_,པའི་_100_,པའི་_100_
[ཆོ་_100_],ཆོ་_100_,ཆོ་_100_,ཆོ་_100_,ཆོ་_100_,ཆོ་_100_,ཆོ་_100_,ཆོ་_100_,ཆོ་_100_
[གའོ_100_],གའོ_100_,གའོ_100_,གའོ_100_,གའོ_100_,གའོ_100_,གའོ_100_,གའོ_100_,གའོ_100_
[། །​_100_],། །​_100_,། །​_100_,། །​_100_,། །​_100_,། །​_100_,། །​_100_,། །​_100_,། །​_100_
[སློབ་_100_],སློབ་_100_,སློབ་_100_,སློབ་_100_,སློབ་_100_,སློབ་_100_,སློབ་_100_,སློབ་_100_,སློབ་_100_
[དཔོན་_100_],དཔོན་_100_,དཔོན་_100_,དཔོན་_100_,དཔོན་_100_,དཔོན་_100_,དཔོན་_100_,དཔོན་_100_,དཔོན་_100_
[དགོངས་_100_],དགོངས་_100_,དགོངས་_100_,དགོངས་_100_,དགོངས་_100_,དགོངས་_100_,དགོངས་_100_,དགོངས་_100_,དགོངས་_100_
[སུ་_100_],སུ་_100_,སུ་_100_,སུ་_100_,སུ་_100_,སུ་_100_,སུ་_100_,སུ་_100_,སུ་_100_
[གསོལ_100_],གསོལ_100_,གསོལ_100_,གསོལ_100_,གསོལ_100_,གསོལ_100_,གསོལ_100_,གསོལ_100_,གསོལ_100_
[། _100_],། _100_,། _100_,། _100_,། _100_,། _100_,། _100_,། _100_,། _100_
[བདག་_100_],བདག་_100_,བདག་_100_,བདག་_100_,བདག་_100_,བདག་_100_,བདག་_100_,བདག་_100_,བདག་_100_
[མིང་_100_],མིང་_100_,མིང་_100_,མིང་_100_,མིང་_100_,མིང་_100_,མིང་_100_,མིང་_100_,མིང་_100_
[འདི་_100_],འདི་_100_,འདི་_100_,འདི་_100_,འདི་_100_,འདི་_100_,འདི་_100_,འདི་_100_,འདི་_100_
[ཞེས་_100_],ཞེས་_100_,ཞེས་_100_,ཞེས་_100_,ཞེས་_100_,ཞེས་_100_,ཞེས་_100_,ཞེས་_100_,ཞེས་_100_
[བགྱི་_100_],བགྱི་_100_,བགྱི་_100_,བགྱི་_100_,བགྱི་_100_,བགྱི་_100_,བགྱི་_100_,བགྱི་_100_,བགྱི་_100_
[བ་_100_],བ་_100_,བ་_100_,བ་_100_,བ་_100_,བ་_100_,བ་_100_,བ་_100_,བ་_100_
[དུས་_100_],དུས་_100_,དུས་_100_,དུས་_100_,དུས་_100_,དུས་_100_,དུས་_100_,དུས་_100_,དུས་_100_
[འདི་_100_],འདི་_100_,འདི་_100_,འདི་_100_,འདི་_100_,འདི་_100_,འདི་_100_,འདི་_100_,འདི་_100_
[ནས་_100_],ནས་_100_,ནས་_100_,ནས་_100_,ནས་_100_,ནས་_100_,ནས་_100_,ནས་_100_,ནས་_100_
[བཟུང་_100_],བཟུང་_100_,བཟུང་_100_,བཟུང་_100_,བཟུང་_100_,བཟུང་_100_,བཟུང་_100_,བཟུང་_100_,བཟུང་_100_
[ནས་_100_],ནས་_100_,ནས་_100_,ནས་_100_,ནས་_100_,ནས་_100_,ནས་_100_,ནས་_100_,ནས་_100_
[ཇི་_100_],ཇི་_100_,ཇི་_100_,ཇི་_100_,ཇི་_100_,ཇི་_100_,ཇི་_100_,ཇི་_100_,ཇི་_100_
[སྲིད་_100_],སྲིད་_100_,སྲིད་_100_,སྲིད་_100_,སྲིད་_100_,སྲིད་_100_,སྲིད་_100_,སྲིད་_100_,སྲིད་_100_
[བྱང་_100_],བྱང་_100_,བྱང་_100_,བྱང་_100_,བྱང་_100_,བྱང་_100_,བྱང་_100_,བྱང་_100_,བྱང་_100_
[ཆུབ་_100_],ཆུབ་_100_,ཆུབ་_100_,ཆུབ་_100_,ཆུབ་_100_,ཆུབ་_100_,ཆུབ་_100_,ཆུབ་_100_,ཆུབ་_100_
[སྙིང་_100_],སྙིང་_100_,སྙིང་_100_,སྙིང་_100_,སྙིང་_100_,སྙིང་_100_,སྙིང་_100_,སྙིང་_100_,སྙིང་_100_
[པོ་_100_],པོ་_100_,པོ་_100_,པོ་_100_,པོ་_100_,པོ་_100_,པོ་_100_,པོ་_100_,པོ་_100_
[ལ་_100_],ལ་_100_,ལ་_100_,ལ་_100_,ལ་_100_,ལ་_100_,ལ་_100_,ལ་_100_,ལ་_100_
[མཆིས་_100_],མཆིས་_100_,མཆིས་_100_,མཆིས་_100_,མཆིས་_100_,མཆིས་_100_,མཆིས་_100_,མཆིས་_100_,མཆིས་_100_
[ཀྱི་_100_],ཀྱི་_100_,ཀྱི་_100_,ཀྱི་_100_,ཀྱི་_100_,ཀྱི་_100_,ཀྱི་_100_,ཀྱི་_100_,ཀྱི་_100_
[བར་_100_],བར་_100_,བར་_100_,བར་_100_,བར་_100_,བར་_100_,བར་_100_,བར་_100_,བར་_100_
[དུ_100_],དུ_100_,དུ_100_,དུ_100_,དུ_100_,དུ_100_,དུ_100_,དུ_100_,དུ_100_
[། _88_],། _88_,། _88_,། _88_,། _88_,། _88_,།_11_,། _88_,། _88_
[སྲོག་_100_],སྲོག་_100_,སྲོག་_100_,སྲོག་_100_,སྲོག་_100_,སྲོག་_100_,སྲོག་_100_,སྲོག་_100_,སྲོག་_100_
[གཅོད་_100_],གཅོད་_100_,གཅོད་_100_,གཅོད་_100_,གཅོད་_100_,གཅོད་_100_,གཅོད་_100_,གཅོད་_100_,གཅོད་_100_
[པ་_100_],པ་_100_,པ་_100_,པ་_100_,པ་_100_,པ་_100_,པ་_100_,པ་_100_,པ་_100_
[སྤངས་_100_],སྤངས་_100_,སྤངས་_100_,སྤངས་_100_,སྤངས་_100_,སྤངས་_100_,སྤངས་_100_,སྤངས་_100_,སྤངས་_100_
[ཏེ་_100_],ཏེ་_100_,ཏེ་_100_,ཏེ་_100_,ཏེ་_100_,ཏེ་_100_,ཏེ་_100_,ཏེ་_100_,ཏེ་_100_
[སྲོག་_77_],སྲོག་_77_,སྲོག་_77_,སྲོག་_77_,སྲོག་_77_,སྲོག་_77_,སྲོག་_77_,སོག་_22_,སོག་_22_
[གཅོད་_100_],གཅོད་_100_,གཅོད་_100_,གཅོད་_100_,གཅོད་_100_,གཅོད་_100_,གཅོད་_100_,གཅོད་_100_,གཅོད་_100_
[པ་_88_],པ་_88_,པ་_88_,པ་_88_,པ་_88_,པ་_88_,པ་_88_,བ་_11_,པ་_88_
[ལས་_100_],ལས་_100_,ལས་_100_,ལས་_100_,ལས་_100_,ལས་_100_,ལས་_100_,ལས་_100_,ལས་_100_
[བཟློག་_100_],བཟློག་_100_,བཟློག་_100_,བཟློག་_100_,བཟློག་_100_,བཟློག་_100_,བཟློག་_100_,བཟློག་_100_,བཟློག་_100_
[པར་_100_],པར་_100_,པར་_100_,པར་_100_,པར་_100_,པར་_100_,པར་_100_,པར་_100_,པར་_100_
[བགྱིའོ_100_],བགྱིའོ_100_,བགྱིའོ_100_,བགྱིའོ_100_,བགྱིའོ_100_,བགྱིའོ_100_,བགྱིའོ_100_,བགྱིའོ_100_,བགྱིའོ_100_
[། །​_100_],། །​_100_,། །​_100_,། །​_100_,། །​_100_,། །​_100_,། །​_100_,། །​_100_,། །​_100_
[དེ་_100_],དེ་_100_,དེ་_100_,དེ་_100_,དེ་_100_,དེ་_100_,དེ་_100_,དེ་_100_,དེ་_100_
[བཞིན་_100_],བཞིན་_100_,བཞིན་_100_,བཞིན་_100_,བཞིན་_100_,བཞིན་_100_,བཞིན་_100_,བཞིན་_100_,བཞིན་_100_
[དུ_100_],དུ_100_,དུ_100_,དུ_100_,དུ_100_,དུ_100_,དུ_100_,དུ_100_,དུ_100_
[། _88_],། _88_,། _88_,། _88_,། _88_,། _88_,།_11_,། _88_,། _88_
[མ་_100_],མ་_100_,མ་_100_,མ་_100_,མ་_100_,མ་_100_,མ་_100_,མ་_100_,མ་_100_
[བྱིན་_100_],བྱིན་_100_,བྱིན་_100_,བྱིན་_100_,བྱིན་_100_,བྱིན་_100_,བྱིན་_100_,བྱིན་_100_,བྱིན་_100_
[པར་_100_],པར་_100_,པར་_100_,པར་_100_,པར་_100_,པར་_100_,པར་_100_,པར་_100_,པར་_100_
[ལེན་_100_],ལེན་_100_,ལེན་_100_,ལེན་_100_,ལེན་_100_,ལེན་_100_,ལེན་_100_,ལེན་_100_,ལེན་_100_
[པ་_100_],པ་_100_,པ་_100_,པ་_100_,པ་_100_,པ་_100_,པ་_100_,པ་_100_,པ་_100_
[དང་_100_],དང་_100_,དང་_100_,དང་_100_,དང་_100_,དང་_100_,དང་_100_,དང་_100_,དང་_100_
[། _100_],། _100_,། _100_,། _100_,། _100_,། _100_,། _100_,། _100_,། _100_
[འདོད་_100_],འདོད་_100_,འདོད་_100_,འདོད་_100_,འདོད་_100_,འདོད་_100_,འདོད་_100_,འདོད་_100_,འདོད་_100_
[པས་_100_],པས་_100_,པས་_100_,པས་_100_,པས་_100_,པས་_100_,པས་_100_,པས་_100_,པས་_100_
[ལོག་_100_],ལོག་_100_,ལོག་_100_,ལོག་_100_,ལོག་_100_,ལོག་_100_,ལོག་_100_,ལོག་_100_,ལོག་_100_
[པར་_100_],པར་_100_,པར་_100_,པར་_100_,པར་_100_,པར་_100_,པར་_100_,པར་_100_,པར་_100_
[གཡེམ་_100_],གཡེམ་_100_,གཡེམ་_100_,གཡེམ་_100_,གཡེམ་_100_,གཡེམ་_100_,གཡེམ་_100_,གཡེམ་_100_,གཡེམ་_100_
[པ་_100_],པ་_100_,པ་_100_,པ་_100_,པ་_100_,པ་_100_,པ་_100_,པ་_100_,པ་_100_
[དང་_100_],དང་_100_,དང་_100_,དང་_100_,དང་_100_,དང་_100_,དང་_100_,དང་_100_,དང་_100_
[། རྫུན་_44_],། རྫུན་_44_,། རྫུན་_44_,། རྫུན་_44_,"། {བརྫུན་,རྫུན་}_22_","། {བརྫུན་,རྫུན་}_22_",། བརྫུན་_33_,། བརྫུན་_33_,། བརྫུན་_33_
[དུ་_100_],དུ་_100_,དུ་_100_,དུ་_100_,དུ་_100_,དུ་_100_,དུ་_100_,དུ་_100_,དུ་_100_
[སྨྲ་_100_],སྨྲ་_100_,སྨྲ་_100_,སྨྲ་_100_,སྨྲ་_100_,སྨྲ་_100_,སྨྲ་_100_,སྨྲ་_100_,སྨྲ་_100_
[བ་_100_],བ་_100_,བ་_100_,བ་_100_,བ་_100_,བ་_100_,བ་_100_,བ་_100_,བ་_100_
[དང་_100_],དང་_100_,དང་_100_,དང་_100_,དང་_100_,དང་_100_,དང་_100_,དང་_100_,དང་_100_
[། _100_],། _100_,། _100_,། _100_,། _100_,། _100_,། _100_,། _100_,། _100_
[ཕྲ་_100_],ཕྲ་_100_,ཕྲ་_100_,ཕྲ་_100_,ཕྲ་_100_,ཕྲ་_100_,ཕྲ་_100_,ཕྲ་_100_,ཕྲ་_100_
[མ་_100_],མ་_100_,མ་_100_,མ་_100_,མ་_100_,མ་_100_,མ་_100_,མ་_100_,མ་_100_
[དང་_100_],དང་_100_,དང་_100_,དང་_100_,དང་_100_,དང་_100_,དང་_100_,དང་_100_,དང་_100_
[། _100_],། _100_,། _100_,། _100_,། _100_,། _100_,། _100_,། _100_,། _100_
[ཚིག་_100_],ཚིག་_100_,ཚིག་_100_,ཚིག་_100_,ཚིག་_100_,ཚིག་_100_,ཚིག་_100_,ཚིག་_100_,ཚིག་_100_
[རྩུབ་_100_],རྩུབ་_100_,རྩུབ་_100_,རྩུབ་_100_,རྩུབ་_100_,རྩུབ་_100_,རྩུབ་_100_,རྩུབ་_100_,རྩུབ་_100_
[མོ་_100_],མོ་_100_,མོ་_100_,མོ་_100_,མོ་_100_,མོ་_100_,མོ་_100_,མོ་_100_,མོ་_100_
[དང་_100_],དང་_100_,དང་_100_,དང་_100_,དང་_100_,དང་_100_,དང་_100_,དང་_100_,དང་_100_
[། _100_],། _100_,། _100_,། _100_,། _100_,། _100_,། _100_,། _100_,། _100_
[ངག་_100_],ངག་_100_,ངག་_100_,ངག་_100_,ངག་_100_,ངག་_100_,ངག་_100_,ངག་_100_,ངག་_100_
[འཁྱལ་_100_],འཁྱལ་_100_,འཁྱལ་_100_,འཁྱལ་_100_,འཁྱལ་_100_,འཁྱལ་_100_,འཁྱལ་_100_,འཁྱལ་_100_,འཁྱལ་_100_
[བ་_100_],བ་_100_,བ་_100_,བ་_100_,བ་_100_,བ་_100_,བ་_100_,བ་_100_,བ་_100_
[དང་_100_],དང་_100_,དང་_100_,དང་_100_,དང་_100_,དང་_100_,དང་_100_,དང་_100_,དང་_100_
[། _100_],། _100_,། _100_,། _100_,། _100_,། _100_,། _100_,། _100_,། _100_
[བརྣབ་_100_],བརྣབ་_100_,བརྣབ་_100_,བརྣབ་_100_,བརྣབ་_100_,བརྣབ་_100_,བརྣབ་_100_,བརྣབ་_100_,བརྣབ་_100_
[སེམས་_100_],སེམས་_100_,སེམས་_100_,སེམས་_100_,སེམས་_100_,སེམས་_100_,སེམས་_100_,སེམས་_100_,སེམས་_100_
[དང་_100_],དང་_100_,དང་_100_,དང་_100_,དང་_100_,དང་_100_,དང་_100_,དང་_100_,དང་_100_
[། _100_],། _100_,། _100_,། _100_,། _100_,། _100_,། _100_,། _100_,། _100_
[གནོད་_100_],གནོད་_100_,གནོད་_100_,གནོད་_100_,གནོད་_100_,གནོད་_100_,གནོད་_100_,གནོད་_100_,གནོད་_100_
[སེམས་_100_],སེམས་_100_,སེམས་_100_,སེམས་_100_,སེམས་_100_,སེམས་_100_,སེམས་_100_,སེམས་_100_,སེམས་_100_
[དང་_100_],དང་_100_,དང་_100_,དང་_100_,དང་_100_,དང་_100_,དང་_100_,དང་_100_,དང་_100_
[། _100_],། _100_,། _100_,། _100_,། _100_,། _100_,། _100_,། _100_,། _100_
[ལོག་_100_],ལོག་_100_,ལོག་_100_,ལོག་_100_,ལོག་_100_,ལོག་_100_,ལོག་_100_,ལོག་_100_,ལོག་_100_
[པར་_100_],པར་_100_,པར་_100_,པར་_100_,པར་_100_,པར་_100_,པར་_100_,པར་_100_,པར་_100_
[ལྟ་_100_],ལྟ་_100_,ལྟ་_100_,ལྟ་_100_,ལྟ་_100_,ལྟ་_100_,ལྟ་_100_,ལྟ་_100_,ལྟ་_100_
[བ་_100_],བ་_100_,བ་_100_,བ་_100_,བ་_100_,བ་_100_,བ་_100_,བ་_100_,བ་_100_
[ལས་_100_],ལས་_100_,ལས་_100_,ལས་_100_,ལས་_100_,ལས་_100_,ལས་_100_,ལས་_100_,ལས་_100_
[བཟློག་_100_],བཟློག་_100_,བཟློག་_100_,བཟློག་_100_,བཟློག་_100_,བཟློག་_100_,བཟློག་_100_,བཟློག་_100_,བཟློག་_100_
[པར་_100_],པར་_100_,པར་_100_,པར་_100_,པར་_100_,པར་_100_,པར་_100_,པར་_100_,པར་_100_
[བགྱིའོ_100_],བགྱིའོ_100_,བགྱིའོ_100_,བགྱིའོ_100_,བགྱིའོ_100_,བགྱིའོ_100_,བགྱིའོ_100_,བགྱིའོ_100_,བགྱིའོ_100_
[། །​_100_],། །​_100_,། །​_100_,། །​_100_,། །​_100_,། །​_100_,། །​_100_,། །​_100_,། །​_100_
[དེ་_100_],དེ་_100_,དེ་_100_,དེ་_100_,དེ་_100_,དེ་_100_,དེ་_100_,དེ་_100_,དེ་_100_
[ལྟར་_100_],ལྟར་_100_,ལྟར་_100_,ལྟར་_100_,ལྟར་_100_,ལྟར་_100_,ལྟར་_100_,ལྟར་_100_,ལྟར་_100_
[ལན་_100_],ལན་_100_,ལན་_100_,ལན་_100_,ལན་_100_,ལན་_100_,ལན་_100_,ལན་_100_,ལན་_100_
[གཉིས་_100_],གཉིས་_100_,གཉིས་_100_,གཉིས་_100_,གཉིས་_100_,གཉིས་_100_,གཉིས་_100_,གཉིས་_100_,གཉིས་_100_
[ལན་_100_],ལན་_100_,ལན་_100_,ལན་_100_,ལན་_100_,ལན་_100_,ལན་_100_,ལན་_100_,ལན་_100_
[གསུམ་_100_],གསུམ་_100_,གསུམ་_100_,གསུམ་_100_,གསུམ་_100_,གསུམ་_100_,གསུམ་_100_,གསུམ་_100_,གསུམ་_100_
[དུའོ་_100_],དུའོ་_100_,དུའོ་_100_,དུའོ་_100_,དུའོ་_100_,དུའོ་_100_,དུའོ་_100_,དུའོ་_100_,དུའོ་_100_
[ཞེས་_100_],ཞེས་_100_,ཞེས་_100_,ཞེས་_100_,ཞེས་_100_,ཞེས་_100_,ཞེས་_100_,ཞེས་_100_,ཞེས་_100_
[པ་_100_],པ་_100_,པ་_100_,པ་_100_,པ་_100_,པ་_100_,པ་_100_,པ་_100_,པ་_100_
[བསླབ་_100_],བསླབ་_100_,བསླབ་_100_,བསླབ་_100_,བསླབ་_100_,བསླབ་_100_,བསླབ་_100_,བསླབ་_100_,བསླབ་_100_
[པ་_100_],པ་_100_,པ་_100_,པ་_100_,པ་_100_,པ་_100_,པ་_100_,པ་_100_,པ་_100_
[བཅུའི་_100_],བཅུའི་_100_,བཅུའི་_100_,བཅུའི་_100_,བཅུའི་_100_,བཅུའི་_100_,བཅུའི་_100_,བཅུའི་_100_,བཅུའི་_100_
[ཆོ་_100_],ཆོ་_100_,ཆོ་_100_,ཆོ་_100_,ཆོ་_100_,ཆོ་_100_,ཆོ་_100_,ཆོ་_100_,ཆོ་_100_
[ག་_88_],ག་_88_,ག་_88_,ག་_88_,ག་_88_,ག་_88_,ག་_88_,ག་_88_,ག ་_11_
[ཀླུ་_100_],ཀླུ་_100_,ཀླུ་_100_,ཀླུ་_100_,ཀླུ་_100_,ཀླུ་_100_,ཀླུ་_100_,ཀླུ་_100_,ཀླུ་_100_
[སྒྲུབ་_100_],སྒྲུབ་_100_,སྒྲུབ་_100_,སྒྲུབ་_100_,སྒྲུབ་_100_,སྒྲུབ་_100_,སྒྲུབ་_100_,སྒྲུབ་_100_,སྒྲུབ་_100_
[ཀྱི་_100_],ཀྱི་_100_,ཀྱི་_100_,ཀྱི་_100_,ཀྱི་_100_,ཀྱི་_100_,ཀྱི་_100_,ཀྱི་_100_,ཀྱི་_100_
[ཞལ་_100_],ཞལ་_100_,ཞལ་_100_,ཞལ་_100_,ཞལ་_100_,ཞལ་_100_,ཞལ་_100_,ཞལ་_100_,ཞལ་_100_
[སྔ་_100_],སྔ་_100_,སྔ་_100_,སྔ་_100_,སྔ་_100_,སྔ་_100_,སྔ་_100_,སྔ་_100_,སྔ་_100_
[ནས་_100_],ནས་_100_,ནས་_100_,ནས་_100_,ནས་_100_,ནས་_100_,ནས་_100_,ནས་_100_,ནས་_100_
[གསུངས་_100_],གསུངས་_100_,གསུངས་_100_,གསུངས་_100_,གསུངས་_100_,གསུངས་_100_,གསུངས་_100_,གསུངས་_100_,གསུངས་_100_
[པ་_100_],པ་_100_,པ་_100_,པ་_100_,པ་_100_,པ་_100_,པ་_100_,པ་_100_,པ་_100_
[རྩེ་ཐང་_88_],རྩ་ཐོང་_11_,རྩེ་ཐང་_88_,རྩེ་ཐང་_88_,རྩེ་ཐང་_88_,རྩེ་ཐང་_88_,རྩེ་ཐང་_88_,རྩེ་ཐང་_88_,རྩེ་ཐང་_88_
[ལོ་_100_],ལོ་_100_,ལོ་_100_,ལོ་_100_,ལོ་_100_,ལོ་_100_,ལོ་_100_,ལོ་_100_,ལོ་_100_
[ཙཱ་_100_],ཙཱ་_100_,ཙཱ་_100_,ཙཱ་_100_,ཙཱ་_100_,ཙཱ་_100_,ཙཱ་_100_,ཙཱ་_100_,ཙཱ་_100_
[བ་_100_],བ་_100_,བ་_100_,བ་_100_,བ་_100_,བ་_100_,བ་_100_,བ་_100_,བ་_100_
[གཞོན་_100_],གཞོན་_100_,གཞོན་_100_,གཞོན་_100_,གཞོན་_100_,གཞོན་_100_,གཞོན་_100_,གཞོན་_100_,གཞོན་_100_
[ནུའི་_100_],ནུའི་_100_,ནུའི་_100_,ནུའི་_100_,ནུའི་_100_,ནུའི་_100_,ནུའི་_100_,ནུའི་_100_,ནུའི་_100_
[ཞབས་_100_],ཞབས་_100_,ཞབས་_100_,ཞབས་_100_,ཞབས་_100_,ཞབས་_100_,ཞབས་_100_,ཞབས་_100_,ཞབས་_100_
[ཀྱི་_100_],ཀྱི་_100_,ཀྱི་_100_,ཀྱི་_100_,ཀྱི་_100_,ཀྱི་_100_,ཀྱི་_100_,ཀྱི་_100_,ཀྱི་_100_
[འགྱུར_100_],འགྱུར_100_,འགྱུར_100_,འགྱུར_100_,འགྱུར_100_,འགྱུར_100_,འགྱུར_100_,འགྱུར_100_,འགྱུར_100_
[།། །​།_100_],།། །​།_100_,།། །​།_100_,།། །​།_100_,།། །​།_100_,།། །​།_100_,།། །​།_100_,།། །​།_100_,།། །​།_100_
