[༄༅། །​བླ་ན་མེད་པའི་བསྟོད་པ།༄༅༅། །​_40_],༄༅། །​བླ་ན་མེད་པའི་བསྟོད་པ།༄༅༅། །​_40_,༄༅། །​བླ་ན་མེད་པའི་བསྟོད་པ།༄༅༅། །​_40_,༄༅། །​བླ་ན་མེད་པའི་བསྟོད་པ།༄༅༅། །​_40_,༅༅། །​_10_,༄༅༅། །​_40_,༄༅༅། །​_40_,༄༅༅། །​_40_,༄༅། །​_10_,༄༅༅། །​_40_
[རྒྱ་_100_],རྒྱ་_100_,རྒྱ་_100_,རྒྱ་_100_,རྒྱ་_100_,རྒྱ་_100_,རྒྱ་_100_,རྒྱ་_100_,རྒྱ་_100_,རྒྱ་_100_
[གར་_100_],གར་_100_,གར་_100_,གར་_100_,གར་_100_,གར་_100_,གར་_100_,གར་_100_,གར་_100_,གར་_100_
[སྐད་_100_],སྐད་_100_,སྐད་_100_,སྐད་_100_,སྐད་_100_,སྐད་_100_,སྐད་_100_,སྐད་_100_,སྐད་_100_,སྐད་_100_
[དུ_100_],དུ_100_,དུ_100_,དུ_100_,དུ_100_,དུ_100_,དུ_100_,དུ_100_,དུ_100_,དུ_100_
[། _100_],། _100_,། _100_,། _100_,། _100_,། _100_,། _100_,། _100_,། _100_,། _100_
[ནི་_100_],ནི་_100_,ནི་_100_,ནི་_100_,ནི་_100_,ནི་_100_,ནི་_100_,ནི་_100_,ནི་_100_,ནི་_100_
[རུཏྟ་_90_],རུཏྟ་_90_,རུཏྟ་_90_,རུཏྟ་_90_,རུཏྟ་_90_,རུཏྟ་_90_,རུཏྟ་_90_,རུཏྟ་_90_,རུཏྟཱ་_10_,རུཏྟ་_90_
[སྟ་_100_],སྟ་_100_,སྟ་_100_,སྟ་_100_,སྟ་_100_,སྟ་_100_,སྟ་_100_,སྟ་_100_,སྟ་_100_,སྟ་_100_
[བཾ། _80_],བཾ། _80_,བཾ། _80_,པ། _10_,བཾ། _80_,བཾ། _80_,བཾ། _80_,བཾ། _80_,བཾ །​ _10_,བཾ། _80_
[བོད་_100_],བོད་_100_,བོད་_100_,བོད་_100_,བོད་_100_,བོད་_100_,བོད་_100_,བོད་_100_,བོད་_100_,བོད་_100_
[སྐད་_100_],སྐད་_100_,སྐད་_100_,སྐད་_100_,སྐད་_100_,སྐད་_100_,སྐད་_100_,སྐད་_100_,སྐད་_100_,སྐད་_100_
[དུ_100_],དུ_100_,དུ_100_,དུ_100_,དུ_100_,དུ_100_,དུ_100_,དུ_100_,དུ_100_,དུ_100_
[། _100_],། _100_,། _100_,། _100_,། _100_,། _100_,། _100_,། _100_,། _100_,། _100_
[བླ་_100_],བླ་_100_,བླ་_100_,བླ་_100_,བླ་_100_,བླ་_100_,བླ་_100_,བླ་_100_,བླ་_100_,བླ་_100_
[ན་_100_],ན་_100_,ན་_100_,ན་_100_,ན་_100_,ན་_100_,ན་_100_,ན་_100_,ན་_100_,ན་_100_
[མེད་_100_],མེད་_100_,མེད་_100_,མེད་_100_,མེད་_100_,མེད་_100_,མེད་_100_,མེད་_100_,མེད་_100_,མེད་_100_
[པའི་_100_],པའི་_100_,པའི་_100_,པའི་_100_,པའི་_100_,པའི་_100_,པའི་_100_,པའི་_100_,པའི་_100_,པའི་_100_
[བསྟོད་_100_],བསྟོད་_100_,བསྟོད་_100_,བསྟོད་_100_,བསྟོད་_100_,བསྟོད་_100_,བསྟོད་_100_,བསྟོད་_100_,བསྟོད་_100_,བསྟོད་_100_
[པ_100_],པ_100_,པ_100_,པ_100_,པ_100_,པ_100_,པ_100_,པ_100_,པ_100_,པ_100_
[། _100_],། _100_,། _100_,། _100_,། _100_,། _100_,། _100_,། _100_,། _100_,། _100_
[འཇམ་_100_],འཇམ་_100_,འཇམ་_100_,འཇམ་_100_,འཇམ་_100_,འཇམ་_100_,འཇམ་_100_,འཇམ་_100_,འཇམ་_100_,འཇམ་_100_
[དཔལ་_100_],དཔལ་_100_,དཔལ་_100_,དཔལ་_100_,དཔལ་_100_,དཔལ་_100_,དཔལ་_100_,དཔལ་_100_,དཔལ་_100_,དཔལ་_100_
[གཞོན་_100_],གཞོན་_100_,གཞོན་_100_,གཞོན་_100_,གཞོན་_100_,གཞོན་_100_,གཞོན་_100_,གཞོན་_100_,གཞོན་_100_,གཞོན་_100_
[ནུར་_100_],ནུར་_100_,ནུར་_100_,ནུར་_100_,ནུར་_100_,ནུར་_100_,ནུར་_100_,ནུར་_100_,ནུར་_100_,ནུར་_100_
[གྱུར་_100_],གྱུར་_100_,གྱུར་_100_,གྱུར་_100_,གྱུར་_100_,གྱུར་_100_,གྱུར་_100_,གྱུར་_100_,གྱུར་_100_,གྱུར་_100_
[པ་_100_],པ་_100_,པ་_100_,པ་_100_,པ་_100_,པ་_100_,པ་_100_,པ་_100_,པ་_100_,པ་_100_
[ལ་_100_],ལ་_100_,ལ་_100_,ལ་_100_,ལ་_100_,ལ་_100_,ལ་_100_,ལ་_100_,ལ་_100_,ལ་_100_
[ཕྱག་_100_],ཕྱག་_100_,ཕྱག་_100_,ཕྱག་_100_,ཕྱག་_100_,ཕྱག་_100_,ཕྱག་_100_,ཕྱག་_100_,ཕྱག་_100_,ཕྱག་_100_
[འཚལ་_100_],འཚལ་_100_,འཚལ་_100_,འཚལ་_100_,འཚལ་_100_,འཚལ་_100_,འཚལ་_100_,འཚལ་_100_,འཚལ་_100_,འཚལ་_100_
[ལོ_100_],ལོ_100_,ལོ_100_,ལོ_100_,ལོ_100_,ལོ_100_,ལོ_100_,ལོ_100_,ལོ_100_,ལོ_100_
[། །​_100_],། །​_100_,། །​_100_,། །​_100_,། །​_100_,། །​_100_,། །​_100_,། །​_100_,། །​_100_,། །​_100_
[གང་_100_],གང་_100_,གང་_100_,གང་_100_,གང་_100_,གང་_100_,གང་_100_,གང་_100_,གང་_100_,གང་_100_
[གིས་_80_],གིས་_80_,གི་_20_,གི་_20_,གིས་_80_,གིས་_80_,གིས་_80_,གིས་_80_,གིས་_80_,གིས་_80_
[ཚུ་_100_],ཚུ་_100_,ཚུ་_100_,ཚུ་_100_,ཚུ་_100_,ཚུ་_100_,ཚུ་_100_,ཚུ་_100_,ཚུ་_100_,ཚུ་_100_
[རོལ་_100_],རོལ་_100_,རོལ་_100_,རོལ་_100_,རོལ་_100_,རོལ་_100_,རོལ་_100_,རོལ་_100_,རོལ་_100_,རོལ་_100_
[ཕ་_100_],ཕ་_100_,ཕ་_100_,ཕ་_100_,ཕ་_100_,ཕ་_100_,ཕ་_100_,ཕ་_100_,ཕ་_100_,ཕ་_100_
[རོལ་_100_],རོལ་_100_,རོལ་_100_,རོལ་_100_,རོལ་_100_,རོལ་_100_,རོལ་_100_,རོལ་_100_,རོལ་_100_,རོལ་_100_
[སྤངས_100_],སྤངས_100_,སྤངས_100_,སྤངས_100_,སྤངས_100_,སྤངས_100_,སྤངས_100_,སྤངས_100_,སྤངས_100_,སྤངས_100_
[། །​_100_],། །​_100_,། །​_100_,། །​_100_,། །​_100_,། །​_100_,། །​_100_,། །​_100_,། །​_100_,། །​_100_
[ཤེས་_100_],ཤེས་_100_,ཤེས་_100_,ཤེས་_100_,ཤེས་_100_,ཤེས་_100_,ཤེས་_100_,ཤེས་_100_,ཤེས་_100_,ཤེས་_100_
[བྱའི་_100_],བྱའི་_100_,བྱའི་_100_,བྱའི་_100_,བྱའི་_100_,བྱའི་_100_,བྱའི་_100_,བྱའི་_100_,བྱའི་_100_,བྱའི་_100_
[རང་_100_],རང་_100_,རང་_100_,རང་_100_,རང་_100_,རང་_100_,རང་_100_,རང་_100_,རང་_100_,རང་_100_
[གི་_100_],གི་_100_,གི་_100_,གི་_100_,གི་_100_,གི་_100_,གི་_100_,གི་_100_,གི་_100_,གི་_100_
[ངོ་_100_],ངོ་_100_,ངོ་_100_,ངོ་_100_,ངོ་_100_,ངོ་_100_,ངོ་_100_,ངོ་_100_,ངོ་_100_,ངོ་_100_
[བོ་_100_],བོ་_100_,བོ་_100_,བོ་_100_,བོ་_100_,བོ་_100_,བོ་_100_,བོ་_100_,བོ་_100_,བོ་_100_
[མཆོག _100_],མཆོག _100_,མཆོག _100_,མཆོག _100_,མཆོག _100_,མཆོག _100_,མཆོག _100_,མཆོག _100_,མཆོག _100_,མཆོག _100_
[།​_100_],།​_100_,།​_100_,།​_100_,།​_100_,།​_100_,།​_100_,།​_100_,།​_100_,།​_100_
[ཡེ་_100_],ཡེ་_100_,ཡེ་_100_,ཡེ་_100_,ཡེ་_100_,ཡེ་_100_,ཡེ་_100_,ཡེ་_100_,ཡེ་_100_,ཡེ་_100_
[ཤེས་_100_],ཤེས་_100_,ཤེས་_100_,ཤེས་_100_,ཤེས་_100_,ཤེས་_100_,ཤེས་_100_,ཤེས་_100_,ཤེས་_100_,ཤེས་_100_
[རྫུ་_100_],རྫུ་_100_,རྫུ་_100_,རྫུ་_100_,རྫུ་_100_,རྫུ་_100_,རྫུ་_100_,རྫུ་_100_,རྫུ་_100_,རྫུ་_100_
[འཕྲུལ་_100_],འཕྲུལ་_100_,འཕྲུལ་_100_,འཕྲུལ་_100_,འཕྲུལ་_100_,འཕྲུལ་_100_,འཕྲུལ་_100_,འཕྲུལ་_100_,འཕྲུལ་_100_,འཕྲུལ་_100_
[སྟོབས་_100_],སྟོབས་_100_,སྟོབས་_100_,སྟོབས་_100_,སྟོབས་_100_,སྟོབས་_100_,སྟོབས་_100_,སྟོབས་_100_,སྟོབས་_100_,སྟོབས་_100_
[ཀྱིས་_100_],ཀྱིས་_100_,ཀྱིས་_100_,ཀྱིས་_100_,ཀྱིས་_100_,ཀྱིས་_100_,ཀྱིས་_100_,ཀྱིས་_100_,ཀྱིས་_100_,ཀྱིས་_100_
[བསལ། །​_70_],བསལ། །​_70_,གསལ། །​_20_,གསལ། །​_20_,བསལ། །​_70_,བསལ། །​_70_,བསལ། །​_70_,བསལ། །​_70_,བསལ །​ །​_10_,བསལ། །​_70_
[བླ་_100_],བླ་_100_,བླ་_100_,བླ་_100_,བླ་_100_,བླ་_100_,བླ་_100_,བླ་_100_,བླ་_100_,བླ་_100_
[མེད་_100_],མེད་_100_,མེད་_100_,མེད་_100_,མེད་_100_,མེད་_100_,མེད་_100_,མེད་_100_,མེད་_100_,མེད་_100_
[དེ་_100_],དེ་_100_,དེ་_100_,དེ་_100_,དེ་_100_,དེ་_100_,དེ་_100_,དེ་_100_,དེ་_100_,དེ་_100_
[ལ་_100_],ལ་_100_,ལ་_100_,ལ་_100_,ལ་_100_,ལ་_100_,ལ་_100_,ལ་_100_,ལ་_100_,ལ་_100_
[ཕྱག་_100_],ཕྱག་_100_,ཕྱག་_100_,ཕྱག་_100_,ཕྱག་_100_,ཕྱག་_100_,ཕྱག་_100_,ཕྱག་_100_,ཕྱག་_100_,ཕྱག་_100_
[འཚལ་_100_],འཚལ་_100_,འཚལ་_100_,འཚལ་_100_,འཚལ་_100_,འཚལ་_100_,འཚལ་_100_,འཚལ་_100_,འཚལ་_100_,འཚལ་_100_
[བསྟོད_100_],བསྟོད_100_,བསྟོད_100_,བསྟོད_100_,བསྟོད_100_,བསྟོད_100_,བསྟོད_100_,བསྟོད_100_,བསྟོད_100_,བསྟོད_100_
[། །​_100_],། །​_100_,། །​_100_,། །​_100_,། །​_100_,། །​_100_,། །​_100_,། །​_100_,། །​_100_,། །​_100_
[གང་_100_],གང་_100_,གང་_100_,གང་_100_,གང་_100_,གང་_100_,གང་_100_,གང་_100_,གང་_100_,གང་_100_
[ལ་_100_],ལ་_100_,ལ་_100_,ལ་_100_,ལ་_100_,ལ་_100_,ལ་_100_,ལ་_100_,ལ་_100_,ལ་_100_
[མཁྱེན་_100_],མཁྱེན་_100_,མཁྱེན་_100_,མཁྱེན་_100_,མཁྱེན་_100_,མཁྱེན་_100_,མཁྱེན་_100_,མཁྱེན་_100_,མཁྱེན་_100_,མཁྱེན་_100_
[དང་_100_],དང་_100_,དང་_100_,དང་_100_,དང་_100_,དང་_100_,དང་_100_,དང་_100_,དང་_100_,དང་_100_
[མི་_100_],མི་_100_,མི་_100_,མི་_100_,མི་_100_,མི་_100_,མི་_100_,མི་_100_,མི་_100_,མི་_100_
[མཁྱེན་_100_],མཁྱེན་_100_,མཁྱེན་_100_,མཁྱེན་_100_,མཁྱེན་_100_,མཁྱེན་_100_,མཁྱེན་_100_,མཁྱེན་_100_,མཁྱེན་_100_,མཁྱེན་_100_
[མེད_100_],མེད_100_,མེད_100_,མེད_100_,མེད_100_,མེད_100_,མེད_100_,མེད_100_,མེད_100_,མེད_100_
[། །​_90_],། །​_90_,། །​_90_,། །​_90_,། །​_90_,། །​_90_,། །​_90_,། །​_90_,། །​ །​_10_,། །​_90_
[རྣལ་_100_],རྣལ་_100_,རྣལ་_100_,རྣལ་_100_,རྣལ་_100_,རྣལ་_100_,རྣལ་_100_,རྣལ་_100_,རྣལ་_100_,རྣལ་_100_
[འབྱོར་_100_],འབྱོར་_100_,འབྱོར་_100_,འབྱོར་_100_,འབྱོར་_100_,འབྱོར་_100_,འབྱོར་_100_,འབྱོར་_100_,འབྱོར་_100_,འབྱོར་_100_
[པ་_100_],པ་_100_,པ་_100_,པ་_100_,པ་_100_,པ་_100_,པ་_100_,པ་_100_,པ་_100_,པ་_100_
[དང་_100_],དང་_100_,དང་_100_,དང་_100_,དང་_100_,དང་_100_,དང་_100_,དང་_100_,དང་_100_,དང་_100_
[ཐ་_100_],ཐ་_100_,ཐ་_100_,ཐ་_100_,ཐ་_100_,ཐ་_100_,ཐ་_100_,ཐ་_100_,ཐ་_100_,ཐ་_100_
[མལ་_100_],མལ་_100_,མལ་_100_,མལ་_100_,མལ་_100_,མལ་_100_,མལ་_100_,མལ་_100_,མལ་_100_,མལ་_100_
[དང་_100_],དང་_100_,དང་_100_,དང་_100_,དང་_100_,དང་_100_,དང་_100_,དང་_100_,དང་_100_,དང་_100_
[། །​_100_],། །​_100_,། །​_100_,། །​_100_,། །​_100_,། །​_100_,། །​_100_,། །​_100_,། །​_100_,། །​_100_
[གང་_100_],གང་_100_,གང་_100_,གང་_100_,གང་_100_,གང་_100_,གང་_100_,གང་_100_,གང་_100_,གང་_100_
[ལ་_100_],ལ་_100_,ལ་_100_,ལ་_100_,ལ་_100_,ལ་_100_,ལ་_100_,ལ་_100_,ལ་_100_,ལ་_100_
[བསྒོམ་_100_],བསྒོམ་_100_,བསྒོམ་_100_,བསྒོམ་_100_,བསྒོམ་_100_,བསྒོམ་_100_,བསྒོམ་_100_,བསྒོམ་_100_,བསྒོམ་_100_,བསྒོམ་_100_
[དང་_100_],དང་_100_,དང་_100_,དང་_100_,དང་_100_,དང་_100_,དང་_100_,དང་_100_,དང་_100_,དང་_100_
[མི་_100_],མི་_100_,མི་_100_,མི་_100_,མི་_100_,མི་_100_,མི་_100_,མི་_100_,མི་_100_,མི་_100_
[བསྒོམ་_100_],བསྒོམ་_100_,བསྒོམ་_100_,བསྒོམ་_100_,བསྒོམ་_100_,བསྒོམ་_100_,བསྒོམ་_100_,བསྒོམ་_100_,བསྒོམ་_100_,བསྒོམ་_100_
[མེད_100_],མེད_100_,མེད_100_,མེད_100_,མེད_100_,མེད_100_,མེད_100_,མེད_100_,མེད_100_,མེད_100_
[། །​_90_],། །​_90_,། །​_90_,། །​_90_,། །​_90_,། །​_90_,། །​_90_,། །​_90_,། །​ _10_,། །​_90_
[བླ་_100_],བླ་_100_,བླ་_100_,བླ་_100_,བླ་_100_,བླ་_100_,བླ་_100_,བླ་_100_,བླ་_100_,བླ་_100_
[མེད་_100_],མེད་_100_,མེད་_100_,མེད་_100_,མེད་_100_,མེད་_100_,མེད་_100_,མེད་_100_,མེད་_100_,མེད་_100_
[དེ་_100_],དེ་_100_,དེ་_100_,དེ་_100_,དེ་_100_,དེ་_100_,དེ་_100_,དེ་_100_,དེ་_100_,དེ་_100_
[ལ་_100_],ལ་_100_,ལ་_100_,ལ་_100_,ལ་_100_,ལ་_100_,ལ་_100_,ལ་_100_,ལ་_100_,ལ་_100_
[ཕྱག་_100_],ཕྱག་_100_,ཕྱག་_100_,ཕྱག་_100_,ཕྱག་_100_,ཕྱག་_100_,ཕྱག་_100_,ཕྱག་_100_,ཕྱག་_100_,ཕྱག་_100_
[འཚལ་_100_],འཚལ་_100_,འཚལ་_100_,འཚལ་_100_,འཚལ་_100_,འཚལ་_100_,འཚལ་_100_,འཚལ་_100_,འཚལ་_100_,འཚལ་_100_
[ལོ_100_],ལོ_100_,ལོ_100_,ལོ_100_,ལོ_100_,ལོ_100_,ལོ_100_,ལོ_100_,ལོ_100_,ལོ_100_
[། །​_100_],། །​_100_,། །​_100_,། །​_100_,། །​_100_,། །​_100_,། །​_100_,། །​_100_,། །​_100_,། །​_100_
[གང་_100_],གང་_100_,གང་_100_,གང་_100_,གང་_100_,གང་_100_,གང་_100_,གང་_100_,གང་_100_,གང་_100_
[ཞིག་_100_],ཞིག་_100_,ཞིག་_100_,ཞིག་_100_,ཞིག་_100_,ཞིག་_100_,ཞིག་_100_,ཞིག་_100_,ཞིག་_100_,ཞིག་_100_
[གཅིག་_100_],གཅིག་_100_,གཅིག་_100_,གཅིག་_100_,གཅིག་_100_,གཅིག་_100_,གཅིག་_100_,གཅིག་_100_,གཅིག་_100_,གཅིག་_100_
[པུ་_100_],པུ་_100_,པུ་_100_,པུ་_100_,པུ་_100_,པུ་_100_,པུ་_100_,པུ་_100_,པུ་_100_,པུ་_100_
[ཡེ་_100_],ཡེ་_100_,ཡེ་_100_,ཡེ་_100_,ཡེ་_100_,ཡེ་_100_,ཡེ་_100_,ཡེ་_100_,ཡེ་_100_,ཡེ་_100_
[ཤེས་_100_],ཤེས་_100_,ཤེས་_100_,ཤེས་_100_,ཤེས་_100_,ཤེས་_100_,ཤེས་_100_,ཤེས་_100_,ཤེས་_100_,ཤེས་_100_
[གསལ_100_],གསལ_100_,གསལ_100_,གསལ_100_,གསལ_100_,གསལ_100_,གསལ_100_,གསལ_100_,གསལ_100_,གསལ_100_
[། །​_100_],། །​_100_,། །​_100_,། །​_100_,། །​_100_,། །​_100_,། །​_100_,། །​_100_,། །​_100_,། །​_100_
[མ་_100_],མ་_100_,མ་_100_,མ་_100_,མ་_100_,མ་_100_,མ་_100_,མ་_100_,མ་_100_,མ་_100_
[ལུས་_100_],ལུས་_100_,ལུས་_100_,ལུས་_100_,ལུས་_100_,ལུས་_100_,ལུས་_100_,ལུས་_100_,ལུས་_100_,ལུས་_100_
[ཤེས་_100_],ཤེས་_100_,ཤེས་_100_,ཤེས་_100_,ཤེས་_100_,ཤེས་_100_,ཤེས་_100_,ཤེས་_100_,ཤེས་_100_,ཤེས་_100_
[བྱ་_100_],བྱ་_100_,བྱ་_100_,བྱ་_100_,བྱ་_100_,བྱ་_100_,བྱ་_100_,བྱ་_100_,བྱ་_100_,བྱ་_100_
[ཡོངས་_100_],ཡོངས་_100_,ཡོངས་_100_,ཡོངས་_100_,ཡོངས་_100_,ཡོངས་_100_,ཡོངས་_100_,ཡོངས་_100_,ཡོངས་_100_,ཡོངས་_100_
[སུ་_100_],སུ་_100_,སུ་_100_,སུ་_100_,སུ་_100_,སུ་_100_,སུ་_100_,སུ་_100_,སུ་_100_,སུ་_100_
[གཅོད_100_],གཅོད_100_,གཅོད_100_,གཅོད_100_,གཅོད_100_,གཅོད_100_,གཅོད_100_,གཅོད_100_,གཅོད_100_,གཅོད_100_
[། །​_100_],། །​_100_,། །​_100_,། །​_100_,། །​_100_,། །​_100_,། །​_100_,། །​_100_,། །​_100_,། །​_100_
[དེ་_100_],དེ་_100_,དེ་_100_,དེ་_100_,དེ་_100_,དེ་_100_,དེ་_100_,དེ་_100_,དེ་_100_,དེ་_100_
[ལྟར་_100_],ལྟར་_100_,ལྟར་_100_,ལྟར་_100_,ལྟར་_100_,ལྟར་_100_,ལྟར་_100_,ལྟར་_100_,ལྟར་_100_,ལྟར་_100_
[མཉམ་_100_],མཉམ་_100_,མཉམ་_100_,མཉམ་_100_,མཉམ་_100_,མཉམ་_100_,མཉམ་_100_,མཉམ་_100_,མཉམ་_100_,མཉམ་_100_
[ཞིང་_100_],ཞིང་_100_,ཞིང་_100_,ཞིང་_100_,ཞིང་_100_,ཞིང་_100_,ཞིང་_100_,ཞིང་_100_,ཞིང་_100_,ཞིང་_100_
[གཞལ་_100_],གཞལ་_100_,གཞལ་_100_,གཞལ་_100_,གཞལ་_100_,གཞལ་_100_,གཞལ་_100_,གཞལ་_100_,གཞལ་_100_,གཞལ་_100_
[མེད་_100_],མེད་_100_,མེད་_100_,མེད་_100_,མེད་_100_,མེད་_100_,མེད་_100_,མེད་_100_,མེད་_100_,མེད་_100_
[པ_100_],པ_100_,པ_100_,པ_100_,པ_100_,པ_100_,པ_100_,པ_100_,པ_100_,པ_100_
[། །​_100_],། །​_100_,། །​_100_,། །​_100_,། །​_100_,། །​_100_,། །​_100_,། །​_100_,། །​_100_,། །​_100_
[བླ་_100_],བླ་_100_,བླ་_100_,བླ་_100_,བླ་_100_,བླ་_100_,བླ་_100_,བླ་_100_,བླ་_100_,བླ་_100_
[མེད་_100_],མེད་_100_,མེད་_100_,མེད་_100_,མེད་_100_,མེད་_100_,མེད་_100_,མེད་_100_,མེད་_100_,མེད་_100_
[དེ་_100_],དེ་_100_,དེ་_100_,དེ་_100_,དེ་_100_,དེ་_100_,དེ་_100_,དེ་_100_,དེ་_100_,དེ་_100_
[ལ་_100_],ལ་_100_,ལ་_100_,ལ་_100_,ལ་_100_,ལ་_100_,ལ་_100_,ལ་_100_,ལ་_100_,ལ་_100_
[ཕྱག་_100_],ཕྱག་_100_,ཕྱག་_100_,ཕྱག་_100_,ཕྱག་_100_,ཕྱག་_100_,ཕྱག་_100_,ཕྱག་_100_,ཕྱག་_100_,ཕྱག་_100_
[འཚལ་_100_],འཚལ་_100_,འཚལ་_100_,འཚལ་_100_,འཚལ་_100_,འཚལ་_100_,འཚལ་_100_,འཚལ་_100_,འཚལ་_100_,འཚལ་_100_
[ལོ_100_],ལོ_100_,ལོ_100_,ལོ_100_,ལོ_100_,ལོ_100_,ལོ_100_,ལོ_100_,ལོ_100_,ལོ_100_
[། །​_100_],། །​_100_,། །​_100_,། །​_100_,། །​_100_,། །​_100_,། །​_100_,། །​_100_,། །​_100_,། །​_100_
[གང་_100_],གང་_100_,གང་_100_,གང་_100_,གང་_100_,གང་_100_,གང་_100_,གང་_100_,གང་_100_,གང་_100_
[ཞིག་_100_],ཞིག་_100_,ཞིག་_100_,ཞིག་_100_,ཞིག་_100_,ཞིག་_100_,ཞིག་_100_,ཞིག་_100_,ཞིག་_100_,ཞིག་_100_
[རགས་_100_],རགས་_100_,རགས་_100_,རགས་_100_,རགས་_100_,རགས་_100_,རགས་_100_,རགས་_100_,རགས་_100_,རགས་_100_
[དང་_100_],དང་_100_,དང་_100_,དང་_100_,དང་_100_,དང་_100_,དང་_100_,དང་_100_,དང་_100_,དང་_100_
[ཕྲ་_100_],ཕྲ་_100_,ཕྲ་_100_,ཕྲ་_100_,ཕྲ་_100_,ཕྲ་_100_,ཕྲ་_100_,ཕྲ་_100_,ཕྲ་_100_,ཕྲ་_100_
[བ་_100_],བ་_100_,བ་_100_,བ་_100_,བ་_100_,བ་_100_,བ་_100_,བ་_100_,བ་_100_,བ་_100_
[དང་_100_],དང་_100_,དང་_100_,དང་_100_,དང་_100_,དང་_100_,དང་_100_,དང་_100_,དང་_100_,དང་_100_
[། །​_90_],། །​_90_,། །​_90_,། །​_90_,། །​_90_,། །​_90_,། །​_90_,། །​_90_,། །​ _10_,། །​_90_
[ལྕི་_100_],ལྕི་_100_,ལྕི་_100_,ལྕི་_100_,ལྕི་_100_,ལྕི་_100_,ལྕི་_100_,ལྕི་_100_,ལྕི་_100_,ལྕི་_100_
[བ་_100_],བ་_100_,བ་_100_,བ་_100_,བ་_100_,བ་_100_,བ་_100_,བ་_100_,བ་_100_,བ་_100_
[དང་_100_],དང་_100_,དང་_100_,དང་_100_,དང་_100_,དང་_100_,དང་_100_,དང་_100_,དང་_100_,དང་_100_
[ནི་_100_],ནི་_100_,ནི་_100_,ནི་_100_,ནི་_100_,ནི་_100_,ནི་_100_,ནི་_100_,ནི་_100_,ནི་_100_
[ཡང་_100_],ཡང་_100_,ཡང་_100_,ཡང་_100_,ཡང་_100_,ཡང་_100_,ཡང་_100_,ཡང་_100_,ཡང་_100_,ཡང་_100_
[བའི་_100_],བའི་_100_,བའི་_100_,བའི་_100_,བའི་_100_,བའི་_100_,བའི་_100_,བའི་_100_,བའི་_100_,བའི་_100_
[རྡུལ_100_],རྡུལ_100_,རྡུལ_100_,རྡུལ_100_,རྡུལ_100_,རྡུལ_100_,རྡུལ_100_,རྡུལ_100_,རྡུལ_100_,རྡུལ_100_
[། །​_100_],། །​_100_,། །​_100_,། །​_100_,། །​_100_,། །​_100_,། །​_100_,། །​_100_,། །​_100_,། །​_100_
[སྦྲུལ་_100_],སྦྲུལ་_100_,སྦྲུལ་_100_,སྦྲུལ་_100_,སྦྲུལ་_100_,སྦྲུལ་_100_,སྦྲུལ་_100_,སྦྲུལ་_100_,སྦྲུལ་_100_,སྦྲུལ་_100_
[གྱི་_100_],གྱི་_100_,གྱི་_100_,གྱི་_100_,གྱི་_100_,གྱི་_100_,གྱི་_100_,གྱི་_100_,གྱི་_100_,གྱི་_100_
[རྐང་_100_],རྐང་_100_,རྐང་_100_,རྐང་_100_,རྐང་_100_,རྐང་_100_,རྐང་_100_,རྐང་_100_,རྐང་_100_,རྐང་_100_
[པའི་_100_],པའི་_100_,པའི་_100_,པའི་_100_,པའི་_100_,པའི་_100_,པའི་_100_,པའི་_100_,པའི་_100_,པའི་_100_
[རང་_100_],རང་_100_,རང་_100_,རང་_100_,རང་_100_,རང་_100_,རང་_100_,རང་_100_,རང་_100_,རང་_100_
[བཞིན་_100_],བཞིན་_100_,བཞིན་_100_,བཞིན་_100_,བཞིན་_100_,བཞིན་_100_,བཞིན་_100_,བཞིན་_100_,བཞིན་_100_,བཞིན་_100_
[མེད_100_],མེད_100_,མེད_100_,མེད_100_,མེད_100_,མེད_100_,མེད_100_,མེད_100_,མེད_100_,མེད_100_
[། །​_90_],། །​_90_,། །​_90_,། །​_90_,། །​_90_,། །​_90_,། །​_90_,། །​_90_,། །​ _10_,། །​_90_
[བླ་_100_],བླ་_100_,བླ་_100_,བླ་_100_,བླ་_100_,བླ་_100_,བླ་_100_,བླ་_100_,བླ་_100_,བླ་_100_
[མེད་_100_],མེད་_100_,མེད་_100_,མེད་_100_,མེད་_100_,མེད་_100_,མེད་_100_,མེད་_100_,མེད་_100_,མེད་_100_
[དེ་_100_],དེ་_100_,དེ་_100_,དེ་_100_,དེ་_100_,དེ་_100_,དེ་_100_,དེ་_100_,དེ་_100_,དེ་_100_
[ལ་_100_],ལ་_100_,ལ་_100_,ལ་_100_,ལ་_100_,ལ་_100_,ལ་_100_,ལ་_100_,ལ་_100_,ལ་_100_
[ཕྱག་_100_],ཕྱག་_100_,ཕྱག་_100_,ཕྱག་_100_,ཕྱག་_100_,ཕྱག་_100_,ཕྱག་_100_,ཕྱག་_100_,ཕྱག་_100_,ཕྱག་_100_
[འཚལ་_100_],འཚལ་_100_,འཚལ་_100_,འཚལ་_100_,འཚལ་_100_,འཚལ་_100_,འཚལ་_100_,འཚལ་_100_,འཚལ་_100_,འཚལ་_100_
[ལོ_100_],ལོ_100_,ལོ_100_,ལོ_100_,ལོ_100_,ལོ_100_,ལོ_100_,ལོ_100_,ལོ_100_,ལོ_100_
[། །​_100_],། །​_100_,། །​_100_,། །​_100_,། །​_100_,། །​_100_,། །​_100_,། །​_100_,། །​_100_,། །​_100_
[གང་_100_],གང་_100_,གང་_100_,གང་_100_,གང་_100_,གང་_100_,གང་_100_,གང་_100_,གང་_100_,གང་_100_
[གིས་_100_],གིས་_100_,གིས་_100_,གིས་_100_,གིས་_100_,གིས་_100_,གིས་_100_,གིས་_100_,གིས་_100_,གིས་_100_
[སྲིན་_100_],སྲིན་_100_,སྲིན་_100_,སྲིན་_100_,སྲིན་_100_,སྲིན་_100_,སྲིན་_100_,སྲིན་_100_,སྲིན་_100_,སྲིན་_100_
[བུའི་_100_],བུའི་_100_,བུའི་_100_,བུའི་_100_,བུའི་_100_,བུའི་_100_,བུའི་_100_,བུའི་_100_,བུའི་_100_,བུའི་_100_
[སྟོབས་_100_],སྟོབས་_100_,སྟོབས་_100_,སྟོབས་_100_,སྟོབས་_100_,སྟོབས་_100_,སྟོབས་_100_,སྟོབས་_100_,སྟོབས་_100_,སྟོབས་_100_
[ཀྱིས་_100_],ཀྱིས་_100_,ཀྱིས་_100_,ཀྱིས་_100_,ཀྱིས་_100_,ཀྱིས་_100_,ཀྱིས་_100_,ཀྱིས་_100_,ཀྱིས་_100_,ཀྱིས་_100_
[ནི_100_],ནི_100_,ནི_100_,ནི_100_,ནི_100_,ནི_100_,ནི_100_,ནི_100_,ནི_100_,ནི_100_
[། །​_90_],། །​_90_,། །​_90_,། །​_90_,། །​_90_,། །​_90_,། །​_90_,། །​_90_,། །​ །​_10_,། །​_90_
[གང་_100_],གང་_100_,གང་_100_,གང་_100_,གང་_100_,གང་_100_,གང་_100_,གང་_100_,གང་_100_,གང་_100_
[ཞིག་_100_],ཞིག་_100_,ཞིག་_100_,ཞིག་_100_,ཞིག་_100_,ཞིག་_100_,ཞིག་_100_,ཞིག་_100_,ཞིག་_100_,ཞིག་_100_
[ཐང་_100_],ཐང་_100_,ཐང་_100_,ཐང་_100_,ཐང་_100_,ཐང་_100_,ཐང་_100_,ཐང་_100_,ཐང་_100_,ཐང་_100_
[ལ་_100_],ལ་_100_,ལ་_100_,ལ་_100_,ལ་_100_,ལ་_100_,ལ་_100_,ལ་_100_,ལ་_100_,ལ་_100_
[མཆི་_100_],མཆི་_100_,མཆི་_100_,མཆི་_100_,མཆི་_100_,མཆི་_100_,མཆི་_100_,མཆི་_100_,མཆི་_100_,མཆི་_100_
[བ་_100_],བ་_100_,བ་_100_,བ་_100_,བ་_100_,བ་_100_,བ་_100_,བ་_100_,བ་_100_,བ་_100_
[ལྟར_100_],ལྟར_100_,ལྟར_100_,ལྟར_100_,ལྟར_100_,ལྟར_100_,ལྟར_100_,ལྟར_100_,ལྟར_100_,ལྟར_100_
[། །​_100_],། །​_100_,། །​_100_,། །​_100_,། །​_100_,། །​_100_,། །​_100_,། །​_100_,། །​_100_,། །​_100_
[གང་_100_],གང་_100_,གང་_100_,གང་_100_,གང་_100_,གང་_100_,གང་_100_,གང་_100_,གང་_100_,གང་_100_
[གིས་_70_],གིས་_70_,གི་_20_,གི་_20_,གིས་_70_,གིས་_70_,གིས་_70_,གིས་_70_,གིས་“ _10_,གིས་_70_
[སྣང་_100_],སྣང་_100_,སྣང་_100_,སྣང་_100_,སྣང་_100_,སྣང་_100_,སྣང་_100_,སྣང་_100_,སྣང་_100_,སྣང་_100_
[བས་_100_],བས་_100_,བས་_100_,བས་_100_,བས་_100_,བས་_100_,བས་_100_,བས་_100_,བས་_100_,བས་_100_
[མུན་_100_],མུན་_100_,མུན་_100_,མུན་_100_,མུན་_100_,མུན་_100_,མུན་_100_,མུན་_100_,མུན་_100_,མུན་_100_
[བསལ་_100_],བསལ་_100_,བསལ་_100_,བསལ་_100_,བསལ་_100_,བསལ་_100_,བསལ་_100_,བསལ་_100_,བསལ་_100_,བསལ་_100_
[བ_100_],བ_100_,བ_100_,བ_100_,བ_100_,བ_100_,བ_100_,བ_100_,བ_100_,བ_100_
[། །​_100_],། །​_100_,། །​_100_,། །​_100_,། །​_100_,། །​_100_,། །​_100_,། །​_100_,། །​_100_,། །​_100_
[བླ་_100_],བླ་_100_,བླ་_100_,བླ་_100_,བླ་_100_,བླ་_100_,བླ་_100_,བླ་_100_,བླ་_100_,བླ་_100_
[མེད་_100_],མེད་_100_,མེད་_100_,མེད་_100_,མེད་_100_,མེད་_100_,མེད་_100_,མེད་_100_,མེད་_100_,མེད་_100_
[དེ་_100_],དེ་_100_,དེ་_100_,དེ་_100_,དེ་_100_,དེ་_100_,དེ་_100_,དེ་_100_,དེ་_100_,དེ་_100_
[ལ་_100_],ལ་_100_,ལ་_100_,ལ་_100_,ལ་_100_,ལ་_100_,ལ་_100_,ལ་_100_,ལ་_100_,ལ་_100_
[ཕྱག་_100_],ཕྱག་_100_,ཕྱག་_100_,ཕྱག་_100_,ཕྱག་_100_,ཕྱག་_100_,ཕྱག་_100_,ཕྱག་_100_,ཕྱག་_100_,ཕྱག་_100_
[འཚལ་_100_],འཚལ་_100_,འཚལ་_100_,འཚལ་_100_,འཚལ་_100_,འཚལ་_100_,འཚལ་_100_,འཚལ་_100_,འཚལ་_100_,འཚལ་_100_
[ལོ_100_],ལོ_100_,ལོ_100_,ལོ_100_,ལོ_100_,ལོ_100_,ལོ_100_,ལོ_100_,ལོ_100_,ལོ_100_
[། །​_100_],། །​_100_,། །​_100_,། །​_100_,། །​_100_,། །​_100_,། །​_100_,། །​_100_,། །​_100_,། །​_100_
[གང་_100_],གང་_100_,གང་_100_,གང་_100_,གང་_100_,གང་_100_,གང་_100_,གང་_100_,གང་_100_,གང་_100_
[ཞིག་_100_],ཞིག་_100_,ཞིག་_100_,ཞིག་_100_,ཞིག་_100_,ཞིག་_100_,ཞིག་_100_,ཞིག་_100_,ཞིག་_100_,ཞིག་_100_
[སྤྲུལ་_100_],སྤྲུལ་_100_,སྤྲུལ་_100_,སྤྲུལ་_100_,སྤྲུལ་_100_,སྤྲུལ་_100_,སྤྲུལ་_100_,སྤྲུལ་_100_,སྤྲུལ་_100_,སྤྲུལ་_100_
[ལྡན་_100_],ལྡན་_100_,ལྡན་_100_,ལྡན་_100_,ལྡན་_100_,ལྡན་_100_,ལྡན་_100_,ལྡན་_100_,ལྡན་_100_,ལྡན་_100_
[རྫུ་_100_],རྫུ་_100_,རྫུ་_100_,རྫུ་_100_,རྫུ་_100_,རྫུ་_100_,རྫུ་_100_,རྫུ་_100_,རྫུ་_100_,རྫུ་_100_
[འཕྲུལ་_100_],འཕྲུལ་_100_,འཕྲུལ་_100_,འཕྲུལ་_100_,འཕྲུལ་_100_,འཕྲུལ་_100_,འཕྲུལ་_100_,འཕྲུལ་_100_,འཕྲུལ་_100_,འཕྲུལ་_100_
[གྱིས_100_],གྱིས_100_,གྱིས_100_,གྱིས_100_,གྱིས_100_,གྱིས_100_,གྱིས_100_,གྱིས_100_,གྱིས_100_,གྱིས_100_
[། །​_100_],། །​_100_,། །​_100_,། །​_100_,། །​_100_,། །​_100_,། །​_100_,། །​_100_,། །​_100_,། །​_100_
[གར་_100_],གར་_100_,གར་_100_,གར་_100_,གར་_100_,གར་_100_,གར་_100_,གར་_100_,གར་_100_,གར་_100_
[མཁན་_100_],མཁན་_100_,མཁན་_100_,མཁན་_100_,མཁན་_100_,མཁན་_100_,མཁན་_100_,མཁན་_100_,མཁན་_100_,མཁན་_100_
[རྐང་_100_],རྐང་_100_,རྐང་_100_,རྐང་_100_,རྐང་_100_,རྐང་_100_,རྐང་_100_,རྐང་_100_,རྐང་_100_,རྐང་_100_
[པ་_100_],པ་_100_,པ་_100_,པ་_100_,པ་_100_,པ་_100_,པ་_100_,པ་_100_,པ་_100_,པ་_100_
[བསྐྱོད་_100_],བསྐྱོད་_100_,བསྐྱོད་_100_,བསྐྱོད་_100_,བསྐྱོད་_100_,བསྐྱོད་_100_,བསྐྱོད་_100_,བསྐྱོད་_100_,བསྐྱོད་_100_,བསྐྱོད་_100_
[པ་_100_],པ་_100_,པ་_100_,པ་_100_,པ་_100_,པ་_100_,པ་_100_,པ་_100_,པ་_100_,པ་_100_
[ལ_100_],ལ_100_,ལ_100_,ལ_100_,ལ_100_,ལ_100_,ལ_100_,ལ_100_,ལ_100_,ལ_100_
[། །​_100_],། །​_100_,། །​_100_,། །​_100_,། །​_100_,། །​_100_,། །​_100_,། །​_100_,། །​_100_,། །​_100_
[གང་_100_],གང་_100_,གང་_100_,གང་_100_,གང་_100_,གང་_100_,གང་_100_,གང་_100_,གང་_100_,གང་_100_
[གིས་_80_],གིས་_80_,གི་_20_,གི་_20_,གིས་_80_,གིས་_80_,གིས་_80_,གིས་_80_,གིས་_80_,གིས་_80_
[ལམ་_100_],ལམ་_100_,ལམ་_100_,ལམ་_100_,ལམ་_100_,ལམ་_100_,ལམ་_100_,ལམ་_100_,ལམ་_100_,ལམ་_100_
[གཟིགས་_100_],གཟིགས་_100_,གཟིགས་_100_,གཟིགས་_100_,གཟིགས་_100_,གཟིགས་_100_,གཟིགས་_100_,གཟིགས་_100_,གཟིགས་_100_,གཟིགས་_100_
[ལམ་_100_],ལམ་_100_,ལམ་_100_,ལམ་_100_,ལམ་_100_,ལམ་_100_,ལམ་_100_,ལམ་_100_,ལམ་_100_,ལམ་_100_
[མཁྱེན་_100_],མཁྱེན་_100_,མཁྱེན་_100_,མཁྱེན་_100_,མཁྱེན་_100_,མཁྱེན་_100_,མཁྱེན་_100_,མཁྱེན་_100_,མཁྱེན་_100_,མཁྱེན་_100_
[པ_100_],པ_100_,པ_100_,པ_100_,པ_100_,པ_100_,པ_100_,པ_100_,པ_100_,པ_100_
[། །​_100_],། །​_100_,། །​_100_,། །​_100_,། །​_100_,། །​_100_,། །​_100_,། །​_100_,། །​_100_,། །​_100_
[བླ་_100_],བླ་_100_,བླ་_100_,བླ་_100_,བླ་_100_,བླ་_100_,བླ་_100_,བླ་_100_,བླ་_100_,བླ་_100_
[མེད་_100_],མེད་_100_,མེད་_100_,མེད་_100_,མེད་_100_,མེད་_100_,མེད་_100_,མེད་_100_,མེད་_100_,མེད་_100_
[དེ་_100_],དེ་_100_,དེ་_100_,དེ་_100_,དེ་_100_,དེ་_100_,དེ་_100_,དེ་_100_,དེ་_100_,དེ་_100_
[ལ་_100_],ལ་_100_,ལ་_100_,ལ་_100_,ལ་_100_,ལ་_100_,ལ་_100_,ལ་_100_,ལ་_100_,ལ་_100_
[ཕྱག་_100_],ཕྱག་_100_,ཕྱག་_100_,ཕྱག་_100_,ཕྱག་_100_,ཕྱག་_100_,ཕྱག་_100_,ཕྱག་_100_,ཕྱག་_100_,ཕྱག་_100_
[འཚལ་_100_],འཚལ་_100_,འཚལ་_100_,འཚལ་_100_,འཚལ་_100_,འཚལ་_100_,འཚལ་_100_,འཚལ་_100_,འཚལ་_100_,འཚལ་_100_
[ལོ_100_],ལོ_100_,ལོ_100_,ལོ_100_,ལོ_100_,ལོ_100_,ལོ_100_,ལོ_100_,ལོ_100_,ལོ_100_
[། །​_100_],། །​_100_,། །​_100_,། །​_100_,། །​_100_,། །​_100_,། །​_100_,། །​_100_,། །​_100_,། །​_100_
[གང་_100_],གང་_100_,གང་_100_,གང་_100_,གང་_100_,གང་_100_,གང་_100_,གང་_100_,གང་_100_,གང་_100_
[ཞིག་_100_],ཞིག་_100_,ཞིག་_100_,ཞིག་_100_,ཞིག་_100_,ཞིག་_100_,ཞིག་_100_,ཞིག་_100_,ཞིག་_100_,ཞིག་_100_
[གིས་_100_],གིས་_100_,གིས་_100_,གིས་_100_,གིས་_100_,གིས་_100_,གིས་_100_,གིས་_100_,གིས་_100_,གིས་_100_
[ནི་_100_],ནི་_100_,ནི་_100_,ནི་_100_,ནི་_100_,ནི་_100_,ནི་_100_,ནི་_100_,ནི་_100_,ནི་_100_
[ཆ་_100_],ཆ་_100_,ཆ་_100_,ཆ་_100_,ཆ་_100_,ཆ་_100_,ཆ་_100_,ཆ་_100_,ཆ་_100_,ཆ་_100_
[ཤས་_100_],ཤས་_100_,ཤས་_100_,ཤས་_100_,ཤས་_100_,ཤས་_100_,ཤས་_100_,ཤས་_100_,ཤས་_100_,ཤས་_100_
[དང་_100_],དང་_100_,དང་_100_,དང་_100_,དང་_100_,དང་_100_,དང་_100_,དང་_100_,དང་_100_,དང་_100_
[། །​_100_],། །​_100_,། །​_100_,། །​_100_,། །​_100_,། །​_100_,། །​_100_,། །​_100_,། །​_100_,། །​_100_
[དོན་_100_],དོན་_100_,དོན་_100_,དོན་_100_,དོན་_100_,དོན་_100_,དོན་_100_,དོན་_100_,དོན་_100_,དོན་_100_
[སྟོང་_100_],སྟོང་_100_,སྟོང་_100_,སྟོང་_100_,སྟོང་_100_,སྟོང་_100_,སྟོང་_100_,སྟོང་_100_,སྟོང་_100_,སྟོང་_100_
[མིན་_100_],མིན་_100_,མིན་_100_,མིན་_100_,མིན་_100_,མིན་_100_,མིན་_100_,མིན་_100_,མིན་_100_,མིན་_100_
[ཏེ་_100_],ཏེ་_100_,ཏེ་_100_,ཏེ་_100_,ཏེ་_100_,ཏེ་_100_,ཏེ་_100_,ཏེ་_100_,ཏེ་_100_,ཏེ་_100_
[གཉིས་_100_],གཉིས་_100_,གཉིས་_100_,གཉིས་_100_,གཉིས་_100_,གཉིས་_100_,གཉིས་_100_,གཉིས་_100_,གཉིས་_100_,གཉིས་_100_
[ཀ་_100_],ཀ་_100_,ཀ་_100_,ཀ་_100_,ཀ་_100_,ཀ་_100_,ཀ་_100_,ཀ་_100_,ཀ་_100_,ཀ་_100_
[སྤངས_100_],སྤངས_100_,སྤངས_100_,སྤངས_100_,སྤངས_100_,སྤངས_100_,སྤངས_100_,སྤངས_100_,སྤངས_100_,སྤངས_100_
[། །​_100_],། །​_100_,། །​_100_,། །​_100_,། །​_100_,། །​_100_,། །​_100_,། །​_100_,། །​_100_,། །​_100_
[ཐམས་_100_],ཐམས་_100_,ཐམས་_100_,ཐམས་_100_,ཐམས་_100_,ཐམས་_100_,ཐམས་_100_,ཐམས་_100_,ཐམས་_100_,ཐམས་_100_
[ཅད་_100_],ཅད་_100_,ཅད་_100_,ཅད་_100_,ཅད་_100_,ཅད་_100_,ཅད་_100_,ཅད་_100_,ཅད་_100_,ཅད་_100_
[མཁྱེན་_100_],མཁྱེན་_100_,མཁྱེན་_100_,མཁྱེན་_100_,མཁྱེན་_100_,མཁྱེན་_100_,མཁྱེན་_100_,མཁྱེན་_100_,མཁྱེན་_100_,མཁྱེན་_100_
[པ་_100_],པ་_100_,པ་_100_,པ་_100_,པ་_100_,པ་_100_,པ་_100_,པ་_100_,པ་_100_,པ་_100_
[དབང་_100_],དབང་_100_,དབང་_100_,དབང་_100_,དབང་_100_,དབང་_100_,དབང་_100_,དབང་_100_,དབང་_100_,དབང་_100_
[ཕྱུག་_100_],ཕྱུག་_100_,ཕྱུག་_100_,ཕྱུག་_100_,ཕྱུག་_100_,ཕྱུག་_100_,ཕྱུག་_100_,ཕྱུག་_100_,ཕྱུག་_100_,ཕྱུག་_100_
[གཙོ_100_],གཙོ_100_,གཙོ_100_,གཙོ_100_,གཙོ_100_,གཙོ_100_,གཙོ_100_,གཙོ_100_,གཙོ_100_,གཙོ_100_
[། །​_100_],། །​_100_,། །​_100_,། །​_100_,། །​_100_,། །​_100_,། །​_100_,། །​_100_,། །​_100_,། །​_100_
[བླ་_100_],བླ་_100_,བླ་_100_,བླ་_100_,བླ་_100_,བླ་_100_,བླ་_100_,བླ་_100_,བླ་_100_,བླ་_100_
[མེད་_100_],མེད་_100_,མེད་_100_,མེད་_100_,མེད་_100_,མེད་_100_,མེད་_100_,མེད་_100_,མེད་_100_,མེད་_100_
[དེ་_100_],དེ་_100_,དེ་_100_,དེ་_100_,དེ་_100_,དེ་_100_,དེ་_100_,དེ་_100_,དེ་_100_,དེ་_100_
[ལ་_100_],ལ་_100_,ལ་_100_,ལ་_100_,ལ་_100_,ལ་_100_,ལ་_100_,ལ་_100_,ལ་_100_,ལ་_100_
[ཕྱག་_100_],ཕྱག་_100_,ཕྱག་_100_,ཕྱག་_100_,ཕྱག་_100_,ཕྱག་_100_,ཕྱག་_100_,ཕྱག་_100_,ཕྱག་_100_,ཕྱག་_100_
[འཚལ་_100_],འཚལ་_100_,འཚལ་_100_,འཚལ་_100_,འཚལ་_100_,འཚལ་_100_,འཚལ་_100_,འཚལ་_100_,འཚལ་_100_,འཚལ་_100_
[ལོ_100_],ལོ_100_,ལོ_100_,ལོ_100_,ལོ_100_,ལོ_100_,ལོ_100_,ལོ_100_,ལོ_100_,ལོ_100_
[། །​_100_],། །​_100_,། །​_100_,། །​_100_,། །​_100_,། །​_100_,། །​_100_,། །​_100_,། །​_100_,། །​_100_
[ཤིན་_100_],ཤིན་_100_,ཤིན་_100_,ཤིན་_100_,ཤིན་_100_,ཤིན་_100_,ཤིན་_100_,ཤིན་_100_,ཤིན་_100_,ཤིན་_100_
[ཏུ་_100_],ཏུ་_100_,ཏུ་_100_,ཏུ་_100_,ཏུ་_100_,ཏུ་_100_,ཏུ་_100_,ཏུ་_100_,ཏུ་_100_,ཏུ་_100_
[ཉེས་_100_],ཉེས་_100_,ཉེས་_100_,ཉེས་_100_,ཉེས་_100_,ཉེས་_100_,ཉེས་_100_,ཉེས་_100_,ཉེས་_100_,ཉེས་_100_
[པ་_100_],པ་_100_,པ་_100_,པ་_100_,པ་_100_,པ་_100_,པ་_100_,པ་_100_,པ་_100_,པ་_100_
[རྣམ་_100_],རྣམ་_100_,རྣམ་_100_,རྣམ་_100_,རྣམ་_100_,རྣམ་_100_,རྣམ་_100_,རྣམ་_100_,རྣམ་_100_,རྣམ་_100_
[སྤངས་_100_],སྤངས་_100_,སྤངས་_100_,སྤངས་_100_,སྤངས་_100_,སྤངས་_100_,སྤངས་_100_,སྤངས་_100_,སྤངས་_100_,སྤངས་_100_
[ཤིང་_100_],ཤིང་_100_,ཤིང་_100_,ཤིང་_100_,ཤིང་_100_,ཤིང་_100_,ཤིང་_100_,ཤིང་_100_,ཤིང་_100_,ཤིང་_100_
[། །​_100_],། །​_100_,། །​_100_,། །​_100_,། །​_100_,། །​_100_,། །​_100_,། །​_100_,། །​_100_,། །​_100_
[དྲི་_100_],དྲི་_100_,དྲི་_100_,དྲི་_100_,དྲི་_100_,དྲི་_100_,དྲི་_100_,དྲི་_100_,དྲི་_100_,དྲི་_100_
[མའི་_100_],མའི་_100_,མའི་_100_,མའི་_100_,མའི་_100_,མའི་_100_,མའི་_100_,མའི་_100_,མའི་_100_,མའི་_100_
[བདག་_100_],བདག་_100_,བདག་_100_,བདག་_100_,བདག་_100_,བདག་_100_,བདག་_100_,བདག་_100_,བདག་_100_,བདག་_100_
[ཉིད་_100_],ཉིད་_100_,ཉིད་_100_,ཉིད་_100_,ཉིད་_100_,ཉིད་_100_,ཉིད་_100_,ཉིད་_100_,ཉིད་_100_,ཉིད་_100_
[ལས་_100_],ལས་_100_,ལས་_100_,ལས་_100_,ལས་_100_,ལས་_100_,ལས་_100_,ལས་_100_,ལས་_100_,ལས་_100_
[རིང་_100_],རིང་_100_,རིང་_100_,རིང་_100_,རིང་_100_,རིང་_100_,རིང་_100_,རིང་_100_,རིང་_100_,རིང་_100_
[བ_100_],བ_100_,བ_100_,བ_100_,བ_100_,བ_100_,བ_100_,བ_100_,བ_100_,བ_100_
[། །​_100_],། །​_100_,། །​_100_,། །​_100_,། །​_100_,། །​_100_,། །​_100_,། །​_100_,། །​_100_,། །​_100_
[དངོས་_100_],དངོས་_100_,དངོས་_100_,དངོས་_100_,དངོས་_100_,དངོས་_100_,དངོས་_100_,དངོས་_100_,དངོས་_100_,དངོས་_100_
[དང་_100_],དང་_100_,དང་_100_,དང་_100_,དང་_100_,དང་_100_,དང་_100_,དང་_100_,དང་_100_,དང་_100_
[དངོས་_100_],དངོས་_100_,དངོས་_100_,དངོས་_100_,དངོས་_100_,དངོས་_100_,དངོས་_100_,དངོས་_100_,དངོས་_100_,དངོས་_100_
[པོ་_100_],པོ་_100_,པོ་_100_,པོ་_100_,པོ་_100_,པོ་_100_,པོ་_100_,པོ་_100_,པོ་_100_,པོ་_100_
[མེད་_100_],མེད་_100_,མེད་_100_,མེད་_100_,མེད་_100_,མེད་_100_,མེད་_100_,མེད་_100_,མེད་_100_,མེད་_100_
[སྤངས་_100_],སྤངས་_100_,སྤངས་_100_,སྤངས་_100_,སྤངས་_100_,སྤངས་_100_,སྤངས་_100_,སྤངས་_100_,སྤངས་_100_,སྤངས་_100_
[པ_100_],པ_100_,པ_100_,པ_100_,པ_100_,པ_100_,པ_100_,པ_100_,པ_100_,པ_100_
[། །​_100_],། །​_100_,། །​_100_,། །​_100_,། །​_100_,། །​_100_,། །​_100_,། །​_100_,། །​_100_,། །​_100_
[བླ་_100_],བླ་_100_,བླ་_100_,བླ་_100_,བླ་_100_,བླ་_100_,བླ་_100_,བླ་_100_,བླ་_100_,བླ་_100_
[མེད་_100_],མེད་_100_,མེད་_100_,མེད་_100_,མེད་_100_,མེད་_100_,མེད་_100_,མེད་_100_,མེད་_100_,མེད་_100_
[དེ་_100_],དེ་_100_,དེ་_100_,དེ་_100_,དེ་_100_,དེ་_100_,དེ་_100_,དེ་_100_,དེ་_100_,དེ་_100_
[ལ་_100_],ལ་_100_,ལ་_100_,ལ་_100_,ལ་_100_,ལ་_100_,ལ་_100_,ལ་_100_,ལ་_100_,ལ་_100_
[ཕྱག་_100_],ཕྱག་_100_,ཕྱག་_100_,ཕྱག་_100_,ཕྱག་_100_,ཕྱག་_100_,ཕྱག་_100_,ཕྱག་_100_,ཕྱག་_100_,ཕྱག་_100_
[འཚལ་_100_],འཚལ་_100_,འཚལ་_100_,འཚལ་_100_,འཚལ་_100_,འཚལ་_100_,འཚལ་_100_,འཚལ་_100_,འཚལ་_100_,འཚལ་_100_
[ལོ_100_],ལོ_100_,ལོ_100_,ལོ_100_,ལོ_100_,ལོ_100_,ལོ_100_,ལོ_100_,ལོ_100_,ལོ_100_
[། །​_100_],། །​_100_,། །​_100_,། །​_100_,། །​_100_,། །​_100_,། །​_100_,། །​_100_,། །​_100_,། །​_100_
[བླ་_100_],བླ་_100_,བླ་_100_,བླ་_100_,བླ་_100_,བླ་_100_,བླ་_100_,བླ་_100_,བླ་_100_,བླ་_100_
[ན་_100_],ན་_100_,ན་_100_,ན་_100_,ན་_100_,ན་_100_,ན་_100_,ན་_100_,ན་_100_,ན་_100_
[མེད་_100_],མེད་_100_,མེད་_100_,མེད་_100_,མེད་_100_,མེད་_100_,མེད་_100_,མེད་_100_,མེད་_100_,མེད་_100_
[པའི་_100_],པའི་_100_,པའི་_100_,པའི་_100_,པའི་_100_,པའི་_100_,པའི་_100_,པའི་_100_,པའི་_100_,པའི་_100_
[བསྟོད་_100_],བསྟོད་_100_,བསྟོད་_100_,བསྟོད་_100_,བསྟོད་_100_,བསྟོད་_100_,བསྟོད་_100_,བསྟོད་_100_,བསྟོད་_100_,བསྟོད་_100_
[པ་_100_],པ་_100_,པ་_100_,པ་_100_,པ་_100_,པ་_100_,པ་_100_,པ་_100_,པ་_100_,པ་_100_
[སློབ་_100_],སློབ་_100_,སློབ་_100_,སློབ་_100_,སློབ་_100_,སློབ་_100_,སློབ་_100_,སློབ་_100_,སློབ་_100_,སློབ་_100_
[དཔོན་_100_],དཔོན་_100_,དཔོན་_100_,དཔོན་_100_,དཔོན་_100_,དཔོན་_100_,དཔོན་_100_,དཔོན་_100_,དཔོན་_100_,དཔོན་_100_
[ཆེན་_100_],ཆེན་_100_,ཆེན་_100_,ཆེན་_100_,ཆེན་_100_,ཆེན་_100_,ཆེན་_100_,ཆེན་_100_,ཆེན་_100_,ཆེན་_100_
[པོ་_100_],པོ་_100_,པོ་_100_,པོ་_100_,པོ་_100_,པོ་_100_,པོ་_100_,པོ་_100_,པོ་_100_,པོ་_100_
[འཕགས་_100_],འཕགས་_100_,འཕགས་_100_,འཕགས་_100_,འཕགས་_100_,འཕགས་_100_,འཕགས་_100_,འཕགས་_100_,འཕགས་_100_,འཕགས་_100_
[པ་_100_],པ་_100_,པ་_100_,པ་_100_,པ་_100_,པ་_100_,པ་_100_,པ་_100_,པ་_100_,པ་_100_
[ཀླུ་_100_],ཀླུ་_100_,ཀླུ་_100_,ཀླུ་_100_,ཀླུ་_100_,ཀླུ་_100_,ཀླུ་_100_,ཀླུ་_100_,ཀླུ་_100_,ཀླུ་_100_
[སྒྲུབ་_90_],སྒྲུབ་_90_,སྒྲུབ་_90_,སྒྲུབ་_90_,སྒྲུབ་_90_,སྒྲུབ་_90_,བསྒྲུབ་_10_,སྒྲུབ་_90_,སྒྲུབ་_90_,སྒྲུབ་_90_
[ཀྱི་_100_],ཀྱི་_100_,ཀྱི་_100_,ཀྱི་_100_,ཀྱི་_100_,ཀྱི་_100_,ཀྱི་_100_,ཀྱི་_100_,ཀྱི་_100_,ཀྱི་_100_
[ཞལ་_100_],ཞལ་_100_,ཞལ་_100_,ཞལ་_100_,ཞལ་_100_,ཞལ་_100_,ཞལ་_100_,ཞལ་_100_,ཞལ་_100_,ཞལ་_100_
[སྔ་_100_],སྔ་_100_,སྔ་_100_,སྔ་_100_,སྔ་_100_,སྔ་_100_,སྔ་_100_,སྔ་_100_,སྔ་_100_,སྔ་_100_
[ནས་_100_],ནས་_100_,ནས་_100_,ནས་_100_,ནས་_100_,ནས་_100_,ནས་_100_,ནས་_100_,ནས་_100_,ནས་_100_
[མཛད་_100_],མཛད་_100_,མཛད་_100_,མཛད་_100_,མཛད་_100_,མཛད་_100_,མཛད་_100_,མཛད་_100_,མཛད་_100_,མཛད་_100_
[པ་_100_],པ་_100_,པ་_100_,པ་_100_,པ་_100_,པ་_100_,པ་_100_,པ་_100_,པ་_100_,པ་_100_
[རྫོགས་_100_],རྫོགས་_100_,རྫོགས་_100_,རྫོགས་_100_,རྫོགས་_100_,རྫོགས་_100_,རྫོགས་_100_,རྫོགས་_100_,རྫོགས་_100_,རྫོགས་_100_
[སོ_100_],སོ_100_,སོ_100_,སོ_100_,སོ_100_,སོ_100_,སོ_100_,སོ_100_,སོ_100_,སོ_100_
[།། །​།_100_],།། །​།_100_,།། །​།_100_,།། །​།_100_,།། །​།_100_,།། །​།_100_,།། །​།_100_,།། །​།_100_,།། །​།_100_,།། །​།_100_
