[༄༅། །​སྐུ་གསུམ་ལ་བསྟོད་པ།༄༅༅། །​_50_],༄༅། །​སྐུ་གསུམ་ལ་བསྟོད་པ།༄༅༅། །​_50_,༄༅། །​སྐུ་གསུམ་ལ་བསྟོད་པ།༄༅༅། །​_50_,༄༅། །​སྐུ་གསུམ་ལ་བསྟོད་པ།༄༅༅། །​_50_,༄༅། །​སྐུ་གསུམ་ལ་བསྟོད་པ། ༄༅༅། །​_12_,༄༅༅། །​_12_,སྐུ་གསུམ་ལ་བསྟོད་པ།༄། །​_12_,༄༅། །​སྐུ་གསུམ་ལ་བསྟོད་པ་ཞེས་བྱ་བ།༄༅༅། །​_12_
[རྒྱ་_100_],རྒྱ་_100_,རྒྱ་_100_,རྒྱ་_100_,རྒྱ་_100_,རྒྱ་_100_,རྒྱ་_100_,རྒྱ་_100_
[གར་_100_],གར་_100_,གར་_100_,གར་_100_,གར་_100_,གར་_100_,གར་_100_,གར་_100_
[སྐད་_100_],སྐད་_100_,སྐད་_100_,སྐད་_100_,སྐད་_100_,སྐད་_100_,སྐད་_100_,སྐད་_100_
[དུ_100_],དུ_100_,དུ_100_,དུ_100_,དུ_100_,དུ_100_,དུ_100_,དུ_100_
[། _87_],། _87_,། _87_,། _87_,། _87_,། _87_,། །​_12_,། _87_
[ཀཱ་_100_],ཀཱ་_100_,ཀཱ་_100_,ཀཱ་_100_,ཀཱ་_100_,ཀཱ་_100_,ཀཱ་_100_,ཀཱ་_100_
[ཡ་_100_],ཡ་_100_,ཡ་_100_,ཡ་_100_,ཡ་_100_,ཡ་_100_,ཡ་_100_,ཡ་_100_
[ཏྲ་_75_],ཏྲ་_75_,ཏྲི་_25_,ཏྲི་_25_,ཏྲ་_75_,ཏྲ་_75_,ཏྲ་_75_,ཏྲ་_75_
[ཡ་_100_],ཡ་_100_,ཡ་_100_,ཡ་_100_,ཡ་_100_,ཡ་_100_,ཡ་_100_,ཡ་_100_
[སྟོ་_100_],སྟོ་_100_,སྟོ་_100_,སྟོ་_100_,སྟོ་_100_,སྟོ་_100_,སྟོ་_100_,སྟོ་_100_
[ཏྲ་_100_],ཏྲ་_100_,ཏྲ་_100_,ཏྲ་_100_,ཏྲ་_100_,ཏྲ་_100_,ཏྲ་_100_,ཏྲ་_100_
[ནཱ་_100_],ནཱ་_100_,ནཱ་_100_,ནཱ་_100_,ནཱ་_100_,ནཱ་_100_,ནཱ་_100_,ནཱ་_100_
[མ_100_],མ_100_,མ_100_,མ_100_,མ_100_,མ_100_,མ_100_,མ_100_
[། _100_],། _100_,། _100_,། _100_,། _100_,། _100_,། _100_,། _100_
[བོད་_100_],བོད་_100_,བོད་_100_,བོད་_100_,བོད་_100_,བོད་_100_,བོད་_100_,བོད་_100_
[སྐད་_100_],སྐད་_100_,སྐད་_100_,སྐད་_100_,སྐད་_100_,སྐད་_100_,སྐད་_100_,སྐད་_100_
[དུ_100_],དུ_100_,དུ_100_,དུ_100_,དུ_100_,དུ_100_,དུ_100_,དུ_100_
[། _100_],། _100_,། _100_,། _100_,། _100_,། _100_,། _100_,། _100_
[སྐུ་_100_],སྐུ་_100_,སྐུ་_100_,སྐུ་_100_,སྐུ་_100_,སྐུ་_100_,སྐུ་_100_,སྐུ་_100_
[གསུམ་_100_],གསུམ་_100_,གསུམ་_100_,གསུམ་_100_,གསུམ་_100_,གསུམ་_100_,གསུམ་_100_,གསུམ་_100_
[ལ་_100_],ལ་_100_,ལ་_100_,ལ་_100_,ལ་_100_,ལ་_100_,ལ་_100_,ལ་_100_
[བསྟོད་_100_],བསྟོད་_100_,བསྟོད་_100_,བསྟོད་_100_,བསྟོད་_100_,བསྟོད་_100_,བསྟོད་_100_,བསྟོད་_100_
[པ་ཞེས་བྱ་བ། །​_62_],པ་ཞེས་བྱ་བ། །​_62_,པ་།_25_,པ་།_25_,པ་ཞེས་བྱ་བ། །​_62_,པ་ཞེས་བྱ་བ། །​_62_,པ་ཞེས་བྱ་བ། །​_62_,པ་ཞེས་བྱ་བ། _12_
[འཕགས་_100_],འཕགས་_100_,འཕགས་_100_,འཕགས་_100_,འཕགས་_100_,འཕགས་_100_,འཕགས་_100_,འཕགས་_100_
[པ་_100_],པ་_100_,པ་_100_,པ་_100_,པ་_100_,པ་_100_,པ་_100_,པ་_100_
[འཇམ་_100_],འཇམ་_100_,འཇམ་_100_,འཇམ་_100_,འཇམ་_100_,འཇམ་_100_,འཇམ་_100_,འཇམ་_100_
[དཔལ་_100_],དཔལ་_100_,དཔལ་_100_,དཔལ་_100_,དཔལ་_100_,དཔལ་_100_,དཔལ་_100_,དཔལ་_100_
[གཞོན་_100_],གཞོན་_100_,གཞོན་_100_,གཞོན་_100_,གཞོན་_100_,གཞོན་_100_,གཞོན་_100_,གཞོན་_100_
[ནུར་གྱུར་_87_],ནུར་གྱུར་_87_,ནུར་གྱུར་_87_,ནུར་_12_,ནུར་གྱུར་_87_,ནུར་གྱུར་_87_,ནུར་གྱུར་_87_,ནུར་གྱུར་_87_
[པ་_100_],པ་_100_,པ་_100_,པ་_100_,པ་_100_,པ་_100_,པ་_100_,པ་_100_
[ལ་_100_],ལ་_100_,ལ་_100_,ལ་_100_,ལ་_100_,ལ་_100_,ལ་_100_,ལ་_100_
[ཕྱག་_100_],ཕྱག་_100_,ཕྱག་_100_,ཕྱག་_100_,ཕྱག་_100_,ཕྱག་_100_,ཕྱག་_100_,ཕྱག་_100_
[འཚལ་_100_],འཚལ་_100_,འཚལ་_100_,འཚལ་_100_,འཚལ་_100_,འཚལ་_100_,འཚལ་_100_,འཚལ་_100_
[ལོ_100_],ལོ_100_,ལོ_100_,ལོ_100_,ལོ_100_,ལོ_100_,ལོ_100_,ལོ_100_
[། །​_87_],། །​_87_,། །​_87_,། །​_87_,།།_12_,། །​_87_,། །​_87_,། །​_87_
[གཅིག་_100_],གཅིག་_100_,གཅིག་_100_,གཅིག་_100_,གཅིག་_100_,གཅིག་_100_,གཅིག་_100_,གཅིག་_100_
[མིན་_100_],མིན་_100_,མིན་_100_,མིན་_100_,མིན་_100_,མིན་_100_,མིན་_100_,མིན་_100_
[དུ་_100_],དུ་_100_,དུ་_100_,དུ་_100_,དུ་_100_,དུ་_100_,དུ་_100_,དུ་_100_
[མ་_100_],མ་_100_,མ་_100_,མ་_100_,མ་_100_,མ་_100_,མ་_100_,མ་_100_
[མ་_100_],མ་_100_,མ་_100_,མ་_100_,མ་_100_,མ་_100_,མ་_100_,མ་_100_
[ཡིན་_100_],ཡིན་_100_,ཡིན་_100_,ཡིན་_100_,ཡིན་_100_,ཡིན་_100_,ཡིན་_100_,ཡིན་_100_
[བདག་_100_],བདག་_100_,བདག་_100_,བདག་_100_,བདག་_100_,བདག་_100_,བདག་_100_,བདག་_100_
[དང་_100_],དང་_100_,དང་_100_,དང་_100_,དང་_100_,དང་_100_,དང་_100_,དང་_100_
[གཞན་_100_],གཞན་_100_,གཞན་_100_,གཞན་_100_,གཞན་_100_,གཞན་_100_,གཞན་_100_,གཞན་_100_
[ལ་_100_],ལ་_100_,ལ་_100_,ལ་_100_,ལ་_100_,ལ་_100_,ལ་_100_,ལ་_100_
[ཕན་_100_],ཕན་_100_,ཕན་_100_,ཕན་_100_,ཕན་_100_,ཕན་_100_,ཕན་_100_,ཕན་_100_
[པ་_100_],པ་_100_,པ་_100_,པ་_100_,པ་_100_,པ་_100_,པ་_100_,པ་_100_
[ཕུན་_100_],ཕུན་_100_,ཕུན་_100_,ཕུན་_100_,ཕུན་_100_,ཕུན་_100_,ཕུན་_100_,ཕུན་_100_
[སུམ་_100_],སུམ་_100_,སུམ་_100_,སུམ་_100_,སུམ་_100_,སུམ་_100_,སུམ་_100_,སུམ་_100_
[ཚོགས་_100_],ཚོགས་_100_,ཚོགས་_100_,ཚོགས་_100_,ཚོགས་_100_,ཚོགས་_100_,ཚོགས་_100_,ཚོགས་_100_
[ཆེན་_100_],ཆེན་_100_,ཆེན་_100_,ཆེན་_100_,ཆེན་_100_,ཆེན་_100_,ཆེན་_100_,ཆེན་_100_
[གཞིར་_100_],གཞིར་_100_,གཞིར་_100_,གཞིར་_100_,གཞིར་_100_,གཞིར་_100_,གཞིར་_100_,གཞིར་_100_
[གྱུར་_100_],གྱུར་_100_,གྱུར་_100_,གྱུར་_100_,གྱུར་_100_,གྱུར་_100_,གྱུར་_100_,གྱུར་_100_
[པ_100_],པ_100_,པ_100_,པ_100_,པ_100_,པ_100_,པ_100_,པ_100_
[། །​_87_],། །​_87_,། །​_87_,། །​_87_,།།_12_,། །​_87_,། །​_87_,། །​_87_
[དངོས་_100_],དངོས་_100_,དངོས་_100_,དངོས་_100_,དངོས་_100_,དངོས་_100_,དངོས་_100_,དངོས་_100_
[མིན་_100_],མིན་_100_,མིན་_100_,མིན་_100_,མིན་_100_,མིན་_100_,མིན་_100_,མིན་_100_
[དངོས་_100_],དངོས་_100_,དངོས་_100_,དངོས་_100_,དངོས་_100_,དངོས་_100_,དངོས་_100_,དངོས་_100_
[པོ་_100_],པོ་_100_,པོ་_100_,པོ་_100_,པོ་_100_,པོ་_100_,པོ་_100_,པོ་_100_
[མེད་_100_],མེད་_100_,མེད་_100_,མེད་_100_,མེད་_100_,མེད་_100_,མེད་_100_,མེད་_100_
[པ་_100_],པ་_100_,པ་_100_,པ་_100_,པ་_100_,པ་_100_,པ་_100_,པ་_100_
[མ་_100_],མ་_100_,མ་_100_,མ་_100_,མ་_100_,མ་_100_,མ་_100_,མ་_100_
[ཡིན་_100_],ཡིན་_100_,ཡིན་_100_,ཡིན་_100_,ཡིན་_100_,ཡིན་_100_,ཡིན་_100_,ཡིན་_100_
[མཁའ་_100_],མཁའ་_100_,མཁའ་_100_,མཁའ་_100_,མཁའ་_100_,མཁའ་_100_,མཁའ་_100_,མཁའ་_100_
[ལྟར་_100_],ལྟར་_100_,ལྟར་_100_,ལྟར་_100_,ལྟར་_100_,ལྟར་_100_,ལྟར་_100_,ལྟར་_100_
[རོ་_100_],རོ་_100_,རོ་_100_,རོ་_100_,རོ་_100_,རོ་_100_,རོ་_100_,རོ་_100_
[གཅིག་_100_],གཅིག་_100_,གཅིག་_100_,གཅིག་_100_,གཅིག་_100_,གཅིག་_100_,གཅིག་_100_,གཅིག་_100_
[རྟོགས་_100_],རྟོགས་_100_,རྟོགས་_100_,རྟོགས་_100_,རྟོགས་_100_,རྟོགས་_100_,རྟོགས་_100_,རྟོགས་_100_
[པར་_100_],པར་_100_,པར་_100_,པར་_100_,པར་_100_,པར་_100_,པར་_100_,པར་_100_
[དཀའ་_100_],དཀའ་_100_,དཀའ་_100_,དཀའ་_100_,དཀའ་_100_,དཀའ་_100_,དཀའ་_100_,དཀའ་_100_
[བའི་_100_],བའི་_100_,བའི་_100_,བའི་_100_,བའི་_100_,བའི་_100_,བའི་_100_,བའི་_100_
[རང་_100_],རང་_100_,རང་_100_,རང་_100_,རང་_100_,རང་_100_,རང་_100_,རང་_100_
[བཞིན་_100_],བཞིན་_100_,བཞིན་_100_,བཞིན་_100_,བཞིན་_100_,བཞིན་_100_,བཞིན་_100_,བཞིན་_100_
[ཅན_100_],ཅན_100_,ཅན_100_,ཅན_100_,ཅན_100_,ཅན_100_,ཅན_100_,ཅན_100_
[། །​_87_],། །​_87_,། །​_87_,། །​_87_,།།_12_,། །​_87_,། །​_87_,། །​_87_
[གོས་_100_],གོས་_100_,གོས་_100_,གོས་_100_,གོས་_100_,གོས་_100_,གོས་_100_,གོས་_100_
[པ་_100_],པ་_100_,པ་_100_,པ་_100_,པ་_100_,པ་_100_,པ་_100_,པ་_100_
[མེད་_100_],མེད་_100_,མེད་_100_,མེད་_100_,མེད་_100_,མེད་_100_,མེད་_100_,མེད་_100_
[ཅིང་_100_],ཅིང་_100_,ཅིང་_100_,ཅིང་_100_,ཅིང་_100_,ཅིང་_100_,ཅིང་_100_,ཅིང་_100_
[མི་_100_],མི་_100_,མི་_100_,མི་_100_,མི་_100_,མི་_100_,མི་_100_,མི་_100_
[འགྱུར་_100_],འགྱུར་_100_,འགྱུར་_100_,འགྱུར་_100_,འགྱུར་_100_,འགྱུར་_100_,འགྱུར་_100_,འགྱུར་_100_
[ཞི་_100_],ཞི་_100_,ཞི་_100_,ཞི་_100_,ཞི་_100_,ཞི་_100_,ཞི་_100_,ཞི་_100_
[ལ་_100_],ལ་_100_,ལ་_100_,ལ་_100_,ལ་_100_,ལ་_100_,ལ་_100_,ལ་_100_
[མི་_100_],མི་_100_,མི་_100_,མི་_100_,མི་_100_,མི་_100_,མི་_100_,མི་_100_
[མཉམ་_100_],མཉམ་_100_,མཉམ་_100_,མཉམ་_100_,མཉམ་_100_,མཉམ་_100_,མཉམ་_100_,མཉམ་_100_
[མཉམ་_100_],མཉམ་_100_,མཉམ་_100_,མཉམ་_100_,མཉམ་_100_,མཉམ་_100_,མཉམ་_100_,མཉམ་_100_
[པ་_100_],པ་_100_,པ་_100_,པ་_100_,པ་_100_,པ་_100_,པ་_100_,པ་_100_
[ཁྱབ་_100_],ཁྱབ་_100_,ཁྱབ་_100_,ཁྱབ་_100_,ཁྱབ་_100_,ཁྱབ་_100_,ཁྱབ་_100_,ཁྱབ་_100_
[པ་_100_],པ་_100_,པ་_100_,པ་_100_,པ་_100_,པ་_100_,པ་_100_,པ་_100_
[ཅན་_100_],ཅན་_100_,ཅན་_100_,ཅན་_100_,ཅན་_100_,ཅན་_100_,ཅན་_100_,ཅན་_100_
[ཏེ་_87_],ཏེ་_87_,ཏེ་_87_,ཏེ་_87_,ཏེ་_87_,ཏེ་_87_,སྟེ་_12_,ཏེ་_87_
[སྤྲོས་_100_],སྤྲོས་_100_,སྤྲོས་_100_,སྤྲོས་_100_,སྤྲོས་_100_,སྤྲོས་_100_,སྤྲོས་_100_,སྤྲོས་_100_
[མེད་_100_],མེད་_100_,མེད་_100_,མེད་_100_,མེད་_100_,མེད་_100_,མེད་_100_,མེད་_100_
[པ_100_],པ_100_,པ_100_,པ_100_,པ_100_,པ_100_,པ_100_,པ_100_
[། །​_87_],། །​_87_,། །​_87_,། །​_87_,།།_12_,། །​_87_,། །​_87_,། །​_87_
[སོ་_100_],སོ་_100_,སོ་_100_,སོ་_100_,སོ་_100_,སོ་_100_,སོ་_100_,སོ་_100_
[སོ་_100_],སོ་_100_,སོ་_100_,སོ་_100_,སོ་_100_,སོ་_100_,སོ་_100_,སོ་_100_
[རང་_100_],རང་_100_,རང་_100_,རང་_100_,རང་_100_,རང་_100_,རང་_100_,རང་_100_
[རིག་_100_],རིག་_100_,རིག་_100_,རིག་_100_,རིག་_100_,རིག་_100_,རིག་_100_,རིག་_100_
[རྒྱལ་_100_],རྒྱལ་_100_,རྒྱལ་_100_,རྒྱལ་_100_,རྒྱལ་_100_,རྒྱལ་_100_,རྒྱལ་_100_,རྒྱལ་_100_
[བ་_100_],བ་_100_,བ་_100_,བ་_100_,བ་_100_,བ་_100_,བ་_100_,བ་_100_
[རྣམས་_100_],རྣམས་_100_,རྣམས་_100_,རྣམས་_100_,རྣམས་_100_,རྣམས་_100_,རྣམས་_100_,རྣམས་_100_
[ཀྱི་_100_],ཀྱི་_100_,ཀྱི་_100_,ཀྱི་_100_,ཀྱི་_100_,ཀྱི་_100_,ཀྱི་_100_,ཀྱི་_100_
[ཆོས་_100_],ཆོས་_100_,ཆོས་_100_,ཆོས་_100_,ཆོས་_100_,ཆོས་_100_,ཆོས་_100_,ཆོས་_100_
[སྐུ་_100_],སྐུ་_100_,སྐུ་_100_,སྐུ་_100_,སྐུ་_100_,སྐུ་_100_,སྐུ་_100_,སྐུ་_100_
[དཔེ་_100_],དཔེ་_100_,དཔེ་_100_,དཔེ་_100_,དཔེ་_100_,དཔེ་_100_,དཔེ་_100_,དཔེ་_100_
[མེད་_100_],མེད་_100_,མེད་_100_,མེད་_100_,མེད་_100_,མེད་_100_,མེད་_100_,མེད་_100_
[གང་_100_],གང་_100_,གང་_100_,གང་_100_,གང་_100_,གང་_100_,གང་_100_,གང་_100_
[ཡིན་_100_],ཡིན་_100_,ཡིན་_100_,ཡིན་_100_,ཡིན་_100_,ཡིན་_100_,ཡིན་_100_,ཡིན་_100_
[དེ་_100_],དེ་_100_,དེ་_100_,དེ་_100_,དེ་_100_,དེ་_100_,དེ་_100_,དེ་_100_
[ལ་_100_],ལ་_100_,ལ་_100_,ལ་_100_,ལ་_100_,ལ་_100_,ལ་_100_,ལ་_100_
[བདག་_100_],བདག་_100_,བདག་_100_,བདག་_100_,བདག་_100_,བདག་_100_,བདག་_100_,བདག་_100_
[ཕྱག་_100_],ཕྱག་_100_,ཕྱག་_100_,ཕྱག་_100_,ཕྱག་_100_,ཕྱག་_100_,ཕྱག་_100_,ཕྱག་_100_
[འཚལ_100_],འཚལ_100_,འཚལ_100_,འཚལ_100_,འཚལ_100_,འཚལ_100_,འཚལ_100_,འཚལ_100_
[། །​_87_],། །​_87_,། །​_87_,། །​_87_,།།_12_,། །​_87_,། །​_87_,། །​_87_
[རང་_100_],རང་_100_,རང་_100_,རང་_100_,རང་_100_,རང་_100_,རང་_100_,རང་_100_
[གི་_100_],གི་_100_,གི་_100_,གི་_100_,གི་_100_,གི་_100_,གི་_100_,གི་_100_
[འབྱོར་_100_],འབྱོར་_100_,འབྱོར་_100_,འབྱོར་_100_,འབྱོར་_100_,འབྱོར་_100_,འབྱོར་_100_,འབྱོར་_100_
[པ་_100_],པ་_100_,པ་_100_,པ་_100_,པ་_100_,པ་_100_,པ་_100_,པ་_100_
[འཇིག་_100_],འཇིག་_100_,འཇིག་_100_,འཇིག་_100_,འཇིག་_100_,འཇིག་_100_,འཇིག་_100_,འཇིག་_100_
[རྟེན་_100_],རྟེན་_100_,རྟེན་_100_,རྟེན་_100_,རྟེན་_100_,རྟེན་_100_,རྟེན་_100_,རྟེན་_100_
[ལས་_100_],ལས་_100_,ལས་_100_,ལས་_100_,ལས་_100_,ལས་_100_,ལས་_100_,ལས་_100_
[འདས་_100_],འདས་_100_,འདས་_100_,འདས་_100_,འདས་_100_,འདས་_100_,འདས་_100_,འདས་_100_
[བསམ་_100_],བསམ་_100_,བསམ་_100_,བསམ་_100_,བསམ་_100_,བསམ་_100_,བསམ་_100_,བསམ་_100_
[གྱིས་_100_],གྱིས་_100_,གྱིས་_100_,གྱིས་_100_,གྱིས་_100_,གྱིས་_100_,གྱིས་_100_,གྱིས་_100_
[མི་_100_],མི་_100_,མི་_100_,མི་_100_,མི་_100_,མི་_100_,མི་_100_,མི་_100_
[ཁྱབ་_100_],ཁྱབ་_100_,ཁྱབ་_100_,ཁྱབ་_100_,ཁྱབ་_100_,ཁྱབ་_100_,ཁྱབ་_100_,ཁྱབ་_100_
[ལེགས་_100_],ལེགས་_100_,ལེགས་_100_,ལེགས་_100_,ལེགས་_100_,ལེགས་_100_,ལེགས་_100_,ལེགས་_100_
[མཛད་_100_],མཛད་_100_,མཛད་_100_,མཛད་_100_,མཛད་_100_,མཛད་_100_,མཛད་_100_,མཛད་_100_
[བརྒྱ་_100_],བརྒྱ་_100_,བརྒྱ་_100_,བརྒྱ་_100_,བརྒྱ་_100_,བརྒྱ་_100_,བརྒྱ་_100_,བརྒྱ་_100_
[ཡི་_100_],ཡི་_100_,ཡི་_100_,ཡི་_100_,ཡི་_100_,ཡི་_100_,ཡི་_100_,ཡི་_100_
[འབྲས་_100_],འབྲས་_100_,འབྲས་_100_,འབྲས་_100_,འབྲས་_100_,འབྲས་_100_,འབྲས་_100_,འབྲས་_100_
[བུ་_100_],བུ་_100_,བུ་_100_,བུ་_100_,བུ་_100_,བུ་_100_,བུ་_100_,བུ་_100_
[ནི_100_],ནི_100_,ནི_100_,ནི_100_,ནི_100_,ནི_100_,ནི_100_,ནི_100_
[། །​_87_],། །​_87_,། །​_87_,། །​_87_,།།_12_,། །​_87_,། །​_87_,། །​_87_
[བློ་_100_],བློ་_100_,བློ་_100_,བློ་_100_,བློ་_100_,བློ་_100_,བློ་_100_,བློ་_100_
[ཅན་_100_],ཅན་_100_,ཅན་_100_,ཅན་_100_,ཅན་_100_,ཅན་_100_,ཅན་_100_,ཅན་_100_
[རྣམས་_100_],རྣམས་_100_,རྣམས་_100_,རྣམས་_100_,རྣམས་_100_,རྣམས་_100_,རྣམས་_100_,རྣམས་_100_
[ཀྱི་_100_],ཀྱི་_100_,ཀྱི་_100_,ཀྱི་_100_,ཀྱི་_100_,ཀྱི་_100_,ཀྱི་_100_,ཀྱི་_100_
[དགའ་_100_],དགའ་_100_,དགའ་_100_,དགའ་_100_,དགའ་_100_,དགའ་_100_,དགའ་_100_,དགའ་_100_
[བ་_100_],བ་_100_,བ་_100_,བ་_100_,བ་_100_,བ་_100_,བ་_100_,བ་_100_
[བསྐྱེད་_100_],བསྐྱེད་_100_,བསྐྱེད་_100_,བསྐྱེད་_100_,བསྐྱེད་_100_,བསྐྱེད་_100_,བསྐྱེད་_100_,བསྐྱེད་_100_
[ཕྱིར་_100_],ཕྱིར་_100_,ཕྱིར་_100_,ཕྱིར་_100_,ཕྱིར་_100_,ཕྱིར་_100_,ཕྱིར་_100_,ཕྱིར་_100_
[འཁོར་_100_],འཁོར་_100_,འཁོར་_100_,འཁོར་_100_,འཁོར་_100_,འཁོར་_100_,འཁོར་_100_,འཁོར་_100_
[གྱི་_100_],གྱི་_100_,གྱི་_100_,གྱི་_100_,གྱི་_100_,གྱི་_100_,གྱི་_100_,གྱི་_100_
[ནང་_100_],ནང་_100_,ནང་_100_,ནང་_100_,ནང་_100_,ནང་_100_,ནང་_100_,ནང་_100_
[དུ་_100_],དུ་_100_,དུ་_100_,དུ་_100_,དུ་_100_,དུ་_100_,དུ་_100_,དུ་_100_
[སྣ་_100_],སྣ་_100_,སྣ་_100_,སྣ་_100_,སྣ་_100_,སྣ་_100_,སྣ་_100_,སྣ་_100_
[ཚོགས་_100_],ཚོགས་_100_,ཚོགས་_100_,ཚོགས་_100_,ཚོགས་_100_,ཚོགས་_100_,ཚོགས་_100_,ཚོགས་_100_
[རྒྱས་_100_],རྒྱས་_100_,རྒྱས་_100_,རྒྱས་_100_,རྒྱས་_100_,རྒྱས་_100_,རྒྱས་_100_,རྒྱས་_100_
[པར་_100_],པར་_100_,པར་_100_,པར་_100_,པར་_100_,པར་_100_,པར་_100_,པར་_100_
[སྟོན་_100_],སྟོན་_100_,སྟོན་_100_,སྟོན་_100_,སྟོན་_100_,སྟོན་_100_,སྟོན་_100_,སྟོན་_100_
[མཛད་_100_],མཛད་_100_,མཛད་_100_,མཛད་_100_,མཛད་_100_,མཛད་_100_,མཛད་_100_,མཛད་_100_
[ཅིང་_100_],ཅིང་_100_,ཅིང་_100_,ཅིང་_100_,ཅིང་_100_,ཅིང་_100_,ཅིང་_100_,ཅིང་_100_
[། །​_87_],། །​_87_,། །​_87_,། །​_87_,།།_12_,། །​_87_,། །​_87_,། །​_87_
[རྟག་_100_],རྟག་_100_,རྟག་_100_,རྟག་_100_,རྟག་_100_,རྟག་_100_,རྟག་_100_,རྟག་_100_
[ཏུ་_100_],ཏུ་_100_,ཏུ་_100_,ཏུ་_100_,ཏུ་_100_,ཏུ་_100_,ཏུ་_100_,ཏུ་_100_
[དམ་_100_],དམ་_100_,དམ་_100_,དམ་_100_,དམ་_100_,དམ་_100_,དམ་_100_,དམ་_100_
[པའི་_75_],པའི་_75_,པ་_25_,པ་_25_,པའི་_75_,པའི་_75_,པའི་_75_,པའི་_75_
[ཆོས་_100_],ཆོས་_100_,ཆོས་_100_,ཆོས་_100_,ཆོས་_100_,ཆོས་_100_,ཆོས་_100_,ཆོས་_100_
[ཀྱི་_100_],ཀྱི་_100_,ཀྱི་_100_,ཀྱི་_100_,ཀྱི་_100_,ཀྱི་_100_,ཀྱི་_100_,ཀྱི་_100_
[སྒྲ་_100_],སྒྲ་_100_,སྒྲ་_100_,སྒྲ་_100_,སྒྲ་_100_,སྒྲ་_100_,སྒྲ་_100_,སྒྲ་_100_
[སྐད་_100_],སྐད་_100_,སྐད་_100_,སྐད་_100_,སྐད་_100_,སྐད་_100_,སྐད་_100_,སྐད་_100_
[རྒྱ་_100_],རྒྱ་_100_,རྒྱ་_100_,རྒྱ་_100_,རྒྱ་_100_,རྒྱ་_100_,རྒྱ་_100_,རྒྱ་_100_
[ཆེན་_100_],ཆེན་_100_,ཆེན་_100_,ཆེན་_100_,ཆེན་_100_,ཆེན་_100_,ཆེན་_100_,ཆེན་_100_
[འཇིག་_100_],འཇིག་_100_,འཇིག་_100_,འཇིག་_100_,འཇིག་_100_,འཇིག་_100_,འཇིག་_100_,འཇིག་_100_
[རྟེན་_100_],རྟེན་_100_,རྟེན་_100_,རྟེན་_100_,རྟེན་_100_,རྟེན་_100_,རྟེན་_100_,རྟེན་_100_
[ཀུན་_100_],ཀུན་_100_,ཀུན་_100_,ཀུན་_100_,ཀུན་_100_,ཀུན་_100_,ཀུན་_100_,ཀུན་_100_
[དུ་_100_],དུ་_100_,དུ་_100_,དུ་_100_,དུ་_100_,དུ་_100_,དུ་_100_,དུ་_100_
[འཕྲོ་_100_],འཕྲོ་_100_,འཕྲོ་_100_,འཕྲོ་_100_,འཕྲོ་_100_,འཕྲོ་_100_,འཕྲོ་_100_,འཕྲོ་_100_
[བར་_100_],བར་_100_,བར་_100_,བར་_100_,བར་_100_,བར་_100_,བར་_100_,བར་_100_
[མཛད་_100_],མཛད་_100_,མཛད་_100_,མཛད་_100_,མཛད་_100_,མཛད་_100_,མཛད་_100_,མཛད་_100_
[པ་_100_],པ་_100_,པ་_100_,པ་_100_,པ་_100_,པ་_100_,པ་_100_,པ་_100_
[པོ_100_],པོ_100_,པོ_100_,པོ_100_,པོ_100_,པོ_100_,པོ_100_,པོ_100_
[། །​_87_],། །​_87_,། །​_87_,། །​_87_,།།_12_,། །​_87_,། །​_87_,། །​_87_
[སངས་_100_],སངས་_100_,སངས་_100_,སངས་_100_,སངས་_100_,སངས་_100_,སངས་_100_,སངས་_100_
[རྒྱས་_100_],རྒྱས་_100_,རྒྱས་_100_,རྒྱས་_100_,རྒྱས་_100_,རྒྱས་_100_,རྒྱས་_100_,རྒྱས་_100_
[ལོངས་_100_],ལོངས་_100_,ལོངས་_100_,ལོངས་_100_,ལོངས་_100_,ལོངས་_100_,ལོངས་_100_,ལོངས་_100_
[སྤྱོད་_100_],སྤྱོད་_100_,སྤྱོད་_100_,སྤྱོད་_100_,སྤྱོད་_100_,སྤྱོད་_100_,སྤྱོད་_100_,སྤྱོད་_100_
[རྫོགས་_100_],རྫོགས་_100_,རྫོགས་_100_,རྫོགས་_100_,རྫོགས་_100_,རྫོགས་_100_,རྫོགས་_100_,རྫོགས་_100_
[སྐུ་_100_],སྐུ་_100_,སྐུ་_100_,སྐུ་_100_,སྐུ་_100_,སྐུ་_100_,སྐུ་_100_,སྐུ་_100_
[ཆོས་_100_],ཆོས་_100_,ཆོས་_100_,ཆོས་_100_,ཆོས་_100_,ཆོས་_100_,ཆོས་_100_,ཆོས་_100_
[ཀྱི་_100_],ཀྱི་_100_,ཀྱི་_100_,ཀྱི་_100_,ཀྱི་_100_,ཀྱི་_100_,ཀྱི་_100_,ཀྱི་_100_
[རྒྱལ་_100_],རྒྱལ་_100_,རྒྱལ་_100_,རྒྱལ་_100_,རྒྱལ་_100_,རྒྱལ་_100_,རྒྱལ་_100_,རྒྱལ་_100_
[སྲིད་_100_],སྲིད་_100_,སྲིད་_100_,སྲིད་_100_,སྲིད་_100_,སྲིད་_100_,སྲིད་_100_,སྲིད་_100_
[གནས་_100_],གནས་_100_,གནས་_100_,གནས་_100_,གནས་_100_,གནས་_100_,གནས་_100_,གནས་_100_
[པ་_100_],པ་_100_,པ་_100_,པ་_100_,པ་_100_,པ་_100_,པ་_100_,པ་_100_
[གང་_100_],གང་_100_,གང་_100_,གང་_100_,གང་_100_,གང་_100_,གང་_100_,གང་_100_
[ཡིན་_100_],ཡིན་_100_,ཡིན་_100_,ཡིན་_100_,ཡིན་_100_,ཡིན་_100_,ཡིན་_100_,ཡིན་_100_
[དེ་_100_],དེ་_100_,དེ་_100_,དེ་_100_,དེ་_100_,དེ་_100_,དེ་_100_,དེ་_100_
[ལ་_100_],ལ་_100_,ལ་_100_,ལ་_100_,ལ་_100_,ལ་_100_,ལ་_100_,ལ་_100_
[ཕྱག་_100_],ཕྱག་_100_,ཕྱག་_100_,ཕྱག་_100_,ཕྱག་_100_,ཕྱག་_100_,ཕྱག་_100_,ཕྱག་_100_
[འཚལ་_100_],འཚལ་_100_,འཚལ་_100_,འཚལ་_100_,འཚལ་_100_,འཚལ་_100_,འཚལ་_100_,འཚལ་_100_
[ལོ_100_],ལོ_100_,ལོ_100_,ལོ_100_,ལོ_100_,ལོ_100_,ལོ_100_,ལོ_100_
[། །​_87_],། །​_87_,། །​_87_,། །​_87_,།།_12_,། །​_87_,། །​_87_,། །​_87_
[སེམས་_100_],སེམས་_100_,སེམས་_100_,སེམས་_100_,སེམས་_100_,སེམས་_100_,སེམས་_100_,སེམས་_100_
[ཅན་_100_],ཅན་_100_,ཅན་_100_,ཅན་_100_,ཅན་_100_,ཅན་_100_,ཅན་_100_,ཅན་_100_
[རྣམས་_100_],རྣམས་_100_,རྣམས་_100_,རྣམས་_100_,རྣམས་_100_,རྣམས་_100_,རྣམས་_100_,རྣམས་_100_
[ནི་_100_],ནི་_100_,ནི་_100_,ནི་_100_,ནི་_100_,ནི་_100_,ནི་_100_,ནི་_100_
[སྨིན་_100_],སྨིན་_100_,སྨིན་_100_,སྨིན་_100_,སྨིན་_100_,སྨིན་_100_,སྨིན་_100_,སྨིན་_100_
[པར་_100_],པར་_100_,པར་_100_,པར་_100_,པར་_100_,པར་_100_,པར་_100_,པར་_100_
[མཛད་_100_],མཛད་_100_,མཛད་_100_,མཛད་_100_,མཛད་_100_,མཛད་_100_,མཛད་_100_,མཛད་_100_
[ཕྱིར་_100_],ཕྱིར་_100_,ཕྱིར་_100_,ཕྱིར་_100_,ཕྱིར་_100_,ཕྱིར་_100_,ཕྱིར་_100_,ཕྱིར་_100_
[ལ་_100_],ལ་_100_,ལ་_100_,ལ་_100_,ལ་_100_,ལ་_100_,ལ་_100_,ལ་_100_
[ལ་_100_],ལ་_100_,ལ་_100_,ལ་_100_,ལ་_100_,ལ་_100_,ལ་_100_,ལ་_100_
[དག་_100_],དག་_100_,དག་_100_,དག་_100_,དག་_100_,དག་_100_,དག་_100_,དག་_100_
[ཏུ་_100_],ཏུ་_100_,ཏུ་_100_,ཏུ་_100_,ཏུ་_100_,ཏུ་_100_,ཏུ་_100_,ཏུ་_100_
[མེ་_100_],མེ་_100_,མེ་_100_,མེ་_100_,མེ་_100_,མེ་_100_,མེ་_100_,མེ་_100_
[འབར་_100_],འབར་_100_,འབར་_100_,འབར་_100_,འབར་_100_,འབར་_100_,འབར་_100_,འབར་_100_
[བཞིན་_100_],བཞིན་_100_,བཞིན་_100_,བཞིན་_100_,བཞིན་_100_,བཞིན་_100_,བཞིན་_100_,བཞིན་_100_
[དུ་_100_],དུ་_100_,དུ་_100_,དུ་_100_,དུ་_100_,དུ་_100_,དུ་_100_,དུ་_100_
[གང་_100_],གང་_100_,གང་_100_,གང་_100_,གང་_100_,གང་_100_,གང་_100_,གང་_100_
[སྣང་_100_],སྣང་_100_,སྣང་_100_,སྣང་_100_,སྣང་_100_,སྣང་_100_,སྣང་_100_,སྣང་_100_
[ཞིང་_100_],ཞིང་_100_,ཞིང་_100_,ཞིང་_100_,ཞིང་_100_,ཞིང་_100_,ཞིང་_100_,ཞིང་_100_
[། །​_87_],། །​_87_,། །​_87_,། །​_87_,།།_12_,། །​_87_,། །​_87_,། །​_87_
[ལ་_100_],ལ་_100_,ལ་_100_,ལ་_100_,ལ་_100_,ལ་_100_,ལ་_100_,ལ་_100_
[ལར་ཡང་_75_],ལར་ཡང་_75_,ལ་རུ་_25_,ལ་རུ་_25_,ལར་ཡང་_75_,ལར་ཡང་_75_,ལར་ཡང་_75_,ལར་ཡང་_75_
[ནི་_100_],ནི་_100_,ནི་_100_,ནི་_100_,ནི་_100_,ནི་_100_,ནི་_100_,ནི་_100_
[རྫོགས་_100_],རྫོགས་_100_,རྫོགས་_100_,རྫོགས་_100_,རྫོགས་_100_,རྫོགས་_100_,རྫོགས་_100_,རྫོགས་_100_
[པར་_100_],པར་_100_,པར་_100_,པར་_100_,པར་_100_,པར་_100_,པར་_100_,པར་_100_
[བྱང་_100_],བྱང་_100_,བྱང་_100_,བྱང་_100_,བྱང་_100_,བྱང་_100_,བྱང་_100_,བྱང་_100_
[ཆུབ་_100_],ཆུབ་_100_,ཆུབ་_100_,ཆུབ་_100_,ཆུབ་_100_,ཆུབ་_100_,ཆུབ་_100_,ཆུབ་_100_
[ཆོས་_100_],ཆོས་_100_,ཆོས་_100_,ཆོས་_100_,ཆོས་_100_,ཆོས་_100_,ཆོས་_100_,ཆོས་_100_
[ཀྱི་_100_],ཀྱི་_100_,ཀྱི་_100_,ཀྱི་_100_,ཀྱི་_100_,ཀྱི་_100_,ཀྱི་_100_,ཀྱི་_100_
[འཁོར་_100_],འཁོར་_100_,འཁོར་_100_,འཁོར་_100_,འཁོར་_100_,འཁོར་_100_,འཁོར་_100_,འཁོར་_100_
[ལོ་_100_],ལོ་_100_,ལོ་_100_,ལོ་_100_,ལོ་_100_,ལོ་_100_,ལོ་_100_,ལོ་_100_
[རབ་_100_],རབ་_100_,རབ་_100_,རབ་_100_,རབ་_100_,རབ་_100_,རབ་_100_,རབ་_100_
[ཏུ་_100_],ཏུ་_100_,ཏུ་_100_,ཏུ་_100_,ཏུ་_100_,ཏུ་_100_,ཏུ་_100_,ཏུ་_100_
[ཞི་_100_],ཞི་_100_,ཞི་_100_,ཞི་_100_,ཞི་_100_,ཞི་_100_,ཞི་_100_,ཞི་_100_
[བར་_100_],བར་_100_,བར་_100_,བར་_100_,བར་_100_,བར་_100_,བར་_100_,བར་_100_
[གང་_100_],གང་_100_,གང་_100_,གང་_100_,གང་_100_,གང་_100_,གང་_100_,གང་_100_
[སྣང་_100_],སྣང་_100_,སྣང་_100_,སྣང་_100_,སྣང་_100_,སྣང་_100_,སྣང་_100_,སྣང་_100_
[ལ_100_],ལ_100_,ལ_100_,ལ_100_,ལ_100_,ལ_100_,ལ_100_,ལ_100_
[། །​_87_],། །​_87_,། །​_87_,། །​_87_,།།_12_,། །​_87_,། །​_87_,། །​_87_
[སྣ་_100_],སྣ་_100_,སྣ་_100_,སྣ་_100_,སྣ་_100_,སྣ་_100_,སྣ་_100_,སྣ་_100_
[ཚོགས་_100_],ཚོགས་_100_,ཚོགས་_100_,ཚོགས་_100_,ཚོགས་_100_,ཚོགས་_100_,ཚོགས་_100_,ཚོགས་_100_
[ཐབས་_100_],ཐབས་_100_,ཐབས་_100_,ཐབས་_100_,ཐབས་_100_,ཐབས་_100_,ཐབས་_100_,ཐབས་_100_
[ཚུལ་_75_],ཚུལ་_75_,ཚུལ་རྣམས་ཀྱི་_25_,ཚུལ་རྣམས་ཀྱི་_25_,ཚུལ་_75_,ཚུལ་_75_,ཚུལ་_75_,ཚུལ་_75_
[རྣམ་_100_],རྣམ་_100_,རྣམ་_100_,རྣམ་_100_,རྣམ་_100_,རྣམ་_100_,རྣམ་_100_,རྣམ་_100_
[པ་_100_],པ་_100_,པ་_100_,པ་_100_,པ་_100_,པ་_100_,པ་_100_,པ་_100_
[དུ་_100_],དུ་_100_,དུ་_100_,དུ་_100_,དུ་_100_,དུ་_100_,དུ་_100_,དུ་_100_
[མར་_100_],མར་_100_,མར་_100_,མར་_100_,མར་_100_,མར་_100_,མར་_100_,མར་_100_
[འཇུག་_100_],འཇུག་_100_,འཇུག་_100_,འཇུག་_100_,འཇུག་_100_,འཇུག་_100_,འཇུག་_100_,འཇུག་_100_
[ཅིང་_100_],ཅིང་_100_,ཅིང་_100_,ཅིང་_100_,ཅིང་_100_,ཅིང་_100_,ཅིང་_100_,ཅིང་_100_
[སྲིད་_100_],སྲིད་_100_,སྲིད་_100_,སྲིད་_100_,སྲིད་_100_,སྲིད་_100_,སྲིད་_100_,སྲིད་_100_
[པ་_100_],པ་_100_,པ་_100_,པ་_100_,པ་_100_,པ་_100_,པ་_100_,པ་_100_
[གསུམ་_100_],གསུམ་_100_,གསུམ་_100_,གསུམ་_100_,གསུམ་_100_,གསུམ་_100_,གསུམ་_100_,གསུམ་_100_
[གྱི་_100_],གྱི་_100_,གྱི་_100_,གྱི་_100_,གྱི་_100_,གྱི་_100_,གྱི་_100_,གྱི་_100_
[འཇིགས་_100_],འཇིགས་_100_,འཇིགས་_100_,འཇིགས་_100_,འཇིགས་_100_,འཇིགས་_100_,འཇིགས་_100_,འཇིགས་_100_
[སེལ་_100_],སེལ་_100_,སེལ་_100_,སེལ་_100_,སེལ་_100_,སེལ་_100_,སེལ་_100_,སེལ་_100_
[བ_100_],བ_100_,བ_100_,བ_100_,བ_100_,བ_100_,བ_100_,བ_100_
[། །​_87_],། །​_87_,། །​_87_,། །​_87_,།།_12_,། །​_87_,། །​_87_,། །​_87_
[ཕྱོགས་_100_],ཕྱོགས་_100_,ཕྱོགས་_100_,ཕྱོགས་_100_,ཕྱོགས་_100_,ཕྱོགས་_100_,ཕྱོགས་_100_,ཕྱོགས་_100_
[བཅུར་_100_],བཅུར་_100_,བཅུར་_100_,བཅུར་_100_,བཅུར་_100_,བཅུར་_100_,བཅུར་_100_,བཅུར་_100_
[ཆུབ་_100_],ཆུབ་_100_,ཆུབ་_100_,ཆུབ་_100_,ཆུབ་_100_,ཆུབ་_100_,ཆུབ་_100_,ཆུབ་_100_
[མཛད་_100_],མཛད་_100_,མཛད་_100_,མཛད་_100_,མཛད་_100_,མཛད་_100_,མཛད་_100_,མཛད་_100_
[ཐུབ་_100_],ཐུབ་_100_,ཐུབ་_100_,ཐུབ་_100_,ཐུབ་_100_,ཐུབ་_100_,ཐུབ་_100_,ཐུབ་_100_
[པ་_100_],པ་_100_,པ་_100_,པ་_100_,པ་_100_,པ་_100_,པ་_100_,པ་_100_
[རྣམས་_100_],རྣམས་_100_,རྣམས་_100_,རྣམས་_100_,རྣམས་_100_,རྣམས་_100_,རྣམས་_100_,རྣམས་_100_
[ཀྱི་_100_],ཀྱི་_100_,ཀྱི་_100_,ཀྱི་_100_,ཀྱི་_100_,ཀྱི་_100_,ཀྱི་_100_,ཀྱི་_100_
[སྤྲུལ་_100_],སྤྲུལ་_100_,སྤྲུལ་_100_,སྤྲུལ་_100_,སྤྲུལ་_100_,སྤྲུལ་_100_,སྤྲུལ་_100_,སྤྲུལ་_100_
[སྐུ་_100_],སྐུ་_100_,སྐུ་_100_,སྐུ་_100_,སྐུ་_100_,སྐུ་_100_,སྐུ་_100_,སྐུ་_100_
[དོན་_100_],དོན་_100_,དོན་_100_,དོན་_100_,དོན་_100_,དོན་_100_,དོན་_100_,དོན་_100_
[ཆེན་_100_],ཆེན་_100_,ཆེན་_100_,ཆེན་_100_,ཆེན་_100_,ཆེན་_100_,ཆེན་_100_,ཆེན་_100_
[གང་_100_],གང་_100_,གང་_100_,གང་_100_,གང་_100_,གང་_100_,གང་_100_,གང་_100_
[ཡིན་_100_],ཡིན་_100_,ཡིན་_100_,ཡིན་_100_,ཡིན་_100_,ཡིན་_100_,ཡིན་_100_,ཡིན་_100_
[དེ་_100_],དེ་_100_,དེ་_100_,དེ་_100_,དེ་_100_,དེ་_100_,དེ་_100_,དེ་_100_
[ལ་_100_],ལ་_100_,ལ་_100_,ལ་_100_,ལ་_100_,ལ་_100_,ལ་_100_,ལ་_100_
[ཕྱག་_100_],ཕྱག་_100_,ཕྱག་_100_,ཕྱག་_100_,ཕྱག་_100_,ཕྱག་_100_,ཕྱག་_100_,ཕྱག་_100_
[འཚལ་_100_],འཚལ་_100_,འཚལ་_100_,འཚལ་_100_,འཚལ་_100_,འཚལ་_100_,འཚལ་_100_,འཚལ་_100_
[ལོ_100_],ལོ_100_,ལོ_100_,ལོ_100_,ལོ_100_,ལོ_100_,ལོ_100_,ལོ_100_
[། །​_87_],། །​_87_,། །​_87_,། །​_87_,།།_12_,། །​_87_,། །​_87_,། །​_87_
[སེམས་_100_],སེམས་_100_,སེམས་_100_,སེམས་_100_,སེམས་_100_,སེམས་_100_,སེམས་_100_,སེམས་_100_
[ཅན་_100_],ཅན་_100_,ཅན་_100_,ཅན་_100_,ཅན་_100_,ཅན་_100_,ཅན་_100_,ཅན་_100_
[དོན་_100_],དོན་_100_,དོན་_100_,དོན་_100_,དོན་_100_,དོན་_100_,དོན་_100_,དོན་_100_
[གཅིག་_100_],གཅིག་_100_,གཅིག་_100_,གཅིག་_100_,གཅིག་_100_,གཅིག་_100_,གཅིག་_100_,གཅིག་_100_
[རྒྱུན་_100_],རྒྱུན་_100_,རྒྱུན་_100_,རྒྱུན་_100_,རྒྱུན་_100_,རྒྱུན་_100_,རྒྱུན་_100_,རྒྱུན་_100_
[དུ་_100_],དུ་_100_,དུ་_100_,དུ་_100_,དུ་_100_,དུ་_100_,དུ་_100_,དུ་_100_
[མཛད་_100_],མཛད་_100_,མཛད་_100_,མཛད་_100_,མཛད་_100_,མཛད་_100_,མཛད་_100_,མཛད་_100_
[ཅིང་_100_],ཅིང་_100_,ཅིང་_100_,ཅིང་_100_,ཅིང་_100_,ཅིང་_100_,ཅིང་_100_,ཅིང་_100_
[བསོད་_100_],བསོད་_100_,བསོད་_100_,བསོད་_100_,བསོད་_100_,བསོད་_100_,བསོད་_100_,བསོད་_100_
[ནམས་_100_],ནམས་_100_,ནམས་_100_,ནམས་_100_,ནམས་_100_,ནམས་_100_,ནམས་_100_,ནམས་_100_
[ཡེ་_100_],ཡེ་_100_,ཡེ་_100_,ཡེ་_100_,ཡེ་_100_,ཡེ་_100_,ཡེ་_100_,ཡེ་_100_
[ཤེས་_100_],ཤེས་_100_,ཤེས་_100_,ཤེས་_100_,ཤེས་_100_,ཤེས་_100_,ཤེས་_100_,ཤེས་_100_
[ཆེན་_100_],ཆེན་_100_,ཆེན་_100_,ཆེན་_100_,ཆེན་_100_,ཆེན་_100_,ཆེན་_100_,ཆེན་_100_
[པོ་_100_],པོ་_100_,པོ་_100_,པོ་_100_,པོ་_100_,པོ་_100_,པོ་_100_,པོ་_100_
[དཔག་_100_],དཔག་_100_,དཔག་_100_,དཔག་_100_,དཔག་_100_,དཔག་_100_,དཔག་_100_,དཔག་_100_
[མེད་_100_],མེད་_100_,མེད་_100_,མེད་_100_,མེད་_100_,མེད་_100_,མེད་_100_,མེད་_100_
[ལས་_100_],ལས་_100_,ལས་_100_,ལས་_100_,ལས་_100_,ལས་_100_,ལས་_100_,ལས་_100_
[བྱུང་_100_],བྱུང་_100_,བྱུང་_100_,བྱུང་_100_,བྱུང་_100_,བྱུང་_100_,བྱུང་_100_,བྱུང་_100_
[བའི_100_],བའི_100_,བའི_100_,བའི_100_,བའི_100_,བའི_100_,བའི_100_,བའི_100_
[། །​_87_],། །​_87_,། །​_87_,། །​_87_,།།_12_,། །​_87_,། །​_87_,། །​_87_
[བདེ་_100_],བདེ་_100_,བདེ་_100_,བདེ་_100_,བདེ་_100_,བདེ་_100_,བདེ་_100_,བདེ་_100_
[བར་_100_],བར་_100_,བར་_100_,བར་_100_,བར་_100_,བར་_100_,བར་_100_,བར་_100_
[གཤེགས་_100_],གཤེགས་_100_,གཤེགས་_100_,གཤེགས་_100_,གཤེགས་_100_,གཤེགས་_100_,གཤེགས་_100_,གཤེགས་_100_
[པ་_100_],པ་_100_,པ་_100_,པ་_100_,པ་_100_,པ་_100_,པ་_100_,པ་_100_
[རྣམས་_100_],རྣམས་_100_,རྣམས་_100_,རྣམས་_100_,རྣམས་_100_,རྣམས་_100_,རྣམས་_100_,རྣམས་_100_
[ཀྱི་_100_],ཀྱི་_100_,ཀྱི་_100_,ཀྱི་_100_,ཀྱི་_100_,ཀྱི་_100_,ཀྱི་_100_,ཀྱི་_100_
[སྐུ་_100_],སྐུ་_100_,སྐུ་_100_,སྐུ་_100_,སྐུ་_100_,སྐུ་_100_,སྐུ་_100_,སྐུ་_100_
[གསུམ་_100_],གསུམ་_100_,གསུམ་_100_,གསུམ་_100_,གསུམ་_100_,གསུམ་_100_,གསུམ་_100_,གསུམ་_100_
[ཡིད་_100_],ཡིད་_100_,ཡིད་_100_,ཡིད་_100_,ཡིད་_100_,ཡིད་_100_,ཡིད་_100_,ཡིད་_100_
[དང་_100_],དང་_100_,དང་_100_,དང་_100_,དང་_100_,དང་_100_,དང་_100_,དང་_100_
[ཚིག་_100_],ཚིག་_100_,ཚིག་_100_,ཚིག་_100_,ཚིག་_100_,ཚིག་_100_,ཚིག་_100_,ཚིག་_100_
[གི་_100_],གི་_100_,གི་_100_,གི་_100_,གི་_100_,གི་_100_,གི་_100_,གི་_100_
[ལམ་_87_],ལམ་_87_,ལམ་_87_,ལམ་_87_,ལམ་_87_,ལམ་ _12_,ལམ་_87_,ལམ་_87_
[ལས་_100_],ལས་_100_,ལས་_100_,ལས་_100_,ལས་_100_,ལས་_100_,ལས་_100_,ལས་_100_
[རབ་_100_],རབ་_100_,རབ་_100_,རབ་_100_,རབ་_100_,རབ་_100_,རབ་_100_,རབ་_100_
[ཏུ་_100_],ཏུ་_100_,ཏུ་_100_,ཏུ་_100_,ཏུ་_100_,ཏུ་_100_,ཏུ་_100_,ཏུ་_100_
[འདས་_100_],འདས་_100_,འདས་_100_,འདས་_100_,འདས་_100_,འདས་_100_,འདས་_100_,འདས་_100_
[པ་_100_],པ་_100_,པ་_100_,པ་_100_,པ་_100_,པ་_100_,པ་_100_,པ་_100_
[ལ_100_],ལ_100_,ལ_100_,ལ_100_,ལ_100_,ལ_100_,ལ_100_,ལ_100_
[། །​_87_],། །​_87_,། །​_87_,། །​_87_,།།_12_,། །​_87_,། །​_87_,། །​_87_
[བདག་_100_],བདག་_100_,བདག་_100_,བདག་_100_,བདག་_100_,བདག་_100_,བདག་_100_,བདག་_100_
[གིས་_75_],གིས་_75_,གི་_25_,གི་_25_,གིས་_75_,གིས་_75_,གིས་_75_,གིས་_75_
[དད་_100_],དད་_100_,དད་_100_,དད་_100_,དད་_100_,དད་_100_,དད་_100_,དད་_100_
[པས་_100_],པས་_100_,པས་_100_,པས་_100_,པས་_100_,པས་_100_,པས་_100_,པས་_100_
[ཕྱག་_100_],ཕྱག་_100_,ཕྱག་_100_,ཕྱག་_100_,ཕྱག་_100_,ཕྱག་_100_,ཕྱག་_100_,ཕྱག་_100_
[བྱས་_100_],བྱས་_100_,བྱས་_100_,བྱས་_100_,བྱས་_100_,བྱས་_100_,བྱས་_100_,བྱས་_100_
[དགེ་_100_],དགེ་_100_,དགེ་_100_,དགེ་_100_,དགེ་_100_,དགེ་_100_,དགེ་_100_,དགེ་_100_
[བ་_100_],བ་_100_,བ་_100_,བ་_100_,བ་_100_,བ་_100_,བ་_100_,བ་_100_
[བྱང་_100_],བྱང་_100_,བྱང་_100_,བྱང་_100_,བྱང་_100_,བྱང་_100_,བྱང་_100_,བྱང་_100_
[ཆུབ་_100_],ཆུབ་_100_,ཆུབ་_100_,ཆུབ་_100_,ཆུབ་_100_,ཆུབ་_100_,ཆུབ་_100_,ཆུབ་_100_
[ས་_100_],ས་_100_,ས་_100_,ས་_100_,ས་_100_,ས་_100_,ས་_100_,ས་_100_
[བོན་_100_],བོན་_100_,བོན་_100_,བོན་_100_,བོན་_100_,བོན་_100_,བོན་_100_,བོན་_100_
[བསགས་_100_],བསགས་_100_,བསགས་_100_,བསགས་_100_,བསགས་_100_,བསགས་_100_,བསགས་_100_,བསགས་_100_
[པར་_100_],པར་_100_,པར་_100_,པར་_100_,པར་_100_,པར་_100_,པར་_100_,པར་_100_
[གྱུར་_100_],གྱུར་_100_,གྱུར་_100_,གྱུར་_100_,གྱུར་_100_,གྱུར་_100_,གྱུར་_100_,གྱུར་_100_
[པ་_100_],པ་_100_,པ་_100_,པ་_100_,པ་_100_,པ་_100_,པ་_100_,པ་_100_
[གང་_100_],གང་_100_,གང་_100_,གང་_100_,གང་_100_,གང་_100_,གང་_100_,གང་_100_
[ཡིན་_100_],ཡིན་_100_,ཡིན་_100_,ཡིན་_100_,ཡིན་_100_,ཡིན་_100_,ཡིན་_100_,ཡིན་_100_
[དེས_100_],དེས_100_,དེས_100_,དེས_100_,དེས_100_,དེས_100_,དེས_100_,དེས_100_
[། །​_87_],། །​_87_,། །​_87_,། །​_87_,།།_12_,། །​_87_,། །​_87_,། །​_87_
[སྐུ་_100_],སྐུ་_100_,སྐུ་_100_,སྐུ་_100_,སྐུ་_100_,སྐུ་_100_,སྐུ་_100_,སྐུ་_100_
[གསུམ་_100_],གསུམ་_100_,གསུམ་_100_,གསུམ་_100_,གསུམ་_100_,གསུམ་_100_,གསུམ་_100_,གསུམ་_100_
[ཐོབ་_100_],ཐོབ་_100_,ཐོབ་_100_,ཐོབ་_100_,ཐོབ་_100_,ཐོབ་_100_,ཐོབ་_100_,ཐོབ་_100_
[ནས་_100_],ནས་_100_,ནས་_100_,ནས་_100_,ནས་_100_,ནས་_100_,ནས་_100_,ནས་_100_
[འགྲོ་_100_],འགྲོ་_100_,འགྲོ་_100_,འགྲོ་_100_,འགྲོ་_100_,འགྲོ་_100_,འགྲོ་_100_,འགྲོ་_100_
[བ་_100_],བ་_100_,བ་_100_,བ་_100_,བ་_100_,བ་_100_,བ་_100_,བ་_100_
[འདི་_100_],འདི་_100_,འདི་_100_,འདི་_100_,འདི་_100_,འདི་_100_,འདི་_100_,འདི་_100_
[དག་_100_],དག་_100_,དག་_100_,དག་_100_,དག་_100_,དག་_100_,དག་_100_,དག་_100_
[མ་_100_],མ་_100_,མ་_100_,མ་_100_,མ་_100_,མ་_100_,མ་_100_,མ་_100_
[ལུས་_100_],ལུས་_100_,ལུས་_100_,ལུས་_100_,ལུས་_100_,ལུས་_100_,ལུས་_100_,ལུས་_100_
[བྱང་_100_],བྱང་_100_,བྱང་_100_,བྱང་_100_,བྱང་_100_,བྱང་_100_,བྱང་_100_,བྱང་_100_
[ཆུབ་_100_],ཆུབ་_100_,ཆུབ་_100_,ཆུབ་_100_,ཆུབ་_100_,ཆུབ་_100_,ཆུབ་_100_,ཆུབ་_100_
[ལམ་_100_],ལམ་_100_,ལམ་_100_,ལམ་_100_,ལམ་_100_,ལམ་_100_,ལམ་_100_,ལམ་_100_
[ལ་_100_],ལ་_100_,ལ་_100_,ལ་_100_,ལ་_100_,ལ་_100_,ལ་_100_,ལ་_100_
[ངེས་_100_],ངེས་_100_,ངེས་_100_,ངེས་_100_,ངེས་_100_,ངེས་_100_,ངེས་_100_,ངེས་_100_
[པར་_100_],པར་_100_,པར་_100_,པར་_100_,པར་_100_,པར་_100_,པར་_100_,པར་_100_
[འཛུད་_75_],འཛུད་_75_,འཇུག་_25_,འཇུག་_25_,འཛུད་_75_,འཛུད་_75_,འཛུད་_75_,འཛུད་_75_
[པར་_100_],པར་_100_,པར་_100_,པར་_100_,པར་_100_,པར་_100_,པར་_100_,པར་_100_
[ཤོག _100_],ཤོག _100_,ཤོག _100_,ཤོག _100_,ཤོག _100_,ཤོག _100_,ཤོག _100_,ཤོག _100_
[།​_100_],།​_100_,།​_100_,།​_100_,།​_100_,།​_100_,།​_100_,།​_100_
[སྐུ་_100_],སྐུ་_100_,སྐུ་_100_,སྐུ་_100_,སྐུ་_100_,སྐུ་_100_,སྐུ་_100_,སྐུ་_100_
[གསུམ་_100_],གསུམ་_100_,གསུམ་_100_,གསུམ་_100_,གསུམ་_100_,གསུམ་_100_,གསུམ་_100_,གསུམ་_100_
[ལ་_100_],ལ་_100_,ལ་_100_,ལ་_100_,ལ་_100_,ལ་_100_,ལ་_100_,ལ་_100_
[བསྟོད་_100_],བསྟོད་_100_,བསྟོད་_100_,བསྟོད་_100_,བསྟོད་_100_,བསྟོད་_100_,བསྟོད་_100_,བསྟོད་_100_
[པ་_100_],པ་_100_,པ་_100_,པ་_100_,པ་_100_,པ་_100_,པ་_100_,པ་_100_
[ཞེས་_100_],ཞེས་_100_,ཞེས་_100_,ཞེས་_100_,ཞེས་_100_,ཞེས་_100_,ཞེས་_100_,ཞེས་_100_
[བྱ་_100_],བྱ་_100_,བྱ་_100_,བྱ་_100_,བྱ་_100_,བྱ་_100_,བྱ་_100_,བྱ་_100_
[བ་_100_],བ་_100_,བ་_100_,བ་_100_,བ་_100_,བ་_100_,བ་_100_,བ་_100_
[སློབ་_100_],སློབ་_100_,སློབ་_100_,སློབ་_100_,སློབ་_100_,སློབ་_100_,སློབ་_100_,སློབ་_100_
[དཔོན་_100_],དཔོན་_100_,དཔོན་_100_,དཔོན་_100_,དཔོན་_100_,དཔོན་_100_,དཔོན་_100_,དཔོན་_100_
[འཕགས་_100_],འཕགས་_100_,འཕགས་_100_,འཕགས་_100_,འཕགས་_100_,འཕགས་_100_,འཕགས་_100_,འཕགས་_100_
[པ་_100_],པ་_100_,པ་_100_,པ་_100_,པ་_100_,པ་_100_,པ་_100_,པ་_100_
[ཀླུ་_100_],ཀླུ་_100_,ཀླུ་_100_,ཀླུ་_100_,ཀླུ་_100_,ཀླུ་_100_,ཀླུ་_100_,ཀླུ་_100_
[སྒྲུབ་_100_],སྒྲུབ་_100_,སྒྲུབ་_100_,སྒྲུབ་_100_,སྒྲུབ་_100_,སྒྲུབ་_100_,སྒྲུབ་_100_,སྒྲུབ་_100_
[ཀྱིས་_100_],ཀྱིས་_100_,ཀྱིས་_100_,ཀྱིས་_100_,ཀྱིས་_100_,ཀྱིས་_100_,ཀྱིས་_100_,ཀྱིས་_100_
[མཛད་_100_],མཛད་_100_,མཛད་_100_,མཛད་_100_,མཛད་_100_,མཛད་_100_,མཛད་_100_,མཛད་_100_
[པ་_100_],པ་_100_,པ་_100_,པ་_100_,པ་_100_,པ་_100_,པ་_100_,པ་_100_
[རྫོགས་_100_],རྫོགས་_100_,རྫོགས་_100_,རྫོགས་_100_,རྫོགས་_100_,རྫོགས་_100_,རྫོགས་_100_,རྫོགས་_100_
[སོ_100_],སོ_100_,སོ_100_,སོ_100_,སོ_100_,སོ_100_,སོ_100_,སོ_100_
[།། །​།_100_],།། །​།_100_,།། །​།_100_,།། །​།_100_,།། །​།_100_,།། །​།_100_,།། །​།_100_,།། །​།_100_
[རྒྱ་_100_],རྒྱ་_100_,རྒྱ་_100_,རྒྱ་_100_,རྒྱ་_100_,རྒྱ་_100_,རྒྱ་_100_,རྒྱ་_100_
[གར་_100_],གར་_100_,གར་_100_,གར་_100_,གར་_100_,གར་_100_,གར་_100_,གར་_100_
[གྱི་_100_],གྱི་_100_,གྱི་_100_,གྱི་_100_,གྱི་_100_,གྱི་_100_,གྱི་_100_,གྱི་_100_
[མཁན་_100_],མཁན་_100_,མཁན་_100_,མཁན་_100_,མཁན་_100_,མཁན་_100_,མཁན་_100_,མཁན་_100_
[པོ་_100_],པོ་_100_,པོ་_100_,པོ་_100_,པོ་_100_,པོ་_100_,པོ་_100_,པོ་_100_
[ཀྲྀཥྞ་_100_],ཀྲྀཥྞ་_100_,ཀྲྀཥྞ་_100_,ཀྲྀཥྞ་_100_,ཀྲྀཥྞ་_100_,ཀྲྀཥྞ་_100_,ཀྲྀཥྞ་_100_,ཀྲྀཥྞ་_100_
[པཎྜི་_100_],པཎྜི་_100_,པཎྜི་_100_,པཎྜི་_100_,པཎྜི་_100_,པཎྜི་_100_,པཎྜི་_100_,པཎྜི་_100_
[ཏ་_100_],ཏ་_100_,ཏ་_100_,ཏ་_100_,ཏ་_100_,ཏ་_100_,ཏ་_100_,ཏ་_100_
[དང་_100_],དང་_100_,དང་_100_,དང་_100_,དང་_100_,དང་_100_,དང་_100_,དང་_100_
[། _100_],། _100_,། _100_,། _100_,། _100_,། _100_,། _100_,། _100_
[ལོ་_100_],ལོ་_100_,ལོ་_100_,ལོ་_100_,ལོ་_100_,ལོ་_100_,ལོ་_100_,ལོ་_100_
[ཙཱ་_100_],ཙཱ་_100_,ཙཱ་_100_,ཙཱ་_100_,ཙཱ་_100_,ཙཱ་_100_,ཙཱ་_100_,ཙཱ་_100_
[བ་_100_],བ་_100_,བ་_100_,བ་_100_,བ་_100_,བ་_100_,བ་_100_,བ་_100_
[དགེ་_100_],དགེ་_100_,དགེ་_100_,དགེ་_100_,དགེ་_100_,དགེ་_100_,དགེ་_100_,དགེ་_100_
[སློང་_100_],སློང་_100_,སློང་_100_,སློང་_100_,སློང་_100_,སློང་_100_,སློང་_100_,སློང་_100_
[ཚུལ་_100_],ཚུལ་_100_,ཚུལ་_100_,ཚུལ་_100_,ཚུལ་_100_,ཚུལ་_100_,ཚུལ་_100_,ཚུལ་_100_
[ཁྲིམས་_100_],ཁྲིམས་_100_,ཁྲིམས་_100_,ཁྲིམས་_100_,ཁྲིམས་_100_,ཁྲིམས་_100_,ཁྲིམས་_100_,ཁྲིམས་_100_
[རྒྱལ་_100_],རྒྱལ་_100_,རྒྱལ་_100_,རྒྱལ་_100_,རྒྱལ་_100_,རྒྱལ་_100_,རྒྱལ་_100_,རྒྱལ་_100_
[བས་_100_],བས་_100_,བས་_100_,བས་_100_,བས་_100_,བས་_100_,བས་_100_,བས་_100_
[བསྒྱུར་_100_],བསྒྱུར་_100_,བསྒྱུར་_100_,བསྒྱུར་_100_,བསྒྱུར་_100_,བསྒྱུར་_100_,བསྒྱུར་_100_,བསྒྱུར་_100_
[ཅིང་_100_],ཅིང་_100_,ཅིང་_100_,ཅིང་_100_,ཅིང་_100_,ཅིང་_100_,ཅིང་_100_,ཅིང་_100_
[ཞུས་_100_],ཞུས་_100_,ཞུས་_100_,ཞུས་_100_,ཞུས་_100_,ཞུས་_100_,ཞུས་_100_,ཞུས་_100_
[ཏེ་_100_],ཏེ་_100_,ཏེ་_100_,ཏེ་_100_,ཏེ་_100_,ཏེ་_100_,ཏེ་_100_,ཏེ་_100_
[གཏན་_100_],གཏན་_100_,གཏན་_100_,གཏན་_100_,གཏན་_100_,གཏན་_100_,གཏན་_100_,གཏན་_100_
[ལ་_100_],ལ་_100_,ལ་_100_,ལ་_100_,ལ་_100_,ལ་_100_,ལ་_100_,ལ་_100_
[ཕབ་_100_],ཕབ་_100_,ཕབ་_100_,ཕབ་_100_,ཕབ་_100_,ཕབ་_100_,ཕབ་_100_,ཕབ་_100_
[པའོ_100_],པའོ_100_,པའོ_100_,པའོ_100_,པའོ_100_,པའོ_100_,པའོ_100_,པའོ_100_
[།། །​།_75_],།། །​།_75_,།། །​།_75_,།། །​།_75_,།། །​།_75_,།། །​།_75_,། །​_25_,། །​_25_
