[༄༅། །​དངོས་པོ་སྦྱོང་བ།༄༅༅། །​_36_],༄༅། །​དངོས་པོ་སྦྱོང་བ།༄༅༅། །​_36_,༄༅། །​དངོས་པོ་སྦྱོང་བ།༄༅༅། །​_36_,༄༅། །​དངོས་པོ་སྦྱོང་བ།༄༅༅། །​_36_,དངོས་པོ་སྦྱོང་བ་ཞེས་བྱ་བ་བཞུགས་སོ། །​སློབ་དཔོན་ཀླུ་སྒྲུབ་ཀྱིས་མཛད།༄༅། །​_9_,༄༅། །​དངོས་པོ་སྦྱོང་བ་ཞེས་བྱ་བ་བཞུགས་སོ། །​སློབ་དཔོན་ཀླུ་སྒྲུབ་ཀྱིས་མཛད།༄༅། །​_9_,༄༅། །​_18_,༄༅། །​_18_,༄༅། །​ _9_,_9_,༄༅༅། །​_9_
[རྒྱ་_100_],རྒྱ་_100_,རྒྱ་_100_,རྒྱ་_100_,རྒྱ་_100_,རྒྱ་_100_,རྒྱ་_100_,རྒྱ་_100_,རྒྱ་_100_,རྒྱ་_100_,རྒྱ་_100_
[གར་_100_],གར་_100_,གར་_100_,གར་_100_,གར་_100_,གར་_100_,གར་_100_,གར་_100_,གར་_100_,གར་_100_,གར་_100_
[སྐད་_90_],སྐད་_90_,སྐད་_90_,སྐད་_90_,སྐད་_90_,སྐད་_90_,སྐད་_90_,སྐད་_90_,སད་_9_,སྐད་_90_,སྐད་_90_
[དུ_100_],དུ_100_,དུ_100_,དུ_100_,དུ_100_,དུ_100_,དུ_100_,དུ_100_,དུ_100_,དུ_100_,དུ_100_
[། བྷ་བ་སཉྩར་ནཱ་མ_27_],། བྷ་བ་སཉྩར་ནཱ་མ_27_,།བྷཱ་བ་སཉྩར་ནཱ་མ_18_,།བྷཱ་བ་སཉྩར་ནཱ་མ_18_,། བྷ་ཝ་སཉྩ་ར་ནཱ་མ_27_,། བྷ་ཝ་སཉྩ་ར་ནཱ་མ_27_,། བྷ་ བ་སཉྩར་ནཱ་མ_9_,། བྷ་ཝ་སཉྩ་ར་ནཱ་མ_27_,། བྷབསཉྩརནཱམ_9_,། །​བྷ་བ་སཉྩར་ནཱ་མ_9_,། བྷ་བ་སཉྩར་ནཱ་མ_27_
[། _100_],། _100_,། _100_,། _100_,། _100_,། _100_,། _100_,། _100_,། _100_,། _100_,། _100_
[བོད་_100_],བོད་_100_,བོད་_100_,བོད་_100_,བོད་_100_,བོད་_100_,བོད་_100_,བོད་_100_,བོད་_100_,བོད་_100_,བོད་_100_
[སྐད་_100_],སྐད་_100_,སྐད་_100_,སྐད་_100_,སྐད་_100_,སྐད་_100_,སྐད་_100_,སྐད་_100_,སྐད་_100_,སྐད་_100_,སྐད་_100_
[དུ_100_],དུ_100_,དུ_100_,དུ_100_,དུ_100_,དུ_100_,དུ_100_,དུ_100_,དུ_100_,དུ_100_,དུ_100_
[། _81_],། _81_,། _81_,། _81_,། _81_,། _81_,།_9_,། _81_,། _81_,།  _9_,། _81_
[དངོས་_100_],དངོས་_100_,དངོས་_100_,དངོས་_100_,དངོས་_100_,དངོས་_100_,དངོས་_100_,དངོས་_100_,དངོས་_100_,དངོས་_100_,དངོས་_100_
[པོ་_100_],པོ་_100_,པོ་_100_,པོ་_100_,པོ་_100_,པོ་_100_,པོ་_100_,པོ་_100_,པོ་_100_,པོ་_100_,པོ་_100_
[སྦྱོང་བ་ཞེས་བྱ་བ། སངས་རྒྱས་ལ་ཕྱག་_45_],སྦྱོང་བ་ཞེས་བྱ་བ། སངས་རྒྱས་ལ་ཕྱག་_45_,སྦྱོང་ཞེས་བྱ་བ། སངས་རྒྱས་ལ་ཕྱག་_18_,སྦྱོང་ཞེས་བྱ་བ། སངས་རྒྱས་ལ་ཕྱག་_18_,སྦྱོང་བ་ཞེས་བྱ་བ།སངས་རྒྱས་ལ་ཕྱག་_18_,སྦྱོང་བ་ཞེས་བྱ་བ། སངས་རྒྱས་ལ་ཕྱག་_45_,སྦྱོང་བ་ཞེས་བྱ་བ། སངས་རྒྱས་ལ་ཕྱག་_45_,སྦྱོང་བ་ཞེས་བྱ་བ།སངས་རྒྱས་ལ་ཕྱག་_18_,སྦྱོང་བཞེསབྱ་བ། བདེ་རྒྱས་ལཕྱག་_9_,སྦྱོང་བ ་ཞེས་བྱ་བ། །​སངས་རྒྱས་ལ་ཕྱག་_9_,སྦྱོང་བ་ཞེས་བྱ་བ། སངས་རྒྱས་ལ་ཕྱག་_45_
[འཚལ་_100_],འཚལ་_100_,འཚལ་_100_,འཚལ་_100_,འཚལ་_100_,འཚལ་_100_,འཚལ་_100_,འཚལ་_100_,འཚལ་_100_,འཚལ་_100_,འཚལ་_100_
[ལོ_100_],ལོ_100_,ལོ_100_,ལོ_100_,ལོ_100_,ལོ_100_,ལོ_100_,ལོ_100_,ལོ_100_,ལོ_100_,ལོ_100_
[། །​_90_],། །​_90_,། །​_90_,། །​_90_,། །​_90_,། །​_90_,། །​_90_,། །​_90_,།_9_,། །​_90_,། །​_90_
[དངོས་_100_],དངོས་_100_,དངོས་_100_,དངོས་_100_,དངོས་_100_,དངོས་_100_,དངོས་_100_,དངོས་_100_,དངོས་_100_,དངོས་_100_,དངོས་_100_
[པོ་_100_],པོ་_100_,པོ་_100_,པོ་_100_,པོ་_100_,པོ་_100_,པོ་_100_,པོ་_100_,པོ་_100_,པོ་_100_,པོ་_100_
[མེད་_100_],མེད་_100_,མེད་_100_,མེད་_100_,མེད་_100_,མེད་_100_,མེད་_100_,མེད་_100_,མེད་_100_,མེད་_100_,མེད་_100_
[ལ་_100_],ལ་_100_,ལ་_100_,ལ་_100_,ལ་_100_,ལ་_100_,ལ་_100_,ལ་_100_,ལ་_100_,ལ་_100_,ལ་_100_
[དངོས་པོར་ཤེས_72_],དངོས་པོར་ཤེས_72_,དངོས་པོར་ཤེས_72_,དངོས་པོར་ཤེས_72_,དངོས་པོར་ཤེས_72_,དངོས་པོར་ཤེས_72_,དངོས་པོར་ཤེས_72_,དངོས་པོར་ཤེས།།དངོས་པོ་མེད་ལ་དངོས་པོར་ཤེས_9_,དངོས་བོར་ཤེས_9_,དངོས་པོར་ཤིས_9_,དངོས་པོར་ཤེས_72_
[། །​_100_],། །​_100_,། །​_100_,། །​_100_,། །​_100_,། །​_100_,། །​_100_,། །​_100_,། །​_100_,། །​_100_,། །​_100_
[དངོས་_100_],དངོས་_100_,དངོས་_100_,དངོས་_100_,དངོས་_100_,དངོས་_100_,དངོས་_100_,དངོས་_100_,དངོས་_100_,དངོས་_100_,དངོས་_100_
[མེད་_100_],མེད་_100_,མེད་_100_,མེད་_100_,མེད་_100_,མེད་_100_,མེད་_100_,མེད་_100_,མེད་_100_,མེད་_100_,མེད་_100_
[སྐྱེ་_100_],སྐྱེ་_100_,སྐྱེ་_100_,སྐྱེ་_100_,སྐྱེ་_100_,སྐྱེ་_100_,སྐྱེ་_100_,སྐྱེ་_100_,སྐྱེ་_100_,སྐྱེ་_100_,སྐྱེ་_100_
[བ་_100_],བ་_100_,བ་_100_,བ་_100_,བ་_100_,བ་_100_,བ་_100_,བ་_100_,བ་_100_,བ་_100_,བ་_100_
[ཡོད་_100_],ཡོད་_100_,ཡོད་_100_,ཡོད་_100_,ཡོད་_100_,ཡོད་_100_,ཡོད་_100_,ཡོད་_100_,ཡོད་_100_,ཡོད་_100_,ཡོད་_100_
[མ་_100_],མ་_100_,མ་_100_,མ་_100_,མ་_100_,མ་_100_,མ་_100_,མ་_100_,མ་_100_,མ་_100_,མ་_100_
[ཡིན_100_],ཡིན_100_,ཡིན_100_,ཡིན_100_,ཡིན_100_,ཡིན_100_,ཡིན_100_,ཡིན_100_,ཡིན_100_,ཡིན_100_,ཡིན_100_
[། །​_100_],། །​_100_,། །​_100_,། །​_100_,། །​_100_,། །​_100_,། །​_100_,། །​_100_,། །​_100_,། །​_100_,། །​_100_
[རྟག་_100_],རྟག་_100_,རྟག་_100_,རྟག་_100_,རྟག་_100_,རྟག་_100_,རྟག་_100_,རྟག་_100_,རྟག་_100_,རྟག་_100_,རྟག་_100_
[ཏུ་_100_],ཏུ་_100_,ཏུ་_100_,ཏུ་_100_,ཏུ་_100_,ཏུ་_100_,ཏུ་_100_,ཏུ་_100_,ཏུ་_100_,ཏུ་_100_,ཏུ་_100_
[སྐྱེ་བ་དངོས་པོ་ཉིད། །​དངོས་འཁྲུལ་ནམ་མཁའི་མེ་ཏོག་བཞིན། །​མཁའ་དང་མཉམ་པའི་ཆོས་རྣམས་ནི། །​སྐྱེ་བ་མཁའ་དང་མཉམ་ཉིད་མཆོག _81_],སྐྱེ་བ་དངོས་པོ་ཉིད། །​དངོས་འཁྲུལ་ནམ་མཁའི་མེ་ཏོག་བཞིན། །​མཁའ་དང་མཉམ་པའི་ཆོས་རྣམས་ནི། །​སྐྱེ་བ་མཁའ་དང་མཉམ་ཉིད་མཆོག _81_,སྐྱེ་བ་དངོས་པོ་ཉིད། །​དངོས་འཁྲུལ་ནམ་མཁའི་མེ་ཏོག་བཞིན། །​མཁའ་དང་མཉམ་པའི་ཆོས་རྣམས་ནི། །​སྐྱེ་བ་མཁའ་དང་མཉམ་ཉིད་མཆོག _81_,སྐྱེ་བ་དངོས་པོ་ཉིད། །​དངོས་འཁྲུལ་ནམ་མཁའི་མེ་ཏོག་བཞིན། །​མཁའ་དང་མཉམ་པའི་ཆོས་རྣམས་ནི། །​སྐྱེ་བ་མཁའ་དང་མཉམ་ཉིད་མཆོག _81_,སྐྱེ་བ་དངོས་པོ་ཉིད། །​དངོས་འཁྲུལ་ནམ་མཁའི་མེ་ཏོག་བཞིན། །​མཁའ་དང་མཉམ་པའི་ཆོས་རྣམས་ནི། །​སྐྱེ་བ་མཁའ་དང་མཉམ་ཉིད་མཆོག _81_,སྐྱེ་བ་དངོས་པོ་ཉིད། །​དངོས་འཁྲུལ་ནམ་མཁའི་མེ་ཏོག་བཞིན། །​མཁའ་དང་མཉམ་པའི་ཆོས་རྣམས་ནི། །​སྐྱེ་བ་མཁའ་དང་མཉམ་ཉིད་མཆོག _81_,སྐྱེ་བ་དངོས་པོ་ཉིད༑ །​དངོས་འཁྲུལ་ནམ་མཁའི་མེ་ཏོག་བཞིན། །​མཁའ་དང་མཉམ་པའི་ཆོས་རྣམས་ནི། །​སྐྱེ་བ་མཁའ་དང་མཉམ་ཉིད་མཆོག _9_,སྐྱེ་བ་དངོས་པོ་ཉིད། །​དངོས་འཁྲུལ་ནམ་མཁའི་མེ་ཏོག་བཞིན། །​མཁའ་དང་མཉམ་པའི་ཆོས་རྣམས་ནི། །​སྐྱེ་བ་མཁའ་དང་མཉམ་ཉིད་མཆོག _81_,སྐྱེ་བའངོས་བོ་ཉིད། །​དངོས་འཁྲུལནམམཁའི་མེ་ཏོག་བཞིན། །​མཁའ་དང་མཉམ་པའི་ཆོས་རྣམསནི། །​སྐྱེབམཁའ་དངམཉམཉི་དམཆོག _9_,སྐྱེ་བ་དངོས་པོ་ཉིད། །​དངོས་འཁྲུལ་ནམ་མཁའི་མེ་ཏོག་བཞིན། །​མཁའ་དང་མཉམ་པའི་ཆོས་རྣམས་ནི། །​སྐྱེ་བ་མཁའ་དང་མཉམ་ཉིད་མཆོག _81_,སྐྱེ་བ་དངོས་པོ་ཉིད། །​དངོས་འཁྲུལ་ནམ་མཁའི་མེ་ཏོག་བཞིན། །​མཁའ་དང་མཉམ་པའི་ཆོས་རྣམས་ནི། །​སྐྱེ་བ་མཁའ་དང་མཉམ་ཉིད་མཆོག _81_
[།​_100_],།​_100_,།​_100_,།​_100_,།​_100_,།​_100_,།​_100_,།​_100_,།​_100_,།​_100_,།​_100_
[ཐམས་_100_],ཐམས་_100_,ཐམས་_100_,ཐམས་_100_,ཐམས་_100_,ཐམས་_100_,ཐམས་_100_,ཐམས་_100_,ཐམས་_100_,ཐམས་_100_,ཐམས་_100_
[ཅད་_100_],ཅད་_100_,ཅད་_100_,ཅད་_100_,ཅད་_100_,ཅད་_100_,ཅད་_100_,ཅད་_100_,ཅད་_100_,ཅད་_100_,ཅད་_100_
[རང་_100_],རང་_100_,རང་_100_,རང་_100_,རང་_100_,རང་_100_,རང་_100_,རང་_100_,རང་_100_,རང་_100_,རང་_100_
[བཞིན་_100_],བཞིན་_100_,བཞིན་_100_,བཞིན་_100_,བཞིན་_100_,བཞིན་_100_,བཞིན་_100_,བཞིན་_100_,བཞིན་_100_,བཞིན་_100_,བཞིན་_100_
[གྱིས་མཁའ་མཉམ_90_],གྱིས་མཁའ་མཉམ_90_,གྱིས་མཁའ་མཉམ_90_,གྱིས་མཁའ་མཉམ_90_,གྱིས་མཁའ་མཉམ_90_,གྱིས་མཁའ་མཉམ_90_,གྱིས་མཁའ་མཉམ_90_,གྱིས་མཁའ་མཉམ_90_,གྱིས་མཁའམཉམ_9_,གྱིས་མཁའ་མཉམ_90_,གྱིས་མཁའ་མཉམ_90_
[། །​_100_],། །​_100_,། །​_100_,། །​_100_,། །​_100_,། །​_100_,། །​_100_,། །​_100_,། །​_100_,། །​_100_,། །​_100_
[དེས་_100_],དེས་_100_,དེས་_100_,དེས་_100_,དེས་_100_,དེས་_100_,དེས་_100_,དེས་_100_,དེས་_100_,དེས་_100_,དེས་_100_
[ན་_100_],ན་_100_,ན་_100_,ན་_100_,ན་_100_,ན་_100_,ན་_100_,ན་_100_,ན་_100_,ན་_100_,ན་_100_
[སྲིད་_100_],སྲིད་_100_,སྲིད་_100_,སྲིད་_100_,སྲིད་_100_,སྲིད་_100_,སྲིད་_100_,སྲིད་_100_,སྲིད་_100_,སྲིད་_100_,སྲིད་_100_
[པ་_90_],པ་_90_,པ་_90_,པ་_90_,པ་_90_,པ་_90_,པ་_90_,པ་_90_,པ་_90_,བ་_9_,པ་_90_
[དམ་_100_],དམ་_100_,དམ་_100_,དམ་_100_,དམ་_100_,དམ་_100_,དམ་_100_,དམ་_100_,དམ་_100_,དམ་_100_,དམ་_100_
[པའི་_100_],པའི་_100_,པའི་_100_,པའི་_100_,པའི་_100_,པའི་_100_,པའི་_100_,པའི་_100_,པའི་_100_,པའི་_100_,པའི་_100_
[དངོས_100_],དངོས_100_,དངོས_100_,དངོས_100_,དངོས_100_,དངོས_100_,དངོས_100_,དངོས_100_,དངོས_100_,དངོས_100_,དངོས_100_
[། །​_81_],། །​_81_,། །​_81_,། །​_81_,། །​ _18_,། །​_81_,། །​ _18_,། །​_81_,། །​_81_,། །​_81_,། །​_81_
[རྒྱུ་_100_],རྒྱུ་_100_,རྒྱུ་_100_,རྒྱུ་_100_,རྒྱུ་_100_,རྒྱུ་_100_,རྒྱུ་_100_,རྒྱུ་_100_,རྒྱུ་_100_,རྒྱུ་_100_,རྒྱུ་_100_
[མེད་_100_],མེད་_100_,མེད་_100_,མེད་_100_,མེད་_100_,མེད་_100_,མེད་_100_,མེད་_100_,མེད་_100_,མེད་_100_,མེད་_100_
[འབྲས་བུ་མེད་པ་_90_],འབྲས་བུ་མེད་པ་_90_,འབྲས་བུ་མེད་པ་_90_,འབྲས་བུ་མེད་པ་_90_,འབྲས་བུ་མེད་པ་_90_,འབྲས་བུ་མེད་པ་_90_,འབྲས་བུ་མེད་པ་_90_,འབྲས་བུ་མེད་པ་_90_,འབྲས་བུམེདཔ་_9_,འབྲས་བུ་མེད་པ་_90_,འབྲས་བུ་མེད་པ་_90_
[སྟེ_100_],སྟེ_100_,སྟེ_100_,སྟེ_100_,སྟེ_100_,སྟེ_100_,སྟེ_100_,སྟེ_100_,སྟེ_100_,སྟེ_100_,སྟེ_100_
[། །​_100_],། །​_100_,། །​_100_,། །​_100_,། །​_100_,། །​_100_,། །​_100_,། །​_100_,། །​_100_,། །​_100_,། །​_100_
[ལས་ཀྱི་རང་_90_],ལས་ཀྱི་རང་_90_,ལས་ཀྱི་རང་_90_,ལས་ཀྱི་རང་_90_,ལས་ཀྱི་རང་_90_,ལས་ཀྱི་རང་_90_,ལས་ཀྱི་རང་_90_,ལས་ཀྱི་རང་_90_,ལས་ ཀྱིརང་_9_,ལས་ཀྱི་རང་_90_,ལས་ཀྱི་རང་_90_
[བཞིན་_100_],བཞིན་_100_,བཞིན་_100_,བཞིན་_100_,བཞིན་_100_,བཞིན་_100_,བཞིན་_100_,བཞིན་_100_,བཞིན་_100_,བཞིན་_100_,བཞིན་_100_
[ཡོད་_100_],ཡོད་_100_,ཡོད་_100_,ཡོད་_100_,ཡོད་_100_,ཡོད་_100_,ཡོད་_100_,ཡོད་_100_,ཡོད་_100_,ཡོད་_100_,ཡོད་_100_
[མ་_100_],མ་_100_,མ་_100_,མ་_100_,མ་_100_,མ་_100_,མ་_100_,མ་_100_,མ་_100_,མ་_100_,མ་_100_
[ཡིན_100_],ཡིན_100_,ཡིན_100_,ཡིན_100_,ཡིན_100_,ཡིན_100_,ཡིན_100_,ཡིན_100_,ཡིན_100_,ཡིན_100_,ཡིན_100_
[། །​_100_],། །​_100_,། །​_100_,། །​_100_,། །​_100_,། །​_100_,། །​_100_,། །​_100_,། །​_100_,། །​_100_,། །​_100_
[འཇིག་_100_],འཇིག་_100_,འཇིག་_100_,འཇིག་_100_,འཇིག་_100_,འཇིག་_100_,འཇིག་_100_,འཇིག་_100_,འཇིག་_100_,འཇིག་_100_,འཇིག་_100_
[རྟེན་_100_],རྟེན་_100_,རྟེན་_100_,རྟེན་_100_,རྟེན་_100_,རྟེན་_100_,རྟེན་_100_,རྟེན་_100_,རྟེན་_100_,རྟེན་_100_,རྟེན་_100_
[པ་_100_],པ་_100_,པ་_100_,པ་_100_,པ་_100_,པ་_100_,པ་_100_,པ་_100_,པ་_100_,པ་_100_,པ་_100_
[མེད་_100_],མེད་_100_,མེད་_100_,མེད་_100_,མེད་_100_,མེད་_100_,མེད་_100_,མེད་_100_,མེད་_100_,མེད་_100_,མེད་_100_
[འཇིག་རྟེན་མེད_90_],འཇིག་རྟེན་མེད_90_,འཇིག་རྟེན་མེད_90_,འཇིག་རྟེན་མེད_90_,འཇིག་རྟེན་མེད_90_,འཇིག་རྟེན་མེད_90_,འཇིག་རྟེན་མེད_90_,འཇིག་རྟེན་མེད_90_,འཇིག་རྟེནམེད_9_,འཇིག་རྟེན་མེད_90_,འཇིག་རྟེན་མེད_90_
[། །​_100_],། །​_100_,། །​_100_,། །​_100_,། །​_100_,། །​_100_,། །​_100_,། །​_100_,། །​_100_,། །​_100_,། །​_100_
[འདི་_100_],འདི་_100_,འདི་_100_,འདི་_100_,འདི་_100_,འདི་_100_,འདི་_100_,འདི་_100_,འདི་_100_,འདི་_100_,འདི་_100_
[དག་_100_],དག་_100_,དག་_100_,དག་_100_,དག་_100_,དག་_100_,དག་_100_,དག་_100_,དག་_100_,དག་_100_,དག་_100_
[ཐམས་_100_],ཐམས་_100_,ཐམས་_100_,ཐམས་_100_,ཐམས་_100_,ཐམས་_100_,ཐམས་_100_,ཐམས་_100_,ཐམས་_100_,ཐམས་_100_,ཐམས་_100_
[ཅད་བདེན་མ་_90_],ཅད་བདེན་མ་_90_,ཅད་བདེན་མ་_90_,ཅད་བདེན་མ་_90_,ཅད་བདེན་མ་_90_,ཅད་བདེན་མ་_90_,ཅད་བདེན་མ་_90_,ཅད་བདེན་མ་_90_,ཅད་བདེནམ་_9_,ཅད་བདེན་མ་_90_,ཅད་བདེན་མ་_90_
[ཡིན_100_],ཡིན_100_,ཡིན_100_,ཡིན_100_,ཡིན_100_,ཡིན_100_,ཡིན_100_,ཡིན_100_,ཡིན_100_,ཡིན_100_,ཡིན_100_
[། །​_81_],། །​_81_,། །​_81_,། །​_81_,། །​ _9_,། །​_81_,། །​ །​_9_,། །​_81_,། །​_81_,། །​_81_,། །​_81_
[མ་_100_],མ་_100_,མ་_100_,མ་_100_,མ་_100_,མ་_100_,མ་_100_,མ་_100_,མ་_100_,མ་_100_,མ་_100_
[སྐྱེས་པས་ནི་_63_],སྐྱེས་པས་ནི་_63_,སྐྱེས་པས་ནི་_63_,སྐྱེས་པས་ནི་_63_,སྐྱེས་པ་ཡི་_27_,སྐྱེས་པ་ཡི་_27_,སྐྱེས་པས་ནི་_63_,སྐྱེས་པ་ཡི་_27_,སྐྱེས་པསནི་_9_,སྐྱེས་པས་ནི་_63_,སྐྱེས་པས་ནི་_63_
[དངོས་_100_],དངོས་_100_,དངོས་_100_,དངོས་_100_,དངོས་_100_,དངོས་_100_,དངོས་_100_,དངོས་_100_,དངོས་_100_,དངོས་_100_,དངོས་_100_
[པོ་_100_],པོ་_100_,པོ་_100_,པོ་_100_,པོ་_100_,པོ་_100_,པོ་_100_,པོ་_100_,པོ་_100_,པོ་_100_,པོ་_100_
[གང་_100_],གང་_100_,གང་_100_,གང་_100_,གང་_100_,གང་_100_,གང་_100_,གང་_100_,གང་_100_,གང་_100_,གང་_100_
[། །​_90_],། །​_90_,། །​_90_,། །​_90_,། །​_90_,། །​_90_,། །​ _9_,། །​_90_,། །​_90_,། །​_90_,། །​_90_
[ཇི་_100_],ཇི་_100_,ཇི་_100_,ཇི་_100_,ཇི་_100_,ཇི་_100_,ཇི་_100_,ཇི་_100_,ཇི་_100_,ཇི་_100_,ཇི་_100_
[ལྟར་_100_],ལྟར་_100_,ལྟར་_100_,ལྟར་_100_,ལྟར་_100_,ལྟར་_100_,ལྟར་_100_,ལྟར་_100_,ལྟར་_100_,ལྟར་_100_,ལྟར་_100_
[གཞན་_100_],གཞན་_100_,གཞན་_100_,གཞན་_100_,གཞན་_100_,གཞན་_100_,གཞན་_100_,གཞན་_100_,གཞན་_100_,གཞན་_100_,གཞན་_100_
[ལས་_100_],ལས་_100_,ལས་_100_,ལས་_100_,ལས་_100_,ལས་_100_,ལས་_100_,ལས་_100_,ལས་_100_,ལས་_100_,ལས་_100_
[ཤེས་_100_],ཤེས་_100_,ཤེས་_100_,ཤེས་_100_,ཤེས་_100_,ཤེས་_100_,ཤེས་_100_,ཤེས་_100_,ཤེས་_100_,ཤེས་_100_,ཤེས་_100_
[པར་_90_],པར་_90_,པར་_90_,པར་_90_,པར་_90_,པར་_90_,པར་_90_,པར་_90_,པར་_90_,བར་_9_,པར་_90_
[འགྱུར_100_],འགྱུར_100_,འགྱུར_100_,འགྱུར_100_,འགྱུར_100_,འགྱུར_100_,འགྱུར_100_,འགྱུར_100_,འགྱུར_100_,འགྱུར_100_,འགྱུར_100_
[། །​_90_],། །​_90_,། །​_90_,། །​_90_,། །​_90_,། །​_90_,། །​_90_,། །​_90_,། །​ _9_,། །​_90_,། །​_90_
[མོ་_100_],མོ་_100_,མོ་_100_,མོ་_100_,མོ་_100_,མོ་_100_,མོ་_100_,མོ་_100_,མོ་_100_,མོ་_100_,མོ་_100_
[གཤམ་_100_],གཤམ་_100_,གཤམ་_100_,གཤམ་_100_,གཤམ་_100_,གཤམ་_100_,གཤམ་_100_,གཤམ་_100_,གཤམ་_100_,གཤམ་_100_,གཤམ་_100_
[གྱི་_100_],གྱི་_100_,གྱི་_100_,གྱི་_100_,གྱི་_100_,གྱི་_100_,གྱི་_100_,གྱི་_100_,གྱི་_100_,གྱི་_100_,གྱི་_100_
[ནི་_100_],ནི་_100_,ནི་_100_,ནི་_100_,ནི་_100_,ནི་_100_,ནི་_100_,ནི་_100_,ནི་_100_,ནི་_100_,ནི་_100_
[བུ་_100_],བུ་_100_,བུ་_100_,བུ་_100_,བུ་_100_,བུ་_100_,བུ་_100_,བུ་_100_,བུ་_100_,བུ་_100_,བུ་_100_
[ཉིད་_100_],ཉིད་_100_,ཉིད་_100_,ཉིད་_100_,ཉིད་_100_,ཉིད་_100_,ཉིད་_100_,ཉིད་_100_,ཉིད་_100_,ཉིད་_100_,ཉིད་_100_
[ཀྱང་། །​_81_],ཀྱང་། །​_81_,ཀྱང་། །​_81_,ཀྱང་། །​_81_,ཀྱང་། །​ _9_,ཀྱང་། །​_81_,ཀྱང་། །​_81_,ཀྱང་། །​_81_,ཀྱད། །​_9_,ཀྱང་། །​_81_,ཀྱང་། །​_81_
[དེ་ཚེ་སྐྱེ་བར་འགྱུར་མ་_72_],དེ་ཚེ་སྐྱེ་བར་འགྱུར་མ་_72_,དེ་ཚེ་སྐྱེ་བར་གྱུར་མ་_18_,དེ་ཚེ་སྐྱེ་བར་གྱུར་མ་_18_,དེ་ཚེ་སྐྱེ་བར་འགྱུར་མ་_72_,དེ་ཚེ་སྐྱེ་བར་འགྱུར་མ་_72_,དེ་ཚེ་སྐྱེ་བར་འགྱུར་མ་_72_,དེ་ཚེ་སྐྱེ་བར་འགྱུར་མ་_72_,དེ་ཚོསྐྱེ་བར་འགྱུརམ་_9_,དེ་ཚེ་སྐྱེ་བར་འགྱུར་མ་_72_,དེ་ཚེ་སྐྱེ་བར་འགྱུར་མ་_72_
[ཡིན_100_],ཡིན_100_,ཡིན_100_,ཡིན_100_,ཡིན_100_,ཡིན_100_,ཡིན_100_,ཡིན_100_,ཡིན_100_,ཡིན_100_,ཡིན_100_
[། །​_90_],། །​_90_,། །​_90_,། །​_90_,། །​_90_,། །​_90_,། །​ །​_9_,། །​_90_,། །​_90_,། །​_90_,། །​_90_
[འཇིག་རྟེན་གཟོད་_90_],འཇིག་རྟེན་གཟོད་_90_,འཇིག་རྟེན་གཟོད་_90_,འཇིག་རྟེན་གཟོད་_90_,འཇིག་རྟེན་གཟོད་_90_,འཇིག་རྟེན་གཟོད་_90_,འཇིག་རྟེན་གཟོད་_90_,འཇིག་རྟེན་གཟོད་_90_,འཇིག་རྟེནགཟོད་_9_,འཇིག་རྟེན་གཟོད་_90_,འཇིག་རྟེན་གཟོད་_90_
[ནས་_100_],ནས་_100_,ནས་_100_,ནས་_100_,ནས་_100_,ནས་_100_,ནས་_100_,ནས་_100_,ནས་_100_,ནས་_100_,ནས་_100_
[མ་_100_],མ་_100_,མ་_100_,མ་_100_,མ་_100_,མ་_100_,མ་_100_,མ་_100_,མ་_100_,མ་_100_,མ་_100_
[སྐྱེས་_100_],སྐྱེས་_100_,སྐྱེས་_100_,སྐྱེས་_100_,སྐྱེས་_100_,སྐྱེས་_100_,སྐྱེས་_100_,སྐྱེས་_100_,སྐྱེས་_100_,སྐྱེས་_100_,སྐྱེས་_100_
[ཏེ_100_],ཏེ_100_,ཏེ_100_,ཏེ_100_,ཏེ_100_,ཏེ_100_,ཏེ_100_,ཏེ_100_,ཏེ_100_,ཏེ_100_,ཏེ_100_
[། །​_100_],། །​_100_,། །​_100_,། །​_100_,། །​_100_,། །​_100_,། །​_100_,། །​_100_,། །​_100_,། །​_100_,། །​_100_
[གང་_100_],གང་_100_,གང་_100_,གང་_100_,གང་_100_,གང་_100_,གང་_100_,གང་_100_,གང་_100_,གང་_100_,གང་_100_
[གིས་ཀྱང་ནི་སྤྲུལ་མ་_90_],གིས་ཀྱང་ནི་སྤྲུལ་མ་_90_,གིས་ཀྱང་ནི་སྤྲུལ་མ་_90_,གིས་ཀྱང་ནི་སྤྲུལ་མ་_90_,གིས་ཀྱང་ནི་སྤྲུལ་མ་_90_,གིས་ཀྱང་ནི་སྤྲུལ་མ་_90_,གིས་ཀྱང་ནི་སྤྲུལ་མ་_90_,གིས་ཀྱང་ནི་སྤྲུལ་མ་_90_,གིས་ཀྱངནིསྩལམ་_9_,གིས་ཀྱང་ནི་སྤྲུལ་མ་_90_,གིས་ཀྱང་ནི་སྤྲུལ་མ་_90_
[ཡིན_100_],ཡིན_100_,ཡིན_100_,ཡིན_100_,ཡིན_100_,ཡིན_100_,ཡིན_100_,ཡིན_100_,ཡིན_100_,ཡིན_100_,ཡིན_100_
[། །​_100_],། །​_100_,། །​_100_,། །​_100_,། །​_100_,། །​_100_,། །​_100_,། །​_100_,། །​_100_,། །​_100_,། །​_100_
[དོན་_100_],དོན་_100_,དོན་_100_,དོན་_100_,དོན་_100_,དོན་_100_,དོན་_100_,དོན་_100_,དོན་_100_,དོན་_100_,དོན་_100_
[མེད་_100_],མེད་_100_,མེད་_100_,མེད་_100_,མེད་_100_,མེད་_100_,མེད་_100_,མེད་_100_,མེད་_100_,མེད་_100_,མེད་_100_
[འཁྲུལ་_100_],འཁྲུལ་_100_,འཁྲུལ་_100_,འཁྲུལ་_100_,འཁྲུལ་_100_,འཁྲུལ་_100_,འཁྲུལ་_100_,འཁྲུལ་_100_,འཁྲུལ་_100_,འཁྲུལ་_100_,འཁྲུལ་_100_
[པའི་_90_],པའི་_90_,པའི་_90_,པའི་_90_,པའི་_90_,པའི་_90_,པའི་_90_,པའི་_90_,བའི་_9_,པའི་_90_,པའི་_90_
[འཇིག་_100_],འཇིག་_100_,འཇིག་_100_,འཇིག་_100_,འཇིག་_100_,འཇིག་_100_,འཇིག་_100_,འཇིག་_100_,འཇིག་_100_,འཇིག་_100_,འཇིག་_100_
[རྟེན་_100_],རྟེན་_100_,རྟེན་_100_,རྟེན་_100_,རྟེན་_100_,རྟེན་_100_,རྟེན་_100_,རྟེན་_100_,རྟེན་_100_,རྟེན་_100_,རྟེན་_100_
[འདི_100_],འདི_100_,འདི_100_,འདི_100_,འདི_100_,འདི_100_,འདི_100_,འདི_100_,འདི_100_,འདི_100_,འདི_100_
[། །​_81_],། །​_81_,། །​_81_,། །​_81_,། །​_81_,། །​_81_,། །​ _9_,། །​_81_,། _9_,། །​_81_,། །​_81_
[ཟླ་_100_],ཟླ་_100_,ཟླ་_100_,ཟླ་_100_,ཟླ་_100_,ཟླ་_100_,ཟླ་_100_,ཟླ་_100_,ཟླ་_100_,ཟླ་_100_,ཟླ་_100_
[བ་_100_],བ་_100_,བ་_100_,བ་_100_,བ་_100_,བ་_100_,བ་_100_,བ་_100_,བ་_100_,བ་_100_,བ་_100_
[བཟང་_100_],བཟང་_100_,བཟང་_100_,བཟང་_100_,བཟང་_100_,བཟང་_100_,བཟང་_100_,བཟང་_100_,བཟང་_100_,བཟང་_100_,བཟང་_100_
[པོའི་_100_],པོའི་_100_,པོའི་_100_,པོའི་_100_,པོའི་_100_,པོའི་_100_,པོའི་_100_,པོའི་_100_,པོའི་_100_,པོའི་_100_,པོའི་_100_
[གྲོང་_100_],གྲོང་_100_,གྲོང་_100_,གྲོང་_100_,གྲོང་_100_,གྲོང་_100_,གྲོང་_100_,གྲོང་_100_,གྲོང་_100_,གྲོང་_100_,གྲོང་_100_
[ཁྱེར་_100_],ཁྱེར་_100_,ཁྱེར་_100_,ཁྱེར་_100_,ཁྱེར་_100_,ཁྱེར་_100_,ཁྱེར་_100_,ཁྱེར་_100_,ཁྱེར་_100_,ཁྱེར་_100_,ཁྱེར་_100_
[བཞིན། །​འཇིག་རྟེན་རྣམ་_81_],བཞིན། །​འཇིག་རྟེན་རྣམ་_81_,བཞིན། །​འཇིག་རྟེན་རྣམ་_81_,བཞིན། །​འཇིག་རྟེན་རྣམ་_81_,བཞིན། །​འཇིག་རྟེན་རྣམ་_81_,བཞིན། །​འཇིག་རྟེན་རྣམ་_81_,བཞིན། །​ །​འཇིག་རྟེན་རྣམ་_9_,བཞིན། །​འཇིག་རྟེན་རྣམ་_81_,བཞིན། འཇིག་རྟེནརྣམ་_9_,བཞིན། །​འཇིག་རྟེན་རྣམ་_81_,བཞིན། །​འཇིག་རྟེན་རྣམ་_81_
[པར་_100_],པར་_100_,པར་_100_,པར་_100_,པར་_100_,པར་_100_,པར་_100_,པར་_100_,པར་_100_,པར་_100_,པར་_100_
[རྟོག་_100_],རྟོག་_100_,རྟོག་_100_,རྟོག་_100_,རྟོག་_100_,རྟོག་_100_,རྟོག་_100_,རྟོག་_100_,རྟོག་_100_,རྟོག་_100_,རྟོག་_100_
[ལས་འབྱུང་_45_],ལས་འབྱུང་_45_,ལ་འབྱུང་_18_,ལ་འབྱུང་_18_,ལས་བྱུང་_27_,ལས་བྱུང་_27_,ལས་ཀྱི་འབྱུང་_9_,ལས་བྱུང་_27_,ལས་འབྱུང་_45_,ལས་འབྱུང་_45_,ལས་འབྱུང་_45_
[། །​_100_],། །​_100_,། །​_100_,། །​_100_,། །​_100_,། །​_100_,། །​_100_,། །​_100_,། །​_100_,། །​_100_,། །​_100_
[རྣམ་_100_],རྣམ་_100_,རྣམ་_100_,རྣམ་_100_,རྣམ་_100_,རྣམ་_100_,རྣམ་_100_,རྣམ་_100_,རྣམ་_100_,རྣམ་_100_,རྣམ་_100_
[རྟོག་_81_],རྟོག་_81_,རྟོག་_81_,རྟོག་_81_,རྟོགས་_18_,རྟོག་_81_,རྟོག་_81_,རྟོགས་_18_,རྟོག་_81_,རྟོག་_81_,རྟོག་_81_
[སེམས་_100_],སེམས་_100_,སེམས་_100_,སེམས་_100_,སེམས་_100_,སེམས་_100_,སེམས་_100_,སེམས་_100_,སེམས་_100_,སེམས་_100_,སེམས་_100_
[ལས་_100_],ལས་_100_,ལས་_100_,ལས་_100_,ལས་_100_,ལས་_100_,ལས་_100_,ལས་_100_,ལས་_100_,ལས་_100_,ལས་_100_
[བྱུང་_100_],བྱུང་_100_,བྱུང་_100_,བྱུང་_100_,བྱུང་_100_,བྱུང་_100_,བྱུང་_100_,བྱུང་_100_,བྱུང་_100_,བྱུང་_100_,བྱུང་_100_
[བ་_100_],བ་_100_,བ་_100_,བ་_100_,བ་_100_,བ་_100_,བ་_100_,བ་_100_,བ་_100_,བ་_100_,བ་_100_
[སྟེ_100_],སྟེ_100_,སྟེ_100_,སྟེ_100_,སྟེ_100_,སྟེ_100_,སྟེ_100_,སྟེ_100_,སྟེ_100_,སྟེ_100_,སྟེ_100_
[། །​_100_],། །​_100_,། །​_100_,། །​_100_,། །​_100_,། །​_100_,། །​_100_,། །​_100_,། །​_100_,། །​_100_,། །​_100_
[གང་_100_],གང་_100_,གང་_100_,གང་_100_,གང་_100_,གང་_100_,གང་_100_,གང་_100_,གང་_100_,གང་_100_,གང་_100_
[ཕྱིར་_100_],ཕྱིར་_100_,ཕྱིར་_100_,ཕྱིར་_100_,ཕྱིར་_100_,ཕྱིར་_100_,ཕྱིར་_100_,ཕྱིར་_100_,ཕྱིར་_100_,ཕྱིར་_100_,ཕྱིར་_100_
[ལུས་_100_],ལུས་_100_,ལུས་_100_,ལུས་_100_,ལུས་_100_,ལུས་_100_,ལུས་_100_,ལུས་_100_,ལུས་_100_,ལུས་_100_,ལུས་_100_
[ལས་སེམས་བྱུང་བས། །​དེ་_63_],ལས་སེམས་བྱུང་བས། །​དེ་_63_,ལས་སེམས་བྱུང་བས། །​དེ་_63_,ལས་སེམས་བྱུང་བས། །​དེ་_63_,ལས་སེམས་བྱུང་བས། །​དེའི་_27_,ལས་སེམས་བྱུང་བས། །​དེའི་_27_,ལས་སེམས་བྱུང་བས། །​དེ་_63_,ལས་སེམས་བྱུང་བས། །​དེའི་_27_,ལས་སེམསབྱུང་ཨིབས་།དེ་_9_,ལས་སེམས་བྱུང་བས། །​དེ་_63_,ལས་སེམས་བྱུང་བས། །​དེ་_63_
[ཕྱིར་_100_],ཕྱིར་_100_,ཕྱིར་_100_,ཕྱིར་_100_,ཕྱིར་_100_,ཕྱིར་_100_,ཕྱིར་_100_,ཕྱིར་_100_,ཕྱིར་_100_,ཕྱིར་_100_,ཕྱིར་_100_
[ལུས་_100_],ལུས་_100_,ལུས་_100_,ལུས་_100_,ལུས་_100_,ལུས་_100_,ལུས་_100_,ལུས་_100_,ལུས་_100_,ལུས་_100_,ལུས་_100_
[ལ་_100_],ལ་_100_,ལ་_100_,ལ་_100_,ལ་_100_,ལ་_100_,ལ་_100_,ལ་_100_,ལ་_100_,ལ་_100_,ལ་_100_
[རྣམ་_100_],རྣམ་_100_,རྣམ་_100_,རྣམ་_100_,རྣམ་_100_,རྣམ་_100_,རྣམ་_100_,རྣམ་_100_,རྣམ་_100_,རྣམ་_100_,རྣམ་_100_
[པར་_100_],པར་_100_,པར་_100_,པར་_100_,པར་_100_,པར་_100_,པར་_100_,པར་_100_,པར་_100_,པར་_100_,པར་_100_
[བརྟག །​_90_],བརྟག །​_90_,བརྟག །​_90_,བརྟག །​_90_,བརྟག །​_90_,བརྟག །​_90_,བརྟག འོཎ་།_9_,བརྟག །​_90_,བརྟག །​_90_,བརྟག །​_90_,བརྟག །​_90_
[གཟུགས་_100_],གཟུགས་_100_,གཟུགས་_100_,གཟུགས་_100_,གཟུགས་_100_,གཟུགས་_100_,གཟུགས་_100_,གཟུགས་_100_,གཟུགས་_100_,གཟུགས་_100_,གཟུགས་_100_
[སྟོང་_100_],སྟོང་_100_,སྟོང་_100_,སྟོང་_100_,སྟོང་_100_,སྟོང་_100_,སྟོང་_100_,སྟོང་_100_,སྟོང་_100_,སྟོང་_100_,སྟོང་_100_
[ཚོར་_100_],ཚོར་_100_,ཚོར་_100_,ཚོར་_100_,ཚོར་_100_,ཚོར་_100_,ཚོར་_100_,ཚོར་_100_,ཚོར་_100_,ཚོར་_100_,ཚོར་_100_
[བ་_100_],བ་_100_,བ་_100_,བ་_100_,བ་_100_,བ་_100_,བ་_100_,བ་_100_,བ་_100_,བ་_100_,བ་_100_
[རང་_100_],རང་_100_,རང་_100_,རང་_100_,རང་_100_,རང་_100_,རང་_100_,རང་_100_,རང་_100_,རང་_100_,རང་_100_
[བཞིན་_100_],བཞིན་_100_,བཞིན་_100_,བཞིན་_100_,བཞིན་_100_,བཞིན་_100_,བཞིན་_100_,བཞིན་_100_,བཞིན་_100_,བཞིན་_100_,བཞིན་_100_
[མེད_100_],མེད_100_,མེད_100_,མེད_100_,མེད_100_,མེད_100_,མེད_100_,མེད_100_,མེད_100_,མེད_100_,མེད_100_
[། །​_100_],། །​_100_,། །​_100_,། །​_100_,། །​_100_,། །​_100_,། །​_100_,། །​_100_,། །​_100_,། །​_100_,། །​_100_
[འདུ་_100_],འདུ་_100_,འདུ་_100_,འདུ་_100_,འདུ་_100_,འདུ་_100_,འདུ་_100_,འདུ་_100_,འདུ་_100_,འདུ་_100_,འདུ་_100_
[ཤེས་_100_],ཤེས་_100_,ཤེས་_100_,ཤེས་_100_,ཤེས་_100_,ཤེས་_100_,ཤེས་_100_,ཤེས་_100_,ཤེས་_100_,ཤེས་_100_,ཤེས་_100_
[མེད་_100_],མེད་_100_,མེད་_100_,མེད་_100_,མེད་_100_,མེད་_100_,མེད་_100_,མེད་_100_,མེད་_100_,མེད་_100_,མེད་_100_
[ཅིང་_100_],ཅིང་_100_,ཅིང་_100_,ཅིང་_100_,ཅིང་_100_,ཅིང་_100_,ཅིང་_100_,ཅིང་_100_,ཅིང་_100_,ཅིང་_100_,ཅིང་_100_
[འདུ་_100_],འདུ་_100_,འདུ་_100_,འདུ་_100_,འདུ་_100_,འདུ་_100_,འདུ་_100_,འདུ་_100_,འདུ་_100_,འདུ་_100_,འདུ་_100_
[བྱེད་_100_],བྱེད་_100_,བྱེད་_100_,བྱེད་_100_,བྱེད་_100_,བྱེད་_100_,བྱེད་_100_,བྱེད་_100_,བྱེད་_100_,བྱེད་_100_,བྱེད་_100_
[མེད_100_],མེད_100_,མེད_100_,མེད_100_,མེད_100_,མེད_100_,མེད_100_,མེད_100_,མེད_100_,མེད_100_,མེད_100_
[། །​སེམས་བྱུང་_63_],། །​སེམས་བྱུང་_63_,། །​སེམས་བྱུང་_63_,། །​སེམས་བྱུང་_63_,། །​སེམས་རྒྱུད་_27_,། །​སེམས་རྒྱུད་_27_,། །​སེམས་བྱུང་_63_,། །​སེམས་རྒྱུད་_27_,། །​སེམསབྱུང་_9_,། །​སེམས་བྱུང་_63_,། །​སེམས་བྱུང་_63_
[མེད་_100_],མེད་_100_,མེད་_100_,མེད་_100_,མེད་_100_,མེད་_100_,མེད་_100_,མེད་_100_,མེད་_100_,མེད་_100_,མེད་_100_
[ཅིང་_54_],ཅིང་_54_,དེ་_45_,དེ་_45_,དེ་_45_,དེ་_45_,ཅིང་_54_,དེ་_45_,ཅིང་_54_,ཅིང་_54_,ཅིང་_54_
[དངོས་_100_],དངོས་_100_,དངོས་_100_,དངོས་_100_,དངོས་_100_,དངོས་_100_,དངོས་_100_,དངོས་_100_,དངོས་_100_,དངོས་_100_,དངོས་_100_
[པོ་_100_],པོ་_100_,པོ་_100_,པོ་_100_,པོ་_100_,པོ་_100_,པོ་_100_,པོ་_100_,པོ་_100_,པོ་_100_,པོ་_100_
[མེད_100_],མེད_100_,མེད_100_,མེད_100_,མེད_100_,མེད_100_,མེད_100_,མེད_100_,མེད_100_,མེད_100_,མེད_100_
[། །​_100_],། །​_100_,། །​_100_,། །​_100_,། །​_100_,། །​_100_,། །​_100_,། །​_100_,། །​_100_,། །​_100_,། །​_100_
[དེ་_100_],དེ་_100_,དེ་_100_,དེ་_100_,དེ་_100_,དེ་_100_,དེ་_100_,དེ་_100_,དེ་_100_,དེ་_100_,དེ་_100_
[ཕྱིར་_100_],ཕྱིར་_100_,ཕྱིར་_100_,ཕྱིར་_100_,ཕྱིར་_100_,ཕྱིར་_100_,ཕྱིར་_100_,ཕྱིར་_100_,ཕྱིར་_100_,ཕྱིར་_100_,ཕྱིར་_100_
[མི་_100_],མི་_100_,མི་_100_,མི་_100_,མི་_100_,མི་_100_,མི་_100_,མི་_100_,མི་_100_,མི་_100_,མི་_100_
[རྟོག་_90_],རྟོག་_90_,རྟོག་_90_,རྟོག་_90_,རྟོག་_90_,རྟག་_9_,རྟོག་_90_,རྟོག་_90_,རྟོག་_90_,རྟོག་_90_,རྟོག་_90_
[རང་བཞིན་ནོ། །​དེས་ན་སེམས་མིན་ཆོས་ཀྱང་མིན། །​ལུས་མིན་ཁམས་ལ་སོགས་པ་མིན། །​གཉིས་སུ་མེད་_90_],རང་བཞིན་ནོ། །​དེས་ན་སེམས་མིན་ཆོས་ཀྱང་མིན། །​ལུས་མིན་ཁམས་ལ་སོགས་པ་མིན། །​གཉིས་སུ་མེད་_90_,རང་བཞིན་ནོ། །​དེས་ན་སེམས་མིན་ཆོས་ཀྱང་མིན། །​ལུས་མིན་ཁམས་ལ་སོགས་པ་མིན། །​གཉིས་སུ་མེད་_90_,རང་བཞིན་ནོ། །​དེས་ན་སེམས་མིན་ཆོས་ཀྱང་མིན། །​ལུས་མིན་ཁམས་ལ་སོགས་པ་མིན། །​གཉིས་སུ་མེད་_90_,རང་བཞིན་ནོ། །​དེས་ན་སེམས་མིན་ཆོས་ཀྱང་མིན། །​ལུས་མིན་ཁམས་ལ་སོགས་པ་མིན། །​གཉིས་སུ་མེད་_90_,རང་བཞིན་ནོ། །​དེས་ན་སེམས་མིན་ཆོས་ཀྱང་མིན། །​ལུས་མིན་ཁམས་ལ་སོགས་པ་མིན། །​གཉིས་སུ་མེད་_90_,རང་བཞིན་ནོ། །​དེས་ན་སེམས་མིན་ཆོས་ཀྱང་མིན། །​ལུས་མིན་ཁམས་ལ་སོགས་པ་མིན། །​གཉིས་སུ་མེད་_90_,རང་བཞིན་ནོ། །​དེས་ན་སེམས་མིན་ཆོས་ཀྱང་མིན། །​ལུས་མིན་ཁམས་ལ་སོགས་པ་མིན། །​གཉིས་སུ་མེད་_90_,རང་བཞིནནོ། །​དེས་ནསེམསམིན་ཆོསཀྱངམིན། །​ལས་མིན་ཁམས་ལ་སོགས་པམིན། །​གཉིས་སུམེད་_9_,རང་བཞིན་ནོ། །​དེས་ན་སེམས་མིན་ཆོས་ཀྱང་མིན། །​ལུས་མིན་ཁམས་ལ་སོགས་པ་མིན། །​གཉིས་སུ་མེད་_90_,རང་བཞིན་ནོ། །​དེས་ན་སེམས་མིན་ཆོས་ཀྱང་མིན། །​ལུས་མིན་ཁམས་ལ་སོགས་པ་མིན། །​གཉིས་སུ་མེད་_90_
[པའི་_100_],པའི་_100_,པའི་_100_,པའི་_100_,པའི་_100_,པའི་_100_,པའི་_100_,པའི་_100_,པའི་_100_,པའི་_100_,པའི་_100_
[ལམ་_100_],ལམ་_100_,ལམ་_100_,ལམ་_100_,ལམ་_100_,ལམ་_100_,ལམ་_100_,ལམ་_100_,ལམ་_100_,ལམ་_100_,ལམ་_100_
[འདི་_100_],འདི་_100_,འདི་_100_,འདི་_100_,འདི་_100_,འདི་_100_,འདི་_100_,འདི་_100_,འདི་_100_,འདི་_100_,འདི་_100_
[ནི_100_],ནི_100_,ནི_100_,ནི_100_,ནི_100_,ནི_100_,ནི_100_,ནི_100_,ནི_100_,ནི_100_,ནི_100_
[། །​_100_],། །​_100_,། །​_100_,། །​_100_,། །​_100_,། །​_100_,། །​_100_,། །​_100_,། །​_100_,། །​_100_,། །​_100_
[དེ་_100_],དེ་_100_,དེ་_100_,དེ་_100_,དེ་_100_,དེ་_100_,དེ་_100_,དེ་_100_,དེ་_100_,དེ་_100_,དེ་_100_
[ཉིད་_100_],ཉིད་_100_,ཉིད་_100_,ཉིད་_100_,ཉིད་_100_,ཉིད་_100_,ཉིད་_100_,ཉིད་_100_,ཉིད་_100_,ཉིད་_100_,ཉིད་_100_
[རིག་_100_],རིག་_100_,རིག་_100_,རིག་_100_,རིག་_100_,རིག་_100_,རིག་_100_,རིག་_100_,རིག་_100_,རིག་_100_,རིག་_100_
[པ་_100_],པ་_100_,པ་_100_,པ་_100_,པ་_100_,པ་_100_,པ་_100_,པ་_100_,པ་_100_,པ་_100_,པ་_100_
[རྣམས་_100_],རྣམས་_100_,རྣམས་_100_,རྣམས་_100_,རྣམས་_100_,རྣམས་_100_,རྣམས་_100_,རྣམས་_100_,རྣམས་_100_,རྣམས་_100_,རྣམས་_100_
[ཀྱིས་_100_],ཀྱིས་_100_,ཀྱིས་_100_,ཀྱིས་_100_,ཀྱིས་_100_,ཀྱིས་_100_,ཀྱིས་_100_,ཀྱིས་_100_,ཀྱིས་_100_,ཀྱིས་_100_,ཀྱིས་_100_
[གསུངས_100_],གསུངས_100_,གསུངས_100_,གསུངས_100_,གསུངས_100_,གསུངས_100_,གསུངས_100_,གསུངས_100_,གསུངས_100_,གསུངས_100_,གསུངས_100_
[། །​_90_],། །​_90_,། །​_90_,། །​_90_,། །​_90_,། །​_90_,། །​།_9_,། །​_90_,། །​_90_,། །​_90_,། །​_90_
[དམིགས་_100_],དམིགས་_100_,དམིགས་_100_,དམིགས་_100_,དམིགས་_100_,དམིགས་_100_,དམིགས་_100_,དམིགས་_100_,དམིགས་_100_,དམིགས་_100_,དམིགས་_100_
[པ་_100_],པ་_100_,པ་_100_,པ་_100_,པ་_100_,པ་_100_,པ་_100_,པ་_100_,པ་_100_,པ་_100_,པ་_100_
[མེད་_100_],མེད་_100_,མེད་_100_,མེད་_100_,མེད་_100_,མེད་_100_,མེད་_100_,མེད་_100_,མེད་_100_,མེད་_100_,མེད་_100_
[པའི་_100_],པའི་_100_,པའི་_100_,པའི་_100_,པའི་_100_,པའི་_100_,པའི་_100_,པའི་_100_,པའི་_100_,པའི་_100_,པའི་_100_
[ཆོས་_100_],ཆོས་_100_,ཆོས་_100_,ཆོས་_100_,ཆོས་_100_,ཆོས་_100_,ཆོས་_100_,ཆོས་_100_,ཆོས་_100_,ཆོས་_100_,ཆོས་_100_
[འདི་_100_],འདི་_100_,འདི་_100_,འདི་_100_,འདི་_100_,འདི་_100_,འདི་_100_,འདི་_100_,འདི་_100_,འདི་_100_,འདི་_100_
[ཀུན_100_],ཀུན_100_,ཀུན_100_,ཀུན_100_,ཀུན_100_,ཀུན_100_,ཀུན_100_,ཀུན_100_,ཀུན_100_,ཀུན_100_,ཀུན_100_
[། །​_90_],། །​_90_,། །​_90_,། །​_90_,། །​_90_,། །​_90_,།  །​_9_,། །​_90_,། །​_90_,། །​_90_,། །​_90_
[དམིགས་_100_],དམིགས་_100_,དམིགས་_100_,དམིགས་_100_,དམིགས་_100_,དམིགས་_100_,དམིགས་_100_,དམིགས་_100_,དམིགས་_100_,དམིགས་_100_,དམིགས་_100_
[པ་མེད་པར་_90_],པ་མེད་པར་_90_,པ་མེད་པར་_90_,པ་མེད་པར་_90_,པ་མེད་པར་_90_,པ་མེད་པར་_90_,པ་མེད་པར་_90_,པ་མེད་པར་_90_,པ་མེདཔར་_9_,པ་མེད་པར་_90_,པ་མེད་པར་_90_
[རབ་_100_],རབ་_100_,རབ་_100_,རབ་_100_,རབ་_100_,རབ་_100_,རབ་_100_,རབ་_100_,རབ་_100_,རབ་_100_,རབ་_100_
[ཏུ་_100_],ཏུ་_100_,ཏུ་_100_,ཏུ་_100_,ཏུ་_100_,ཏུ་_100_,ཏུ་_100_,ཏུ་_100_,ཏུ་_100_,ཏུ་_100_,ཏུ་_100_
[བསྟན_100_],བསྟན_100_,བསྟན_100_,བསྟན_100_,བསྟན_100_,བསྟན_100_,བསྟན_100_,བསྟན_100_,བསྟན_100_,བསྟན_100_,བསྟན_100_
[། །​_100_],། །​_100_,། །​_100_,། །​_100_,། །​_100_,། །​_100_,། །​_100_,། །​_100_,། །​_100_,། །​_100_,། །​_100_
[དམིགས་པ་མེད་པའི་བློ་བྱས་ན། །​དམིགས་པ་མེད་_90_],དམིགས་པ་མེད་པའི་བློ་བྱས་ན། །​དམིགས་པ་མེད་_90_,དམིགས་པ་མེད་པའི་བློ་བྱས་ན། །​དམིགས་པ་མེད་_90_,དམིགས་པ་མེད་པའི་བློ་བྱས་ན། །​དམིགས་པ་མེད་_90_,དམིགས་པ་མེད་པའི་བློ་བྱས་ན། །​དམིགས་པ་མེད་_90_,དམིགས་པ་མེད་པའི་བློ་བྱས་ན། །​དམིགས་པ་མེད་_90_,དམིགས་པ་མེད་པའི་བློ་བྱས་ན། །​དམིགས་པ་མེད་_90_,དམིགས་པ་མེད་པའི་བློ་བྱས་ན། །​དམིགས་པ་མེད་_90_,དམིགས་པམེད་པའིབློ་བྱསན། །​དམིགས་པམེད་_9_,དམིགས་པ་མེད་པའི་བློ་བྱས་ན། །​དམིགས་པ་མེད་_90_,དམིགས་པ་མེད་པའི་བློ་བྱས་ན། །​དམིགས་པ་མེད་_90_
[པར་_100_],པར་_100_,པར་_100_,པར་_100_,པར་_100_,པར་_100_,པར་_100_,པར་_100_,པར་_100_,པར་_100_,པར་_100_
[འགྱུར་_100_],འགྱུར་_100_,འགྱུར་_100_,འགྱུར་_100_,འགྱུར་_100_,འགྱུར་_100_,འགྱུར་_100_,འགྱུར་_100_,འགྱུར་_100_,འགྱུར་_100_,འགྱུར་_100_
[བ་_100_],བ་_100_,བ་_100_,བ་_100_,བ་_100_,བ་_100_,བ་_100_,བ་_100_,བ་_100_,བ་_100_,བ་_100_
[ཡིན_100_],ཡིན_100_,ཡིན_100_,ཡིན_100_,ཡིན_100_,ཡིན_100_,ཡིན_100_,ཡིན_100_,ཡིན_100_,ཡིན_100_,ཡིན_100_
[། །​_100_],། །​_100_,། །​_100_,། །​_100_,། །​_100_,། །​_100_,། །​_100_,། །​_100_,། །​_100_,། །​_100_,། །​_100_
[སྦྱིན་_100_],སྦྱིན་_100_,སྦྱིན་_100_,སྦྱིན་_100_,སྦྱིན་_100_,སྦྱིན་_100_,སྦྱིན་_100_,སྦྱིན་_100_,སྦྱིན་_100_,སྦྱིན་_100_,སྦྱིན་_100_
[དང་_100_],དང་_100_,དང་_100_,དང་_100_,དང་_100_,དང་_100_,དང་_100_,དང་_100_,དང་_100_,དང་_100_,དང་_100_
[ཚུལ་_100_],ཚུལ་_100_,ཚུལ་_100_,ཚུལ་_100_,ཚུལ་_100_,ཚུལ་_100_,ཚུལ་_100_,ཚུལ་_100_,ཚུལ་_100_,ཚུལ་_100_,ཚུལ་_100_
[ཁྲིམས་_100_],ཁྲིམས་_100_,ཁྲིམས་_100_,ཁྲིམས་_100_,ཁྲིམས་_100_,ཁྲིམས་_100_,ཁྲིམས་_100_,ཁྲིམས་_100_,ཁྲིམས་_100_,ཁྲིམས་_100_,ཁྲིམས་_100_
[བཟོད་_100_],བཟོད་_100_,བཟོད་_100_,བཟོད་_100_,བཟོད་_100_,བཟོད་_100_,བཟོད་_100_,བཟོད་_100_,བཟོད་_100_,བཟོད་_100_,བཟོད་_100_
[བརྩོན་_100_],བརྩོན་_100_,བརྩོན་_100_,བརྩོན་_100_,བརྩོན་_100_,བརྩོན་_100_,བརྩོན་_100_,བརྩོན་_100_,བརྩོན་_100_,བརྩོན་_100_,བརྩོན་_100_
[འགྲུས_100_],འགྲུས_100_,འགྲུས_100_,འགྲུས_100_,འགྲུས_100_,འགྲུས_100_,འགྲུས_100_,འགྲུས_100_,འགྲུས_100_,འགྲུས_100_,འགྲུས_100_
[། །​_100_],། །​_100_,། །​_100_,། །​_100_,། །​_100_,། །​_100_,། །​_100_,། །​_100_,། །​_100_,། །​_100_,། །​_100_
[བསམ་_100_],བསམ་_100_,བསམ་_100_,བསམ་_100_,བསམ་_100_,བསམ་_100_,བསམ་_100_,བསམ་_100_,བསམ་_100_,བསམ་_100_,བསམ་_100_
[གཏན་ལས་བྱུང་_90_],གཏན་ལས་བྱུང་_90_,གཏན་ལས་བྱུང་_90_,གཏན་ལས་བྱུང་_90_,གཏན་ལས་བྱུང་_90_,གཏན་ལས་བྱུང་_90_,གཏན་ལས་བྱུང་_90_,གཏན་ལས་བྱུང་_90_,གཏན་ལསབྱུང་_9_,གཏན་ལས་བྱུང་_90_,གཏན་ལས་བྱུང་_90_
[བསྟེན་_100_],བསྟེན་_100_,བསྟེན་_100_,བསྟེན་_100_,བསྟེན་_100_,བསྟེན་_100_,བསྟེན་_100_,བསྟེན་_100_,བསྟེན་_100_,བསྟེན་_100_,བསྟེན་_100_
[པར་_100_],པར་_100_,པར་_100_,པར་_100_,པར་_100_,པར་_100_,པར་_100_,པར་_100_,པར་_100_,པར་_100_,པར་_100_
[བྱ_100_],བྱ_100_,བྱ_100_,བྱ_100_,བྱ_100_,བྱ_100_,བྱ_100_,བྱ_100_,བྱ_100_,བྱ_100_,བྱ_100_
[། །​དུས་མི་རིང་བ་ཉིད་ན་ནི_90_],། །​དུས་མི་རིང་བ་ཉིད་ན་ནི_90_,། །​དུས་མི་རིང་བ་ཉིད་ན་ནི_90_,། །​དུས་མི་རིང་བ་ཉིད་ན་ནི_90_,། །​དུས་མི་རིང་བ་ཉིད་ན་ནི_90_,། །​དུས་མི་རིང་བ་ཉིད་ན་ནི_90_,། །​དུས་མི་རིང་བ་ཉིད་ན་ནི_90_,། །​དུས་མི་རིང་བ་ཉིད་ན་ནི_90_,། །​དུགམིརུདབ་ཉིདནནི_9_,། །​དུས་མི་རིང་བ་ཉིད་ན་ནི_90_,། །​དུས་མི་རིང་བ་ཉིད་ན་ནི_90_
[། །​_100_],། །​_100_,། །​_100_,། །​_100_,། །​_100_,། །​_100_,། །​_100_,། །​_100_,། །​_100_,། །​_100_,། །​_100_
[བླ་_100_],བླ་_100_,བླ་_100_,བླ་_100_,བླ་_100_,བླ་_100_,བླ་_100_,བླ་_100_,བླ་_100_,བླ་_100_,བླ་_100_
[མེད་_100_],མེད་_100_,མེད་_100_,མེད་_100_,མེད་_100_,མེད་_100_,མེད་_100_,མེད་_100_,མེད་_100_,མེད་_100_,མེད་_100_
[བྱང་_100_],བྱང་_100_,བྱང་_100_,བྱང་_100_,བྱང་_100_,བྱང་_100_,བྱང་_100_,བྱང་_100_,བྱང་_100_,བྱང་_100_,བྱང་_100_
[ཆུབ་_100_],ཆུབ་_100_,ཆུབ་_100_,ཆུབ་_100_,ཆུབ་_100_,ཆུབ་_100_,ཆུབ་_100_,ཆུབ་_100_,ཆུབ་_100_,ཆུབ་_100_,ཆུབ་_100_
[ཐོབ་_72_],ཐོབ་_72_,ཐོབ་_72_,ཐོབ་_72_,འཐོབ་_27_,འཐོབ་_27_,ཐོབ་_72_,འཐོབ་_27_,ཐོབ་_72_,ཐོབ་_72_,ཐོབ་_72_
[པར་_100_],པར་_100_,པར་_100_,པར་_100_,པར་_100_,པར་_100_,པར་_100_,པར་_100_,པར་_100_,པར་_100_,པར་_100_
[འགྱུར_100_],འགྱུར_100_,འགྱུར_100_,འགྱུར_100_,འགྱུར_100_,འགྱུར_100_,འགྱུར_100_,འགྱུར_100_,འགྱུར_100_,འགྱུར_100_,འགྱུར_100_
[། །​_100_],། །​_100_,། །​_100_,། །​_100_,། །​_100_,། །​_100_,། །​_100_,། །​_100_,། །​_100_,། །​_100_,། །​_100_
[ཤེས་_100_],ཤེས་_100_,ཤེས་_100_,ཤེས་_100_,ཤེས་_100_,ཤེས་_100_,ཤེས་_100_,ཤེས་_100_,ཤེས་_100_,ཤེས་_100_,ཤེས་_100_
[རབ་_100_],རབ་_100_,རབ་_100_,རབ་_100_,རབ་_100_,རབ་_100_,རབ་_100_,རབ་_100_,རབ་_100_,རབ་_100_,རབ་_100_
[ཐབས་_100_],ཐབས་_100_,ཐབས་_100_,ཐབས་_100_,ཐབས་_100_,ཐབས་_100_,ཐབས་_100_,ཐབས་_100_,ཐབས་_100_,ཐབས་_100_,ཐབས་_100_
[ལ་_100_],ལ་_100_,ལ་_100_,ལ་_100_,ལ་_100_,ལ་_100_,ལ་_100_,ལ་_100_,ལ་_100_,ལ་_100_,ལ་_100_
[གནས་_100_],གནས་_100_,གནས་_100_,གནས་_100_,གནས་_100_,གནས་_100_,གནས་_100_,གནས་_100_,གནས་_100_,གནས་_100_,གནས་_100_
[གྱུར་_100_],གྱུར་_100_,གྱུར་_100_,གྱུར་_100_,གྱུར་_100_,གྱུར་_100_,གྱུར་_100_,གྱུར་_100_,གྱུར་_100_,གྱུར་_100_,གྱུར་_100_
[པས_100_],པས_100_,པས_100_,པས_100_,པས_100_,པས_100_,པས_100_,པས_100_,པས_100_,པས_100_,པས_100_
[། །​_100_],། །​_100_,། །​_100_,། །​_100_,། །​_100_,། །​_100_,། །​_100_,། །​_100_,། །​_100_,། །​_100_,། །​_100_
[སེམས་_100_],སེམས་_100_,སེམས་_100_,སེམས་_100_,སེམས་_100_,སེམས་_100_,སེམས་_100_,སེམས་_100_,སེམས་_100_,སེམས་_100_,སེམས་_100_
[ཅན་_100_],ཅན་_100_,ཅན་_100_,ཅན་_100_,ཅན་_100_,ཅན་_100_,ཅན་_100_,ཅན་_100_,ཅན་_100_,ཅན་_100_,ཅན་_100_
[ཀུན་_100_],ཀུན་_100_,ཀུན་_100_,ཀུན་_100_,ཀུན་_100_,ཀུན་_100_,ཀུན་_100_,ཀུན་_100_,ཀུན་_100_,ཀུན་_100_,ཀུན་_100_
[ལ་_100_],ལ་_100_,ལ་_100_,ལ་_100_,ལ་_100_,ལ་_100_,ལ་_100_,ལ་_100_,ལ་_100_,ལ་_100_,ལ་_100_
[བརྩེ་_100_],བརྩེ་_100_,བརྩེ་_100_,བརྩེ་_100_,བརྩེ་_100_,བརྩེ་_100_,བརྩེ་_100_,བརྩེ་_100_,བརྩེ་_100_,བརྩེ་_100_,བརྩེ་_100_
[བར་_100_],བར་_100_,བར་_100_,བར་_100_,བར་_100_,བར་_100_,བར་_100_,བར་_100_,བར་_100_,བར་_100_,བར་_100_
[བྱ_100_],བྱ_100_,བྱ_100_,བྱ_100_,བྱ_100_,བྱ_100_,བྱ_100_,བྱ_100_,བྱ_100_,བྱ_100_,བྱ_100_
[། །​_100_],། །​_100_,། །​_100_,། །​_100_,། །​_100_,། །​_100_,། །​_100_,། །​_100_,། །​_100_,། །​_100_,། །​_100_
[ཐམས་ཅད་མཁྱེན་པའི་གོ་_90_],ཐམས་ཅད་མཁྱེན་པའི་གོ་_90_,ཐམས་ཅད་མཁྱེན་པའི་གོ་_90_,ཐམས་ཅད་མཁྱེན་པའི་གོ་_90_,ཐམས་ཅད་མཁྱེན་པའི་གོ་_90_,ཐམས་ཅད་མཁྱེན་པའི་གོ་_90_,ཐམས་ཅད་མཁྱེན་པའི་གོ་_90_,ཐམས་ཅད་མཁྱེན་པའི་གོ་_90_,ཐམས་ཅདམཁྱེནཔའིགོ་_9_,ཐམས་ཅད་མཁྱེན་པའི་གོ་_90_,ཐམས་ཅད་མཁྱེན་པའི་གོ་_90_
[འཕང་_100_],འཕང་_100_,འཕང་_100_,འཕང་_100_,འཕང་_100_,འཕང་_100_,འཕང་_100_,འཕང་_100_,འཕང་_100_,འཕང་_100_,འཕང་_100_
[མཆོག _100_],མཆོག _100_,མཆོག _100_,མཆོག _100_,མཆོག _100_,མཆོག _100_,མཆོག _100_,མཆོག _100_,མཆོག _100_,མཆོག _100_,མཆོག _100_
[།​_90_],།​_90_,།​_90_,།​_90_,།​ _9_,།​_90_,།​_90_,།​_90_,།​_90_,།​_90_,།​_90_
[ལྷ་_100_],ལྷ་_100_,ལྷ་_100_,ལྷ་_100_,ལྷ་_100_,ལྷ་_100_,ལྷ་_100_,ལྷ་_100_,ལྷ་_100_,ལྷ་_100_,ལྷ་_100_
[ཉིད་_100_],ཉིད་_100_,ཉིད་_100_,ཉིད་_100_,ཉིད་_100_,ཉིད་_100_,ཉིད་_100_,ཉིད་_100_,ཉིད་_100_,ཉིད་_100_,ཉིད་_100_
[དུས་_100_],དུས་_100_,དུས་_100_,དུས་_100_,དུས་_100_,དུས་_100_,དུས་_100_,དུས་_100_,དུས་_100_,དུས་_100_,དུས་_100_
[མི་_100_],མི་_100_,མི་_100_,མི་_100_,མི་_100_,མི་_100_,མི་_100_,མི་_100_,མི་_100_,མི་_100_,མི་_100_
[རིང་_100_],རིང་_100_,རིང་_100_,རིང་_100_,རིང་_100_,རིང་_100_,རིང་_100_,རིང་_100_,རིང་_100_,རིང་_100_,རིང་_100_
[བར་_100_],བར་_100_,བར་_100_,བར་_100_,བར་_100_,བར་_100_,བར་_100_,བར་_100_,བར་_100_,བར་_100_,བར་_100_
[འཐོབ_90_],འཐོབ_90_,འཐོབ_90_,འཐོབ_90_,འཐོབ_90_,འཐོབ_90_,འཐོབ_90_,འཐོབ_90_,འགྲོལ_9_,འཐོབ_90_,འཐོབ_90_
[། །​_100_],། །​_100_,། །​_100_,། །​_100_,། །​_100_,། །​_100_,། །​_100_,། །​_100_,། །​_100_,། །​_100_,། །​_100_
[འདི་_100_],འདི་_100_,འདི་_100_,འདི་_100_,འདི་_100_,འདི་_100_,འདི་_100_,འདི་_100_,འདི་_100_,འདི་_100_,འདི་_100_
[དག་_100_],དག་_100_,དག་_100_,དག་_100_,དག་_100_,དག་_100_,དག་_100_,དག་_100_,དག་_100_,དག་_100_,དག་_100_
[ཐམས་ཅད་མིང་_90_],ཐམས་ཅད་མིང་_90_,ཐམས་ཅད་མིང་_90_,ཐམས་ཅད་མིང་_90_,ཐམས་ཅད་མིང་_90_,ཐམས་ཅད་མིང་_90_,ཐམས་ཅད་མིང་_90_,ཐམས་ཅད་མིང་_90_,ཐམས་ཅདམིད་_9_,ཐམས་ཅད་མིང་_90_,ཐམས་ཅད་མིང་_90_
[ཙམ་_100_],ཙམ་_100_,ཙམ་_100_,ཙམ་_100_,ཙམ་_100_,ཙམ་_100_,ཙམ་_100_,ཙམ་_100_,ཙམ་_100_,ཙམ་_100_,ཙམ་_100_
[སྟེ_100_],སྟེ_100_,སྟེ_100_,སྟེ_100_,སྟེ_100_,སྟེ_100_,སྟེ_100_,སྟེ_100_,སྟེ_100_,སྟེ_100_,སྟེ_100_
[། །​_90_],། །​_90_,། །​_90_,། །​_90_,། །​ _9_,། །​_90_,། །​_90_,། །​_90_,། །​_90_,། །​_90_,། །​_90_
[ཐ་_100_],ཐ་_100_,ཐ་_100_,ཐ་_100_,ཐ་_100_,ཐ་_100_,ཐ་_100_,ཐ་_100_,ཐ་_100_,ཐ་_100_,ཐ་_100_
[སྙད་_100_],སྙད་_100_,སྙད་_100_,སྙད་_100_,སྙད་_100_,སྙད་_100_,སྙད་_100_,སྙད་_100_,སྙད་_100_,སྙད་_100_,སྙད་_100_
[ཙམ་_100_],ཙམ་_100_,ཙམ་_100_,ཙམ་_100_,ཙམ་_100_,ཙམ་_100_,ཙམ་_100_,ཙམ་_100_,ཙམ་_100_,ཙམ་_100_,ཙམ་_100_
[དུ་_100_],དུ་_100_,དུ་_100_,དུ་_100_,དུ་_100_,དུ་_100_,དུ་_100_,དུ་_100_,དུ་_100_,དུ་_100_,དུ་_100_
[རབ་_100_],རབ་_100_,རབ་_100_,རབ་_100_,རབ་_100_,རབ་_100_,རབ་_100_,རབ་_100_,རབ་_100_,རབ་_100_,རབ་_100_
[ཏུ་_100_],ཏུ་_100_,ཏུ་_100_,ཏུ་_100_,ཏུ་_100_,ཏུ་_100_,ཏུ་_100_,ཏུ་_100_,ཏུ་_100_,ཏུ་_100_,ཏུ་_100_
[འཇུག _100_],འཇུག _100_,འཇུག _100_,འཇུག _100_,འཇུག _100_,འཇུག _100_,འཇུག _100_,འཇུག _100_,འཇུག _100_,འཇུག _100_,འཇུག _100_
[།​_100_],།​_100_,།​_100_,།​_100_,།​_100_,།​_100_,།​_100_,།​_100_,།​_100_,།​_100_,།​_100_
[དངོས་_100_],དངོས་_100_,དངོས་_100_,དངོས་_100_,དངོས་_100_,དངོས་_100_,དངོས་_100_,དངོས་_100_,དངོས་_100_,དངོས་_100_,དངོས་_100_
[པོ་མེད་ལ་ཐ་དད་པའི། །​བརྗོད་བྱ་ཡོད་_63_],པོ་མེད་ལ་ཐ་དད་པའི། །​བརྗོད་བྱ་ཡོད་_63_,པོ་མེད་ལ་ཐ་དད་པའི། །​བརྗོད་བྱ་ཡོད་_63_,པོ་མེད་ལ་ཐ་དད་པའི། །​བརྗོད་བྱ་ཡོད་_63_,པོ་མེད་ལ་ཐ་སྙད་པའི། །​བརྗོད་བྱ་ཡོད་_27_,པོ་མེད་ལ་ཐ་སྙད་པའི། །​བརྗོད་བྱ་ཡོད་_27_,པོ་མེད་ལ་ཐ་དད་པའི། །​བརྗོད་བྱ་ཡོད་_63_,པོ་མེད་ལ་ཐ་སྙད་པའི། །​བརྗོད་བྱ་ཡོད་_27_,པོ་མེདལཐདད་པའི། །​བརྗོདབྱཡོད་_9_,པོ་མེད་ལ་ཐ་དད་པའི། །​བརྗོད་བྱ་ཡོད་_63_,པོ་མེད་ལ་ཐ་དད་པའི། །​བརྗོད་བྱ་ཡོད་_63_
[པ་_100_],པ་_100_,པ་_100_,པ་_100_,པ་_100_,པ་_100_,པ་_100_,པ་_100_,པ་_100_,པ་_100_,པ་_100_
[མ་_100_],མ་_100_,མ་_100_,མ་_100_,མ་_100_,མ་_100_,མ་_100_,མ་_100_,མ་_100_,མ་_100_,མ་_100_
[ཡིན་_100_],ཡིན་_100_,ཡིན་_100_,ཡིན་_100_,ཡིན་_100_,ཡིན་_100_,ཡིན་_100_,ཡིན་_100_,ཡིན་_100_,ཡིན་_100_,ཡིན་_100_
[ཏེ_100_],ཏེ_100_,ཏེ_100_,ཏེ_100_,ཏེ_100_,ཏེ_100_,ཏེ_100_,ཏེ_100_,ཏེ_100_,ཏེ_100_,ཏེ_100_
[། །​_100_],། །​_100_,། །​_100_,། །​_100_,། །​_100_,། །​_100_,། །​_100_,། །​_100_,། །​_100_,། །​_100_,། །​_100_
[བདག་_100_],བདག་_100_,བདག་_100_,བདག་_100_,བདག་_100_,བདག་_100_,བདག་_100_,བདག་_100_,བདག་_100_,བདག་_100_,བདག་_100_
[ཉིད་_100_],ཉིད་_100_,ཉིད་_100_,ཉིད་_100_,ཉིད་_100_,ཉིད་_100_,ཉིད་_100_,ཉིད་_100_,ཉིད་_100_,ཉིད་_100_,ཉིད་_100_
[གང་_100_],གང་_100_,གང་_100_,གང་_100_,གང་_100_,གང་_100_,གང་_100_,གང་_100_,གང་_100_,གང་_100_,གང་_100_
[དང་_100_],དང་_100_,དང་_100_,དང་_100_,དང་_100_,དང་_100_,དང་_100_,དང་_100_,དང་_100_,དང་_100_,དང་_100_
[གང་གིས་ནི_90_],གང་གིས་ནི_90_,གང་གིས་ནི_90_,གང་གིས་ནི_90_,གང་གིས་ནི_90_,གང་གིས་ནི_90_,གང་གིས་ནི_90_,གང་གིས་ནི_90_,གང་གིསནི_9_,གང་གིས་ནི_90_,གང་གིས་ནི_90_
[། །​_100_],། །​_100_,། །​_100_,། །​_100_,། །​_100_,། །​_100_,། །​_100_,། །​_100_,། །​_100_,། །​_100_,། །​_100_
[ཆོས་_100_],ཆོས་_100_,ཆོས་_100_,ཆོས་_100_,ཆོས་_100_,ཆོས་_100_,ཆོས་_100_,ཆོས་_100_,ཆོས་_100_,ཆོས་_100_,ཆོས་_100_
[རྣམས་_100_],རྣམས་_100_,རྣམས་_100_,རྣམས་_100_,རྣམས་_100_,རྣམས་_100_,རྣམས་_100_,རྣམས་_100_,རྣམས་_100_,རྣམས་_100_,རྣམས་_100_
[གང་_100_],གང་_100_,གང་_100_,གང་_100_,གང་_100_,གང་_100_,གང་_100_,གང་_100_,གང་_100_,གང་_100_,གང་_100_
[དང་_100_],དང་_100_,དང་_100_,དང་_100_,དང་_100_,དང་_100_,དང་_100_,དང་_100_,དང་_100_,དང་_100_,དང་_100_
[གང་_100_],གང་_100_,གང་_100_,གང་_100_,གང་_100_,གང་_100_,གང་_100_,གང་_100_,གང་_100_,གང་_100_,གང་_100_
[བརྟགས་_100_],བརྟགས་_100_,བརྟགས་_100_,བརྟགས་_100_,བརྟགས་_100_,བརྟགས་_100_,བརྟགས་_100_,བརྟགས་_100_,བརྟགས་_100_,བརྟགས་_100_,བརྟགས་_100_
[པ_100_],པ_100_,པ_100_,པ_100_,པ_100_,པ_100_,པ_100_,པ_100_,པ_100_,པ_100_,པ_100_
[། །​_90_],། །​_90_,། །​_90_,། །​_90_,། །​ _9_,། །​_90_,། །​_90_,། །​_90_,། །​_90_,། །​_90_,། །​_90_
[དེ་_100_],དེ་_100_,དེ་_100_,དེ་_100_,དེ་_100_,དེ་_100_,དེ་_100_,དེ་_100_,དེ་_100_,དེ་_100_,དེ་_100_
[ནི་_100_],ནི་_100_,ནི་_100_,ནི་_100_,ནི་_100_,ནི་_100_,ནི་_100_,ནི་_100_,ནི་_100_,ནི་_100_,ནི་_100_
[དེ་_100_],དེ་_100_,དེ་_100_,དེ་_100_,དེ་_100_,དེ་_100_,དེ་_100_,དེ་_100_,དེ་_100_,དེ་_100_,དེ་_100_
[ལ་_100_],ལ་_100_,ལ་_100_,ལ་_100_,ལ་_100_,ལ་_100_,ལ་_100_,ལ་_100_,ལ་_100_,ལ་_100_,ལ་_100_
[ཡོད་_100_],ཡོད་_100_,ཡོད་_100_,ཡོད་_100_,ཡོད་_100_,ཡོད་_100_,ཡོད་_100_,ཡོད་_100_,ཡོད་_100_,ཡོད་_100_,ཡོད་_100_
[མིན་_100_],མིན་_100_,མིན་_100_,མིན་_100_,མིན་_100_,མིན་_100_,མིན་_100_,མིན་_100_,མིན་_100_,མིན་_100_,མིན་_100_
[ཏེ_90_],ཏེ_90_,ཏེ_90_,ཏེ_90_,ཏེ_90_,ཏེ_90_,ཏེ_90_,ཏེ_90_,ཏོ_9_,ཏེ_90_,ཏེ_90_
[། །​_100_],། །​_100_,། །​_100_,། །​_100_,། །​_100_,། །​_100_,། །​_100_,། །​_100_,། །​_100_,། །​_100_,། །​_100_
[ཆོས་རྣམས་ཀྱི་_63_],ཆོས་རྣམས་ཀྱི་_63_,ཆོས་རྣམས་ཀྱི་_63_,ཆོས་རྣམས་ཀྱི་_63_,ཆོས་རྣམས་ཀྱིས་_27_,ཆོས་རྣམས་ཀྱིས་_27_,ཆོས་རྣམས་ཀྱི་_63_,ཆོས་རྣམས་ཀྱིས་_27_,ཆོས་རྣམསཀྱི་_9_,ཆོས་རྣམས་ཀྱི་_63_,ཆོས་རྣམས་ཀྱི་_63_
[ནི་_100_],ནི་_100_,ནི་_100_,ནི་_100_,ནི་_100_,ནི་_100_,ནི་_100_,ནི་_100_,ནི་_100_,ནི་_100_,ནི་_100_
[ཆོས་_100_],ཆོས་_100_,ཆོས་_100_,ཆོས་_100_,ཆོས་_100_,ཆོས་_100_,ཆོས་_100_,ཆོས་_100_,ཆོས་_100_,ཆོས་_100_,ཆོས་_100_
[ཉིད་_100_],ཉིད་_100_,ཉིད་_100_,ཉིད་_100_,ཉིད་_100_,ཉིད་_100_,ཉིད་_100_,ཉིད་_100_,ཉིད་_100_,ཉིད་_100_,ཉིད་_100_
[དེ_100_],དེ_100_,དེ_100_,དེ_100_,དེ_100_,དེ_100_,དེ_100_,དེ_100_,དེ_100_,དེ_100_,དེ_100_
[། །​མིང་གིས་མིང་ཉིད་སྟོང་པས་ན། །​མིང་ལ་མིང་ནི་_90_],། །​མིང་གིས་མིང་ཉིད་སྟོང་པས་ན། །​མིང་ལ་མིང་ནི་_90_,། །​མིང་གིས་མིང་ཉིད་སྟོང་པས་ན། །​མིང་ལ་མིང་ནི་_90_,། །​མིང་གིས་མིང་ཉིད་སྟོང་པས་ན། །​མིང་ལ་མིང་ནི་_90_,། །​མིང་གིས་མིང་ཉིད་སྟོང་པས་ན། །​མིང་ལ་མིང་ནི་_90_,། །​མིང་གིས་མིང་ཉིད་སྟོང་པས་ན། །​མིང་ལ་མིང་ནི་_90_,། །​མིང་གིས་མིང་ཉིད་སྟོང་པས་ན། །​མིང་ལ་མིང་ནི་_90_,། །​མིང་གིས་མིང་ཉིད་སྟོང་པས་ན། །​མིང་ལ་མིང་ནི་_90_,། །​མིདགོསམིང་ཉིད་སྟོང་བསན། །​མིད་ལ་མངནི་_9_,། །​མིང་གིས་མིང་ཉིད་སྟོང་པས་ན། །​མིང་ལ་མིང་ནི་_90_,། །​མིང་གིས་མིང་ཉིད་སྟོང་པས་ན། །​མིང་ལ་མིང་ནི་_90_
[ཡོད་_100_],ཡོད་_100_,ཡོད་_100_,ཡོད་_100_,ཡོད་_100_,ཡོད་_100_,ཡོད་_100_,ཡོད་_100_,ཡོད་_100_,ཡོད་_100_,ཡོད་_100_
[མ་_100_],མ་_100_,མ་_100_,མ་_100_,མ་_100_,མ་_100_,མ་_100_,མ་_100_,མ་_100_,མ་_100_,མ་_100_
[ཡིན_100_],ཡིན_100_,ཡིན_100_,ཡིན_100_,ཡིན_100_,ཡིན_100_,ཡིན_100_,ཡིན_100_,ཡིན_100_,ཡིན_100_,ཡིན_100_
[། །​_100_],། །​_100_,། །​_100_,། །​_100_,། །​_100_,། །​_100_,། །​_100_,། །​_100_,། །​_100_,། །​_100_,། །​_100_
[ཆོས་_100_],ཆོས་_100_,ཆོས་_100_,ཆོས་_100_,ཆོས་_100_,ཆོས་_100_,ཆོས་_100_,ཆོས་_100_,ཆོས་_100_,ཆོས་_100_,ཆོས་_100_
[རྣམས་_100_],རྣམས་_100_,རྣམས་_100_,རྣམས་_100_,རྣམས་_100_,རྣམས་_100_,རྣམས་_100_,རྣམས་_100_,རྣམས་_100_,རྣམས་_100_,རྣམས་_100_
[ཐམས་_100_],ཐམས་_100_,ཐམས་_100_,ཐམས་_100_,ཐམས་_100_,ཐམས་_100_,ཐམས་_100_,ཐམས་_100_,ཐམས་_100_,ཐམས་_100_,ཐམས་_100_
[ཅད་_100_],ཅད་_100_,ཅད་_100_,ཅད་_100_,ཅད་_100_,ཅད་_100_,ཅད་_100_,ཅད་_100_,ཅད་_100_,ཅད་_100_,ཅད་_100_
[མིང་_100_],མིང་_100_,མིང་_100_,མིང་_100_,མིང་_100_,མིང་_100_,མིང་_100_,མིང་_100_,མིང་_100_,མིང་_100_,མིང་_100_
[མེད་_100_],མེད་_100_,མེད་_100_,མེད་_100_,མེད་_100_,མེད་_100_,མེད་_100_,མེད་_100_,མེད་_100_,མེད་_100_,མེད་_100_
[པས_100_],པས_100_,པས_100_,པས_100_,པས_100_,པས_100_,པས_100_,པས_100_,པས_100_,པས_100_,པས_100_
[། །​མིང་ནི་བཏགས་_72_],། །​མིང་ནི་བཏགས་_72_,། །​མིང་ནི་བརྟགས་_18_,། །​མིང་ནི་བརྟགས་_18_,། །​མིང་ནི་བཏགས་_72_,། །​མིང་ནི་བཏགས་_72_,། །​མིང་ནི་བཏགས་_72_,། །​མིང་ནི་བཏགས་_72_,། །​མིངནི་བཏགས་_9_,། །​མིང་ནི་བཏགས་_72_,། །​མིང་ནི་བཏགས་_72_
[པ་_100_],པ་_100_,པ་_100_,པ་_100_,པ་_100_,པ་_100_,པ་_100_,པ་_100_,པ་_100_,པ་_100_,པ་_100_
[ཙམ་ཉིད་དོ། །​_81_],ཙམ་ཉིད་དོ། །​_81_,ཙམ་ཉིད་དོ། །​_81_,ཙམ་ཉིད་དོ། །​_81_,ཙམ་ཉིད་དོ། །​ _9_,ཙམ་ཉིད་དོ། །​_81_,ཙམ་ཉིད་དོ། །​_81_,ཙམ་ཉིད་དོ། །​_81_,ཙམ་ཉིདདོ། །​_9_,ཙམ་ཉིད་དོ། །​_81_,ཙམ་ཉིད་དོ། །​_81_
[མི་_100_],མི་_100_,མི་_100_,མི་_100_,མི་_100_,མི་_100_,མི་_100_,མི་_100_,མི་_100_,མི་_100_,མི་_100_
[བདེན་_100_],བདེན་_100_,བདེན་_100_,བདེན་_100_,བདེན་_100_,བདེན་_100_,བདེན་_100_,བདེན་_100_,བདེན་_100_,བདེན་_100_,བདེན་_100_
[པར་_100_],པར་_100_,པར་_100_,པར་_100_,པར་_100_,པར་_100_,པར་_100_,པར་_100_,པར་_100_,པར་_100_,པར་_100_
[གྱུར་_100_],གྱུར་_100_,གྱུར་_100_,གྱུར་_100_,གྱུར་_100_,གྱུར་_100_,གྱུར་_100_,གྱུར་_100_,གྱུར་_100_,གྱུར་_100_,གྱུར་_100_
[ཆོས་_100_],ཆོས་_100_,ཆོས་_100_,ཆོས་_100_,ཆོས་_100_,ཆོས་_100_,ཆོས་_100_,ཆོས་_100_,ཆོས་_100_,ཆོས་_100_,ཆོས་_100_
[འདི་_100_],འདི་_100_,འདི་_100_,འདི་_100_,འདི་_100_,འདི་_100_,འདི་_100_,འདི་_100_,འདི་_100_,འདི་_100_,འདི་_100_
[དག _100_],དག _100_,དག _100_,དག _100_,དག _100_,དག _100_,དག _100_,དག _100_,དག _100_,དག _100_,དག _100_
[།​བརྟགས་པ་ཉིད་དུ་རབ་_63_],།​བརྟགས་པ་ཉིད་དུ་རབ་_63_,།​བརྟགས་པ་ཉིད་དུ་རབ་_63_,།​བརྟགས་པ་ཉིད་དུ་རབ་_63_,།​བཏགས་པ་ཉིད་དུ་རབ་_27_,།​བཏགས་པ་ཉིད་དུ་རབ་_27_,།​བརྟགས་པ་ཉིད་དུ་རབ་_63_,།​བཏགས་པ་ཉིད་དུ་རབ་_27_,།​བརྟགསཔ་ཉིད་དུརབ་_9_,།​བརྟགས་པ་ཉིད་དུ་རབ་_63_,།​བརྟགས་པ་ཉིད་དུ་རབ་_63_
[ཏུ་_100_],ཏུ་_100_,ཏུ་_100_,ཏུ་_100_,ཏུ་_100_,ཏུ་_100_,ཏུ་_100_,ཏུ་_100_,ཏུ་_100_,ཏུ་_100_,ཏུ་_100_
[འཇུག _100_],འཇུག _100_,འཇུག _100_,འཇུག _100_,འཇུག _100_,འཇུག _100_,འཇུག _100_,འཇུག _100_,འཇུག _100_,འཇུག _100_,འཇུག _100_
[།​_100_],།​_100_,།​_100_,།​_100_,།​_100_,།​_100_,།​_100_,།​_100_,།​_100_,།​_100_,།​_100_
[གང་_100_],གང་_100_,གང་_100_,གང་_100_,གང་_100_,གང་_100_,གང་_100_,གང་_100_,གང་_100_,གང་_100_,གང་_100_
[ལ་_100_],ལ་_100_,ལ་_100_,ལ་_100_,ལ་_100_,ལ་_100_,ལ་_100_,ལ་_100_,ལ་_100_,ལ་_100_,ལ་_100_
[བརྟགས་_72_],བརྟགས་_72_,བརྟགས་_72_,བརྟགས་_72_,བཏགས་_27_,བཏགས་_27_,བརྟགས་_72_,བཏགས་_27_,བརྟགས་_72_,བརྟགས་_72_,བརྟགས་_72_
[པ་_100_],པ་_100_,པ་_100_,པ་_100_,པ་_100_,པ་_100_,པ་_100_,པ་_100_,པ་_100_,པ་_100_,པ་_100_
[དེ་མེད་ན_90_],དེ་མེད་ན_90_,དེ་མེད་ན_90_,དེ་མེད་ན_90_,དེ་མེད་ན_90_,དེ་མེད་ན_90_,དེ་མེད་ན_90_,དེ་མེད་ན_90_,དེ་མེདྲན_9_,དེ་མེད་ན_90_,དེ་མེད་ན_90_
[། །​_100_],། །​_100_,། །​_100_,། །​_100_,། །​_100_,། །​_100_,། །​_100_,། །​_100_,། །​_100_,། །​_100_,། །​_100_
[སྟོང་_100_],སྟོང་_100_,སྟོང་_100_,སྟོང་_100_,སྟོང་_100_,སྟོང་_100_,སྟོང་_100_,སྟོང་_100_,སྟོང་_100_,སྟོང་_100_,སྟོང་_100_
[པ་_100_],པ་_100_,པ་_100_,པ་_100_,པ་_100_,པ་_100_,པ་_100_,པ་_100_,པ་_100_,པ་_100_,པ་_100_
[ཉིད་_100_],ཉིད་_100_,ཉིད་_100_,ཉིད་_100_,ཉིད་_100_,ཉིད་_100_,ཉིད་_100_,ཉིད་_100_,ཉིད་_100_,ཉིད་_100_,ཉིད་_100_
[དུ་_100_],དུ་_100_,དུ་_100_,དུ་_100_,དུ་_100_,དུ་_100_,དུ་_100_,དུ་_100_,དུ་_100_,དུ་_100_,དུ་_100_
[བརྟགས་པ་གང་། །​མིག་གིས་མཐོང་བའི་གཟུགས་རྣམས་ནི། །​དེ་ཉིད་_63_],བརྟགས་པ་གང་། །​མིག་གིས་མཐོང་བའི་གཟུགས་རྣམས་ནི། །​དེ་ཉིད་_63_,བརྟགས་པ་གང་། །​མིག་གིས་མཐོང་བའི་གཟུགས་རྣམས་ནི། །​དེ་ཉིད་_63_,བརྟགས་པ་གང་། །​མིག་གིས་མཐོང་བའི་གཟུགས་རྣམས་ནི། །​དེ་ཉིད་_63_,བཏགས་པ་གང་། །​མིག་གིས་མཐོང་བའི་གཟུགས་རྣམས་ནི། །​དེ་ཉིད་_27_,བཏགས་པ་གང་། །​མིག་གིས་མཐོང་བའི་གཟུགས་རྣམས་ནི། །​དེ་ཉིད་_27_,བརྟགས་པ་གང་། །​མིག་གིས་མཐོང་བའི་གཟུགས་རྣམས་ནི། །​དེ་ཉིད་_63_,བཏགས་པ་གང་། །​མིག་གིས་མཐོང་བའི་གཟུགས་རྣམས་ནི། །​དེ་ཉིད་_27_,བརྟགས་པགང་། །​མིག་གིསམཐོང་བའགཟུགསརྣམས་ནི། །​དེཉིད་_9_,བརྟགས་པ་གང་། །​མིག་གིས་མཐོང་བའི་གཟུགས་རྣམས་ནི། །​དེ་ཉིད་_63_,བརྟགས་པ་གང་། །​མིག་གིས་མཐོང་བའི་གཟུགས་རྣམས་ནི། །​དེ་ཉིད་_63_
[རིག་_100_],རིག་_100_,རིག་_100_,རིག་_100_,རིག་_100_,རིག་_100_,རིག་_100_,རིག་_100_,རིག་_100_,རིག་_100_,རིག་_100_
[པ་_100_],པ་_100_,པ་_100_,པ་_100_,པ་_100_,པ་_100_,པ་_100_,པ་_100_,པ་_100_,པ་_100_,པ་_100_
[ཞེས་_100_],ཞེས་_100_,ཞེས་_100_,ཞེས་_100_,ཞེས་_100_,ཞེས་_100_,ཞེས་_100_,ཞེས་_100_,ཞེས་_100_,ཞེས་_100_,ཞེས་_100_
[དེ་_100_],དེ་_100_,དེ་_100_,དེ་_100_,དེ་_100_,དེ་_100_,དེ་_100_,དེ་_100_,དེ་_100_,དེ་_100_,དེ་_100_
[བཤད_100_],བཤད_100_,བཤད_100_,བཤད_100_,བཤད_100_,བཤད_100_,བཤད_100_,བཤད_100_,བཤད_100_,བཤད_100_,བཤད_100_
[། །​_81_],། །​_81_,། །​_81_,། །​_81_,།_18_,། །​_81_,། །​_81_,།_18_,། །​_81_,། །​_81_,། །​_81_
[འཇིག་_100_],འཇིག་_100_,འཇིག་_100_,འཇིག་_100_,འཇིག་_100_,འཇིག་_100_,འཇིག་_100_,འཇིག་_100_,འཇིག་_100_,འཇིག་_100_,འཇིག་_100_
[རྟེན་_100_],རྟེན་_100_,རྟེན་_100_,རྟེན་_100_,རྟེན་_100_,རྟེན་_100_,རྟེན་_100_,རྟེན་_100_,རྟེན་_100_,རྟེན་_100_,རྟེན་_100_
[ལོག་_100_],ལོག་_100_,ལོག་_100_,ལོག་_100_,ལོག་_100_,ལོག་_100_,ལོག་_100_,ལོག་_100_,ལོག་_100_,ལོག་_100_,ལོག་_100_
[པའི་_100_],པའི་_100_,པའི་_100_,པའི་_100_,པའི་_100_,པའི་_100_,པའི་_100_,པའི་_100_,པའི་_100_,པའི་_100_,པའི་_100_
[ང་_100_],ང་_100_,ང་_100_,ང་_100_,ང་_100_,ང་_100_,ང་_100_,ང་_100_,ང་_100_,ང་_100_,ང་_100_
[རྒྱལ་_100_],རྒྱལ་_100_,རྒྱལ་_100_,རྒྱལ་_100_,རྒྱལ་_100_,རྒྱལ་_100_,རྒྱལ་_100_,རྒྱལ་_100_,རྒྱལ་_100_,རྒྱལ་_100_,རྒྱལ་_100_
[ཅན_100_],ཅན_100_,ཅན_100_,ཅན_100_,ཅན_100_,ཅན_100_,ཅན_100_,ཅན_100_,ཅན_100_,ཅན_100_,ཅན_100_
[། །​_100_],། །​_100_,། །​_100_,། །​_100_,། །​_100_,། །​_100_,། །​_100_,། །​_100_,། །​_100_,། །​_100_,། །​_100_
[ཀུན་_100_],ཀུན་_100_,ཀུན་_100_,ཀུན་_100_,ཀུན་_100_,ཀུན་_100_,ཀུན་_100_,ཀུན་_100_,ཀུན་_100_,ཀུན་_100_,ཀུན་_100_
[རྫོབ་_100_],རྫོབ་_100_,རྫོབ་_100_,རྫོབ་_100_,རྫོབ་_100_,རྫོབ་_100_,རྫོབ་_100_,རྫོབ་_100_,རྫོབ་_100_,རྫོབ་_100_,རྫོབ་_100_
[བདེན་_100_],བདེན་_100_,བདེན་_100_,བདེན་_100_,བདེན་_100_,བདེན་_100_,བདེན་_100_,བདེན་_100_,བདེན་_100_,བདེན་_100_,བདེན་_100_
[པ་_100_],པ་_100_,པ་_100_,པ་_100_,པ་_100_,པ་_100_,པ་_100_,པ་_100_,པ་_100_,པ་_100_,པ་_100_
[ཞེས་_100_],ཞེས་_100_,ཞེས་_100_,ཞེས་_100_,ཞེས་_100_,ཞེས་_100_,ཞེས་_100_,ཞེས་_100_,ཞེས་_100_,ཞེས་_100_,ཞེས་_100_
[འདིར་_100_],འདིར་_100_,འདིར་_100_,འདིར་_100_,འདིར་_100_,འདིར་_100_,འདིར་_100_,འདིར་_100_,འདིར་_100_,འདིར་_100_,འདིར་_100_
[འཇོག །​གང་_81_],འཇོག །​གང་_81_,འཇོག །​གང་_81_,འཇོག །​གང་_81_,འཇོག །​གང་_81_,འཇོག །​གང་_81_,འཇོག་པ་ལ། །​གང་_9_,འཇོག །​གང་_81_,འཇོག །​གད་_9_,འཇོག །​གང་_81_,འཇོག །​གང་_81_
[དུ་_100_],དུ་_100_,དུ་_100_,དུ་_100_,དུ་_100_,དུ་_100_,དུ་_100_,དུ་_100_,དུ་_100_,དུ་_100_,དུ་_100_
[ཚོགས་པའི་རྐྱེན་མཐོང་_90_],ཚོགས་པའི་རྐྱེན་མཐོང་_90_,ཚོགས་པའི་རྐྱེན་མཐོང་_90_,ཚོགས་པའི་རྐྱེན་མཐོང་_90_,ཚོགས་པའི་རྐྱེན་མཐོང་_90_,ཚོགས་པའི་རྐྱེན་མཐོང་_90_,ཚོགས་པའི་རྐྱེན་མཐོང་_90_,ཚོགས་པའི་རྐྱེན་མཐོང་_90_,ཚོགས་པའིརྐྱེནམཐོང་_9_,ཚོགས་པའི་རྐྱེན་མཐོང་_90_,ཚོགས་པའི་རྐྱེན་མཐོང་_90_
[བ_100_],བ_100_,བ_100_,བ_100_,བ_100_,བ_100_,བ_100_,བ_100_,བ_100_,བ_100_,བ_100_
[། །​_100_],། །​_100_,། །​_100_,། །​_100_,། །​_100_,། །​_100_,། །​_100_,། །​_100_,། །​_100_,། །​_100_,། །​_100_
[འདྲེན་_100_],འདྲེན་_100_,འདྲེན་_100_,འདྲེན་_100_,འདྲེན་_100_,འདྲེན་_100_,འདྲེན་_100_,འདྲེན་_100_,འདྲེན་_100_,འདྲེན་_100_,འདྲེན་_100_
[པ་_100_],པ་_100_,པ་_100_,པ་_100_,པ་_100_,པ་_100_,པ་_100_,པ་_100_,པ་_100_,པ་_100_,པ་_100_
[གསལ་_100_],གསལ་_100_,གསལ་_100_,གསལ་_100_,གསལ་_100_,གསལ་_100_,གསལ་_100_,གསལ་_100_,གསལ་_100_,གསལ་_100_,གསལ་_100_
[བར་_90_],བར་_90_,བར་_90_,བར་_90_,བར་_90_,བར་_90_,བར་_90_,བར་_90_,པར་_9_,བར་_90_,བར་_90_
[གྱུར་_100_],གྱུར་_100_,གྱུར་_100_,གྱུར་_100_,གྱུར་_100_,གྱུར་_100_,གྱུར་_100_,གྱུར་_100_,གྱུར་_100_,གྱུར་_100_,གྱུར་_100_
[པ་_100_],པ་_100_,པ་_100_,པ་_100_,པ་_100_,པ་_100_,པ་_100_,པ་_100_,པ་_100_,པ་_100_,པ་_100_
[ཡིན_100_],ཡིན_100_,ཡིན_100_,ཡིན_100_,ཡིན_100_,ཡིན_100_,ཡིན_100_,ཡིན_100_,ཡིན_100_,ཡིན_100_,ཡིན_100_
[། །​བློ་དང་_81_],། །​བློ་དང་_81_,། །​བློ་དང་_81_,། །​བློ་དང་_81_,། །​ བློ་དང་_9_,། །​བློ་དང་_81_,། །​བློ་དང་_81_,། །​བློ་དང་_81_,། །​བློདང་_9_,། །​བློ་དང་_81_,། །​བློ་དང་_81_
[ལྡན་_100_],ལྡན་_100_,ལྡན་_100_,ལྡན་_100_,ལྡན་_100_,ལྡན་_100_,ལྡན་_100_,ལྡན་_100_,ལྡན་_100_,ལྡན་_100_,ལྡན་_100_
[པས་_100_],པས་_100_,པས་_100_,པས་_100_,པས་_100_,པས་_100_,པས་_100_,པས་_100_,པས་_100_,པས་_100_,པས་_100_
[དོན་དམ་ལ_90_],དོན་དམ་ལ_90_,དོན་དམ་ལ_90_,དོན་དམ་ལ_90_,དོན་དམ་ལ_90_,དོན་དམ་ལ_90_,དོན་དམ་ལ_90_,དོན་དམ་ལ_90_,དོན་དམལ_9_,དོན་དམ་ལ_90_,དོན་དམ་ལ_90_
[། །​_100_],། །​_100_,། །​_100_,། །​_100_,། །​_100_,། །​_100_,། །​_100_,། །​_100_,། །​_100_,། །​_100_,། །​_100_
[བརྟགས་_100_],བརྟགས་_100_,བརྟགས་_100_,བརྟགས་_100_,བརྟགས་_100_,བརྟགས་_100_,བརྟགས་_100_,བརྟགས་_100_,བརྟགས་_100_,བརྟགས་_100_,བརྟགས་_100_
[ཏེ་_100_],ཏེ་_100_,ཏེ་_100_,ཏེ་_100_,ཏེ་_100_,ཏེ་_100_,ཏེ་_100_,ཏེ་_100_,ཏེ་_100_,ཏེ་_100_,ཏེ་_100_
[གྲགས་_100_],གྲགས་_100_,གྲགས་_100_,གྲགས་_100_,གྲགས་_100_,གྲགས་_100_,གྲགས་_100_,གྲགས་_100_,གྲགས་_100_,གྲགས་_100_,གྲགས་_100_
[པ་_100_],པ་_100_,པ་_100_,པ་_100_,པ་_100_,པ་_100_,པ་_100_,པ་_100_,པ་_100_,པ་_100_,པ་_100_
[ངེས་_100_],ངེས་_100_,ངེས་_100_,ངེས་_100_,ངེས་_100_,ངེས་_100_,ངེས་_100_,ངེས་_100_,ངེས་_100_,ངེས་_100_,ངེས་_100_
[པར་_100_],པར་_100_,པར་_100_,པར་_100_,པར་_100_,པར་_100_,པར་_100_,པར་_100_,པར་_100_,པར་_100_,པར་_100_
[མཐོང་_100_],མཐོང་_100_,མཐོང་_100_,མཐོང་_100_,མཐོང་_100_,མཐོང་_100_,མཐོང་_100_,མཐོང་_100_,མཐོང་_100_,མཐོང་_100_,མཐོང་_100_
[། །​གཟུགས་ནི་མིག་གིས་མི་མཐོང་ཞིང་། །​ཡིད་ཀྱིས་ཆོས་རྣམས་_81_],། །​གཟུགས་ནི་མིག་གིས་མི་མཐོང་ཞིང་། །​ཡིད་ཀྱིས་ཆོས་རྣམས་_81_,། །​གཟུགས་ནི་མིག་གིས་མི་མཐོང་ཞིང་། །​ཡིད་ཀྱིས་ཆོས་རྣམས་_81_,། །​གཟུགས་ནི་མིག་གིས་མི་མཐོང་ཞིང་། །​ཡིད་ཀྱིས་ཆོས་རྣམས་_81_,། །​གཟུགས་ནི་མིག་གིས་མི་མཐོང་ཞིང་། །​ཡིད་ཀྱིས་ཆོས་རྣམས་_81_,། །​གཟུགས་ནི་མིག་གིས་མི་མཐོང་ཞིང་། །​ཡིད་ཀྱིས་ཆོས་རྣམས་_81_,། །​ ྋ།གཟུགས་ནི་མིག་གིས་མི་མཐོང་ཞིང་། །​ཡིད་ཀྱིས་ཆོས་རྣམས་_9_,། །​གཟུགས་ནི་མིག་གིས་མི་མཐོང་ཞིང་། །​ཡིད་ཀྱིས་ཆོས་རྣམས་_81_,། །​གཟུགསརིམིག་གིས་མེམཐོང་ཞིང་། །​ཡིད་ཀྱིཆོསརྣམས་_9_,། །​གཟུགས་ནི་མིག་གིས་མི་མཐོང་ཞིང་། །​ཡིད་ཀྱིས་ཆོས་རྣམས་_81_,། །​གཟུགས་ནི་མིག་གིས་མི་མཐོང་ཞིང་། །​ཡིད་ཀྱིས་ཆོས་རྣམས་_81_
[མི་_100_],མི་_100_,མི་_100_,མི་_100_,མི་_100_,མི་_100_,མི་_100_,མི་_100_,མི་_100_,མི་_100_,མི་_100_
[རིག་_100_],རིག་_100_,རིག་_100_,རིག་_100_,རིག་_100_,རིག་_100_,རིག་_100_,རིག་_100_,རིག་_100_,རིག་_100_,རིག་_100_
[པ_100_],པ_100_,པ_100_,པ_100_,པ_100_,པ_100_,པ_100_,པ_100_,པ_100_,པ_100_,པ_100_
[། །​_90_],། །​_90_,། །​_90_,། །​_90_,། །​_90_,། །​_90_,། །​ །​_9_,། །​_90_,། །​_90_,། །​_90_,། །​_90_
[འདི་ནི་མཆོག་_63_],འདི་ནི་མཆོག་_63_,འདི་ནི་མཆོག་_63_,འདི་ནི་མཆོག་_63_,འདི་ཉིད་མཆོག་_27_,འདི་ཉིད་མཆོག་_27_,འདི་ནི་མཆོག་_63_,འདི་ཉིད་མཆོག་_27_,འདི་ནེམཆོག་_9_,འདི་ནི་མཆོག་_63_,འདི་ནི་མཆོག་_63_
[ཏུ་_100_],ཏུ་_100_,ཏུ་_100_,ཏུ་_100_,ཏུ་_100_,ཏུ་_100_,ཏུ་_100_,ཏུ་_100_,ཏུ་_100_,ཏུ་_100_,ཏུ་_100_
[བདེན་_100_],བདེན་_100_,བདེན་_100_,བདེན་_100_,བདེན་_100_,བདེན་_100_,བདེན་_100_,བདེན་_100_,བདེན་_100_,བདེན་_100_,བདེན་_100_
[པ་_100_],པ་_100_,པ་_100_,པ་_100_,པ་_100_,པ་_100_,པ་_100_,པ་_100_,པ་_100_,པ་_100_,པ་_100_
[སྟེ_100_],སྟེ_100_,སྟེ_100_,སྟེ_100_,སྟེ_100_,སྟེ_100_,སྟེ_100_,སྟེ_100_,སྟེ_100_,སྟེ_100_,སྟེ_100_
[། །​_100_],། །​_100_,། །​_100_,། །​_100_,། །​_100_,། །​_100_,། །​_100_,། །​_100_,། །​_100_,། །​_100_,། །​_100_
[འཇིག་_100_],འཇིག་_100_,འཇིག་_100_,འཇིག་_100_,འཇིག་_100_,འཇིག་_100_,འཇིག་_100_,འཇིག་_100_,འཇིག་_100_,འཇིག་_100_,འཇིག་_100_
[རྟེན་_100_],རྟེན་_100_,རྟེན་_100_,རྟེན་_100_,རྟེན་_100_,རྟེན་_100_,རྟེན་_100_,རྟེན་_100_,རྟེན་_100_,རྟེན་_100_,རྟེན་_100_
[གང་གིས་ཀྱང་_90_],གང་གིས་ཀྱང་_90_,གང་གིས་ཀྱང་_90_,གང་གིས་ཀྱང་_90_,གང་གིས་ཀྱང་_90_,གང་གིས་ཀྱང་_90_,གང་གིས་ཀྱང་_90_,གང་གིས་ཀྱང་_90_,གང་གིསཀྱང་_9_,གང་གིས་ཀྱང་_90_,གང་གིས་ཀྱང་_90_
[མི་_100_],མི་_100_,མི་_100_,མི་_100_,མི་_100_,མི་_100_,མི་_100_,མི་_100_,མི་_100_,མི་_100_,མི་_100_
[ཤེས_100_],ཤེས_100_,ཤེས_100_,ཤེས_100_,ཤེས_100_,ཤེས_100_,ཤེས_100_,ཤེས_100_,ཤེས_100_,ཤེས_100_,ཤེས_100_
[། །​_90_],། །​_90_,། །​_90_,། །​_90_,། །​_90_,། །​_90_,། །​_90_,། །​_90_,། །​_90_,། །​ _9_,། །​_90_
[དངོས་_100_],དངོས་_100_,དངོས་_100_,དངོས་_100_,དངོས་_100_,དངོས་_100_,དངོས་_100_,དངོས་_100_,དངོས་_100_,དངོས་_100_,དངོས་_100_
[པོ་_100_],པོ་_100_,པོ་_100_,པོ་_100_,པོ་_100_,པོ་_100_,པོ་_100_,པོ་_100_,པོ་_100_,པོ་_100_,པོ་_100_
[སྦྱོང་_90_],སྦྱོང་_90_,སྦྱོང་_90_,སྦྱོང་_90_,སྦྱོང་_90_,སྦྱོང་_90_,སྦྱོང་_90_,སྦྱོང་_90_,སྤྱོང་_9_,སྦྱོང་_90_,སྦྱོང་_90_
[བ་_100_],བ་_100_,བ་_100_,བ་_100_,བ་_100_,བ་_100_,བ་_100_,བ་_100_,བ་_100_,བ་_100_,བ་_100_
[ཞེས་བྱ་བ་སློབ་དཔོན་ཆེན་པོ་འཕགས་པ་ཀླུ་སྒྲུབ་ཀྱི་ཞལ་སྔ་ནས་མཛད་པ་རྫོགས་སོ།། །​།རྒྱ་གར་གྱི་མཁན་པོ་བཛྲ་པཱ་ཎི་དང་། བོད་ཀྱི་ལོ་ཙཱ་བ་རྨ་བན་ཆོས་འབར་གྱིས་བསྒྱུར་ཅིང་ཞུས་ཏེ་གཏན་ལ་ཕབ་པའོ། །​ _18_],ཞེས་བྱ་བ་སློབ་དཔོན་ཆེན་པོ་འཕགས་པ་ཀླུ་སྒྲུབ་ཀྱི་ཞལ་སྔ་ནས་མཛད་པ་རྫོགས་སོ།། །​།རྒྱ་གར་གྱི་མཁན་པོ་བཛྲ་པཱ་ཎི་དང་། བོད་ཀྱི་ལོ་ཙཱ་བ་རྨ་བན་ཆོས་འབར་གྱིས་བསྒྱུར་ཅིང་ཞུས་ཏེ་གཏན་ལ་ཕབ་པའོ། །​ _18_,ཞེས་བྱ་བ་སློབ་དཔོན་ཆེན་པོ་འཕགས་པ་ཀླུ་སྒྲུབ་ཀྱི་ཞལ་སྔ་ནས་མཛད་པ་རྫོགས་སོ།། །​།རྒྱ་གར་གྱི་མཁན་པོ་བཛྲ་པཱ་ཎི་དང་། བོད་ཀྱི་ལོཙྪ་བ་རྨ་བན་ཆོས་འབར་གྱིས་བསྒྱུར་ཅིང་ཞུས་ཏེ་གཏན་ལ་ཕབ་པའོ།དགེའོ།་_18_,ཞེས་བྱ་བ་སློབ་དཔོན་ཆེན་པོ་འཕགས་པ་ཀླུ་སྒྲུབ་ཀྱི་ཞལ་སྔ་ནས་མཛད་པ་རྫོགས་སོ།། །​།རྒྱ་གར་གྱི་མཁན་པོ་བཛྲ་པཱ་ཎི་དང་། བོད་ཀྱི་ལོཙྪ་བ་རྨ་བན་ཆོས་འབར་གྱིས་བསྒྱུར་ཅིང་ཞུས་ཏེ་གཏན་ལ་ཕབ་པའོ།དགེའོ།་_18_,ཞེས་བྱ་བ་སློབ་དཔོན་ཆེན་པོ་འཕགས་པ་ཀླུ་སྒྲུབ་ཀྱི་ཞལ་སྔ་ནས་མཛད་པ་རྫོགས་སོ། །​རྒྱ་གར་གྱི་མཁན་པོ་བཛྲ་པཱ་ཎི་དང་། བོད་ཀྱི་ལོ་ཙཱ་བ་རྨ་བན་ཆོས་འབར་གྱིས་བསྒྱུར་ཅིང་ཞུས་ཏེ་གཏན་ལ་ཕབ་པའོ།_9_,ཞེས་བྱ་བ་སློབ་དཔོན་ཆེན་པོ་འཕགས་པ་ཀླུ་སྒྲུབ་ཀྱི་ཞལ་སྔ་ནས་མཛད་པ་རྫོགས་སོ།། །​།རྒྱ་གར་གྱི་མཁན་པོ་བཛྲ་པཱ་ཎི་དང་། བོད་ཀྱི་ལོ་ཙཱ་བ་རྨ་བན་ཆོས་འབར་གྱིས་བསྒྱུར་ཅིང་ཞུས་ཏེ་གཏན་ལ་ཕབ་པའོ། །​_9_,ཞེས་བྱ་བ་སློབ་དཔོན་ཆེན་པོ་འཕགས་པ་ཀླུ་སྒྲུབ་ཀྱི་ཞལ་སྔ་ནས་མཛད་པ་རྫོགས་སོ། །​ །​_18_,ཞེས་བྱ་བ་སློབ་དཔོན་ཆེན་པོ་འཕགས་པ་ཀླུ་སྒྲུབ་ཀྱི་ཞལ་སྔ་ནས་མཛད་པ་རྫོགས་སོ། །​ །​_18_,ཞེས་བྱབ་སློབ་དཔོནཆེནཔོ་འཕགས་པཀླུ་སྒྲུབ་ཀྱི་ཞལ་སྔ་ནས་མཛད་པ་རྫོགསསོ།_9_,ཞེས་བྱ་བ་སློབ་དཔོན་ཆེན་པོ་འཕགས་པ་ཀླུ་སྒྲུབ་ཀྱི་ཞལ་སྔ་ནས་མཛད་པ་རྫོགས་སོ།། །​།རྒྱ་གར་གྱི་མཁན་པོ་བཛྲ་པཱ་ཎི་དང་། །​བོད་ཀྱི་ལོ་ཙཱ་བ་རྨ་བན་ཆོས་འབར་གྱིས་བསྒྱུར་ཅིང་ཞུས་ཏེ་གཏན་ལ་ཕབ་པའོ། །​_9_,ཞེས་བྱ་བ་སློབ་དཔོན་ཆེན་པོ་འཕགས་པ་ཀླུ་སྒྲུབ་ཀྱི་ཞལ་སྔ་ནས་མཛད་པ་རྫོགས་སོ། །​_9_
