[༄༅། །​སེང་ལྡེང་ནགས་ཀྱི་སྒྲོལ་མའི་སྒྲུབ་ཐབས།༄༅༅། །​_50_],༄༅། །​སེང་ལྡེང་ནགས་ཀྱི་སྒྲོལ་མའི་སྒྲུབ་ཐབས།༄༅༅། །​_50_,༄༅། །​སེང་ལྡེང་ནགས་ཀྱི་སྒྲོལ་མའི་སྒྲུབ་ཐབས།༄༅༅། །​_50_,༄༅། །​སེང་ལྡེང་ནགས་ཀྱི་སྒྲོལ་མའི་སྒྲུབ་ཐབས།༄༅༅། །​_50_,༄༅།         །​སེང་ལྡེང་ནགས་ཀྱི་སྒྲོལ་མའི་སྒྲུབ་ཐབས།༄༅༅། །​_12_,༄༅༅། །​_25_,༄༅༅། །​_25_,_12_
[རྒྱ་_100_],རྒྱ་_100_,རྒྱ་_100_,རྒྱ་_100_,རྒྱ་_100_,རྒྱ་_100_,རྒྱ་_100_,རྒྱ་_100_
[གར་_100_],གར་_100_,གར་_100_,གར་_100_,གར་_100_,གར་_100_,གར་_100_,གར་_100_
[སྐད་_100_],སྐད་_100_,སྐད་_100_,སྐད་_100_,སྐད་_100_,སྐད་_100_,སྐད་_100_,སྐད་_100_
[དུ_100_],དུ_100_,དུ_100_,དུ_100_,དུ_100_,དུ_100_,དུ_100_,དུ_100_
[། _87_],། _87_,། _87_,། _87_,། _87_,། _87_,། ཨཱརྱ་_12_,། _87_
[ཁ་དི་ར་_50_],ཁ་དི་ར་_50_,ཁ་དྷི་ར་_25_,ཁ་དྷི་ར་_25_,ཁ་དི་ར་_50_,ཁ་དེ་ར་_12_,ཁ་དི་ར་_50_,ཁ་དིར་_12_
[བ་_100_],བ་_100_,བ་_100_,བ་_100_,བ་_100_,བ་_100_,བ་_100_,བ་_100_
[ན་_87_],ན་_87_,ན་_87_,ན་_87_,ན་_87_,ན་_87_,ནཱི་_12_,ན་_87_
[ཏཱ་_100_],ཏཱ་_100_,ཏཱ་_100_,ཏཱ་_100_,ཏཱ་_100_,ཏཱ་_100_,ཏཱ་_100_,ཏཱ་_100_
[རཱ་_75_],རཱ་_75_,ར་_25_,ར་_25_,རཱ་_75_,རཱ་_75_,རཱ་_75_,རཱ་_75_
[སཱ་_100_],སཱ་_100_,སཱ་_100_,སཱ་_100_,སཱ་_100_,སཱ་_100_,སཱ་_100_,སཱ་_100_
[དྷ་_100_],དྷ་_100_,དྷ་_100_,དྷ་_100_,དྷ་_100_,དྷ་_100_,དྷ་_100_,དྷ་_100_
[ནཾ_100_],ནཾ_100_,ནཾ_100_,ནཾ_100_,ནཾ_100_,ནཾ_100_,ནཾ_100_,ནཾ_100_
[། _100_],། _100_,། _100_,། _100_,། _100_,། _100_,། _100_,། _100_
[བོད་_100_],བོད་_100_,བོད་_100_,བོད་_100_,བོད་_100_,བོད་_100_,བོད་_100_,བོད་_100_
[སྐད་_100_],སྐད་_100_,སྐད་_100_,སྐད་_100_,སྐད་_100_,སྐད་_100_,སྐད་_100_,སྐད་_100_
[དུ_100_],དུ_100_,དུ_100_,དུ_100_,དུ_100_,དུ_100_,དུ_100_,དུ_100_
[། _87_],། _87_,། _87_,། _87_,། _87_,། _87_,། འཕགས་མ་_12_,། _87_
[སེང་_100_],སེང་_100_,སེང་_100_,སེང་_100_,སེང་_100_,སེང་_100_,སེང་_100_,སེང་_100_
[ལྡེང་_100_],ལྡེང་_100_,ལྡེང་_100_,ལྡེང་_100_,ལྡེང་_100_,ལྡེང་_100_,ལྡེང་_100_,ལྡེང་_100_
[ནགས་_100_],ནགས་_100_,ནགས་_100_,ནགས་_100_,ནགས་_100_,ནགས་_100_,ནགས་_100_,ནགས་_100_
[ཀྱི་_100_],ཀྱི་_100_,ཀྱི་_100_,ཀྱི་_100_,ཀྱི་_100_,ཀྱི་_100_,ཀྱི་_100_,ཀྱི་_100_
[སྒྲོལ་_100_],སྒྲོལ་_100_,སྒྲོལ་_100_,སྒྲོལ་_100_,སྒྲོལ་_100_,སྒྲོལ་_100_,སྒྲོལ་_100_,སྒྲོལ་_100_
[མའི་_100_],མའི་_100_,མའི་_100_,མའི་_100_,མའི་_100_,མའི་_100_,མའི་_100_,མའི་_100_
[སྒྲུབ་_100_],སྒྲུབ་_100_,སྒྲུབ་_100_,སྒྲུབ་_100_,སྒྲུབ་_100_,སྒྲུབ་_100_,སྒྲུབ་_100_,སྒྲུབ་_100_
[ཐབས། སེང་ལྡེང་ནགས་ཀྱི་_75_],ཐབས། སེང་ལྡེང་ནགས་ཀྱི་_75_,ཐབས། སེང་ལྡེང་ནགས་ཀྱི་_75_,ཐབས། སེང་ལྡེང་ནགས་ཀྱི་_75_,ཐབས། སེང་ལྡེང་ནགས་ཀྱི་_75_,ཐབས། སེང་ལྡེང་ནགས་ཀྱི་_75_,ཐབས། འཕགས་མ་_12_,ཐབས །​ སེང་ལྡེང་ནགས་ཀྱི་_12_
[སྒྲོལ་_100_],སྒྲོལ་_100_,སྒྲོལ་_100_,སྒྲོལ་_100_,སྒྲོལ་_100_,སྒྲོལ་_100_,སྒྲོལ་_100_,སྒྲོལ་_100_
[མ་_100_],མ་_100_,མ་_100_,མ་_100_,མ་_100_,མ་_100_,མ་_100_,མ་_100_
[ལ་_100_],ལ་_100_,ལ་_100_,ལ་_100_,ལ་_100_,ལ་_100_,ལ་_100_,ལ་_100_
[ཕྱག་_100_],ཕྱག་_100_,ཕྱག་_100_,ཕྱག་_100_,ཕྱག་_100_,ཕྱག་_100_,ཕྱག་_100_,ཕྱག་_100_
[འཚལ་_100_],འཚལ་_100_,འཚལ་_100_,འཚལ་_100_,འཚལ་_100_,འཚལ་_100_,འཚལ་_100_,འཚལ་_100_
[ལོ_100_],ལོ_100_,ལོ_100_,ལོ_100_,ལོ_100_,ལོ_100_,ལོ_100_,ལོ_100_
[། །​_100_],། །​_100_,། །​_100_,། །​_100_,། །​_100_,། །​_100_,། །​_100_,། །​_100_
[དང་པོར་རེ་ཞིག་སྔགས་པས་ས་གཞི་ལེགས་ཤིང་མཉམ་ལ་གཙང་ཞིང་ཡིད་དགའ་བའི་མེ་ཏོག་སྣ་ཚོགས་པས་བརྒྱན་པ། དབེན་པའི་ས་ཕྱོགས་སུ་སྟན་བདེ་བ་ལ་འདུག་སྟེ། རང་གི་སྙིང་གར་ཟླ་བ་ལ་ཏཱཾ་ཡིག་དཱུར་བའི་མདོག་ལྟ་བུར་འོད་ཟེར་རྣམ་པ་ལྔ་འཕྲོ་བར་བསམ་མོ། །​དེ་ལས་འོད་ཟེར་རྣམ་པ་ལྔ་འཕྲོས་པས་འགྲོ་བ་ཐམས་ཅད་ཀྱི་སྡིག་སྒྲིབ་སྦྱངས་ཏེ་སླར་དེ་ཉིད་ལ་བསྡུའོ། །​དེ་ནས་ཡང་རང་གི་སྙིང་གའི་ཏཱཾ་ལས་འོད་སྤྲོས་པས། འོག་མིན་གྱི་གནས་ནས་ཇོ་མོ་སྒྲོལ་མ་མདུན་གྱི་ནམ་མཁའ་ལ་སྤྱན་དྲངས་ལ་གསལ་བར་བལྟས་ཏེ། བླ་ན་མེད་པའི་མཆོད་པ་བྱའོ། །​དེ་ནས་སྡིག་པ་བཤགས་པ་ལ་སོགས་པ་དང་། བསོད་ནམས་ལ་རྗེས་སུ་ཡི་རང་བ་དང་། བསོད་ནམས་ཡོངས་སུ་བསྔོ་བ་དང་། གསུམ་ལ་སྐྱབས་སུ་འགྲོ་བ་དང་། བྱང་ཆུབ་ཏུ་སེམས་བསྐྱེད་པ་དང་། ལམ་བསྟེན་པ་དང་། བདག་ཉིད་ཀྱི་ལུས་དབུལ་བ་ལ་སོགས་པ་བྱས་ལ། བྱམས་པ་དང་། སྙིང་རྗེ་དང་_50_],དང་པོར་རེ་ཞིག་སྔགས་པས་ས་གཞི་ལེགས་ཤིང་མཉམ་ལ་གཙང་ཞིང་ཡིད་དགའ་བའི་མེ་ཏོག་སྣ་ཚོགས་པས་བརྒྱན་པ། དབེན་པའི་ས་ཕྱོགས་སུ་སྟན་བདེ་བ་ལ་འདུག་སྟེ། རང་གི་སྙིང་གར་ཟླ་བ་ལ་ཏཱཾ་ཡིག་དཱུར་བའི་མདོག་ལྟ་བུར་འོད་ཟེར་རྣམ་པ་ལྔ་འཕྲོ་བར་བསམ་མོ། །​དེ་ལས་འོད་ཟེར་རྣམ་པ་ལྔ་འཕྲོས་པས་འགྲོ་བ་ཐམས་ཅད་ཀྱི་སྡིག་སྒྲིབ་སྦྱངས་ཏེ་སླར་དེ་ཉིད་ལ་བསྡུའོ། །​དེ་ནས་ཡང་རང་གི་སྙིང་གའི་ཏཱཾ་ལས་འོད་སྤྲོས་པས། འོག་མིན་གྱི་གནས་ནས་ཇོ་མོ་སྒྲོལ་མ་མདུན་གྱི་ནམ་མཁའ་ལ་སྤྱན་དྲངས་ལ་གསལ་བར་བལྟས་ཏེ། བླ་ན་མེད་པའི་མཆོད་པ་བྱའོ། །​དེ་ནས་སྡིག་པ་བཤགས་པ་ལ་སོགས་པ་དང་། བསོད་ནམས་ལ་རྗེས་སུ་ཡི་རང་བ་དང་། བསོད་ནམས་ཡོངས་སུ་བསྔོ་བ་དང་། གསུམ་ལ་སྐྱབས་སུ་འགྲོ་བ་དང་། བྱང་ཆུབ་ཏུ་སེམས་བསྐྱེད་པ་དང་། ལམ་བསྟེན་པ་དང་། བདག་ཉིད་ཀྱི་ལུས་དབུལ་བ་ལ་སོགས་པ་བྱས་ལ། བྱམས་པ་དང་། སྙིང་རྗེ་དང་_50_,དང་པོར་རེ་ཞིག་སྔགས་པ་ས་གཞི་ལེགས་ཤིང་མཉམ་ལ་གཙང་ཞིང་ཡིད་དགའ་བའི་མེ་ཏོག་སྣ་ཚོགས་པས་རྒྱས་པ། དབེན་པའི་ས་ཕྱོགས་སུ་སྟན་བདེ་བ་ལ་འདུག་སྟེ། རང་གི་སྙིང་གར་ཟླ་བ་ལ་ཏཾ་ཡིག་དུར་བའི་མདོག་ལྟ་བུར་འོད་ཟེར་རྣམ་པ་ལྔ་འཕྲོ་བར་བསམ་མོ། །​དེ་ལས་འོད་ཟེར་རྣམ་པ་ལྔ་འཕྲོས་པས་འགྲོ་བ་ཐམས་ཅད་ཀྱི་སྡིག་སྒྲིབ་སྦྱངས་ཏེ་སླར་དེ་ཉིད་ལ་བསྡུའོ། །​དེ་ནས་ཡང་རང་གི་སྙིང་གའི་ཏཾ་ལས་འོད་སྤྲོས་པས། འོག་མིན་གྱི་གནས་ནས་ཇོ་མོ་སྒྲོལ་མ་མདུན་གྱི་ནམ་མཁའ་ལ་སྤྱན་དྲངས་ལ་གསལ་བར་བལྟས་ཏེ། བླ་ན་མེད་པའི་མཆོད་པ་བདུན་གྱིས་མཆོད་པར་བྱའོ། །​དེ་ནས་སྡིག་པ་བཤགས་པ་ལ་སོགས་པ་དང་། བསོད་ནམས་ལ་རྗེས་སུ་ཡི་རང་བ་དང་། བསོད་ནམས་ཡོངས་སུ་ལ་རྗེས་སུ་སྔོ་བ་དང་། གསུམ་ལ་སྐྱབས་སུ་འགྲོ་བ་དང་། བྱང་ཆུབ་ཏུ་སེམས་བསྐྱེད་པ་དང་། ལམ་བརྟེན་པ་དང་། བདག་ཉིད་ཀྱི་ལུས་དབུལ་བ་ལ་སོགས་པ་བྱས་ལ། བྱམས་པ་དང་། སྙིང་རྗེ་དང་_12_,དང་པོར་རེ་ཞིག་སྔགས་པས་ས་གཞི་ལེགས་ཤིང་མཉམ་ལ་གཙང་ཞིང་ཡིད་དགའ་བའི་མེ་ཏོག་སྣ་ཚོགས་པས་རྒྱས་པ། དབེན་པའི་ས་ཕྱོགས་སུ་སྟན་བདེ་བ་ལ་འདུག་སྟེ། རང་གི་སྙིང་གར་ཟླ་བ་ལ་ཏཾ་ཡིག་དུར་བའི་མདོག་ལྟ་བུར་འོད་ཟེར་རྣམ་པ་ལྔ་འཕྲོ་བར་བསམ་མོ། །​དེ་ལས་འོད་ཟེར་རྣམ་པ་ལྔ་འཕྲོས་པས་འགྲོ་བ་ཐམས་ཅད་ཀྱི་སྡིག་སྒྲིབ་སྦྱངས་ཏེ་སླར་དེ་ཉིད་ལ་བསྡུའོ། །​དེ་ནས་ཡང་རང་གི་སྙིང་གའི་ཏཾ་ལས་འོད་སྤྲོས་པས། འོག་མིན་གྱི་གནས་ནས་ཇོ་མོ་སྒྲོལ་མ་མདུན་གྱི་ནམ་མཁའ་ལ་སྤྱན་དྲངས་ལ་གསལ་བར་བལྟས་ཏེ། བླ་ན་མེད་པའི་མཆོད་པ་བདུན་གྱིས་མཆོད་པར་བྱའོ། །​དེ་ནས་སྡིག་པ་བཤགས་པ་ལ་སོགས་པ་དང་། བསོད་ནམས་ལ་རྗེས་སུ་ཡི་རང་བ་དང་། བསོད་ནམས་ཡོངས་སུ་ལ་རྗེས་སུ་སྔོ་བ་དང་། གསུམ་ལ་སྐྱབས་སུ་འགྲོ་བ་དང་། བྱང་ཆུབ་ཏུ་སེམས་བསྐྱེད་པ་དང་། ལམ་བརྟེན་པ་དང་། བདག་ཉིད་ཀྱི་ལུས་དབུལ་བ་ལ་སོགས་པ་བྱས་ལ། བྱམས་པ་དང་། སྙིང་རྗེ་དང་_12_,དང་པོར་རེ་ཞིག་སྔགས་པས་ས་གཞི་ལེགས་ཤིང་མཉམ་ལ་གཙང་ཞིང་ཡིད་དགའ་བའི་མེ་ཏོག་སྣ་ཚོགས་པས་བརྒྱན་པ། དབེན་པའི་ས་ཕྱོགས་སུ་སྟན་བདེ་བ་ལ་འདུག་སྟེ། རང་གི་སྙིང་གར་ཟླ་བ་ལ་ཏཱཾ་ཡིག་དཱུར་བའི་མདོག་ལྟ་བུར་འོད་ཟེར་རྣམ་པ་ལྔ་འཕྲོ་བར་བསམ་མོ། །​དེ་ལས་འོད་ཟེར་རྣམ་པ་ལྔ་འཕྲོས་པས་འགྲོ་བ་ཐམས་ཅད་ཀྱི་སྡིག་སྒྲིབ་སྦྱངས་ཏེ་སླར་དེ་ཉིད་ལ་བསྡུའོ། །​དེ་ནས་ཡང་རང་གི་སྙིང་གའི་ཏཱཾ་ལས་འོད་སྤྲོས་པས། འོག་མིན་གྱི་གནས་ནས་ཇོ་མོ་སྒྲོལ་མ་མདུན་གྱི་ནམ་མཁའ་ལ་སྤྱན་དྲངས་ལ་གསལ་བར་བལྟས་ཏེ། བླ་ན་མེད་པའི་མཆོད་པ་བྱའོ། །​དེ་ནས་སྡིག་པ་བཤགས་པ་ལ་སོགས་པ་དང་། བསོད་ནམས་ལ་རྗེས་སུ་ཡི་རང་བ་དང་། བསོད་ནམས་ཡོངས་སུ་བསྔོ་བ་དང་། གསུམ་ལ་སྐྱབས་སུ་འགྲོ་བ་དང་། བྱང་ཆུབ་ཏུ་སེམས་བསྐྱེད་པ་དང་། ལམ་བསྟེན་པ་དང་། བདག་ཉིད་ཀྱི་ལུས་དབུལ་བ་ལ་སོགས་པ་བྱས་ལ། བྱམས་པ་དང་། སྙིང་རྗེ་དང་_50_,དང་པོར་རེ་ཞིག་སྔགས་པས་ས་གཞི་ལེགས་ཤིང་མཉམ་ལ་གཙང་ཞིང་ཡིད་དགའ་བའི་མེ་ཏོག་སྣ་ཚོགས་པས་བརྒྱན་པ། དབེན་པའི་ས་ཕྱོགས་སུ་སྟན་བདེ་བ་ལ་འདུག་སྟེ། རང་གི་སྙིང་གར་ཟླ་བ་ལ་ཏཱཾ་ཡིག་དཱུར་བའི་མདོག་ལྟ་བུར་འོད་ཟེར་རྣམ་པ་ལྔ་འཕྲོ་བར་བསམ་མོ། །​དེ་ལས་འོད་ཟེར་རྣམ་པ་ལྔ་འཕྲོས་པས་འགྲོ་བ་ཐམས་ཅད་ཀྱི་སྡིག་སྒྲིབ་སྦྱངས་ཏེ་སླར་དེ་ཉིད་ལ་བསྡུའོ། །​དེ་ནས་ཡང་རང་གི་སྙིང་གའི་ཏཱཾ་ལས་འོད་སྤྲོས་པས། འོག་མིན་གྱི་གནས་ནས་ཇོ་མོ་སྒྲོལ་མ་མདུན་གྱི་ནམ་མཁའ་ལ་སྤྱན་དྲངས་ལ་གསལ་བར་བལྟས་ཏེ། བླ་ན་མེད་པའི་མཆོད་པ་བྱའོ། །​དེ་ནས་སྡིག་པ་བཤགས་པ་ལ་སོགས་པ་དང་། བསོད་ནམས་ལ་རྗེས་སུ་ཡི་རང་བ་དང་། བསོད་ནམས་ཡོངས་སུ་བསྔོ་བ་དང་། གསུམ་ལ་སྐྱབས་སུ་འགྲོ་བ་དང་། བྱང་ཆུབ་ཏུ་སེམས་བསྐྱེད་པ་དང་། ལམ་བསྟེན་པ་དང་། བདག་ཉིད་ཀྱི་ལུས་དབུལ་བ་ལ་སོགས་པ་བྱས་ལ། བྱམས་པ་དང་། སྙིང་རྗེ་དང་_50_,སྔོན་མ་བཞིན་དུ་སྟོང་པ་ཉིད་མཐར་ཐུག་པ་བསྒོམས་ནས་ཏཱྃ་གི་ས་བོན་ཡོངས་སུ་གྱུར་པ་ལས། ཨུཏྤ་ལའི་ལྟེ་བར་ཏཱྃ་གི་ས་བོན་ནོ། །​དེ་ཡོངས་སུ་གྱུར་པ་ལས་སྐུ་མདོག་ལྗང་གུ་དོན་ཡོད་གྲུབ་པས་དབུ་བརྒྱན་པ། མཆོག་སྦྱིན་དང་ཨུཏྤ་ལ་ནི་གཡས་དང་གཡོན་གྱི་ཕྱག་ན་བསྣམས་པའོ། །​མྱ་ངན་མེད་པའི་ཤིང་གི་འོད་ཟེར་ཅན་དང་། རལ་པ་གཅིག་མ་དག་གཡས་དང་། གཡོན་གྱི་ཕྱོགས་ཆར་གནས་པ། གཞོན་ནུ་མཛེས་ཤིང་རྒྱན་དང་ལྡན་མ། སེང་ལྡེང་གི་ནགས་སུ་སྣ་ཚོགས་པའི་སེམས་ཅན་གྱི་དོན་བྱེད་པར་བསམས་ལ་ཡེ་ཤེས་སེམས་དཔའ་དང་ལྷན་ཅིག་ཏུ་བྱས་ཏེ། ཨོཾ་ཏཱ་རེ་ཏུཏྟཱ་རེ་ཏུ་རེ་སྭཱ་ཧཱ་ཞེས་པའི་སྔགས་བཟླས་ལ། དེ་ཉིད་ཀྱི་ཡིད་ཀྱིས་ཇི་ལྟར་བདེ་བར་གནས་པར་བྱའོ། །​སེང་ལྡེང་ནགས་ཀྱི་སྒྲོལ་མའི་སྒྲུབ་ཐབས་རྫོགས་སོ།། །​།རྫོགས་པའི་སངས་རྒྱས་ཀྱིས་གསུངས་པའོ། །​ ༄༅༅། །​རྒྱ་གར་སྐད་དུ། མ་ཧཱ་ཏཱ་རཱེ་སཱ་དྷ་ནཾ། བོད་སྐད་དུ། སྒྲོལ་མ་ཆེན་མོའི་སྒྲུབ་ཐབས_12_,དང་པོར་རེ་ཞིག་སྔགས་པས་ས་གཞི་ལེགས་ཤིང་མཉམ་ལ་གཙང་ཞིང་ཡིད་དགའ་བའི་མེ་ཏོག་སྣ་ཚོགས་པས་བརྒྱན་པ། བདེན་པའི་ས་ཕྱོགས་སུ་སྟན་བདེ་བ་ལ་འདུག་སྟེ། རང་གི་སྙིང་གར་ཟླ་བ་ལ་ཏཱཾ་ཡིག་དཱུར་བའི་མདོག་ལྟ་བུར་འོད་ཟེར་རྣམ་པ་ལྔ་འཕྲོ་བར་བསམ་མོ། །​དེ་ལས་འོད་ཟེར་རྣམ་པ་ལྔ་འཕྲོས་པས་འགྲོ་བ་ཐམས་ཅད་ཀྱི་སྡིག་སྒྲིབ་སྦྱངས་ཏེ་སླར་དེ་ཉིད་ལ་བསྡུའོ། །​དེ་ནས་ཡང་རང་གི་སྙིང་གའི་ཏཱཾ་ལས་འོད་སྤྲོས་པས། འོག་མིན་གྱི་གནས་ནས་ཇོ་མོ་སྒྲོལ་མ་མདུན་གྱི་ནམ་མཁའ་ལ་སྤྱན་དྲངས་ལ་གསལ་བར་བལྟས་ཏེ། བླ་ན་མེད་པའི་མཆོད་པ་བྱའོ། །​དེ་ནས་སྡིག་པ་བཤགས་པ་ལ་སོགས་པ་དང་། བསོད་ནམས་ལ་རྗེས་སུ་ཡི་རང་བ་དང་། བསོད་ནམས་ཡོངས་སུ་བསྔོ་བ་དང་། གསུམ་ལ་སྐྱབས་སུ་འགྲོ་བ་དང་། བྱང་ཆུབ་ཏུ་སེམས་བསྐྱེད་པ་དང་། ལམ་བསྟེན་པ་དང་། བདག་ཉིད་ཀྱི་ལུས་དབུལ་བ་ལ་སོགས་པ་བྱས་ལ། བྱམས་པ་དང་། སྙིང་རྗེ་དང་_12_
[། _100_],། _100_,། _100_,། _100_,། _100_,། _100_,། _100_,། _100_
[དགའ་བ་དང་། བཏང་སྙོམས་རིམ་པ་བཞིན་དུ་བསྒོམ་པར་བྱའོ། །​དེ་ནས་རང་བཞིན་གྱིས་དག་_75_],དགའ་བ་དང་། བཏང་སྙོམས་རིམ་པ་བཞིན་དུ་བསྒོམ་པར་བྱའོ། །​དེ་ནས་རང་བཞིན་གྱིས་དག་_75_,དགའ་བ་དང་། བཏང་སྙོམས་རིམ་པ་བཞིན་དུ་བསྒོམ་པར་བྱའོ། །​དེ་ནས་རང་བཞིན་གྱིས་དག་_75_,དགའ་བ་དང་། བཏང་སྙོམས་རིམ་པ་བཞིན་དུ་བསྒོམ་པར་བྱའོ། །​དེ་ནས་རང་བཞིན་གྱིས་དག་_75_,དགའ་བ་དང་། བཏང་སྙོམས་རིམ་པ་བཞིན་དུ་བསྒོམ་པར་བྱའོ། །​དེ་ནས་རང་བཞིན་གྱིས་དག་_75_,དགའ་བ་དང་། བཏང་སྙོམས་རིམ་པ་བཞིན་དུ་བསྒོམ་པར་བྱའོ། །​དེ་ནས་རང་བཞིན་གྱིས་དག་_75_,འཕགས་མ་སྒྲོལ་མ་ལ་ཕྱག་འཚལ་ལོ། །​དང་པོ་རང་གི་སྙིང་གར་ཟླ་བའི་དབུས་སུ་གནས་_12_,དགའ་བ་དང་། བཏང་སྙོམས་རིམ་པ་བཞིན་དུ་བསྒོམ་པར་བྱའོ། །​དེ་ནས་རང་བཞིན་གྱི་ས་དག་_12_
[པའི་_100_],པའི་_100_,པའི་_100_,པའི་_100_,པའི་_100_,པའི་_100_,པའི་_100_,པའི་_100_
[ཚིགས་སུ་བཅད་པ་འདི་ལན་གསུམ་བརྗོད་པར་བྱ་སྟེ_75_],ཚིགས་སུ་བཅད་པ་འདི་ལན་གསུམ་བརྗོད་པར་བྱ་སྟེ_75_,ཚིགས་སུ་བཅད་པ་འདི་ལན་གསུམ་བརྗོད་པར་བྱ་སྟེ_75_,ཚིགས་སུ་བཅད་པ་འདི་ལན་གསུམ་བརྗོད་པར་བྱ་སྟེ_75_,ཚིགས་སུ་བཅད་པ་འདི་ལན་གསུམ་བརྗོད་པར་བྱ་སྟེ_75_,ཚིགས་སུ་བཅད་པ་འདི་ལན་གསུམ་བརྗོད་པར་བྱ་སྟེ_75_,ཏཱྃ་གི་ས་བོན་ལས་བྱུང་བའི་འོད་ཟེར་རྫོགས་པ་ལས་བླ་མ་དང་། སངས་རྒྱས་དང་། བྱང་ཆུབ་སེམས་དཔའ་རྣམས་བསམས་ཏེ། དེ་རྣམས་ལ་ཡང་ཕྱི་དང་ནང་གི་མཆོད་པ་རྣམས་ཀྱིས་ཡང་དག་པར་མཆོད་ནས། དེའི་མདུན་དུ་བླ་ན་མེད་པའི་མཆོད་པ་བདུན་བྱའོ། །​དེ་ནས་སྟོང་པ་ཉིད་དུ་བསྒོམས་ཏེ_12_,ཚིགས་སུ་བཅད་འདི་ལན་གསུམ་བརྗོད་པར་བྱ་སྟེ_12_
[། _100_],། _100_,། _100_,། _100_,། _100_,། _100_,། _100_,། _100_
[ཨོཾ་_100_],ཨོཾ་_100_,ཨོཾ་_100_,ཨོཾ་_100_,ཨོཾ་_100_,ཨོཾ་_100_,ཨོཾ་_100_,ཨོཾ་_100_
[སྭ་_100_],སྭ་_100_,སྭ་_100_,སྭ་_100_,སྭ་_100_,སྭ་_100_,སྭ་_100_,སྭ་_100_
[བྷཱ་ཝ་_62_],བྷཱ་ཝ་_62_,བྷ་ཝ་_25_,བྷ་ཝ་_25_,བྷཱ་ཝ་_62_,བྷཱ་ཝ་_62_,བྷཱ་བ་_12_,བྷཱ་ཝ་_62_
[ཤུདྡྷཿསརྦ་དྷརྨཱཿསྭ་བྷཱ་ཝ་ཤུདྡྷོ྅ཧཾ། ཨོཾ་ཤཱུ་ནྱ་ཏཱ་ཛྙཱ་ན་བཛྲ་སྭ་བྷཱ་ཝ་ཨཱཏྨ་ཀོ྅ཧཾ། ཞེས་བརྗོད་པས་བདག་དང་གཞན་གྱི་དངོས་པོ་ཐམས་ཅད་སྟོང་པ་ཉིད་དུ་བསྒོམ་པར་བྱའོ། །​དེ་ནས་སྔོན་གྱི་སྨོན་ལམ་རྗེས་སུ་དྲན་པས་ནམ་མཁའི་ཁམས་སུ་པཾ་ཡོངས་སུ་གྱུར་པ་ལ་བའི་མདོག་ལྟ་བུའི་ཏཱཾ་ཡིག་འོད་ཟེར་སྣ་ཚོགས་པ་ཅན་བསྒོམས་ལ། དེ་ལ་འོད་ཟེར་འཕྲོས་པས་ཕྱོགས་བཅུའི་སངས་རྒྱས་རྣམས་བཀུག་ནས་དེ་ཉིད་ལ་ཞུགས་པར་བསྒོམ་སྟེ_25_],ཤུདྡྷཿསརྦ་དྷརྨཱཿསྭ་བྷཱ་ཝ་ཤུདྡྷོ྅ཧཾ། ཨོཾ་ཤཱུ་ནྱ་ཏཱ་ཛྙཱ་ན་བཛྲ་སྭ་བྷཱ་ཝ་ཨཱཏྨ་ཀོ྅ཧཾ། ཞེས་བརྗོད་པས་བདག་དང་གཞན་གྱི་དངོས་པོ་ཐམས་ཅད་སྟོང་པ་ཉིད་དུ་བསྒོམ་པར་བྱའོ། །​དེ་ནས་སྔོན་གྱི་སྨོན་ལམ་རྗེས་སུ་དྲན་པས་ནམ་མཁའི་ཁམས་སུ་པཾ་ཡོངས་སུ་གྱུར་པ་ལ་བའི་མདོག་ལྟ་བུའི་ཏཱཾ་ཡིག་འོད་ཟེར་སྣ་ཚོགས་པ་ཅན་བསྒོམས་ལ། དེ་ལ་འོད་ཟེར་འཕྲོས་པས་ཕྱོགས་བཅུའི་སངས་རྒྱས་རྣམས་བཀུག་ནས་དེ་ཉིད་ལ་ཞུགས་པར་བསྒོམ་སྟེ_25_,ཤུདྡྷཿསརྦ་དྷརྨ་སྭ་བྷ་ཝ་ཧཾ། ཨོཾ་ཤཱུ་ནྱ་ཏཱ་ཛྙཱ་ན་བཛྲ་སྭ་བྷ་ཝ་ཨཱཏྨ་ཧཾ། ཞེས་བརྗོད་པས་བདག་དང་གཞན་གྱི་དངོས་པོ་ཐམས་ཅད་སྟོང་པ་ཉིད་དུ་བསྒོམ་པར་བྱའོ། །​དེ་ནས་སྔོན་གྱི་སྨོན་ལམ་རྗེས་སུ་དྲན་པས་ནམ་མཁའི་ཁམས་སུ་པི་ཡོངས་སུ་གྱུར་པ་དུར་བའི་མདོག་ལྟ་བུའི་ཏཾ་ཡིག་འོད་ཟེར་སྣ་ཚོགས་པ་ཅན་བསྒོམས་ལ། དེ་ལ་འོད་ཟེར་འཕྲོས་པས་ཕྱོགས་བཅུའི་སངས་རྒྱས་རྣམས་བཀུག་ནས་དེ་ཉིད་ལ་ཞུགས་པར་བསྒོམ་སྟེ_12_,ཤུདྡྷཿསརྦ་དྷརྨ་སྭ་བྷ་ཝ་ཧཾ། ཨོཾ་ཤཱུ་ནྱ་ཏཱ་ཛྙཱ་ན་བཛྲ་སྭ་བྷ་ཝ་ཨཱཏྨ་ཧཾ། ཞེས་བརྗོད་པས་བདག་དང་གཞན་གྱི་དངོས་པོ་ཐམས་ཅད་སྟོང་པ་ཉིད་དུ་བསྒོམ་པར་བྱའོ། །​དེ་ནས་སྔོན་གྱི་སྨོན་ལམ་རྗེས་སུ་དྲན་པས་ནམ་མཁའི་ཁམས་སུ་པཾ་ཡོངས་སུ་གྱུར་པ་དུར་བའི་མདོག་ལྟ་བུའི་ཏཾ་ཡིག་འོད་ཟེར་སྣ་ཚོགས་པ་ཅན་བསྒོམས་ལ། དེ་ལ་འོད་ཟེར་འཕྲོས་པས་ཕྱོགས་བཅུའི་སངས་རྒྱས་རྣམས་བཀུག་ནས་དེ་ཉིད་ལ་ཞུགས་པར་བསྒོམ་སྟེ_12_,ཤུདྡྷཿསརྦ་དྷརྨཱཿསྭ་བྷཱ་ཝ་ཤུདྡྷོ྅ཧཾ། ཨོཾ་ཤཱུ་ནྱ་ཏཱ་ཛྙཱ་ན་བཛྲ་སྭ་བྷཱ་ཝ་ཨཱཏྨ་ཀོ྅ཧཾ། ཞེས་བརྗོད་པས་བདག་དང་གཞན་གྱི་དངོས་པོ་ཐམས་ཅད་སྟོང་པ་ཉིད་དུ་བསྒོམ་པར་བྱའོ། །​དེ་ནས་སྔོན་གྱི་སྨོན་ལམ་རྗེས་སུ་དྲན་པས་ནམ་མཁའི་ཁམས་སུ་པཾ་ཡོངས་སུ་གྱུར་པ་ལ་སྣ་ཚོགས་པདྨའི་ལྟ[ལྟེ]་བར་ཨོཾ་ལས་ཟླ་བའི་དཀྱིལ་འཁོར་གྱི་སྟེང་དུ་དཱུར་བའི་མདོག་ལྟ་བུའི་ཏཱཾ་ཡིག་འོད་ཟེར་སྣ་ཚོགས་པ་ཅན་བསྒོམས་ལ། དེ་ལ་འོད་ཟེར་འཕྲོས་པས་ཕྱོགས་བཅུའི་སངས་རྒྱས་རྣམས་བཀུག་ནས་དེ་ཉིད་ལ་ཞུགས་པར་བསྒོམ་སྟེ_12_,ཤུདྡྷཿསརྦ་དྷརྨཱཿསྭ་བྷཱ་ཝ་ཤུདྡྷོ྅ཧཾ། ཨོཾ་ཤཱུ་ནྱ་ཏཱ་ཛྙཱ་ན་བཛྲ་སྭ་བྷཱ་ཝ་ཨཱཏྨ་ཀོ྅ཧཾ། ཞེས་བརྗོད་པས་བདག་དང་གཞན་གྱི་དངོས་པོ་ཐམས་ཅད་སྟོང་པ་ཉིད་དུ་བསྒོམ་པར་བྱའོ། །​དེ་ནས་སྔོན་གྱི་སྨོན་ལམ་རྗེས་སུ་དྲན་པས་ནམ་མཁའི་ཁམས་སུ་པཾ་ཡོངས་སུ་གྱུར་པ་ལ་སྣ་ཚོགས་པདྨའི་ལྟེ་བར་ཨོཾ་ལས་ཟླ་བའི་དཀྱིལ་འཁོར་གྱི་སྟེང་དུ་དཱུར་བའི་མདོག་ལྟ་བུའི་ཏཱཾ་ཡིག་འོད་ཟེར་སྣ་ཚོགས་པ་ཅན་བསྒོམས་ལ། དེ་ལ་འོད་ཟེར་འཕྲོས་པས་ཕྱོགས་བཅུའི་སངས་རྒྱས་རྣམས་བཀུག་ནས་དེ་ཉིད་ལ་ཞུགས་པར་བསྒོམ་སྟེ_12_,ཤུདྡྷཿསརྦ་དྷརྨཱཿསྭ་བྷཱ་བ་ཤུདྡྷོ྅ཧཾ་ཞེས་བརྗོད་པར་བྱའོ། །​དེ་ནས་ཟླ་བ་ལ་ཏཱྃ་ལས་ཡང་དག་པར་བྱུང་བའི་ཨུཏྤ་ལ་དཀར་པོ་ལ་གནས་པའི་ཏཱྃ་ཡིག་ལས་བྱུང་བའི་སྒྲོལ་མ་སྔོན་མོ་ཕྱག་གཉིས་པའི་གཡས་པ་མཆོག་སྦྱིན་པ། གཡོན་པ་སྡོང་བུ་དང་བཅས་པའི་ཨུཏྤ་ལ་བསྣམས་པ། རྒྱན་ཐམས་ཅད་ཀྱིས་བརྒྱན་པ། པདྨ་དང་ཟླ་བའི་གདན་ལ་སྐྱིལ་མོ་ཀྲུང་གིས་བཞུགས་པ་བསྒོམ་པར་བྱའོ། །​ཐལ་མོ་སྦྱར་ནས་མཛུབ་མོ་གཉིས་ཀྱིས་གུང་མོ་དག་མནན་ཏེ_12_,ཤུདྡྷཿསརྦ་དྷརྨཱཿསྭ་བྷཱ་ཝ་ཤུདྡྷོ྅ཧཾ། ཨོཾ་ཤཱུ་ནྱ་ཏཱ་ཛྙཱན་བཛྲ་སྭ་བྷཱ་ཝ་ཨཱཏྨ་ཀོ྅ཧཾ། ཞེས་བརྗོད་པས་བདག་དང་གཞན་གྱི་དངོས་པོ་ཐམས་ཅད་སྟོང་པ་ཉིད་དུ་བསྒོམ་པར་བྱའོ། །​དེ་ནས་སྔོན་གྱི་སྨོན་ལམ་རྗེས་སུ་དྲན་པས་ནམ་མཁའི་ཁམས་སུ་པཾ་ཡོངས་སུ་གྱུར་པ་ལ་སྣ་ཚོགས་པདྨའི་ལྟ་བར་ཨོཾ་ལས་ཟླ་བའི་དཀྱིལ་འཁོར་གྱི་སྟེང་དུ་དཱུར་བའི་མདོག་ལྟ་བུའི་ཏཱཾ་ཡིག་འོད་ཟེར་སྣ་ཚོགས་པ་ཅན་བསྒོམས་ལ། དེ་ལ་འོད་ཟེར་འཕྲོས་པས་ཕྱོགས་བཅུའི་སངས་རྒྱས་རྣམས་བཀུག་ནས་དེ་ཉེད་ལ་ཞུགས་པར་བསྒོམ་སྟེ_12_
[། _100_],། _100_,། _100_,། _100_,། _100_,། _100_,། _100_,། _100_
[དེ་རྣམས་ཡོངས་སུ་གྱུར་པ་ལས་ལྷ་མོ་སྒྲོལ་མར་བསྒོམ་པར་བྱ་སྟེ། སྐུ་མདོག་ལྗང་གུ་ཞལ་གཅིག་ཕྱག་གཉིས་མ། ཡིད་དགའ་བའི་_75_],དེ་རྣམས་ཡོངས་སུ་གྱུར་པ་ལས་ལྷ་མོ་སྒྲོལ་མར་བསྒོམ་པར་བྱ་སྟེ། སྐུ་མདོག་ལྗང་གུ་ཞལ་གཅིག་ཕྱག་གཉིས་མ། ཡིད་དགའ་བའི་_75_,དེ་རྣམས་ཡོངས་སུ་གྱུར་པ་ལ་ལྷ་མོ་སྒྲོལ་མར་བསྒོམ་པར་བྱ་སྟེ། སྐུ་མདོག་ལྗང་གུ་ཞལ་གཅིག་ཕྱག་གཉིས་མ། ཡིད་དགའ་བའི་_12_,དེ་རྣམས་ཡོངས་སུ་གྱུར་པ་ལས་ལྷ་མོ་སྒྲོལ་མར་བསྒོམ་པར་བྱ་སྟེ། སྐུ་མདོག་ལྗང་གུ་ཞལ་གཅིག་ཕྱག་གཉིས་མ། ཡིད་དགའ་བའི་_75_,དེ་རྣམས་ཡོངས་སུ་གྱུར་པ་ལས་ལྷ་མོ་སྒྲོལ་མར་བསྒོམ་པར་བྱ་སྟེ། སྐུ་མདོག་ལྗང་གུ་ཞལ་གཅིག་ཕྱག་གཉིས་མ། ཡིད་དགའ་བའི་_75_,དེ་རྣམས་ཡོངས་སུ་གྱུར་པ་ལས་ལྷ་མོ་སྒྲོལ་མར་བསྒོམ་པར་བྱ་སྟེ། སྐུ་མདོག་ལྗང་གུ་ཞལ་གཅིག་ཕྱག་གཉིས་མ། ཡིད་དགའ་བའི་_75_,མཐེབ་ཆེན་དག་ཆུ་སྐྱེས་ལ་རེག་པ་ནི་ཨུཏྤ་ལ་ཁ་བྱེ་བའི་ཕྱག་རྒྱའོ། །​དེ་ནས་ཨོཾ་ཏཱ་རེ་ཏུཏྟཱ་རེ་ཏུ་རེ་སྭཱ་ཧཱ་ཞེས་པའི་སྔགས་བརྗོད་པར་བྱའོ། །​སྒྲོལ་མ་ཆེན་མོའི་སྒྲུབ་ཐབས་རྫོགས་སོ། །​ ༄༅༅། །​རྒྱ་གར་སྐད་དུ། བ་ར་ད་ཏཱ་རཱ་སཱ་དྷ་ནཾ། བོད་སྐད་དུ། མཆོག་སྦྱིན་སྒྲོལ་མའི་སྒྲུབ་ཐབས། འཕགས་མ་སྒྲོལ་མ་ལ་ཕྱག་འཚལ་ལོ། །​སྔོན་མ་བཞིན་དུ་སྟོང་པ་ཉིད་ཀྱི་མཐར་ཐུག་པ་བསྒོམས་ནས་པཾ་ཡིག་ལས་སྐྱེས་པའི་སྣ་ཚོགས་ཆུ་སྐྱེས་ཀྱི་དབུས་སུ་ཨཾ་ཡིག་ལས་སྐྱེས་པའི་ཟླ་བ་ལ་ཏཱཾ་ཡིག་ལྗང་གུ་ལས་སྐྱེས་པའི་སྒྲོལ་མ་སྐུ་མདོག་ལྗང་གུ་_12_,དེ་རྣམས་ཡོངས་སུ་གྱུར་པ་ལས་ལྷ་མོ་སྒྲོལ་མར་བསྒོམ་པར་བྱ་སྟེ། སྐུ་མདོག་ལྗང་གུ་ཞལ་གཅིག་ཕྱག་གཉིས་མ། ཡིད་དགའ་བའི་_75_
[རྒྱན་_100_],རྒྱན་_100_,རྒྱན་_100_,རྒྱན་_100_,རྒྱན་_100_,རྒྱན་_100_,རྒྱན་_100_,རྒྱན་_100_
[ཐམས་_100_],ཐམས་_100_,ཐམས་_100_,ཐམས་_100_,ཐམས་_100_,ཐམས་_100_,ཐམས་_100_,ཐམས་_100_
[ཅད་_100_],ཅད་_100_,ཅད་_100_,ཅད་_100_,ཅད་_100_,ཅད་_100_,ཅད་_100_,ཅད་_100_
[ཀྱིས་_100_],ཀྱིས་_100_,ཀྱིས་_100_,ཀྱིས་_100_,ཀྱིས་_100_,ཀྱིས་_100_,ཀྱིས་_100_,ཀྱིས་_100_
[བརྒྱན་_100_],བརྒྱན་_100_,བརྒྱན་_100_,བརྒྱན་_100_,བརྒྱན་_100_,བརྒྱན་_100_,བརྒྱན་_100_,བརྒྱན་_100_
[པ_100_],པ_100_,པ_100_,པ_100_,པ_100_,པ_100_,པ_100_,པ_100_
[།_50_],།_50_,།_50_,།_50_,། _50_,། _50_,། _50_,། _50_
[ཕྱག་_100_],ཕྱག་_100_,ཕྱག་_100_,ཕྱག་_100_,ཕྱག་_100_,ཕྱག་_100_,ཕྱག་_100_,ཕྱག་_100_
[གཡོན་_100_],གཡོན་_100_,གཡོན་_100_,གཡོན་_100_,གཡོན་_100_,གཡོན་_100_,གཡོན་_100_,གཡོན་_100_
[པས་_87_],པས་_87_,པས་_87_,པས་_87_,པས་_87_,པས་_87_,ན་_12_,པས་_87_
[ཨུཏྤ་_100_],ཨུཏྤ་_100_,ཨུཏྤ་_100_,ཨུཏྤ་_100_,ཨུཏྤ་_100_,ཨུཏྤ་_100_,ཨུཏྤ་_100_,ཨུཏྤ་_100_
[ལ་_87_],ལ་_87_,ལ་_87_,ལ་_87_,ལ(་ཨུཏྤལ)_12_,ལ་_87_,ལ་_87_,ལ་_87_
[བསྣམས་པ། གཡས་པས་བདུད་རྩི་འཛག་པའི་མཆོག་སྦྱིན་པ། སྣ་ཚོགས་པདྨའི་སྟེང་གི་ཟླ་བ་ལ་ཞབས་གཡས་བརྐྱང་བའི་_87_],བསྣམས་པ། གཡས་པས་བདུད་རྩི་འཛག་པའི་མཆོག་སྦྱིན་པ། སྣ་ཚོགས་པདྨའི་སྟེང་གི་ཟླ་བ་ལ་ཞབས་གཡས་བརྐྱང་བའི་_87_,བསྣམས་པ། གཡས་པས་བདུད་རྩི་འཛག་པའི་མཆོག་སྦྱིན་པ། སྣ་ཚོགས་པདྨའི་སྟེང་གི་ཟླ་བ་ལ་ཞབས་གཡས་བརྐྱང་བའི་_87_,བསྣམས་པ། གཡས་པས་བདུད་རྩི་འཛག་པའི་མཆོག་སྦྱིན་པ། སྣ་ཚོགས་པདྨའི་སྟེང་གི་ཟླ་བ་ལ་ཞབས་གཡས་བརྐྱང་བའི་_87_,བསྣམས་པ། གཡས་པས་བདུད་རྩི་འཛག་པའི་མཆོག་སྦྱིན་པ། སྣ་ཚོགས་པདྨའི་སྟེང་གི་ཟླ་བ་ལ་ཞབས་གཡས་བརྐྱང་བའི་_87_,བསྣམས་པ། གཡས་པས་བདུད་རྩི་འཛག་པའི་མཆོག་སྦྱིན་པ། སྣ་ཚོགས་པདྨའི་སྟེང་གི་ཟླ་བ་ལ་ཞབས་གཡས་བརྐྱང་བའི་_87_,བསྣམས་ཤིང་གཡས་པ་མཆོག་སྦྱིན་དང་ལྡན་པ། _12_,བསྣམས་པ། གཡས་པས་བདུད་རྩི་འཛག་པའི་མཆོག་སྦྱིན་པ། སྣ་ཚོགས་པདྨའི་སྟེང་གི་ཟླ་བ་ལ་ཞབས་གཡས་བརྐྱང་བའི་_87_
[སྐྱིལ་_100_],སྐྱིལ་_100_,སྐྱིལ་_100_,སྐྱིལ་_100_,སྐྱིལ་_100_,སྐྱིལ་_100_,སྐྱིལ་_100_,སྐྱིལ་_100_
[ཀྲུང་_100_],ཀྲུང་_100_,ཀྲུང་_100_,ཀྲུང་_100_,ཀྲུང་_100_,ཀྲུང་_100_,ཀྲུང་_100_,ཀྲུང་_100_
[ཕྱེད་_100_],ཕྱེད་_100_,ཕྱེད་_100_,ཕྱེད་_100_,ཕྱེད་_100_,ཕྱེད་_100_,ཕྱེད་_100_,ཕྱེད་_100_
[པས་_100_],པས་_100_,པས་_100_,པས་_100_,པས་_100_,པས་_100_,པས་_100_,པས་_100_
[བཞུགས་_100_],བཞུགས་_100_,བཞུགས་_100_,བཞུགས་_100_,བཞུགས་_100_,བཞུགས་_100_,བཞུགས་_100_,བཞུགས་_100_
[པའོ_100_],པའོ_100_,པའོ_100_,པའོ_100_,པའོ_100_,པའོ_100_,པའོ_100_,པའོ_100_
[། །​དེའི་_87_],། །​དེའི་_87_,། །​དེའི་_87_,། །​དེའི་_87_,། །​དེའི་_87_,། །​དེའི་_87_,། །​_12_,། །​དེའི་_87_
[གཡས་_100_],གཡས་_100_,གཡས་_100_,གཡས་_100_,གཡས་_100_,གཡས་_100_,གཡས་_100_,གཡས་_100_
[ཕྱོགས་_100_],ཕྱོགས་_100_,ཕྱོགས་_100_,ཕྱོགས་_100_,ཕྱོགས་_100_,ཕྱོགས་_100_,ཕྱོགས་_100_,ཕྱོགས་_100_
[སུ་_87_],སུ་_87_,སུ་_87_,སུ་_87_,སུ་_87_,སུ་_87_,ལོགས་ན་_12_,སུ་_87_
[མྱ་_100_],མྱ་_100_,མྱ་_100_,མྱ་_100_,མྱ་_100_,མྱ་_100_,མྱ་_100_,མྱ་_100_
[ངན་_100_],ངན་_100_,ངན་_100_,ངན་_100_,ངན་_100_,ངན་_100_,ངན་_100_,ངན་_100_
[མེད་_100_],མེད་_100_,མེད་_100_,མེད་_100_,མེད་_100_,མེད་_100_,མེད་_100_,མེད་_100_
[པའི་_100_],པའི་_100_,པའི་_100_,པའི་_100_,པའི་_100_,པའི་_100_,པའི་_100_,པའི་_100_
[འོད་_100_],འོད་_100_,འོད་_100_,འོད་_100_,འོད་_100_,འོད་_100_,འོད་_100_,འོད་_100_
[ཟེར་ཅན་སྐུ་མདོག་_62_],ཟེར་ཅན་སྐུ་མདོག་_62_,ཟེར་སྐུ་མདོག་_25_,ཟེར་སྐུ་མདོག་_25_,ཟེར་ཅན་སྐུ་མདོག་_62_,ཟེར་ཅན་སྐུ་མདོག་_62_,ཟེར་ཅན་_12_,ཟེར་ཅན་སྐུ་མདོག་_62_
[སེར་_100_],སེར་_100_,སེར་_100_,སེར་_100_,སེར་_100_,སེར་_100_,སེར་_100_,སེར་_100_
[མོ་_100_],མོ་_100_,མོ་_100_,མོ་_100_,མོ་_100_,མོ་_100_,མོ་_100_,མོ་_100_
[རིན་_100_],རིན་_100_,རིན་_100_,རིན་_100_,རིན་_100_,རིན་_100_,རིན་_100_,རིན་_100_
[པོ་_100_],པོ་_100_,པོ་_100_,པོ་_100_,པོ་_100_,པོ་_100_,པོ་_100_,པོ་_100_
[ཆེ་_100_],ཆེ་_100_,ཆེ་_100_,ཆེ་_100_,ཆེ་_100_,ཆེ་_100_,ཆེ་_100_,ཆེ་_100_
[སྣ་_100_],སྣ་_100_,སྣ་_100_,སྣ་_100_,སྣ་_100_,སྣ་_100_,སྣ་_100_,སྣ་_100_
[ཚོགས་_100_],ཚོགས་_100_,ཚོགས་_100_,ཚོགས་_100_,ཚོགས་_100_,ཚོགས་_100_,ཚོགས་_100_,ཚོགས་_100_
[པའི་_100_],པའི་_100_,པའི་_100_,པའི་_100_,པའི་_100_,པའི་_100_,པའི་_100_,པའི་_100_
[དབུ་རྒྱན་_87_],དབུ་རྒྱན་_87_,དབུ་རྒྱན་_87_,དབུ་རྒྱན་_87_,དབུ་རྒྱན་_87_,དབུ་རྒྱན་_87_,ཅོད་པན་_12_,དབུ་རྒྱན་_87_
[ཅན_100_],ཅན_100_,ཅན_100_,ཅན_100_,ཅན_100_,ཅན_100_,ཅན_100_,ཅན_100_
[།རྒྱན་ཐམས་ཅད་ཀྱིས་བརྒྱན་པ། ཕྱག་གཡས་རྡོ་རྗེ་བསྣམས་པ། གཡོན་པས་མྱ་ངན་མེད་པའི་ཤིང་གི་ཡལ་ག་བསྣམས་པ་ཉེ་བར་བཞུགས་_50_],།རྒྱན་ཐམས་ཅད་ཀྱིས་བརྒྱན་པ། ཕྱག་གཡས་རྡོ་རྗེ་བསྣམས་པ། གཡོན་པས་མྱ་ངན་མེད་པའི་ཤིང་གི་ཡལ་ག་བསྣམས་པ་ཉེ་བར་བཞུགས་_50_,།རྒྱན་ཐམས་ཅད་ཀྱིས་བརྒྱན་པ། ཕྱག་གཡས་རྡོ་རྗེ་བསྣམས་པ། གཡོན་པས་མྱ་ངན་མེད་པའི་ཤིང་གི་ཡལ་ག་བསྣམས་པ་ཉེ་བར་བཞུགས་_50_,།རྒྱན་ཐམས་ཅད་ཀྱིས་བརྒྱན་པ། ཕྱག་གཡས་རྡོ་རྗེ་བསྣམས་པ། གཡོན་པས་མྱ་ངན་མེད་པའི་ཤིང་གི་ཡལ་ག་བསྣམས་པ་ཉེ་བར་བཞུགས་_50_,། རྒྱན་ཐམས་ཅད་ཀྱིས་བརྒྱན་པ། ཕྱག་གཡས་རྡོ་རྗེ་བསྣམས་པ། གཡོན་པས་མྱ་ངན་མེད་པའི་ཤིང་གི་ཡལ་ག་བསྣམས་པ་ཉེ་བར་བཞུགས་_37_,། རྒྱན་ཐམས་ཅད་ཀྱིས་བརྒྱན་པ། ཕྱག་གཡས་རྡོ་རྗེ་བསྣམས་པ། གཡོན་པས་མྱ་ངན་མེད་པའི་ཤིང་གི་ཡལ་ག་བསྣམས་པ་ཉེ་བར་བཞུགས་_37_,། གཡོན་དང་གཡས་ཀྱི་ཕྱག་དག་གིས་མྱ་ངན་མེད་པའི་ཤིང་གི་ཡལ་ག་དང་བ་ཀུ་ལི་བསྣམས་པའོ། །​དེ་བཞིན་དུ་རྨ་བྱ་ཆེན་མོ་གཡོན་པ་དང་ཅིག་ཤོས་ཀྱི་ཕྱག་དག་གིས་རྨ་བྱའི་སྒྲོ་དང་རྔ་ཡབ་བསྣམས་_12_,། རྒྱན་ཐམས་ཅད་ཀྱིས་བརྒྱན་པ། ཕྱག་གཡས་རྡོ་རྗེ་བསྣམས་པ། གཡོན་པས་མྱ་ངན་མེད་པའི་ཤིང་གི་ཡལ་ག་བསྣམས་པ་ཉེ་བར་བཞུགས་_37_
[པའོ_100_],པའོ_100_,པའོ_100_,པའོ_100_,པའོ_100_,པའོ_100_,པའོ_100_,པའོ_100_
[། །​_100_],། །​_100_,། །​_100_,། །​_100_,། །​_100_,། །​_100_,། །​_100_,། །​_100_
[གཡོན་_100_],གཡོན་_100_,གཡོན་_100_,གཡོན་_100_,གཡོན་_100_,གཡོན་_100_,གཡོན་_100_,གཡོན་_100_
[ཕྱོགས་_87_],ཕྱོགས་_87_,ཕྱོགས་_87_,ཕྱོགས་_87_,ཕྱོགས་_87_,ཕྱོགས་_87_,ཕྱོགས་ལོགས་_12_,ཕྱོགས་_87_
[སུ་_100_],སུ་_100_,སུ་_100_,སུ་_100_,སུ་_100_,སུ་_100_,སུ་_100_,སུ་_100_
[རལ་_100_],རལ་_100_,རལ་_100_,རལ་_100_,རལ་_100_,རལ་_100_,རལ་_100_,རལ་_100_
[གཅིག་_100_],གཅིག་_100_,གཅིག་_100_,གཅིག་_100_,གཅིག་_100_,གཅིག་_100_,གཅིག་_100_,གཅིག་_100_
[མ་མིའུ་ཐུང་གི་གཟུགས་ཅན་སྐུ་མདོག་ནག་མོ_87_],མ་མིའུ་ཐུང་གི་གཟུགས་ཅན་སྐུ་མདོག་ནག་མོ_87_,མ་མིའུ་ཐུང་གི་གཟུགས་ཅན་སྐུ་མདོག་ནག་མོ_87_,མ་མིའུ་ཐུང་གི་གཟུགས་ཅན་སྐུ་མདོག་ནག་མོ_87_,མ་མིའུ་ཐུང་གི་གཟུགས་ཅན་སྐུ་མདོག་ནག་མོ_87_,མ་མིའུ་ཐུང་གི་གཟུགས་ཅན་སྐུ་མདོག་ནག་མོ_87_,མ་ཐུང་ཞིང་གནག་པ_12_,མ་མིའུ་ཐུང་གི་གཟུགས་ཅན་སྐུ་མདོག་ནག་མོ_87_
[། _100_],། _100_,། _100_,། _100_,། _100_,། _100_,། _100_,། _100_
[སྟག་_100_],སྟག་_100_,སྟག་_100_,སྟག་_100_,སྟག་_100_,སྟག་_100_,སྟག་_100_,སྟག་_100_
[གི་_100_],གི་_100_,གི་_100_,གི་_100_,གི་_100_,གི་_100_,གི་_100_,གི་_100_
[པགས་_100_],པགས་_100_,པགས་_100_,པགས་_100_,པགས་_100_,པགས་_100_,པགས་_100_,པགས་_100_
[པའི་_100_],པའི་_100_,པའི་_100_,པའི་_100_,པའི་_100_,པའི་_100_,པའི་_100_,པའི་_100_
[ན་_100_],ན་_100_,ན་_100_,ན་_100_,ན་_100_,ན་_100_,ན་_100_,ན་_100_
[བཟའ་_100_],བཟའ་_100_,བཟའ་_100_,བཟའ་_100_,བཟའ་_100_,བཟའ་_100_,བཟའ་_100_,བཟའ་_100_
[བསྣམས་_100_],བསྣམས་_100_,བསྣམས་_100_,བསྣམས་_100_,བསྣམས་_100_,བསྣམས་_100_,བསྣམས་_100_,བསྣམས་_100_
[པ_100_],པ_100_,པ_100_,པ_100_,པ_100_,པ_100_,པ_100_,པ_100_
[། _100_],། _100_,། _100_,། _100_,། _100_,། _100_,། _100_,། _100_
[སྤྱན་_100_],སྤྱན་_100_,སྤྱན་_100_,སྤྱན་_100_,སྤྱན་_100_,སྤྱན་_100_,སྤྱན་_100_,སྤྱན་_100_
[གསུམ་_100_],གསུམ་_100_,གསུམ་_100_,གསུམ་_100_,གསུམ་_100_,གསུམ་_100_,གསུམ་_100_,གསུམ་_100_
[པ་_87_],པ་_87_,པ་_87_,པ་_87_,པ་_87_,པ་_87_,པ། ཞལ་_12_,པ་_87_
[མཆེ་_100_],མཆེ་_100_,མཆེ་_100_,མཆེ་_100_,མཆེ་_100_,མཆེ་_100_,མཆེ་_100_,མཆེ་_100_
[བ་_100_],བ་_100_,བ་_100_,བ་_100_,བ་_100_,བ་_100_,བ་_100_,བ་_100_
[གཙིགས་_100_],གཙིགས་_100_,གཙིགས་_100_,གཙིགས་_100_,གཙིགས་_100_,གཙིགས་_100_,གཙིགས་_100_,གཙིགས་_100_
[པའི་ཞལ་སྐྲ་སེར་པོ་འབར་ཞིང་གྱེན་དུ་བརྫེས་པ། ཕྱག་གཉིས་ཀྱིས་རྡོ་རྗེ་དང་གྲི་གྲི་གུག་བསྣམས་པ་ཉེ་བར་བཞུགས་པའོ། །​ཡང་གཡས་ཕྱོགས་སུ་རྨ་བྱ་ཆེན་མོ། སྐུ་མདོག་སེར་མོ་རྒྱན་ཐམས་ཅད་ཀྱིས་བརྒྱན་པ། ཕྱག་གཡས་པས་རྔ་ཡབ་བསྣམས་པ། གཡོན་པས་རྨ་བྱའི་མདོངས་བསྣམས་པ། ཉེ་བར་བཞུགས་པའོ། །​ཡང་གཡོན་ཕྱོགས་སུ་དུག་སེལ་མ་སྐུ་མདོག་ལྗང་གུ། ཕྱག་གཡས་པས་མཆོག་སྦྱིན་མཛད་པ། གཡོན་པས་སྦྲུལ་བསྣམས་པ། རྒྱན་ཐམས་ཅད་ཀྱིས་བརྒྱན་པ་ཉེ་བར་བཞུགས་པའོ། །​གཞན་ཡང་ལྷ་དང་ལྷ་མ་ཡིན་གྱིས་བསྐོར་བར་བསྒོམ་པར་བྱའོ། །​དོན་ཡོད་གྲུབ་པས་དབུ་ལ་རྒྱས་གདབ་བོ། །​དེ་ནས་རང་གི་སྙིང་ག་ལས་སངས་རྒྱས་ཀྱི་ཚོགས་ཀྱི་སྤྲིན་སྤྲོ་བར་བསམ་མོ། །​དེ་ལྟར་བསྒོམས་པས་རྣལ་འབྱོར་པ་སྐྱོ་ན། རང་གི་སྙིང་གར་ཨུཏྤ་ལའི་སྟེང་དུ་ཟླ་བའི་དཀྱིལ་འཁོར་ལ་སྔགས་མུ་ཏིག་གི་ཕྲེང་བ་ལྟར་དཀར་བ་བལྟས་ལ། _25_],པའི་ཞལ་སྐྲ་སེར་པོ་འབར་ཞིང་གྱེན་དུ་བརྫེས་པ། ཕྱག་གཉིས་ཀྱིས་རྡོ་རྗེ་དང་གྲི་གྲི་གུག་བསྣམས་པ་ཉེ་བར་བཞུགས་པའོ། །​ཡང་གཡས་ཕྱོགས་སུ་རྨ་བྱ་ཆེན་མོ། སྐུ་མདོག་སེར་མོ་རྒྱན་ཐམས་ཅད་ཀྱིས་བརྒྱན་པ། ཕྱག་གཡས་པས་རྔ་ཡབ་བསྣམས་པ། གཡོན་པས་རྨ་བྱའི་མདོངས་བསྣམས་པ། ཉེ་བར་བཞུགས་པའོ། །​ཡང་གཡོན་ཕྱོགས་སུ་དུག་སེལ་མ་སྐུ་མདོག་ལྗང་གུ། ཕྱག་གཡས་པས་མཆོག་སྦྱིན་མཛད་པ། གཡོན་པས་སྦྲུལ་བསྣམས་པ། རྒྱན་ཐམས་ཅད་ཀྱིས་བརྒྱན་པ་ཉེ་བར་བཞུགས་པའོ། །​གཞན་ཡང་ལྷ་དང་ལྷ་མ་ཡིན་གྱིས་བསྐོར་བར་བསྒོམ་པར་བྱའོ། །​དོན་ཡོད་གྲུབ་པས་དབུ་ལ་རྒྱས་གདབ་བོ། །​དེ་ནས་རང་གི་སྙིང་ག་ལས་སངས་རྒྱས་ཀྱི་ཚོགས་ཀྱི་སྤྲིན་སྤྲོ་བར་བསམ་མོ། །​དེ་ལྟར་བསྒོམས་པས་རྣལ་འབྱོར་པ་སྐྱོ་ན། རང་གི་སྙིང་གར་ཨུཏྤ་ལའི་སྟེང་དུ་ཟླ་བའི་དཀྱིལ་འཁོར་ལ་སྔགས་མུ་ཏིག་གི་ཕྲེང་བ་ལྟར་དཀར་བ་བལྟས་ལ། _25_,པའི་ཞལ་སྐྲ་སེར་པོ་འབར་ཞིང་གྱེན་དུ་བརྫེས་པ། ཕྱག་གཉིས་རྡོ་རྗེ་གྲི་གྲི་གུག་དང་ཐོད་པ་བསྣམས་པ་ཉེ་བར་བཞུགས་པའོ། །​ཡང་གཡས་ཕྱོགས་སུ་རྨ་བྱ་ཆེན་མོ། སྐུ་མདོག་སེར་མོ་རྒྱན་ཐམས་ཅད་ཀྱིས་བརྒྱན་པ། ཕྱག་གཡས་པ་རྔ་ཡབ་བསྣམས་པ། གཡོན་པས་རྨ་བྱའི་མདོངས་བསྣམས་པ། ཉེ་བར་བཞུགས་པའོ། །​ཡང་གཡོན་ཕྱོགས་སུ་དུག་སེལ་མ་སྐུ་མདོག་ལྗང་གུ། ཕྱག་གཡས་པས་མཆོག་སྦྱིན་མཛད་པ། གཡོན་པས་སྦྲུལ་བསྣམས་པ། རྒྱན་ཐམས་ཅད་ཀྱིས་བརྒྱན་པ་ཉེ་བར་བཞུགས་པའོ། །​གཞན་ཡང་ལྷ་དང་ལྷ་མ་ཡིན་གྱིས་བསྐོར་བར་བསྒོམ་པར་བྱའོ། །​དོན་ཡོད་གྲུབ་པས་དབུ་ལ་བརྒྱས་གདབ་བོ། །​དེ་ནས་རང་གི་སྙིང་ག་ལས་སངས་རྒྱས་ཀྱི་ཚོགས་ཀྱི་སྤྲིན་སྤྲོ་བར་བསམ་མོ། །​དེ་ལྟར་བསྒོམ་པས་རྣལ་འབྱོར་པ་སྐྱོ་ན། རང་གི་སྙིང་གར་ཨུཏྤ་ལའི་སྟེང་དུ་ཟླ་བའི་དཀྱིལ་འཁོར་ལ་སྔགས་མུ་ཏིག་གི་ཕྲེང་བ་ལྟར་དཀར་བ་བལྟས་ལ། _12_,པའི་ཞལ་སྐྲ་སེར་པོ་འབར་ཞིང་གྱེན་དུ་བརྫེས་པ། ཕྱག་གཉིས་ཀྱིས་རྡོ་རྗེ་གྲི་གྲི་གུག་དང་ཐོད་པ་བསྣམས་པ་ཉེ་བར་བཞུགས་པའོ། །​ཡང་གཡས་ཕྱོགས་སུ་རྨ་བྱ་ཆེན་མོ། སྐུ་མདོག་སེར་མོ་རྒྱན་ཐམས་ཅད་ཀྱིས་བརྒྱན་པ། ཕྱག་གཡས་པ་རྔ་ཡབ་བསྣམས་པ། གཡོན་པས་རྨ་བྱའི་མདོངས་བསྣམས་པ། ཉེ་བར་བཞུགས་པའོ། །​ཡང་གཡོན་ཕྱོགས་སུ་དུག་སེལ་མ་སྐུ་མདོག་ལྗང་གུ། ཕྱག་གཡས་པས་མཆོག་སྦྱིན་མཛད་པ། གཡོན་པས་སྦྲུལ་བསྣམས་པ། རྒྱན་ཐམས་ཅད་ཀྱིས་བརྒྱན་པ་ཉེ་བར་བཞུགས་པའོ། །​གཞན་ཡང་ལྷ་དང་ལྷ་མ་ཡིན་གྱིས་བསྐོར་བར་བསྒོམ་པར་བྱའོ། །​དོན་ཡོད་གྲུབ་པས་དབུ་ལ་རྒྱས་གདབ་བོ། །​དེ་ནས་རང་གི་སྙིང་ག་ལས་སངས་རྒྱས་ཀྱི་ཚོགས་ཀྱི་སྤྲིན་སྤྲོ་བར་བསམ་མོ། །​དེ་ལྟར་བསྒོམ་པས་རྣལ་འབྱོར་པ་སྐྱོ་ན། རང་གི་སྙིང་གར་ཨུཏྤ་ལའི་སྟེང་དུ་ཟླ་བའི་དཀྱིལ་འཁོར་ལ་སྔགས་མུ་ཏིག་གི་ཕྲེང་བ་ལྟར་དཀར་བ་བལྟས་ལ། _12_,པའི་ཞལ་སྐྲ་སེར་པོ་འབར་ཞིང་གྱེན་དུ་བརྫེས་པ། ཕྱག་གཉིས་ཀྱིས་རྡོ་རྗེ་དང་གྲི་གུག་བསྣམས་པ་ཉེ་བར་བཞུགས་པའོ། །​ཡང་གཡས་ཕྱོགས་སུ་རྨ་བྱ་ཆེན་མོ། སྐུ་མདོག་སེར་མོ་རྒྱན་ཐམས་ཅད་ཀྱིས་བརྒྱན་པ། ཕྱག་གཡས་པས་རྔ་ཡབ་བསྣམས་པ། གཡོན་པས་རྨ་བྱའི་མདོངས་བསྣམས་པ། ཉེ་བར་བཞུགས་པའོ། །​ཡང་གཡོན་ཕྱོགས་སུ་དུག་སེལ་མ་སྐུ་མདོག་ལྗང་གུ། ཕྱག་གཡས་པས་མཆོག་སྦྱིན་མཛད་པ། གཡོན་པས་སྦྲུལ་བསྣམས་པ། རྒྱན་ཐམས་ཅད་ཀྱིས་བརྒྱན་པ་ཉེ་བར་བཞུགས་པའོ། །​གཞན་ཡང་ལྷ་དང་ལྷ་མ་ཡིན་གྱིས་བསྐོར་བར་བསྒོམ་པར་བྱའོ། །​དོན་ཡོད་གྲུབ་པས་དབུ་ལ་རྒྱས་གདབ་བོ། །​དེ་ནས་རང་གི་སྙིང་ག་ལས་སངས་རྒྱས་ཀྱི་ཚོགས་ཀྱི་སྤྲིན་སྤྲོ་བར་བསམ་མོ། །​དེ་ལྟར་བསྒོམས་པས་རྣལ་འབྱོར་པ་སྐྱོན། རང་གི་སྙིང་གར་ཨུཏྤ་ལའི(་ཨུཏྤལའི)སྟེང་དུ་ཟླ་བའི་དཀྱིལ་འཁོར་ལ་སྔགས་མུ་ཏིག་གི་ཕྲེང་བ་ལྟར་དཀར་བ་བལྟས་ལ། _12_,པའི་ཞལ་སྐྲ་སེར་པོ་འབར་ཞིང་གྱེན་དུ་བརྫེས་པ། ཕྱག་གཉིས་ཀྱིས་རྡོ་རྗེ་དང་གྲི་གུག་བསྣམས་པ་ཉེ་བར་བཞུགས་པའོ། །​ཡང་གཡས་ཕྱོགས་སུ་རྨ་བྱ་ཆེན་མོ། སྐུ་མདོག་སེར་མོ་རྒྱན་ཐམས་ཅད་ཀྱིས་བརྒྱན་པ། ཕྱག་གཡས་པས་རྔ་ཡབ་བསྣམས་པ། གཡོན་པས་རྨ་བྱའི་མདོངས་བསྣམས་པ། ཉེ་བར་བཞུགས་པའོ། །​ཡང་གཡོན་ཕྱོགས་སུ་དུག་སེལ་མ་སྐུ་མདོག་ལྗང་གུ། ཕྱག་གཡས་པས་མཆོག་སྦྱིན་མཛད་པ། གཡོན་པས་སྦྲུལ་བསྣམས་པ། རྒྱན་ཐམས་ཅད་ཀྱིས་བརྒྱན་པ་ཉེ་བར་བཞུགས་པའོ། །​གཞན་ཡང་ལྷ་དང་ལྷ་མ་ཡིན་གྱིས་བསྐོར་བར་བསྒོམ་པར་བྱའོ། །​དོན་ཡོད་གྲུབ་པས་དབུ་ལ་རྒྱས་གདབ་བོ། དེ་ནས་རང་གི་སྙིང་ག་ལས་སངས་རྒྱས་ཀྱི་ཚོགས་ཀྱི་སྤྲིན་སྤྲོ་བར་བསམ་མོ། །​དེ་ལྟར་བསྒོམས་པས་རྣལ་འབྱོར་པ་སྐྱོ་ན། རང་གི་སྙིང་གར་ཨུཏྤ་ལའི་སྟེང་དུ་ཟླ་བའི་དཀྱིལ་འཁོར་ལ་སྔགས་མུ་ཏིག་གི་ཕྲེང་བ་ལྟར་དཀར་བ་བལྟས་ལ། _12_,པ། སྐྲ་ཁམ་པ་གྱེན་དུ་འབར་བ། གྲི་གུག་དང་ཐོད་པ་བསྣམས་པའོ། །​དེ་བཞིན་དུ་འཕགས་མ་དུག་སེལ་མ་ལྗང་གུ་གཡོན་པ་དང་གཡས་པའི་ཕྱག་དག་གིས་སྦྲུལ་ནག་པོ་དང་རྔ་ཡབ་བསྣམས་པ་བསྒོམ་པར་བྱའོ། །​དེ་བཞིན་དུ་བསྒོམས་པས་ངལ་ན་སྔགས་བཟླས་པར་བྱའོ། །​_12_,པའི་ཞལ་སྒྲ་སེར་པོ་འབར་ཞིང་གྱེན་དུ་བརྫེས་པ། ཕྱག་གཉིས་ཀྱིས་རྡོ་རྗེ་དང་གྲི་གུག་བསྣམས་པ་ཉེ་བར་བཞུགས་པའོ། །​ཡང་གཡས་ཕྱོགས་སུ་རྨ་བྱ་ཆེན་མོ། སྐུ་མདོག་སེར་མོ་རྒྱན་ཐམས་ཅད་ཀྱིས་བརྒྱན་པ། ཕྱག་གཡས་པས་རྔ་ཡབ་བསྣམས་པ། གཡོན་པས་རྨ་བྱའི་མདོངས་བསྣམས་པ། ཉེ་བར་བཞུགས་པའོ། །​ཡང་གཡོན་ཕྱོགས་སུ་དུག་སེལ་མ་སྐུ་མདོག་ལྗང་གུ། ཕྱག་གཡས་པས་མཆོག་སྦྱིན་མཛད་པ། གཡོན་པས་སྦྲུལ་བསྣམས་པ། རྒྱན་ཐམས་ཅད་ཀྱིས་བརྒྱན་པ་ཉེ་བར་བཞུགས་པའོ། །​གཞན་ཡང་ལྷ་དང་ལྷ་མ་ཡིན་གྱིས་བསྐོར་བར་བསྒོམ་པར་བྱའོ། །​དོན་ཡོད་གྲུབ་པས་དབུ་ལ་རྒྱས་གདབ་བོ། །​དེ་ནས་རང་གི་སྙིང་ག་ལས་སངས་རྒྱས་ཀྱི་ཚོགས་ཀྱི་སྤྲིན་སྤྲོ་བར་བསམ་མོ། །​དེ་ལྟར་བསྒོམས་པས་རྣལ་འབྱོར་པ་སྐྱོན། རང་གི་སྙིང་གར་ཨུཏྤ་ལའི་སྟེང་དུ་ཟླ་བའི་དཀྱིལ་འཁོར་ལ་སྔགས་མུ་ཏིག་གི་ཕྲེང་བ་ལྟར་དཀར་བ་བལྟས་ལ། _12_
[ཨོཾ་_100_],ཨོཾ་_100_,ཨོཾ་_100_,ཨོཾ་_100_,ཨོཾ་_100_,ཨོཾ་_100_,ཨོཾ་_100_,ཨོཾ་_100_
[ཏཱ་_100_],ཏཱ་_100_,ཏཱ་_100_,ཏཱ་_100_,ཏཱ་_100_,ཏཱ་_100_,ཏཱ་_100_,ཏཱ་_100_
[རེ་_100_],རེ་_100_,རེ་_100_,རེ་_100_,རེ་_100_,རེ་_100_,རེ་_100_,རེ་_100_
[ཏུཏྟཱ་_100_],ཏུཏྟཱ་_100_,ཏུཏྟཱ་_100_,ཏུཏྟཱ་_100_,ཏུཏྟཱ་_100_,ཏུཏྟཱ་_100_,ཏུཏྟཱ་_100_,ཏུཏྟཱ་_100_
[རེ་ཏུ་རེ་_75_],རེ་ཏུ་རེ་_75_,རེ་ཏུ་རེ་_75_,རེ་ཏུ་རེ་_75_,རེ་_25_,རེ་ཏུ་རེ་_75_,རེ་ཏུ་རེ་_75_,རེ་_25_
[སྭཱ་_100_],སྭཱ་_100_,སྭཱ་_100_,སྭཱ་_100_,སྭཱ་_100_,སྭཱ་_100_,སྭཱ་_100_,སྭཱ་_100_
[ཧཱ། _87_],ཧཱ། _87_,ཧཱ། _87_,ཧཱ། _87_,ཧཱ། _87_,ཧཱ། _87_,ཧཱ་_12_,ཧཱ། _87_
[ཞེས་_100_],ཞེས་_100_,ཞེས་_100_,ཞེས་_100_,ཞེས་_100_,ཞེས་_100_,ཞེས་_100_,ཞེས་_100_
[སོ_100_],སོ_100_,སོ_100_,སོ_100_,སོ_100_,སོ_100_,སོ_100_,སོ_100_
[། །​དེ་ནས་ལྡང་བར་འདོད་ན་སྔོན་བཞིན་དུ་མཆོད་པ་དང་བསྟོད་པ་བྱས་ཏེ། དགེ་བའི་རྩ་བ་བསྔོས་ལ། ཨོཾ་ཨ་མི་ཏཱ་བྷ་ཞེས་བརྗོད་པས་སེམས་ཅན་ཐམས་ཅད་ཀྱི་དོན་དང་དངོས་གྲུབ་ཐོབ་པར་བསམས་ལ། མུཿཞེས་བརྗོད་པས་སངས་རྒྱས་ཀྱི་ཞིང་དུ་གཤེགས་པར་བསམ་ཞིང་སླར་ཡང་སེམས་ཅན་གྱི་དོན་དུ་བྱོན་པར་གསོལ་བ་བཏབ་ལ་དེ་ནས་ཇོ་མོ་སྒྲོལ་མའི་གཟུགས་ཀྱིས་ཅི་བདེ་བར་སྤྱོད་ལམ་བྱའོ། །​མཆོད་པའི་སྔགས་ནི། ཨོཾ་ཨཱཿཧཱུཾ་ཏཱཾ་ཏཱ་རེ་ཡེ། ཨོཾ་ཨཱཿབཛྲ་པུཥྤེ་ཧཱུཾ་སྭཱ་ཧཱ། དེ་བཞིན་དུ་བདུག་སྤོས་དང་། མར་མེ་དང་། དྲི་དང་། བྱུག་པ་དང་། ཞལ་ཟས་དབུལ་བར་བྱའོ། །​སེང་ལྡེང་ནགས་ཀྱི་སྒྲོལ་མའི་སྒྲུབ་ཐབས། སློབ་དཔོན་འཕགས་པ་ཀླུ་སྒྲུབ་ཀྱིས་མཛད་པ་རྫོགས་སོ།། །​།རྒྱ་གར་གྱི་མཁན་པོ་དཔལ་རྣམ་པར་སྣང་མཛད་རྡོ་རྗེས་བསྒྱུར་ཅིང་ཞུས་ཏེ་གཏན་ལ་ཕབ་པའོ། །​ _25_],། །​དེ་ནས་ལྡང་བར་འདོད་ན་སྔོན་བཞིན་དུ་མཆོད་པ་དང་བསྟོད་པ་བྱས་ཏེ། དགེ་བའི་རྩ་བ་བསྔོས་ལ། ཨོཾ་ཨ་མི་ཏཱ་བྷ་ཞེས་བརྗོད་པས་སེམས་ཅན་ཐམས་ཅད་ཀྱི་དོན་དང་དངོས་གྲུབ་ཐོབ་པར་བསམས་ལ། མུཿཞེས་བརྗོད་པས་སངས་རྒྱས་ཀྱི་ཞིང་དུ་གཤེགས་པར་བསམ་ཞིང་སླར་ཡང་སེམས་ཅན་གྱི་དོན་དུ་བྱོན་པར་གསོལ་བ་བཏབ་ལ་དེ་ནས་ཇོ་མོ་སྒྲོལ་མའི་གཟུགས་ཀྱིས་ཅི་བདེ་བར་སྤྱོད་ལམ་བྱའོ། །​མཆོད་པའི་སྔགས་ནི། ཨོཾ་ཨཱཿཧཱུཾ་ཏཱཾ་ཏཱ་རེ་ཡེ། ཨོཾ་ཨཱཿབཛྲ་པུཥྤེ་ཧཱུཾ་སྭཱ་ཧཱ། དེ་བཞིན་དུ་བདུག་སྤོས་དང་། མར་མེ་དང་། དྲི་དང་། བྱུག་པ་དང་། ཞལ་ཟས་དབུལ་བར་བྱའོ། །​སེང་ལྡེང་ནགས་ཀྱི་སྒྲོལ་མའི་སྒྲུབ་ཐབས། སློབ་དཔོན་འཕགས་པ་ཀླུ་སྒྲུབ་ཀྱིས་མཛད་པ་རྫོགས་སོ།། །​།རྒྱ་གར་གྱི་མཁན་པོ་དཔལ་རྣམ་པར་སྣང་མཛད་རྡོ་རྗེས་བསྒྱུར་ཅིང་ཞུས་ཏེ་གཏན་ལ་ཕབ་པའོ། །​ _25_,། །​དེ་ནས་ལྡང་བར་འདོད་ན་སྔོན་བཞིན་དུ་མཆོད་པ་དང་བསྟོད་པ་བྱས་ཏེ། དགེ་བའི་རྩ་བ་བསྔོ་བར་ལ། ཨོཾ་ཨ་མྲྀ་ཏ་བྷ་ཞེས་བརྗོད་པས་སེམས་ཅན་ཐམས་ཅད་ཀྱི་དོན་དང་དངོས་གྲུབ་ཐོབ་དང་བསམས་ལ། མུཿཞེས་བརྗོད་པས་སངས་རྒྱས་ཀྱི་ཞིང་དུ་གཤེགས་པར་བསམ་ཞིང་སླར་ཡང་སེམས་ཅན་གྱི་དོན་དུ་བྱོན་པར་གསོལ་བ་བཏབ་ལ་དེ་ནས་ཇོ་མོ་སྒྲོལ་མའི་གཟུགས་ཀྱིས་ཅི་བདེ་བར་སྤྱོད་ལམ་བྱའོ། །​མཆོད་པའི་སྔགས་ནི། ཨོཾ་ཨཱཏཾ་ཏ་རེ་ཡེ། ཨོཾ་ཨ་བཛྲ་པུཥྤེ་ཧཱུཾ་སྭཱ་ཧཱ། དེ་བཞིན་དུ་བདུག་སྤོས་དང་། མར་མེ་དང་། དྲི་དང་། བྱུག་པ་དང་། ཞལ་ཟས་དབུལ་བར་བྱའོ། །​སེང་ལྡེང་ནགས་ཀྱི་སྒྲོལ་མའི་སྒྲུབ་ཐབས། སློབ་དཔོན་འཕགས་པ་ཀླུ་སྒྲུབ་ཀྱིས་མཛད་པ་རྫོགས་སོ།། །​།རྒྱ་གར་གྱི་མཁན་པོ་དཔལ་རྣམ་པར་སྣང་མཛད་རྡོ་རྗེས་བསྒྱུར་ཅིང་ཞུས་ཏེ་གཏན་ལ་ཕབ་པའོ། །​ _12_,། །​དེ་ནས་ལྡང་བར་འདོད་ན་སྔོན་བཞིན་དུ་མཆོད་པ་དང་བསྟོད་པ་བྱས་ཏེ། དགེ་བའི་རྩ་བ་བསྔོས་ལ། ཨོཾ་ཨ་མྲྀ་ཏ་བྷ་ཞེས་བརྗོད་པས་སེམས་ཅན་ཐམས་ཅད་ཀྱི་དོན་དང་དངོས་གྲུབ་ཐོབ་པར་བསམས་ལ། མུཿཞེས་བརྗོད་པས་སངས་རྒྱས་ཀྱི་ཞིང་དུ་གཤེགས་པར་བསམ་ཞིང་སླར་ཡང་སེམས་ཅན་གྱི་དོན་དུ་བྱོན་པར་གསོལ་བ་བཏབ་ལ་དེ་ནས་ཇོ་མོ་སྒྲོལ་མའི་གཟུགས་ཀྱིས་ཅི་བདེ་བར་སྤྱོད་ལམ་བྱའོ། །​མཆོད་པའི་སྔགས་ནི། ཨོཾ་ཨཱཏཾ་ཏ་རེ་ཡེ། ཨོཾ་ཨ་བཛྲ་པུཥྤེ་ཧཱུཾ་སྭཱ་ཧཱ། དེ་བཞིན་དུ་བདུག་སྤོས་དང་། མར་མེ་དང་། དྲི་དང་། བྱུག་པ་དང་། ཞལ་ཟས་དབུལ་བར་བྱའོ། །​སེང་ལྡེང་ནགས་ཀྱི་སྒྲོལ་མའི་སྒྲུབ་ཐབས། སློབ་དཔོན་འཕགས་པ་ཀླུ་སྒྲུབ་ཀྱིས་མཛད་པ་རྫོགས་སོ།། །​།རྒྱ་གར་གྱི་མཁན་པོ་དཔལ་རྣམ་པར་སྣང་མཛད་རྡོ་རྗེས་བསྒྱུར་ཅིང་ཞུས་ཏེ་གཏན་ལ་ཕབ་པའོ། །​ _12_,། །​དེ་ནས་ལྡང་བར་འདོད་ན་སྔོན་བཞིན་དུ་མཆོད་པ་དང་བསྟོད་པ་བྱས་ཏེ། དགེ་བའི་རྩ་བ་བསྔོས་ལ། ཨོཾ་ཨ་མི་ཏཱ་བྷ་ཞེས་བརྗོད་པས་སེམས་ཅན་ཐམས་ཅད་ཀྱི་དོན་དང་དངོས་གྲུབ་ཐོབ་པར་བསམས་ལ། མུཿཞེས་བརྗོད་པས་སངས་རྒྱས་ཀྱི་ཞིང་དུ་གཤེགས་པར་བསམ་ཞིང་སླར་ཡང་སེམས་ཅན་གྱི་དོན་དུ་བྱོན་པར་གསོལ་བ་བཏབ་ལ་དེ་ནས་ཇོ་མོ་སྒྲོལ་མའི་གཟུགས་ཀྱིས་ཅི་བདེ་བར་སྤྱོད་ལམ་བྱའོ། །​མཆོད་པའི་སྔགས་ནི། ཨོཾ་ཨཱཿཧཱུཾ་ཏཱཾ་ཏཱ་རེ་ཡེ། ཨོཾ་ཨཱཿབཛྲ་པུཥྤེ་ཧཱུཾ་སྭཱ་ཧཱ། དེ་བཞིན་དུ་བདུག་སྤོས་དང་། མར་མེ་དང་། དྲི་དང་། བྱུག་པ་དང་། ཞལ་ཟས་དབུལ་བར་བྱའོ། །​སེང་ལྡེང་ནགས་ཀྱི་སྒྲོལ་མའི་སྒྲུབ་ཐབས། སློབ་དཔོན་འཕགས་པ་ཀླུ་སྒྲུབ་ཀྱིས་མཛད་པ་རྫོགས་སོ།། །​།རྒྱ་གར་གྱི་མཁན་པོ་དཔལ་རྣམ་པར་སྣང་མཛད་རྡོ་རྗེས་བསྒྱུར་ཅིང་ཞུས་ཏེ་གཏན་ལ་ཕབ་པའོ། །​_12_,། །​དེ་ནས་ལྡང་བར་འདོད་ན་སྔོན་བཞིན་དུ་མཆོད་པ་དང་བསྟོད་པ་བྱས་ཏེ། དགེ་བའི་རྩ་བ་བསྡོས་ལ། ཨོཾ་ཨ་མི་ཏཱ་བྷ་ཞེས་བརྗོད་པས་སེམས་ཅན་ཐམས་ཅད་ཀྱི་དོན་དང་དངོས་གྲུབ་ཐོབ་པར་བསམས་ལ། མུཿཞེས་བརྗོད་པས་སངས་རྒྱས་ཀྱི་ཞིང་དུ་གཤེགས་པར་བསམ་ཞིང་སླར་ཡང་སེམས་ཅན་གྱི་དོན་དུ་བྱོན་པར་གསོལ་བ་བཏབ་ལ་དེ་ནས་ཇོ་མོ་སྒྲོལ་མའི་གཟུགས་ཀྱིས་ཅི་བདེ་བར་སྤྱོད་ལམ་བྱའོ། །​མཆོད་པའི་སྔགས་ནི། ཨོཾ་ཨཱཿཧཱུཾ་ཏཱཾ་ཏྲཱ་རེ་ཡེ། ཨོཾ་ཨཱཿབཛྲ་པུཥྤེ་ཧཱུཾ་སྭཱ་ཧཱ། དེ་བཞིན་དུ་བདུག་སྤོས་དང་། མར་མེ་དང་། དྲི་དང་། བྱུག་པ་དང་། ཞལ་ཟས་དབུལ་བར་བྱའོ། །​སེང་ལྡེང་ནགས་ཀྱི་སྒྲོལ་མའི་སྒྲུབ་ཐབས། སློབ་དཔོན་འཕགས་པ་ཀླུ་སྒྲུབ་ཀྱིས་མཛད་པ་རྫོགས་སོ།། །​།རྒྱ་གར་གྱི་མཁན་པོ་དཔལ་རྣམ་པར་སྣང་མཛད་རྡོ་རྗེས་བསྒྱུར་ཅིང་ཞུས་ཏེ་གཏན་ལ་ཕབ་པའོ།། །​།_12_,། །​མཆོག་སྦྱིན་སྒྲོལ་མའི་སྒྲུབ་ཐབས་རྫོགས་སོ། །​_12_,། །​དེ་ནས་ལྡང་བར་འདོད་ན་སྔོན་བཞིན་དུ་མཆོད་པ་དང་བསྟོད་པ་བྱས་ཏེ། དགེ་བའི་རྩ་བ་བསྔོས་ལ། ཨོཾ་ཨ་མི་ཏཱ་བྷ་ཞེས་བརྗོད་པས་སེམས་ཅན་ཐམས་ཅད་ཀྱི་དོན་དང་དངོས་གྲུབ་ཐབ་པར་བསམས་ལ། མུཿཞེས་བརྗོད་པས་སངས་རྒྱས་ཀྱི་ཞིང་དུ་གཤེགས་པར་བསམ་ཞིང་སླར་ཡང་སེམས་ཅན་གྱི་དོན་དུ་བྱོན་པར་གསོལ་བ་བཏབ་ལ་དེ་ནས་ཇོ་མོ་སྒྲོལ་མའི་གཟུགས་ཀྱིས་ཅི་བདེ་བར་སྤྱོད་ལམ་བྱའོ། །​མཆོད་པའི་སྣང་ནི། །​ཨོཾ་ཨཱཿཧཱུཾ་ཏཱཾ་ཏཱ་རེ་ཡེ། ཨོཾ་ཨཱཿབཛྲ་པུཥྤེ་ཧཱུཾ་སྭཱ་ཧཱ། དེ་བཞིན་དུ་བདུག་སྤོས་དང་། མར་མེ་དང་། དྲི་དང་། བྱུག་པ་དང་། ཞལ་ཟས་དབུལ་བར་བྱའོ། །​ སེང་ལྡེང་ནགས་ཀྱི་སྒྲོལ་མའི་སྒྲུབ་ཐབས །​ སློབ་དཔོན་འཕགས་ལ་ཀླུ་སྒྲུབ་ཀྱིས་མཛད་པ་རྫོགས་སོ།། །​།རྒྱ་གར་གྱི་མཁན་པོ་དཔལ་རྣམ་པར་སྣང་མཛད་རྡོ་རྗེས་བསྒྱུར་ཅིང་ཞུས་ཏེ་གཏན་ལ་ཕབ་པའོ། །​_12_
