[༄༅། །​བགེགས་བསྐྲད་པའི་སྒྲུབ་པའི་ཐབས།༄༅༅། །​_55_],༄༅། །​བགེགས་བསྐྲད་པའི་སྒྲུབ་པའི་ཐབས།༄༅༅། །​_55_,༄༅། །​བགེགས་བསྐྲད་པའི་སྒྲུབ་པའི་ཐབས།༄༅༅། །​_55_,༄༅། །​བགེགས་བསྐྲད་པའི་སྒྲུབ་པའི་ཐབས།༄༅༅། །​_55_,༄༅། །​_11_,༄༅༅། །​_11_,༄༅། །​བགེགས་བསྐྲད་པའི་སྒྲུབ་པའི་ཐབས།༄༅༅། །​_55_,བགེགས་བསྐྲད་པའི་སྒྲུབ་པའི་ཐབས།_22_,བགེགས་བསྐྲད་པའི་སྒྲུབ་པའི་ཐབས།_22_
[རྒྱ་_100_],རྒྱ་_100_,རྒྱ་_100_,རྒྱ་_100_,རྒྱ་_100_,རྒྱ་_100_,རྒྱ་_100_,རྒྱ་_100_,རྒྱ་_100_
[གར་_100_],གར་_100_,གར་_100_,གར་_100_,གར་_100_,གར་_100_,གར་_100_,གར་_100_,གར་_100_
[སྐད་_100_],སྐད་_100_,སྐད་_100_,སྐད་_100_,སྐད་_100_,སྐད་_100_,སྐད་_100_,སྐད་_100_,སྐད་_100_
[དུ_100_],དུ_100_,དུ_100_,དུ_100_,དུ_100_,དུ_100_,དུ_100_,དུ_100_,དུ_100_
[། བིགྷྣཱནྟ་ཀ་_66_],། བིགྷྣཱནྟ་ཀ་_66_,། བིགྷྣ་_22_,། བིགྷྣ་_22_,། བིགྷཱནྟ་ཀ་_11_,། བིགྷྣཱནྟ་ཀ་_66_,། བིགྷྣཱནྟ་ཀ་_66_,། བིགྷྣཱནྟ་ཀ་_66_,། བིགྷྣཱནྟ་ཀ་_66_
[སཱ་_100_],སཱ་_100_,སཱ་_100_,སཱ་_100_,སཱ་_100_,སཱ་_100_,སཱ་_100_,སཱ་_100_,སཱ་_100_
[དྷ་_100_],དྷ་_100_,དྷ་_100_,དྷ་_100_,དྷ་_100_,དྷ་_100_,དྷ་_100_,དྷ་_100_,དྷ་_100_
[ནཾ_100_],ནཾ_100_,ནཾ_100_,ནཾ_100_,ནཾ_100_,ནཾ_100_,ནཾ_100_,ནཾ_100_,ནཾ_100_
[། _100_],། _100_,། _100_,། _100_,། _100_,། _100_,། _100_,། _100_,། _100_
[བོད་_100_],བོད་_100_,བོད་_100_,བོད་_100_,བོད་_100_,བོད་_100_,བོད་_100_,བོད་_100_,བོད་_100_
[སྐད་_100_],སྐད་_100_,སྐད་_100_,སྐད་_100_,སྐད་_100_,སྐད་_100_,སྐད་_100_,སྐད་_100_,སྐད་_100_
[དུ_100_],དུ_100_,དུ_100_,དུ_100_,དུ_100_,དུ_100_,དུ_100_,དུ_100_,དུ_100_
[། _88_],། _88_,། _88_,། _88_,།_11_,། _88_,། _88_,། _88_,། _88_
[བགེགས་_100_],བགེགས་_100_,བགེགས་_100_,བགེགས་_100_,བགེགས་_100_,བགེགས་_100_,བགེགས་_100_,བགེགས་_100_,བགེགས་_100_
[བསྐྲད་_100_],བསྐྲད་_100_,བསྐྲད་_100_,བསྐྲད་_100_,བསྐྲད་_100_,བསྐྲད་_100_,བསྐྲད་_100_,བསྐྲད་_100_,བསྐྲད་_100_
[པའི་_100_],པའི་_100_,པའི་_100_,པའི་_100_,པའི་_100_,པའི་_100_,པའི་_100_,པའི་_100_,པའི་_100_
[སྒྲུབ་པའི་ཐབས། _55_],སྒྲུབ་པའི་ཐབས། _55_,སྒྲུབ་ཐབས། _22_,སྒྲུབ་ཐབས། _22_,སྒྲུབ་པའི་ཐབས། _55_,སྒྲུབ་པའི་ཐབས། _55_,སྒྲུབ་པའི་ཐབས། _55_,སྒྲུབ་པའི་ཐབས །​ _22_,སྒྲུབ་པའི་ཐབས །​ _22_
[བཅོམ་_100_],བཅོམ་_100_,བཅོམ་_100_,བཅོམ་_100_,བཅོམ་_100_,བཅོམ་_100_,བཅོམ་_100_,བཅོམ་_100_,བཅོམ་_100_
[ལྡན་_100_],ལྡན་_100_,ལྡན་_100_,ལྡན་_100_,ལྡན་_100_,ལྡན་_100_,ལྡན་_100_,ལྡན་_100_,ལྡན་_100_
[འདས་_100_],འདས་_100_,འདས་_100_,འདས་_100_,འདས་_100_,འདས་_100_,འདས་_100_,འདས་_100_,འདས་_100_
[བགེགས་_100_],བགེགས་_100_,བགེགས་_100_,བགེགས་_100_,བགེགས་_100_,བགེགས་_100_,བགེགས་_100_,བགེགས་_100_,བགེགས་_100_
[མཐར་_100_],མཐར་_100_,མཐར་_100_,མཐར་_100_,མཐར་_100_,མཐར་_100_,མཐར་_100_,མཐར་_100_,མཐར་_100_
[བྱེད་_100_],བྱེད་_100_,བྱེད་_100_,བྱེད་_100_,བྱེད་_100_,བྱེད་_100_,བྱེད་_100_,བྱེད་_100_,བྱེད་_100_
[ལ་_100_],ལ་_100_,ལ་_100_,ལ་_100_,ལ་_100_,ལ་_100_,ལ་_100_,ལ་_100_,ལ་_100_
[ཕྱག་_100_],ཕྱག་_100_,ཕྱག་_100_,ཕྱག་_100_,ཕྱག་_100_,ཕྱག་_100_,ཕྱག་_100_,ཕྱག་_100_,ཕྱག་_100_
[འཚལ་_100_],འཚལ་_100_,འཚལ་_100_,འཚལ་_100_,འཚལ་_100_,འཚལ་_100_,འཚལ་_100_,འཚལ་_100_,འཚལ་_100_
[ལོ_100_],ལོ_100_,ལོ_100_,ལོ_100_,ལོ_100_,ལོ_100_,ལོ_100_,ལོ_100_,ལོ_100_
[། །​_100_],། །​_100_,། །​_100_,། །​_100_,། །​_100_,། །​_100_,། །​_100_,། །​_100_,། །​_100_
[དང་_100_],དང་_100_,དང་_100_,དང་_100_,དང་_100_,དང་_100_,དང་_100_,དང་_100_,དང་_100_
[པོ་_66_],པོ་_66_,པོར་_22_,པོར་_22_,པོ་“_11_,པོ་_66_,པོ་_66_,པོ་_66_,པོ་_66_
[རེ་_100_],རེ་_100_,རེ་_100_,རེ་_100_,རེ་_100_,རེ་_100_,རེ་_100_,རེ་_100_,རེ་_100_
[ཞིག་_100_],ཞིག་_100_,ཞིག་_100_,ཞིག་_100_,ཞིག་_100_,ཞིག་_100_,ཞིག་_100_,ཞིག་_100_,ཞིག་_100_
[སྒྲུབ་_100_],སྒྲུབ་_100_,སྒྲུབ་_100_,སྒྲུབ་_100_,སྒྲུབ་_100_,སྒྲུབ་_100_,སྒྲུབ་_100_,སྒྲུབ་_100_,སྒྲུབ་_100_
[པ་_100_],པ་_100_,པ་_100_,པ་_100_,པ་_100_,པ་_100_,པ་_100_,པ་_100_,པ་_100_
[པོ་_100_],པོ་_100_,པོ་_100_,པོ་_100_,པོ་_100_,པོ་_100_,པོ་_100_,པོ་_100_,པོ་_100_
[བདེ་བའི་_88_],བདེ་བའི་_88_,ཆེན་པོའི་_11_,བདེ་བའི་_88_,བདེ་བའི་_88_,བདེ་བའི་_88_,བདེ་བའི་_88_,བདེ་བའི་_88_,བདེ་བའི་_88_
[གདན་_100_],གདན་_100_,གདན་_100_,གདན་_100_,གདན་_100_,གདན་_100_,གདན་_100_,གདན་_100_,གདན་_100_
[ལ་_100_],ལ་_100_,ལ་_100_,ལ་_100_,ལ་_100_,ལ་_100_,ལ་_100_,ལ་_100_,ལ་_100_
[འདུག་_100_],འདུག་_100_,འདུག་_100_,འདུག་_100_,འདུག་_100_,འདུག་_100_,འདུག་_100_,འདུག་_100_,འདུག་_100_
[སྟེ_100_],སྟེ_100_,སྟེ_100_,སྟེ_100_,སྟེ_100_,སྟེ_100_,སྟེ_100_,སྟེ_100_,སྟེ_100_
[། _88_],། _88_,། _88_,། _88_,།_11_,། _88_,། _88_,། _88_,། _88_
[རང་_100_],རང་_100_,རང་_100_,རང་_100_,རང་_100_,རང་_100_,རང་_100_,རང་_100_,རང་_100_
[གི་_88_],གི་_88_,གིས་_11_,གི་_88_,གི་_88_,གི་_88_,གི་_88_,གི་_88_,གི་_88_
[སྙིང་_100_],སྙིང་_100_,སྙིང་_100_,སྙིང་_100_,སྙིང་_100_,སྙིང་_100_,སྙིང་_100_,སྙིང་_100_,སྙིང་_100_
[གར་_100_],གར་_100_,གར་_100_,གར་_100_,གར་_100_,གར་_100_,གར་_100_,གར་_100_,གར་_100_
[ཨཾ་_88_],ཨཾ་_88_,ཨཾ་_88_,ཨཾ་_88_,ཨོཾ་_11_,ཨཾ་_88_,ཨཾ་_88_,ཨཾ་_88_,ཨཾ་_88_
[དམར་_100_],དམར་_100_,དམར་_100_,དམར་_100_,དམར་_100_,དམར་_100_,དམར་_100_,དམར་_100_,དམར་_100_
[པོ་_100_],པོ་_100_,པོ་_100_,པོ་_100_,པོ་_100_,པོ་_100_,པོ་_100_,པོ་_100_,པོ་_100_
[ལས་_100_],ལས་_100_,ལས་_100_,ལས་_100_,ལས་_100_,ལས་_100_,ལས་_100_,ལས་_100_,ལས་_100_
[སྐྱེས་_100_],སྐྱེས་_100_,སྐྱེས་_100_,སྐྱེས་_100_,སྐྱེས་_100_,སྐྱེས་_100_,སྐྱེས་_100_,སྐྱེས་_100_,སྐྱེས་_100_
[པའི་_100_],པའི་_100_,པའི་_100_,པའི་_100_,པའི་_100_,པའི་_100_,པའི་_100_,པའི་_100_,པའི་_100_
[ཉི་_100_],ཉི་_100_,ཉི་_100_,ཉི་_100_,ཉི་_100_,ཉི་_100_,ཉི་_100_,ཉི་_100_,ཉི་_100_
[མའི་_100_],མའི་_100_,མའི་_100_,མའི་_100_,མའི་_100_,མའི་_100_,མའི་_100_,མའི་_100_,མའི་_100_
[དཀྱིལ་_100_],དཀྱིལ་_100_,དཀྱིལ་_100_,དཀྱིལ་_100_,དཀྱིལ་_100_,དཀྱིལ་_100_,དཀྱིལ་_100_,དཀྱིལ་_100_,དཀྱིལ་_100_
[འཁོར་_100_],འཁོར་_100_,འཁོར་_100_,འཁོར་_100_,འཁོར་_100_,འཁོར་_100_,འཁོར་_100_,འཁོར་_100_,འཁོར་_100_
[བསྒོམས་_100_],བསྒོམས་_100_,བསྒོམས་_100_,བསྒོམས་_100_,བསྒོམས་_100_,བསྒོམས་_100_,བསྒོམས་_100_,བསྒོམས་_100_,བསྒོམས་_100_
[ལ_100_],ལ_100_,ལ_100_,ལ_100_,ལ_100_,ལ_100_,ལ_100_,ལ_100_,ལ_100_
[། _88_],། _88_,། _88_,། _88_,། །​_11_,། _88_,། _88_,། _88_,། _88_
[དེའི་_100_],དེའི་_100_,དེའི་_100_,དེའི་_100_,དེའི་_100_,དེའི་_100_,དེའི་_100_,དེའི་_100_,དེའི་_100_
[སྟེང་_100_],སྟེང་_100_,སྟེང་_100_,སྟེང་_100_,སྟེང་_100_,སྟེང་_100_,སྟེང་_100_,སྟེང་_100_,སྟེང་_100_
[དུ་_100_],དུ་_100_,དུ་_100_,དུ་_100_,དུ་_100_,དུ་_100_,དུ་_100_,དུ་_100_,དུ་_100_
[ཧཱུཾ་_100_],ཧཱུཾ་_100_,ཧཱུཾ་_100_,ཧཱུཾ་_100_,ཧཱུཾ་_100_,ཧཱུཾ་_100_,ཧཱུཾ་_100_,ཧཱུཾ་_100_,ཧཱུཾ་_100_
[སྔོན་_100_],སྔོན་_100_,སྔོན་_100_,སྔོན་_100_,སྔོན་_100_,སྔོན་_100_,སྔོན་_100_,སྔོན་_100_,སྔོན་_100_
[པོ་_100_],པོ་_100_,པོ་_100_,པོ་_100_,པོ་_100_,པོ་_100_,པོ་_100_,པོ་_100_,པོ་_100_
[རྣམ་_100_],རྣམ་_100_,རྣམ་_100_,རྣམ་_100_,རྣམ་_100_,རྣམ་_100_,རྣམ་_100_,རྣམ་_100_,རྣམ་_100_
[པར་_100_],པར་_100_,པར་_100_,པར་_100_,པར་_100_,པར་_100_,པར་_100_,པར་_100_,པར་_100_
[བསམས་_100_],བསམས་_100_,བསམས་_100_,བསམས་_100_,བསམས་_100_,བསམས་_100_,བསམས་_100_,བསམས་_100_,བསམས་_100_
[ནས_100_],ནས_100_,ནས_100_,ནས_100_,ནས_100_,ནས_100_,ནས_100_,ནས_100_,ནས_100_
[། _100_],། _100_,། _100_,། _100_,། _100_,། _100_,། _100_,། _100_,། _100_
[ཧཱུཾ་_88_],ཧཱུཾ་_88_,ཧཱུཾ་_88_,ཧཱུཾ་_88_,ཧཱུྃ་_11_,ཧཱུཾ་_88_,ཧཱུཾ་_88_,ཧཱུཾ་_88_,ཧཱུཾ་_88_
[གི་_100_],གི་_100_,གི་_100_,གི་_100_,གི་_100_,གི་_100_,གི་_100_,གི་_100_,གི་_100_
[འོད་_100_],འོད་_100_,འོད་_100_,འོད་_100_,འོད་_100_,འོད་_100_,འོད་_100_,འོད་_100_,འོད་_100_
[ལས་_100_],ལས་_100_,ལས་_100_,ལས་_100_,ལས་_100_,ལས་_100_,ལས་_100_,ལས་_100_,ལས་_100_
[སྐྱེས་_100_],སྐྱེས་_100_,སྐྱེས་_100_,སྐྱེས་_100_,སྐྱེས་_100_,སྐྱེས་_100_,སྐྱེས་_100_,སྐྱེས་_100_,སྐྱེས་_100_
[པའི་_100_],པའི་_100_,པའི་_100_,པའི་_100_,པའི་_100_,པའི་_100_,པའི་_100_,པའི་_100_,པའི་_100_
[བགེགས་_100_],བགེགས་_100_,བགེགས་_100_,བགེགས་_100_,བགེགས་_100_,བགེགས་_100_,བགེགས་_100_,བགེགས་_100_,བགེགས་_100_
[མཐར་_100_],མཐར་_100_,མཐར་_100_,མཐར་_100_,མཐར་_100_,མཐར་_100_,མཐར་_100_,མཐར་_100_,མཐར་_100_
[བྱེད་_100_],བྱེད་_100_,བྱེད་_100_,བྱེད་_100_,བྱེད་_100_,བྱེད་_100_,བྱེད་_100_,བྱེད་_100_,བྱེད་_100_
[དང་_100_],དང་_100_,དང་_100_,དང་_100_,དང་_100_,དང་_100_,དང་_100_,དང་_100_,དང་_100_
[། _100_],། _100_,། _100_,། _100_,། _100_,། _100_,། _100_,། _100_,། _100_
[བླ་_100_],བླ་_100_,བླ་_100_,བླ་_100_,བླ་_100_,བླ་_100_,བླ་_100_,བླ་_100_,བླ་_100_
[མ་_100_],མ་_100_,མ་_100_,མ་_100_,མ་_100_,མ་_100_,མ་_100_,མ་_100_,མ་_100_
[དང་_100_],དང་_100_,དང་_100_,དང་_100_,དང་_100_,དང་_100_,དང་_100_,དང་_100_,དང་_100_
[། _100_],། _100_,། _100_,། _100_,། _100_,། _100_,། _100_,། _100_,། _100_
[སངས་_100_],སངས་_100_,སངས་_100_,སངས་_100_,སངས་_100_,སངས་_100_,སངས་_100_,སངས་_100_,སངས་_100_
[རྒྱས་_100_],རྒྱས་_100_,རྒྱས་_100_,རྒྱས་_100_,རྒྱས་_100_,རྒྱས་_100_,རྒྱས་_100_,རྒྱས་_100_,རྒྱས་_100_
[དང་_100_],དང་_100_,དང་_100_,དང་_100_,དང་_100_,དང་_100_,དང་_100_,དང་_100_,དང་_100_
[། _100_],། _100_,། _100_,། _100_,། _100_,། _100_,། _100_,། _100_,། _100_
[བྱང་_100_],བྱང་_100_,བྱང་_100_,བྱང་_100_,བྱང་_100_,བྱང་_100_,བྱང་_100_,བྱང་_100_,བྱང་_100_
[ཆུབ་_100_],ཆུབ་_100_,ཆུབ་_100_,ཆུབ་_100_,ཆུབ་_100_,ཆུབ་_100_,ཆུབ་_100_,ཆུབ་_100_,ཆུབ་_100_
[སེམས་_100_],སེམས་_100_,སེམས་_100_,སེམས་_100_,སེམས་_100_,སེམས་_100_,སེམས་_100_,སེམས་_100_,སེམས་_100_
[དཔའ་_100_],དཔའ་_100_,དཔའ་_100_,དཔའ་_100_,དཔའ་_100_,དཔའ་_100_,དཔའ་_100_,དཔའ་_100_,དཔའ་_100_
[དམིགས་_100_],དམིགས་_100_,དམིགས་_100_,དམིགས་_100_,དམིགས་_100_,དམིགས་_100_,དམིགས་_100_,དམིགས་_100_,དམིགས་_100_
[ལ_100_],ལ_100_,ལ_100_,ལ_100_,ལ_100_,ལ_100_,ལ_100_,ལ_100_,ལ_100_
[། _100_],། _100_,། _100_,། _100_,། _100_,། _100_,། _100_,། _100_,། _100_
[མེ་_100_],མེ་_100_,མེ་_100_,མེ་_100_,མེ་_100_,མེ་_100_,མེ་_100_,མེ་_100_,མེ་_100_
[ཏོག་_100_],ཏོག་_100_,ཏོག་_100_,ཏོག་_100_,ཏོག་_100_,ཏོག་_100_,ཏོག་_100_,ཏོག་_100_,ཏོག་_100_
[ལ་_100_],ལ་_100_,ལ་_100_,ལ་_100_,ལ་_100_,ལ་_100_,ལ་_100_,ལ་_100_,ལ་_100_
[སོགས་_100_],སོགས་_100_,སོགས་_100_,སོགས་_100_,སོགས་_100_,སོགས་_100_,སོགས་_100_,སོགས་_100_,སོགས་_100_
[པས་_100_],པས་_100_,པས་_100_,པས་_100_,པས་_100_,པས་_100_,པས་_100_,པས་_100_,པས་_100_
[ཡང་_100_],ཡང་_100_,ཡང་_100_,ཡང་_100_,ཡང་_100_,ཡང་_100_,ཡང་_100_,ཡང་_100_,ཡང་_100_
[དག་_100_],དག་_100_,དག་_100_,དག་_100_,དག་_100_,དག་_100_,དག་_100_,དག་_100_,དག་_100_
[པར་_100_],པར་_100_,པར་_100_,པར་_100_,པར་_100_,པར་_100_,པར་_100_,པར་_100_,པར་_100_
[མཆོད་_100_],མཆོད་_100_,མཆོད་_100_,མཆོད་_100_,མཆོད་_100_,མཆོད་_100_,མཆོད་_100_,མཆོད་_100_,མཆོད་_100_
[དེ_100_],དེ_100_,དེ_100_,དེ_100_,དེ_100_,དེ_100_,དེ_100_,དེ_100_,དེ_100_
[། _100_],། _100_,། _100_,། _100_,། _100_,། _100_,། _100_,། _100_,། _100_
[ཕྱག་_100_],ཕྱག་_100_,ཕྱག་_100_,ཕྱག་_100_,ཕྱག་_100_,ཕྱག་_100_,ཕྱག་_100_,ཕྱག་_100_,ཕྱག་_100_
[འཚལ་_100_],འཚལ་_100_,འཚལ་_100_,འཚལ་_100_,འཚལ་_100_,འཚལ་_100_,འཚལ་_100_,འཚལ་_100_,འཚལ་_100_
[བ་_100_],བ་_100_,བ་_100_,བ་_100_,བ་_100_,བ་_100_,བ་_100_,བ་_100_,བ་_100_
[དང་_100_],དང་_100_,དང་_100_,དང་_100_,དང་_100_,དང་_100_,དང་_100_,དང་_100_,དང་_100_
[གསུམ་_100_],གསུམ་_100_,གསུམ་_100_,གསུམ་_100_,གསུམ་_100_,གསུམ་_100_,གསུམ་_100_,གསུམ་_100_,གསུམ་_100_
[ལ་_100_],ལ་_100_,ལ་_100_,ལ་_100_,ལ་_100_,ལ་_100_,ལ་_100_,ལ་_100_,ལ་_100_
[སྐྱབས་_100_],སྐྱབས་_100_,སྐྱབས་_100_,སྐྱབས་_100_,སྐྱབས་_100_,སྐྱབས་_100_,སྐྱབས་_100_,སྐྱབས་_100_,སྐྱབས་_100_
[སུ་_100_],སུ་_100_,སུ་_100_,སུ་_100_,སུ་_100_,སུ་_100_,སུ་_100_,སུ་_100_,སུ་_100_
[འགྲོ་_100_],འགྲོ་_100_,འགྲོ་_100_,འགྲོ་_100_,འགྲོ་_100_,འགྲོ་_100_,འགྲོ་_100_,འགྲོ་_100_,འགྲོ་_100_
[བ་_100_],བ་_100_,བ་_100_,བ་_100_,བ་_100_,བ་_100_,བ་_100_,བ་_100_,བ་_100_
[ལ་_100_],ལ་_100_,ལ་_100_,ལ་_100_,ལ་_100_,ལ་_100_,ལ་_100_,ལ་_100_,ལ་_100_
[སོགས་_100_],སོགས་_100_,སོགས་_100_,སོགས་_100_,སོགས་_100_,སོགས་_100_,སོགས་_100_,སོགས་_100_,སོགས་_100_
[པ་_100_],པ་_100_,པ་_100_,པ་_100_,པ་_100_,པ་_100_,པ་_100_,པ་_100_,པ་_100_
[བྱས་_100_],བྱས་_100_,བྱས་_100_,བྱས་_100_,བྱས་_100_,བྱས་_100_,བྱས་_100_,བྱས་_100_,བྱས་_100_
[ནས་_100_],ནས་_100_,ནས་_100_,ནས་_100_,ནས་_100_,ནས་_100_,ནས་_100_,ནས་_100_,ནས་_100_
[སྟོང་_100_],སྟོང་_100_,སྟོང་_100_,སྟོང་_100_,སྟོང་_100_,སྟོང་_100_,སྟོང་_100_,སྟོང་_100_,སྟོང་_100_
[པ་_100_],པ་_100_,པ་_100_,པ་_100_,པ་_100_,པ་_100_,པ་_100_,པ་_100_,པ་_100_
[ཉིད་_100_],ཉིད་_100_,ཉིད་_100_,ཉིད་_100_,ཉིད་_100_,ཉིད་_100_,ཉིད་_100_,ཉིད་_100_,ཉིད་_100_
[བསྒོམ་_100_],བསྒོམ་_100_,བསྒོམ་_100_,བསྒོམ་_100_,བསྒོམ་_100_,བསྒོམ་_100_,བསྒོམ་_100_,བསྒོམ་_100_,བསྒོམ་_100_
[པར་_100_],པར་_100_,པར་_100_,པར་_100_,པར་_100_,པར་_100_,པར་_100_,པར་_100_,པར་_100_
[བྱའོ_100_],བྱའོ_100_,བྱའོ_100_,བྱའོ_100_,བྱའོ_100_,བྱའོ_100_,བྱའོ_100_,བྱའོ_100_,བྱའོ_100_
[། །​_88_],། །​_88_,། །​_88_,། །​_88_,༑ །​ _11_,། །​_88_,། །​_88_,། །​_88_,། །​_88_
[ཨོཾ་_100_],ཨོཾ་_100_,ཨོཾ་_100_,ཨོཾ་_100_,ཨོཾ་_100_,ཨོཾ་_100_,ཨོཾ་_100_,ཨོཾ་_100_,ཨོཾ་_100_
[ཤཱུ་_88_],ཤཱུ་_88_,ཤཱུ་_88_,ཤཱུ་_88_,ཤུ་_11_,ཤཱུ་_88_,ཤཱུ་_88_,ཤཱུ་_88_,ཤཱུ་_88_
[ནྱ་_100_],ནྱ་_100_,ནྱ་_100_,ནྱ་_100_,ནྱ་_100_,ནྱ་_100_,ནྱ་_100_,ནྱ་_100_,ནྱ་_100_
[ཏཱ་_100_],ཏཱ་_100_,ཏཱ་_100_,ཏཱ་_100_,ཏཱ་_100_,ཏཱ་_100_,ཏཱ་_100_,ཏཱ་_100_,ཏཱ་_100_
[ཛྙཱ་_100_],ཛྙཱ་_100_,ཛྙཱ་_100_,ཛྙཱ་_100_,ཛྙཱ་_100_,ཛྙཱ་_100_,ཛྙཱ་_100_,ཛྙཱ་_100_,ཛྙཱ་_100_
[ན་_100_],ན་_100_,ན་_100_,ན་_100_,ན་_100_,ན་_100_,ན་_100_,ན་_100_,ན་_100_
[བཛྲ་_100_],བཛྲ་_100_,བཛྲ་_100_,བཛྲ་_100_,བཛྲ་_100_,བཛྲ་_100_,བཛྲ་_100_,བཛྲ་_100_,བཛྲ་_100_
[སྭ་_100_],སྭ་_100_,སྭ་_100_,སྭ་_100_,སྭ་_100_,སྭ་_100_,སྭ་_100_,སྭ་_100_,སྭ་_100_
[བྷཱ་_100_],བྷཱ་_100_,བྷཱ་_100_,བྷཱ་_100_,བྷཱ་_100_,བྷཱ་_100_,བྷཱ་_100_,བྷཱ་_100_,བྷཱ་_100_
[ཝ་_100_],ཝ་_100_,ཝ་_100_,ཝ་_100_,ཝ་_100_,ཝ་_100_,ཝ་_100_,ཝ་_100_,ཝ་_100_
[ཨཱཏྨ་ཀོ྅_66_],ཨཱཏྨ་ཀོ྅_66_,ཨཱཏྨ་_22_,ཨཱཏྨ་_22_,ཨཱཏྨ་ཀོཉ༄༅_11_,ཨཱཏྨ་ཀོ྅_66_,ཨཱཏྨ་ཀོ྅_66_,ཨཱཏྨ་ཀོ྅_66_,ཨཱཏྨ་ཀོ྅_66_
[ཧཾ_100_],ཧཾ_100_,ཧཾ_100_,ཧཾ_100_,ཧཾ_100_,ཧཾ_100_,ཧཾ_100_,ཧཾ_100_,ཧཾ_100_
[། _100_],། _100_,། _100_,། _100_,། _100_,། _100_,། _100_,། _100_,། _100_
[དེ་_100_],དེ་_100_,དེ་_100_,དེ་_100_,དེ་_100_,དེ་_100_,དེ་_100_,དེ་_100_,དེ་_100_
[ནས་_100_],ནས་_100_,ནས་_100_,ནས་_100_,ནས་_100_,ནས་_100_,ནས་_100_,ནས་_100_,ནས་_100_
[ཨཾ་_88_],ཨཾ་_88_,ཨཾ་_88_,ཨཾ་_88_,ཨོཾ་_11_,ཨཾ་_88_,ཨཾ་_88_,ཨཾ་_88_,ཨཾ་_88_
[དམར་_100_],དམར་_100_,དམར་_100_,དམར་_100_,དམར་_100_,དམར་_100_,དམར་_100_,དམར་_100_,དམར་_100_
[པོ་_100_],པོ་_100_,པོ་_100_,པོ་_100_,པོ་_100_,པོ་_100_,པོ་_100_,པོ་_100_,པོ་_100_
[ལས་_100_],ལས་_100_,ལས་_100_,ལས་_100_,ལས་_100_,ལས་_100_,ལས་_100_,ལས་_100_,ལས་_100_
[སྐྱེས་_100_],སྐྱེས་_100_,སྐྱེས་_100_,སྐྱེས་_100_,སྐྱེས་_100_,སྐྱེས་_100_,སྐྱེས་_100_,སྐྱེས་_100_,སྐྱེས་_100_
[པའི་ཉི་མའི་_77_],པའི་ཉི་མའི་_77_,པའི་_22_,པའི་_22_,པའི་ཉི་མའི་_77_,པའི་ཉི་མའི་_77_,པའི་ཉི་མའི་_77_,པའི་ཉི་མའི་_77_,པའི་ཉི་མའི་_77_
[དཀྱིལ་_100_],དཀྱིལ་_100_,དཀྱིལ་_100_,དཀྱིལ་_100_,དཀྱིལ་_100_,དཀྱིལ་_100_,དཀྱིལ་_100_,དཀྱིལ་_100_,དཀྱིལ་_100_
[འཁོར་_100_],འཁོར་_100_,འཁོར་_100_,འཁོར་_100_,འཁོར་_100_,འཁོར་_100_,འཁོར་_100_,འཁོར་_100_,འཁོར་_100_
[གྱི་_100_],གྱི་_100_,གྱི་_100_,གྱི་_100_,གྱི་_100_,གྱི་_100_,གྱི་_100_,གྱི་_100_,གྱི་_100_
[སྟེང་_100_],སྟེང་_100_,སྟེང་_100_,སྟེང་_100_,སྟེང་_100_,སྟེང་_100_,སྟེང་_100_,སྟེང་_100_,སྟེང་_100_
[དུ་_100_],དུ་_100_,དུ་_100_,དུ་_100_,དུ་_100_,དུ་_100_,དུ་_100_,དུ་_100_,དུ་_100_
[ཧཱུཾ་_100_],ཧཱུཾ་_100_,ཧཱུཾ་_100_,ཧཱུཾ་_100_,ཧཱུཾ་_100_,ཧཱུཾ་_100_,ཧཱུཾ་_100_,ཧཱུཾ་_100_,ཧཱུཾ་_100_
[ངོ_100_],ངོ_100_,ངོ_100_,ངོ_100_,ངོ_100_,ངོ_100_,ངོ_100_,ངོ_100_,ངོ_100_
[། །​_100_],། །​_100_,། །​_100_,། །​_100_,། །​_100_,། །​_100_,། །​_100_,། །​_100_,། །​_100_
[དེ་_100_],དེ་_100_,དེ་_100_,དེ་_100_,དེ་_100_,དེ་_100_,དེ་_100_,དེ་_100_,དེ་_100_
[ཡོངས་_100_],ཡོངས་_100_,ཡོངས་_100_,ཡོངས་_100_,ཡོངས་_100_,ཡོངས་_100_,ཡོངས་_100_,ཡོངས་_100_,ཡོངས་_100_
[སུ་_100_],སུ་_100_,སུ་_100_,སུ་_100_,སུ་_100_,སུ་_100_,སུ་_100_,སུ་_100_,སུ་_100_
[གྱུར་_100_],གྱུར་_100_,གྱུར་_100_,གྱུར་_100_,གྱུར་_100_,གྱུར་_100_,གྱུར་_100_,གྱུར་_100_,གྱུར་_100_
[པ་_100_],པ་_100_,པ་_100_,པ་_100_,པ་_100_,པ་_100_,པ་_100_,པ་_100_,པ་_100_
[ལས_88_],ལས_88_,ལས_88_,ལས_88_,མགལས_11_,ལས_88_,ལས_88_,ལས_88_,ལས_88_
[། _100_],། _100_,། _100_,། _100_,། _100_,། _100_,། _100_,། _100_,། _100_
[རྡོ་_100_],རྡོ་_100_,རྡོ་_100_,རྡོ་_100_,རྡོ་_100_,རྡོ་_100_,རྡོ་_100_,རྡོ་_100_,རྡོ་_100_
[རྗེ་_100_],རྗེ་_100_,རྗེ་_100_,རྗེ་_100_,རྗེ་_100_,རྗེ་_100_,རྗེ་_100_,རྗེ་_100_,རྗེ་_100_
[ཧཱུཾ་_88_],ཧཱུཾ་_88_,ཧཱུཾ་_88_,ཧཱུཾ་_88_,ཧཱུྃ་_11_,ཧཱུཾ་_88_,ཧཱུཾ་_88_,ཧཱུཾ་_88_,ཧཱུཾ་_88_
[གིས་_100_],གིས་_100_,གིས་_100_,གིས་_100_,གིས་_100_,གིས་_100_,གིས་_100_,གིས་_100_,གིས་_100_
[མཚན་_100_],མཚན་_100_,མཚན་_100_,མཚན་_100_,མཚན་_100_,མཚན་_100_,མཚན་_100_,མཚན་_100_,མཚན་_100_
[པ་_100_],པ་_100_,པ་_100_,པ་_100_,པ་_100_,པ་_100_,པ་_100_,པ་_100_,པ་_100_
[བསྒོམ་_100_],བསྒོམ་_100_,བསྒོམ་_100_,བསྒོམ་_100_,བསྒོམ་_100_,བསྒོམ་_100_,བསྒོམ་_100_,བསྒོམ་_100_,བསྒོམ་_100_
[པར་_100_],པར་_100_,པར་_100_,པར་_100_,པར་_100_,པར་_100_,པར་_100_,པར་_100_,པར་_100_
[བྱའོ_100_],བྱའོ_100_,བྱའོ_100_,བྱའོ_100_,བྱའོ_100_,བྱའོ_100_,བྱའོ_100_,བྱའོ_100_,བྱའོ_100_
[། །​_100_],། །​_100_,། །​_100_,། །​_100_,། །​_100_,། །​_100_,། །​_100_,། །​_100_,། །​_100_
[ཧཱུཾ་གི་_77_],ཧཱུཾ་གི་_77_,ཧཱུཾ་གི་_77_,ཧཱུཾ་གིས་_11_,ཧཱུྃ་གི་_11_,ཧཱུཾ་གི་_77_,ཧཱུཾ་གི་_77_,ཧཱུཾ་གི་_77_,ཧཱུཾ་གི་_77_
[འོད་_100_],འོད་_100_,འོད་_100_,འོད་_100_,འོད་_100_,འོད་_100_,འོད་_100_,འོད་_100_,འོད་_100_
[ཀྱིས་_100_],ཀྱིས་_100_,ཀྱིས་_100_,ཀྱིས་_100_,ཀྱིས་_100_,ཀྱིས་_100_,ཀྱིས་_100_,ཀྱིས་_100_,ཀྱིས་_100_
[བསྐུལ་_88_],བསྐུལ་_88_,བསྐུལ་_88_,བསྐུལ་_88_,བསྐུལ་ _11_,བསྐུལ་_88_,བསྐུལ་_88_,བསྐུལ་_88_,བསྐུལ་_88_
[བའི་_100_],བའི་_100_,བའི་_100_,བའི་_100_,བའི་_100_,བའི་_100_,བའི་_100_,བའི་_100_,བའི་_100_
[དེ་_100_],དེ་_100_,དེ་_100_,དེ་_100_,དེ་_100_,དེ་_100_,དེ་_100_,དེ་_100_,དེ་_100_
[བཞིན་_100_],བཞིན་_100_,བཞིན་_100_,བཞིན་_100_,བཞིན་_100_,བཞིན་_100_,བཞིན་_100_,བཞིན་_100_,བཞིན་_100_
[གཤེགས་_100_],གཤེགས་_100_,གཤེགས་_100_,གཤེགས་_100_,གཤེགས་_100_,གཤེགས་_100_,གཤེགས་_100_,གཤེགས་_100_,གཤེགས་_100_
[པ་_100_],པ་_100_,པ་_100_,པ་_100_,པ་_100_,པ་_100_,པ་_100_,པ་_100_,པ་_100_
[ཐམས་_100_],ཐམས་_100_,ཐམས་_100_,ཐམས་_100_,ཐམས་_100_,ཐམས་_100_,ཐམས་_100_,ཐམས་_100_,ཐམས་_100_
[ཅད་_100_],ཅད་_100_,ཅད་_100_,ཅད་_100_,ཅད་_100_,ཅད་_100_,ཅད་_100_,ཅད་_100_,ཅད་_100_
[བཞུགས་_100_],བཞུགས་_100_,བཞུགས་_100_,བཞུགས་_100_,བཞུགས་_100_,བཞུགས་_100_,བཞུགས་_100_,བཞུགས་_100_,བཞུགས་_100_
[པའི་_77_],པའི་_77_,པ་_22_,པ་_22_,པའི་_77_,པའི་_77_,པའི་_77_,པའི་_77_,པའི་_77_
[སྔོན་_100_],སྔོན་_100_,སྔོན་_100_,སྔོན་_100_,སྔོན་_100_,སྔོན་_100_,སྔོན་_100_,སྔོན་_100_,སྔོན་_100_
[དུ་_100_],དུ་_100_,དུ་_100_,དུ་_100_,དུ་_100_,དུ་_100_,དུ་_100_,དུ་_100_,དུ་_100_
[འགྲོ་_100_],འགྲོ་_100_,འགྲོ་_100_,འགྲོ་_100_,འགྲོ་_100_,འགྲོ་_100_,འགྲོ་_100_,འགྲོ་_100_,འགྲོ་_100_
[བས་_100_],བས་_100_,བས་_100_,བས་_100_,བས་_100_,བས་_100_,བས་_100_,བས་_100_,བས་_100_
[དེ་_100_],དེ་_100_,དེ་_100_,དེ་_100_,དེ་_100_,དེ་_100_,དེ་_100_,དེ་_100_,དེ་_100_
[ཐམས་_100_],ཐམས་_100_,ཐམས་_100_,ཐམས་_100_,ཐམས་_100_,ཐམས་_100_,ཐམས་_100_,ཐམས་_100_,ཐམས་_100_
[ཅད་_100_],ཅད་_100_,ཅད་_100_,ཅད་_100_,ཅད་_100_,ཅད་_100_,ཅད་_100_,ཅད་_100_,ཅད་_100_
[ཡོངས་_100_],ཡོངས་_100_,ཡོངས་_100_,ཡོངས་_100_,ཡོངས་_100_,ཡོངས་_100_,ཡོངས་_100_,ཡོངས་_100_,ཡོངས་_100_
[སུ་_100_],སུ་_100_,སུ་_100_,སུ་_100_,སུ་_100_,སུ་_100_,སུ་_100_,སུ་_100_,སུ་_100_
[གྱུར་_100_],གྱུར་_100_,གྱུར་_100_,གྱུར་_100_,གྱུར་_100_,གྱུར་_100_,གྱུར་_100_,གྱུར་_100_,གྱུར་_100_
[པ་_100_],པ་_100_,པ་_100_,པ་_100_,པ་_100_,པ་_100_,པ་_100_,པ་_100_,པ་_100_
[ལས་_100_],ལས་_100_,ལས་_100_,ལས་_100_,ལས་_100_,ལས་_100_,ལས་_100_,ལས་_100_,ལས་_100_
[བདག་_100_],བདག་_100_,བདག་_100_,བདག་_100_,བདག་_100_,བདག་_100_,བདག་_100_,བདག་_100_,བདག་_100_
[ཉིད་_100_],ཉིད་_100_,ཉིད་_100_,ཉིད་_100_,ཉིད་_100_,ཉིད་_100_,ཉིད་_100_,ཉིད་_100_,ཉིད་_100_
[བགེགས་_100_],བགེགས་_100_,བགེགས་_100_,བགེགས་_100_,བགེགས་_100_,བགེགས་_100_,བགེགས་_100_,བགེགས་_100_,བགེགས་_100_
[དགྲ་_100_],དགྲ་_100_,དགྲ་_100_,དགྲ་_100_,དགྲ་_100_,དགྲ་_100_,དགྲ་_100_,དགྲ་_100_,དགྲ་_100_
[བསྒོམ་_100_],བསྒོམ་_100_,བསྒོམ་_100_,བསྒོམ་_100_,བསྒོམ་_100_,བསྒོམ་_100_,བསྒོམ་_100_,བསྒོམ་_100_,བསྒོམ་_100_
[པར་_100_],པར་_100_,པར་_100_,པར་_100_,པར་_100_,པར་_100_,པར་_100_,པར་_100_,པར་_100_
[བྱ་_100_],བྱ་_100_,བྱ་_100_,བྱ་_100_,བྱ་_100_,བྱ་_100_,བྱ་_100_,བྱ་_100_,བྱ་_100_
[སྟེ_100_],སྟེ_100_,སྟེ_100_,སྟེ_100_,སྟེ_100_,སྟེ_100_,སྟེ_100_,སྟེ_100_,སྟེ_100_
[། _100_],། _100_,། _100_,། _100_,། _100_,། _100_,། _100_,། _100_,། _100_
[ཞལ་_100_],ཞལ་_100_,ཞལ་_100_,ཞལ་_100_,ཞལ་_100_,ཞལ་_100_,ཞལ་_100_,ཞལ་_100_,ཞལ་_100_
[གཅིག་_100_],གཅིག་_100_,གཅིག་_100_,གཅིག་_100_,གཅིག་_100_,གཅིག་_100_,གཅིག་_100_,གཅིག་_100_,གཅིག་_100_
[ཕྱག་_100_],ཕྱག་_100_,ཕྱག་_100_,ཕྱག་_100_,ཕྱག་_100_,ཕྱག་_100_,ཕྱག་_100_,ཕྱག་_100_,ཕྱག་_100_
[གཉིས་_100_],གཉིས་_100_,གཉིས་_100_,གཉིས་_100_,གཉིས་_100_,གཉིས་_100_,གཉིས་_100_,གཉིས་_100_,གཉིས་_100_
[པ_100_],པ_100_,པ_100_,པ_100_,པ_100_,པ_100_,པ_100_,པ_100_,པ_100_
[། _100_],། _100_,། _100_,། _100_,། _100_,། _100_,། _100_,། _100_,། _100_
[གཡོན་པ་_77_],གཡོན་པ་_77_,གཡོན་_22_,གཡོན་_22_,གཡོན་པ་_77_,གཡོན་པ་_77_,གཡོན་པ་_77_,གཡོན་པ་_77_,གཡོན་པ་_77_
[བརྐྱང་_100_],བརྐྱང་_100_,བརྐྱང་_100_,བརྐྱང་_100_,བརྐྱང་_100_,བརྐྱང་_100_,བརྐྱང་_100_,བརྐྱང་_100_,བརྐྱང་_100_
[བའི་_100_],བའི་_100_,བའི་_100_,བའི་_100_,བའི་_100_,བའི་_100_,བའི་_100_,བའི་_100_,བའི་_100_
[ཞབས་_100_],ཞབས་_100_,ཞབས་_100_,ཞབས་_100_,ཞབས་_100_,ཞབས་_100_,ཞབས་_100_,ཞབས་_100_,ཞབས་_100_
[ཀྱིས་_100_],ཀྱིས་_100_,ཀྱིས་_100_,ཀྱིས་_100_,ཀྱིས་_100_,ཀྱིས་_100_,ཀྱིས་_100_,ཀྱིས་_100_,ཀྱིས་_100_
[གནས་_100_],གནས་_100_,གནས་_100_,གནས་_100_,གནས་_100_,གནས་_100_,གནས་_100_,གནས་_100_,གནས་_100_
[པ_100_],པ_100_,པ_100_,པ_100_,པ_100_,པ_100_,པ_100_,པ_100_,པ_100_
[། _100_],། _100_,། _100_,། _100_,། _100_,། _100_,། _100_,། _100_,། _100_
[མདོག་_100_],མདོག་_100_,མདོག་_100_,མདོག་_100_,མདོག་_100_,མདོག་_100_,མདོག་_100_,མདོག་_100_,མདོག་_100_
[སྔོ་_100_],སྔོ་_100_,སྔོ་_100_,སྔོ་_100_,སྔོ་_100_,སྔོ་_100_,སྔོ་_100_,སྔོ་_100_,སྔོ་_100_
[བ་_100_],བ་_100_,བ་_100_,བ་_100_,བ་_100_,བ་_100_,བ་_100_,བ་_100_,བ་_100_
[ཕྱག་_100_],ཕྱག་_100_,ཕྱག་_100_,ཕྱག་_100_,ཕྱག་_100_,ཕྱག་_100_,ཕྱག་_100_,ཕྱག་_100_,ཕྱག་_100_
[གཡོན་_100_],གཡོན་_100_,གཡོན་_100_,གཡོན་_100_,གཡོན་_100_,གཡོན་_100_,གཡོན་_100_,གཡོན་_100_,གཡོན་_100_
[ན་_100_],ན་_100_,ན་_100_,ན་_100_,ན་_100_,ན་_100_,ན་_100_,ན་_100_,ན་_100_
[སྡིགས་_100_],སྡིགས་_100_,སྡིགས་_100_,སྡིགས་_100_,སྡིགས་_100_,སྡིགས་_100_,སྡིགས་_100_,སྡིགས་_100_,སྡིགས་_100_
[མཛུབ་_100_],མཛུབ་_100_,མཛུབ་_100_,མཛུབ་_100_,མཛུབ་_100_,མཛུབ་_100_,མཛུབ་_100_,མཛུབ་_100_,མཛུབ་_100_
[དང་_100_],དང་_100_,དང་_100_,དང་_100_,དང་_100_,དང་_100_,དང་_100_,དང་_100_,དང་_100_
[ཞགས་_100_],ཞགས་_100_,ཞགས་_100_,ཞགས་_100_,ཞགས་_100_,ཞགས་_100_,ཞགས་_100_,ཞགས་_100_,ཞགས་_100_
[པ_100_],པ_100_,པ_100_,པ_100_,པ_100_,པ_100_,པ_100_,པ_100_,པ_100_
[། _100_],། _100_,། _100_,། _100_,། _100_,། _100_,། _100_,། _100_,། _100_
[གཡས་_100_],གཡས་_100_,གཡས་_100_,གཡས་_100_,གཡས་_100_,གཡས་_100_,གཡས་_100_,གཡས་_100_,གཡས་_100_
[པ་_100_],པ་_100_,པ་_100_,པ་_100_,པ་_100_,པ་_100_,པ་_100_,པ་_100_,པ་_100_
[ན་_100_],ན་_100_,ན་_100_,ན་_100_,ན་_100_,ན་_100_,ན་_100_,ན་_100_,ན་_100_
[རྡོ་_100_],རྡོ་_100_,རྡོ་_100_,རྡོ་_100_,རྡོ་_100_,རྡོ་_100_,རྡོ་_100_,རྡོ་_100_,རྡོ་_100_
[རྗེ་_100_],རྗེ་_100_,རྗེ་_100_,རྗེ་_100_,རྗེ་_100_,རྗེ་_100_,རྗེ་_100_,རྗེ་_100_,རྗེ་_100_
[འཕྱར་_77_],འཕྱར་_77_,འཕྱང་_22_,འཕྱང་_22_,འཕྱར་_77_,འཕྱར་_77_,འཕྱར་_77_,འཕྱར་_77_,འཕྱར་_77_
[ཞིང་_100_],ཞིང་_100_,ཞིང་_100_,ཞིང་_100_,ཞིང་_100_,ཞིང་_100_,ཞིང་_100_,ཞིང་_100_,ཞིང་_100_
[འཇིགས་_100_],འཇིགས་_100_,འཇིགས་_100_,འཇིགས་_100_,འཇིགས་_100_,འཇིགས་_100_,འཇིགས་_100_,འཇིགས་_100_,འཇིགས་_100_
[པར་_100_],པར་_100_,པར་_100_,པར་_100_,པར་_100_,པར་_100_,པར་_100_,པར་_100_,པར་_100_
[བྱེད་_100_],བྱེད་_100_,བྱེད་_100_,བྱེད་_100_,བྱེད་_100_,བྱེད་_100_,བྱེད་_100_,བྱེད་_100_,བྱེད་_100_
[པ_100_],པ_100_,པ_100_,པ_100_,པ_100_,པ_100_,པ_100_,པ_100_,པ_100_
[། _100_],། _100_,། _100_,། _100_,། _100_,། _100_,། _100_,། _100_,། _100_
[སྐྲ་_100_],སྐྲ་_100_,སྐྲ་_100_,སྐྲ་_100_,སྐྲ་_100_,སྐྲ་_100_,སྐྲ་_100_,སྐྲ་_100_,སྐྲ་_100_
[ཁམ་_100_],ཁམ་_100_,ཁམ་_100_,ཁམ་_100_,ཁམ་_100_,ཁམ་_100_,ཁམ་_100_,ཁམ་_100_,ཁམ་_100_
[པ་_100_],པ་_100_,པ་_100_,པ་_100_,པ་_100_,པ་_100_,པ་_100_,པ་_100_,པ་_100_
[གྱེན་_100_],གྱེན་_100_,གྱེན་_100_,གྱེན་_100_,གྱེན་_100_,གྱེན་_100_,གྱེན་_100_,གྱེན་_100_,གྱེན་_100_
[དུ་_100_],དུ་_100_,དུ་_100_,དུ་_100_,དུ་_100_,དུ་_100_,དུ་_100_,དུ་_100_,དུ་_100_
[བསྒྲེང་_100_],བསྒྲེང་_100_,བསྒྲེང་_100_,བསྒྲེང་_100_,བསྒྲེང་_100_,བསྒྲེང་_100_,བསྒྲེང་_100_,བསྒྲེང་_100_,བསྒྲེང་_100_
[བའོ_100_],བའོ_100_,བའོ_100_,བའོ_100_,བའོ_100_,བའོ_100_,བའོ_100_,བའོ_100_,བའོ_100_
[། །​_100_],། །​_100_,། །​_100_,། །​_100_,། །​_100_,། །​_100_,། །​_100_,། །​_100_,། །​_100_
[དེ་_100_],དེ་_100_,དེ་_100_,དེ་_100_,དེ་_100_,དེ་_100_,དེ་_100_,དེ་_100_,དེ་_100_
[ནས་_100_],ནས་_100_,ནས་_100_,ནས་_100_,ནས་_100_,ནས་_100_,ནས་_100_,ནས་_100_,ནས་_100_
[བཅོམ་_100_],བཅོམ་_100_,བཅོམ་_100_,བཅོམ་_100_,བཅོམ་_100_,བཅོམ་_100_,བཅོམ་_100_,བཅོམ་_100_,བཅོམ་_100_
[ལྡན་_100_],ལྡན་_100_,ལྡན་_100_,ལྡན་_100_,ལྡན་_100_,ལྡན་_100_,ལྡན་_100_,ལྡན་_100_,ལྡན་_100_
[འདས་_100_],འདས་_100_,འདས་_100_,འདས་_100_,འདས་_100_,འདས་_100_,འདས་_100_,འདས་_100_,འདས་_100_
[ཀྱི་_100_],ཀྱི་_100_,ཀྱི་_100_,ཀྱི་_100_,ཀྱི་_100_,ཀྱི་_100_,ཀྱི་_100_,ཀྱི་_100_,ཀྱི་_100_
[ཐུགས་_100_],ཐུགས་_100_,ཐུགས་_100_,ཐུགས་_100_,ཐུགས་_100_,ཐུགས་_100_,ཐུགས་_100_,ཐུགས་_100_,ཐུགས་_100_
[ཀར་_100_],ཀར་_100_,ཀར་_100_,ཀར་_100_,ཀར་_100_,ཀར་_100_,ཀར་_100_,ཀར་_100_,ཀར་_100_
[ཧཱུཾ་_88_],ཧཱུཾ་_88_,ཧཱུཾ་_88_,ཧཱུཾ་_88_,ཧཱུྃ་_11_,ཧཱུཾ་_88_,ཧཱུཾ་_88_,ཧཱུཾ་_88_,ཧཱུཾ་_88_
[ཡོངས་_100_],ཡོངས་_100_,ཡོངས་_100_,ཡོངས་_100_,ཡོངས་_100_,ཡོངས་_100_,ཡོངས་_100_,ཡོངས་_100_,ཡོངས་_100_
[སུ་_100_],སུ་_100_,སུ་_100_,སུ་_100_,སུ་_100_,སུ་_100_,སུ་_100_,སུ་_100_,སུ་_100_
[གྱུར་_100_],གྱུར་_100_,གྱུར་_100_,གྱུར་_100_,གྱུར་_100_,གྱུར་_100_,གྱུར་_100_,གྱུར་_100_,གྱུར་_100_
[པ་_100_],པ་_100_,པ་_100_,པ་_100_,པ་_100_,པ་_100_,པ་_100_,པ་_100_,པ་_100_
[ལས་_100_],ལས་_100_,ལས་_100_,ལས་_100_,ལས་_100_,ལས་_100_,ལས་_100_,ལས་_100_,ལས་_100_
[རྡོ་_100_],རྡོ་_100_,རྡོ་_100_,རྡོ་_100_,རྡོ་_100_,རྡོ་_100_,རྡོ་_100_,རྡོ་_100_,རྡོ་_100_
[རྗེ་_100_],རྗེ་_100_,རྗེ་_100_,རྗེ་_100_,རྗེ་_100_,རྗེ་_100_,རྗེ་_100_,རྗེ་_100_,རྗེ་_100_
[ཧཱུཾ་_88_],ཧཱུཾ་_88_,ཧཱུཾ་_88_,ཧཱུཾ་_88_,ཧཱུྃ་_11_,ཧཱུཾ་_88_,ཧཱུཾ་_88_,ཧཱུཾ་_88_,ཧཱུཾ་_88_
[གིས་_100_],གིས་_100_,གིས་_100_,གིས་_100_,གིས་_100_,གིས་_100_,གིས་_100_,གིས་_100_,གིས་_100_
[མཚན་_100_],མཚན་_100_,མཚན་_100_,མཚན་_100_,མཚན་_100_,མཚན་_100_,མཚན་_100_,མཚན་_100_,མཚན་_100_
[པའོ_100_],པའོ_100_,པའོ_100_,པའོ_100_,པའོ_100_,པའོ_100_,པའོ_100_,པའོ_100_,པའོ_100_
[། །​_100_],། །​_100_,། །​_100_,། །​_100_,། །​_100_,། །​_100_,། །​_100_,། །​_100_,། །​_100_
[དེ་_100_],དེ་_100_,དེ་_100_,དེ་_100_,དེ་_100_,དེ་_100_,དེ་_100_,དེ་_100_,དེ་_100_
[ལྟ་_100_],ལྟ་_100_,ལྟ་_100_,ལྟ་_100_,ལྟ་_100_,ལྟ་_100_,ལྟ་_100_,ལྟ་_100_,ལྟ་_100_
[བུར་_100_],བུར་_100_,བུར་_100_,བུར་_100_,བུར་_100_,བུར་_100_,བུར་_100_,བུར་_100_,བུར་_100_
[གྱུར་_100_],གྱུར་_100_,གྱུར་_100_,གྱུར་_100_,གྱུར་_100_,གྱུར་_100_,གྱུར་_100_,གྱུར་_100_,གྱུར་_100_
[པའི་_100_],པའི་_100_,པའི་_100_,པའི་_100_,པའི་_100_,པའི་_100_,པའི་_100_,པའི་_100_,པའི་_100_
[བགེགས་_100_],བགེགས་_100_,བགེགས་_100_,བགེགས་_100_,བགེགས་_100_,བགེགས་_100_,བགེགས་_100_,བགེགས་_100_,བགེགས་_100_
[དགྲ་_100_],དགྲ་_100_,དགྲ་_100_,དགྲ་_100_,དགྲ་_100_,དགྲ་_100_,དགྲ་_100_,དགྲ་_100_,དགྲ་_100_
[སྤྲོ་_100_],སྤྲོ་_100_,སྤྲོ་_100_,སྤྲོ་_100_,སྤྲོ་_100_,སྤྲོ་_100_,སྤྲོ་_100_,སྤྲོ་_100_,སྤྲོ་_100_
[བ་_100_],བ་_100_,བ་_100_,བ་_100_,བ་_100_,བ་_100_,བ་_100_,བ་_100_,བ་_100_
[དང་_100_],དང་_100_,དང་_100_,དང་_100_,དང་_100_,དང་_100_,དང་_100_,དང་_100_,དང་_100_
[བསྡུ་_100_],བསྡུ་_100_,བསྡུ་_100_,བསྡུ་_100_,བསྡུ་_100_,བསྡུ་_100_,བསྡུ་_100_,བསྡུ་_100_,བསྡུ་_100_
[བའི་_100_],བའི་_100_,བའི་_100_,བའི་_100_,བའི་_100_,བའི་_100_,བའི་_100_,བའི་_100_,བའི་_100_
[གཟུགས་_100_],གཟུགས་_100_,གཟུགས་_100_,གཟུགས་_100_,གཟུགས་_100_,གཟུགས་_100_,གཟུགས་_100_,གཟུགས་_100_,གཟུགས་_100_
[སྣ་_100_],སྣ་_100_,སྣ་_100_,སྣ་_100_,སྣ་_100_,སྣ་_100_,སྣ་_100_,སྣ་_100_,སྣ་_100_
[ཚོགས་_100_],ཚོགས་_100_,ཚོགས་_100_,ཚོགས་_100_,ཚོགས་_100_,ཚོགས་_100_,ཚོགས་_100_,ཚོགས་_100_,ཚོགས་_100_
[པདྨའི་_100_],པདྨའི་_100_,པདྨའི་_100_,པདྨའི་_100_,པདྨའི་_100_,པདྨའི་_100_,པདྨའི་_100_,པདྨའི་_100_,པདྨའི་_100_
[སྟེང་_100_],སྟེང་_100_,སྟེང་_100_,སྟེང་_100_,སྟེང་_100_,སྟེང་_100_,སྟེང་_100_,སྟེང་_100_,སྟེང་_100_
[དུ་_100_],དུ་_100_,དུ་_100_,དུ་_100_,དུ་_100_,དུ་_100_,དུ་_100_,དུ་_100_,དུ་_100_
[ཉི་_100_],ཉི་_100_,ཉི་_100_,ཉི་_100_,ཉི་_100_,ཉི་_100_,ཉི་_100_,ཉི་_100_,ཉི་_100_
[མ་_100_],མ་_100_,མ་_100_,མ་_100_,མ་_100_,མ་_100_,མ་_100_,མ་_100_,མ་_100_
[ལ་_100_],ལ་_100_,ལ་_100_,ལ་_100_,ལ་_100_,ལ་_100_,ལ་_100_,ལ་_100_,ལ་_100_
[གནས་_100_],གནས་_100_,གནས་_100_,གནས་_100_,གནས་_100_,གནས་_100_,གནས་_100_,གནས་_100_,གནས་_100_
[པ་_100_],པ་_100_,པ་_100_,པ་_100_,པ་_100_,པ་_100_,པ་_100_,པ་_100_,པ་_100_
[བསྒོམ་_100_],བསྒོམ་_100_,བསྒོམ་_100_,བསྒོམ་_100_,བསྒོམ་_100_,བསྒོམ་_100_,བསྒོམ་_100_,བསྒོམ་_100_,བསྒོམ་_100_
[པར་_100_],པར་_100_,པར་_100_,པར་_100_,པར་_100_,པར་_100_,པར་_100_,པར་_100_,པར་_100_
[བྱའོ_100_],བྱའོ_100_,བྱའོ_100_,བྱའོ_100_,བྱའོ_100_,བྱའོ_100_,བྱའོ_100_,བྱའོ_100_,བྱའོ_100_
[། །​_100_],། །​_100_,། །​_100_,། །​_100_,། །​_100_,། །​_100_,། །​_100_,། །​_100_,། །​_100_
[དམ་_100_],དམ་_100_,དམ་_100_,དམ་_100_,དམ་_100_,དམ་_100_,དམ་_100_,དམ་_100_,དམ་_100_
[ཚིག་_100_],ཚིག་_100_,ཚིག་_100_,ཚིག་_100_,ཚིག་_100_,ཚིག་_100_,ཚིག་_100_,ཚིག་_100_,ཚིག་_100_
[ལ་_100_],ལ་_100_,ལ་_100_,ལ་_100_,ལ་_100_,ལ་_100_,ལ་_100_,ལ་_100_,ལ་_100_
[སོགས་_100_],སོགས་_100_,སོགས་_100_,སོགས་_100_,སོགས་_100_,སོགས་_100_,སོགས་_100_,སོགས་_100_,སོགས་_100_
[པའི་_100_],པའི་_100_,པའི་_100_,པའི་_100_,པའི་_100_,པའི་_100_,པའི་_100_,པའི་_100_,པའི་_100_
[ཆོ་_100_],ཆོ་_100_,ཆོ་_100_,ཆོ་_100_,ཆོ་_100_,ཆོ་_100_,ཆོ་_100_,ཆོ་_100_,ཆོ་_100_
[ག་_100_],ག་_100_,ག་_100_,ག་_100_,ག་_100_,ག་_100_,ག་_100_,ག་_100_,ག་_100_
[སྔོན་_100_],སྔོན་_100_,སྔོན་_100_,སྔོན་_100_,སྔོན་_100_,སྔོན་_100_,སྔོན་_100_,སྔོན་_100_,སྔོན་_100_
[དུ་_100_],དུ་_100_,དུ་_100_,དུ་_100_,དུ་_100_,དུ་_100_,དུ་_100_,དུ་_100_,དུ་_100_
[འགྲོ་_100_],འགྲོ་_100_,འགྲོ་_100_,འགྲོ་_100_,འགྲོ་_100_,འགྲོ་_100_,འགྲོ་_100_,འགྲོ་_100_,འགྲོ་_100_
[བས་_100_],བས་_100_,བས་_100_,བས་_100_,བས་_100_,བས་_100_,བས་_100_,བས་_100_,བས་_100_
[འདི་_100_],འདི་_100_,འདི་_100_,འདི་_100_,འདི་_100_,འདི་_100_,འདི་_100_,འདི་_100_,འདི་_100_
[ལྟར་_100_],ལྟར་_100_,ལྟར་_100_,ལྟར་_100_,ལྟར་_100_,ལྟར་_100_,ལྟར་_100_,ལྟར་_100_,ལྟར་_100_
[ཐུན་_100_],ཐུན་_100_,ཐུན་_100_,ཐུན་_100_,ཐུན་_100_,ཐུན་_100_,ཐུན་_100_,ཐུན་_100_,ཐུན་_100_
[མཚམས་_100_],མཚམས་_100_,མཚམས་_100_,མཚམས་_100_,མཚམས་_100_,མཚམས་_100_,མཚམས་_100_,མཚམས་_100_,མཚམས་_100_
[གཉིས་_100_],གཉིས་_100_,གཉིས་_100_,གཉིས་_100_,གཉིས་_100_,གཉིས་_100_,གཉིས་_100_,གཉིས་_100_,གཉིས་_100_
[དང་_100_],དང་_100_,དང་_100_,དང་_100_,དང་_100_,དང་_100_,དང་_100_,དང་_100_,དང་_100_
[གསུམ་_100_],གསུམ་_100_,གསུམ་_100_,གསུམ་_100_,གསུམ་_100_,གསུམ་_100_,གསུམ་_100_,གསུམ་_100_,གསུམ་_100_
[དང་_100_],དང་_100_,དང་_100_,དང་_100_,དང་_100_,དང་_100_,དང་_100_,དང་_100_,དང་_100_
[བཞི་_100_],བཞི་_100_,བཞི་_100_,བཞི་_100_,བཞི་_100_,བཞི་_100_,བཞི་_100_,བཞི་_100_,བཞི་_100_
[ལ་_100_],ལ་_100_,ལ་_100_,ལ་_100_,ལ་_100_,ལ་_100_,ལ་_100_,ལ་_100_,ལ་_100_
[སོགས་_100_],སོགས་_100_,སོགས་_100_,སོགས་_100_,སོགས་_100_,སོགས་_100_,སོགས་_100_,སོགས་_100_,སོགས་_100_
[པར་_100_],པར་_100_,པར་_100_,པར་_100_,པར་_100_,པར་_100_,པར་_100_,པར་_100_,པར་_100_
[བསྒོམ་_100_],བསྒོམ་_100_,བསྒོམ་_100_,བསྒོམ་_100_,བསྒོམ་_100_,བསྒོམ་_100_,བསྒོམ་_100_,བསྒོམ་_100_,བསྒོམ་_100_
[པར་_100_],པར་_100_,པར་_100_,པར་_100_,པར་_100_,པར་_100_,པར་_100_,པར་_100_,པར་_100_
[བྱའོ_100_],བྱའོ_100_,བྱའོ_100_,བྱའོ_100_,བྱའོ_100_,བྱའོ_100_,བྱའོ_100_,བྱའོ_100_,བྱའོ_100_
[། །​_88_],། །​_88_,། །​_88_,། །​_88_,། །​ _11_,། །​_88_,། །​_88_,། །​_88_,། །​_88_
[ཨོཾ་_100_],ཨོཾ་_100_,ཨོཾ་_100_,ཨོཾ་_100_,ཨོཾ་_100_,ཨོཾ་_100_,ཨོཾ་_100_,ཨོཾ་_100_,ཨོཾ་_100_
[ཨཱཿབིགྷྣཱནྟ་ཀྲྀཏ་ཧཱུཾ་ཕཊ། _55_],ཨཱཿབིགྷྣཱནྟ་ཀྲྀཏ་ཧཱུཾ་ཕཊ། _55_,ཨཱཿབིགྷྣཱནྟ་ཀྲྀཎཱ་ཧཱུཾ། _11_,ཨཱཿབིགྷྣཱནྟ་གྲིཏྟ་ཧཱུཾ། _11_,ཨཱབིགྷཱནྟ་ཀྲྀཏ་ཧཱུྃ་ཕཊ _11_,ཨཱཿབིགྷྣཱནྟ་ཀྲྀཏ་ཧཱུཾ་ཕཊ། _55_,ཨཱཿབིགྷྣཱནྟ་ཀྲྀ་ཏ་ཧཱུཾ་ཕཊ། _11_,ཨཱཿབིགྷྣཱནྟ་ཀྲྀཏ་ཧཱུཾ་ཕཊ། _55_,ཨཱཿབིགྷྣཱནྟ་ཀྲྀཏ་ཧཱུཾ་ཕཊ། _55_
[བགེགས་_100_],བགེགས་_100_,བགེགས་_100_,བགེགས་_100_,བགེགས་_100_,བགེགས་_100_,བགེགས་_100_,བགེགས་_100_,བགེགས་_100_
[དགྲའི་_100_],དགྲའི་_100_,དགྲའི་_100_,དགྲའི་_100_,དགྲའི་_100_,དགྲའི་_100_,དགྲའི་_100_,དགྲའི་_100_,དགྲའི་_100_
[སྒྲུབ་_100_],སྒྲུབ་_100_,སྒྲུབ་_100_,སྒྲུབ་_100_,སྒྲུབ་_100_,སྒྲུབ་_100_,སྒྲུབ་_100_,སྒྲུབ་_100_,སྒྲུབ་_100_
[པའི་_100_],པའི་_100_,པའི་_100_,པའི་_100_,པའི་_100_,པའི་_100_,པའི་_100_,པའི་_100_,པའི་_100_
[ཐབས་_100_],ཐབས་_100_,ཐབས་_100_,ཐབས་_100_,ཐབས་_100_,ཐབས་_100_,ཐབས་_100_,ཐབས་_100_,ཐབས་_100_
[རྫོགས་སོ། །​_88_],རྫོགས་སོ། །​_88_,རྫོགས་སོ། །​_88_,རྫོགས་སོ། །​_88_,རྫོགས་ཅིག _11_,རྫོགས་སོ། །​_88_,རྫོགས་སོ། །​_88_,རྫོགས་སོ། །​_88_,རྫོགས་སོ། །​_88_
[པཎྜི་_100_],པཎྜི་_100_,པཎྜི་_100_,པཎྜི་_100_,པཎྜི་_100_,པཎྜི་_100_,པཎྜི་_100_,པཎྜི་_100_,པཎྜི་_100_
[ཏ་_100_],ཏ་_100_,ཏ་_100_,ཏ་_100_,ཏ་_100_,ཏ་_100_,ཏ་_100_,ཏ་_100_,ཏ་_100_
[དོན་_100_],དོན་_100_,དོན་_100_,དོན་_100_,དོན་_100_,དོན་_100_,དོན་_100_,དོན་_100_,དོན་_100_
[ཡོད་_100_],ཡོད་_100_,ཡོད་_100_,ཡོད་_100_,ཡོད་_100_,ཡོད་_100_,ཡོད་_100_,ཡོད་_100_,ཡོད་_100_
[རྡོ་_100_],རྡོ་_100_,རྡོ་_100_,རྡོ་_100_,རྡོ་_100_,རྡོ་_100_,རྡོ་_100_,རྡོ་_100_,རྡོ་_100_
[རྗེ་_100_],རྗེ་_100_,རྗེ་_100_,རྗེ་_100_,རྗེ་_100_,རྗེ་_100_,རྗེ་_100_,རྗེ་_100_,རྗེ་_100_
[དང་_100_],དང་_100_,དང་_100_,དང་_100_,དང་_100_,དང་_100_,དང་_100_,དང་_100_,དང་_100_
[། _100_],། _100_,། _100_,། _100_,། _100_,། _100_,། _100_,། _100_,། _100_
[ཁམས་_100_],ཁམས་_100_,ཁམས་_100_,ཁམས་_100_,ཁམས་_100_,ཁམས་_100_,ཁམས་_100_,ཁམས་_100_,ཁམས་_100_
[པ་_100_],པ་_100_,པ་_100_,པ་_100_,པ་_100_,པ་_100_,པ་_100_,པ་_100_,པ་_100_
[ལོ་_100_],ལོ་_100_,ལོ་_100_,ལོ་_100_,ལོ་_100_,ལོ་_100_,ལོ་_100_,ལོ་_100_,ལོ་_100_
[ཙཱ་_77_],ཙཱ་_77_,ཙ་_22_,ཙ་_22_,ཙཱ་_77_,ཙཱ་_77_,ཙཱ་_77_,ཙཱ་_77_,ཙཱ་_77_
[བ་_100_],བ་_100_,བ་_100_,བ་_100_,བ་_100_,བ་_100_,བ་_100_,བ་_100_,བ་_100_
[དགེ་_100_],དགེ་_100_,དགེ་_100_,དགེ་_100_,དགེ་_100_,དགེ་_100_,དགེ་_100_,དགེ་_100_,དགེ་_100_
[སློང་_100_],སློང་_100_,སློང་_100_,སློང་_100_,སློང་_100_,སློང་_100_,སློང་_100_,སློང་_100_,སློང་_100_
[བ་_100_],བ་_100_,བ་_100_,བ་_100_,བ་_100_,བ་_100_,བ་_100_,བ་_100_,བ་_100_
[རིས་_100_],རིས་_100_,རིས་_100_,རིས་_100_,རིས་_100_,རིས་_100_,རིས་_100_,རིས་_100_,རིས་_100_
[བསྒྱུར་_100_],བསྒྱུར་_100_,བསྒྱུར་_100_,བསྒྱུར་_100_,བསྒྱུར་_100_,བསྒྱུར་_100_,བསྒྱུར་_100_,བསྒྱུར་_100_,བསྒྱུར་_100_
[ཅིང་_100_],ཅིང་_100_,ཅིང་_100_,ཅིང་_100_,ཅིང་_100_,ཅིང་_100_,ཅིང་_100_,ཅིང་_100_,ཅིང་_100_
[ཞུས་_100_],ཞུས་_100_,ཞུས་_100_,ཞུས་_100_,ཞུས་_100_,ཞུས་_100_,ཞུས་_100_,ཞུས་_100_,ཞུས་_100_
[སོ_100_],སོ_100_,སོ_100_,སོ_100_,སོ_100_,སོ_100_,སོ_100_,སོ_100_,སོ_100_
[། །​ _44_],། །​ _44_,། །​ _44_,། །​ _44_,།། །​། །​_11_,། །​_44_,། །​_44_,། །​_44_,། །​_44_
